site,verdict,note
0A5357,stock,"14D510 is a thunk into library code (A5100, its jump table): this candidate is the library's, which the library group excludes."
12031D,stock,Compressed-stream decoders 120240 and 1221D0 consume variable-length bits from a byte cursor and store the shifted bit reservoir and its residual bit count. 12031D reconstructs a decoded delta sample from the preceding decoded value.
121F44,stock,Compressed-stream decoders 120240 and 1221D0 consume variable-length bits from a byte cursor and store the shifted bit reservoir and its residual bit count. 12031D reconstructs a decoded delta sample from the preceding decoded value.
121F52,stock,Compressed-stream decoders 120240 and 1221D0 consume variable-length bits from a byte cursor and store the shifted bit reservoir and its residual bit count. 12031D reconstructs a decoded delta sample from the preceding decoded value.
124054,stock,Compressed-stream decoders 120240 and 1221D0 consume variable-length bits from a byte cursor and store the shifted bit reservoir and its residual bit count. 12031D reconstructs a decoded delta sample from the preceding decoded value.
124061,stock,Compressed-stream decoders 120240 and 1221D0 consume variable-length bits from a byte cursor and store the shifted bit reservoir and its residual bit count. 12031D reconstructs a decoded delta sample from the preceding decoded value.
1261BA,stock,"126148 and 12641C reserve a free allocator slot and increment the active handle count +8 and high-water count +C; 12630C validates a released slot, clears its flag, and decrements the same active count"
126353,stock,"126148 and 12641C reserve a free allocator slot and increment the active handle count +8 and high-water count +C; 12630C validates a released slot, clears its flag, and decrements the same active count"
126480,stock,"126148 and 12641C reserve a free allocator slot and increment the active handle count +8 and high-water count +C; 12630C validates a released slot, clears its flag, and decrements the same active count"
127CF1,stock,"127B78 accounts heap allocated bytes using payload, alignment and header lengths after allocating a block, and updates the allocation high-water mark."
1280C4,stock,"128128 acquires the CRI heap module and increments its initialization reference count at E68EE0, creating a critical section only for the first owner; 1280C0 releases an owner and destroys the critical section only when the count becomes zero"
12812C,stock,"128128 acquires the CRI heap module and increments its initialization reference count at E68EE0, creating a critical section only for the first owner; 1280C0 releases an owner and destroys the critical section only when the count becomes zero"
1283D8,stock,Heap free 1283B4 updates allocated byte accounting and coalesces two adjacent free-block sizes by header/payload lengths. These are allocator operations.
128418,stock,Heap free 1283B4 updates allocated byte accounting and coalesces two adjacent free-block sizes by header/payload lengths. These are allocator operations.
12845C,stock,Heap free 1283B4 updates allocated byte accounting and coalesces two adjacent free-block sizes by header/payload lengths. These are allocator operations.
12938E,stock,"129370 splits a caller-provided pointer/length span at the requested byte count, subtracting the returned span length from the remainder and advancing its pointer"
1298DD,stock,"129880 reserves a caller-requested number of bytes in a circular buffer: +28/+2C are read/write offsets modulo capacity +38, while +20/+24 and +40/+48 account for available and reserved bytes"
1298E3,stock,"129880 reserves a caller-requested number of bytes in a circular buffer: +28/+2C are read/write offsets modulo capacity +38, while +20/+24 and +40/+48 account for available and reserved bytes"
1298E9,stock,"129880 reserves a caller-requested number of bytes in a circular buffer: +28/+2C are read/write offsets modulo capacity +38, while +20/+24 and +40/+48 account for available and reserved bytes"
12991F,stock,"129880 reserves a caller-requested number of bytes in a circular buffer: +28/+2C are read/write offsets modulo capacity +38, while +20/+24 and +40/+48 account for available and reserved bytes"
129925,stock,"129880 reserves a caller-requested number of bytes in a circular buffer: +28/+2C are read/write offsets modulo capacity +38, while +20/+24 and +40/+48 account for available and reserved bytes"
12992B,stock,"129880 reserves a caller-requested number of bytes in a circular buffer: +28/+2C are read/write offsets modulo capacity +38, while +20/+24 and +40/+48 account for available and reserved bytes"
1299B6,stock,12995C returns a buffer reservation after verifying its pointer matches the prior offset; it rewinds +28/+2C modulo capacity and restores or subtracts the reservation's byte count
1299FE,stock,12995C returns a buffer reservation after verifying its pointer matches the prior offset; it rewinds +28/+2C modulo capacity and restores or subtracts the reservation's byte count
129A05,stock,12995C returns a buffer reservation after verifying its pointer matches the prior offset; it rewinds +28/+2C modulo capacity and restores or subtracts the reservation's byte count
129A0B,stock,12995C returns a buffer reservation after verifying its pointer matches the prior offset; it rewinds +28/+2C modulo capacity and restores or subtracts the reservation's byte count
129AC2,stock,"129A34 commits the caller's buffer reservation, copies wrapped data when necessary, and adds its byte count to available and committed totals; these quantities measure transferred bytes"
129AC8,stock,"129A34 commits the caller's buffer reservation, copies wrapped data when necessary, and adds its byte count to available and committed totals; these quantities measure transferred bytes"
129AE2,stock,"129A34 commits the caller's buffer reservation, copies wrapped data when necessary, and adds its byte count to available and committed totals; these quantities measure transferred bytes"
129AE8,stock,"129A34 commits the caller's buffer reservation, copies wrapped data when necessary, and adds its byte count to available and committed totals; these quantities measure transferred bytes"
129E51,stock,"129DE8 and 129EB4 merge contiguous returned memory spans, adding the caller's byte length to the adjacent span length +18; the updated quantity is a memory size"
129F2E,stock,"129DE8 and 129EB4 merge contiguous returned memory spans, adding the caller's byte length to the adjacent span length +18; the updated quantity is a memory size"
12A5C8,stock,"12A654 acquires the CRI UsfDmx module, incrementing its initialization reference count E68F48 and setting the version string for the first owner; 12A5C8 releases one module reference"
132B21,stock,Resource relocation 132AD0 adds the supplied file base to non-null array pointers once per loaded record and copies prior record links.
132BC8,stock,Resource relocation 132AD0 adds the supplied file base to non-null array pointers once per loaded record and copies prior record links.
1335C6,stock,1334A0 and 134F10 relocate resource array pointers by the supplied file base in bounded loading loops.
134F3F,stock,1334A0 and 134F10 relocate resource array pointers by the supplied file base in bounded loading loops.
135DA9,stock,135CD0 and 135DE0 build keyframe offsets in a bounded array loop: each next entry copies the previous offset before adding that entry's duration.
135E57,stock,135CD0 and 135DE0 build keyframe offsets in a bounded array loop: each next entry copies the previous offset before adding that entry's duration.
1369E7,stock,136880 copies the previous keyframe offset into the next array entry before adding the current duration; this rebuilds an adjacent offset rather than accumulating across calls.
136C8E,stock,136C40 walks the resource's finite entry count and rewrites each entry's identifier with the result of 136160.
13A4E3,stock,13A2E0 searches backward/forward over valid resource indices; +3 is the selected index returned by that bounded search.
13A703,stock,13A670: record fields +3 and +6 are clamped selection indices after a -2 record-status marker. The branch rebuilds the record and clears that marker; neither field counts elapsed updates.
13A715,stock,13A670: record fields +3 and +6 are clamped selection indices after a -2 record-status marker. The branch rebuilds the record and clears that marker; neither field counts elapsed updates.
13A8D3,follows,"13A7D0's +4 window: its per-tick caller 3F25F0 already calls it once a stock tick (skip callgate 3F2635); the other path, 4A0900 in task loops task_waits.h runs once a stock tick at a fixed phase (4BB1C0), would count on every pass or on none"
13B3BE,fixed,Event camera rumble 13B250: the pulse accumulator +20 is count row 13B3A7; the subtraction of 255 follows a crossing on that tick.
13B5EE,stock,13B5A0 walks twelve-byte entries and rewrites each entry's ID with the result of 136160 before applying its lookup results; 13B5EE stores a resource-table identifier
140172,stock,"hx wireless-controller sample 140050 recomputes stick values from the current hardware sample, applies a dead zone, then restores an axis from that same sample when only its partner is nonzero."
141175,stock,140EC0 enumerates the supplied resource table and counts successful matching/loaded entries in its constructor loop.
141A1F,stock,"1417A0, 141D00, 142890: the sound streamer's worker threads (OSSignalSemaphore, OSYieldThread): job queue and slot counts, not ticks."
14200D,stock,"1417A0, 141D00, 142890: the sound streamer's worker threads (OSSignalSemaphore, OSYieldThread): job queue and slot counts, not ticks."
142A83,stock,"1417A0, 141D00, 142890: the sound streamer's worker threads (OSSignalSemaphore, OSYieldThread): job queue and slot counts, not ticks."
1470E6,once,cOptionCalibration 146F40: its virtual slot 1 setup moves sprite 3A by 11 only when the detected controller product is type 4; this is part of option initialization
147776,fixed,cOptionCalibration 147570: the +A2 sine gauge phase increments by five degrees only on stock ticks at 14776D
147FFF,fixed,cOptionControllerSelect/cOptionPairing 147FF0: +80 elapsed ticks now increment only on stock ticks
1493E6,once,cOptionHelp 1492B0: +EC is the highlighted help page index; these wraparound changes require a fresh controller action bit and are navigation events
149411,once,cOptionHelp 1492B0: +EC is the highlighted help page index; these wraparound changes require a fresh controller action bit and are navigation events
14B3A4,stock,"Options menus: these +88, +54 and +8C fields are selected settings rows, changed only on tested controller LargeBitElement navigation actions and clamped or wrapped against the available choices"
14B447,stock,"Options menus: these +88, +54 and +8C fields are selected settings rows, changed only on tested controller LargeBitElement navigation actions and clamped or wrapped against the available choices"
14BC6B,once,"cOptionScreenSetting 14B970 is its vtable slot 1 setup: it clears state, builds the menu elements, then offsets four element coordinates once for aspect ratio 3"
14BC87,once,"cOptionScreenSetting 14B970 is its vtable slot 1 setup: it clears state, builds the menu elements, then offsets four element coordinates once for aspect ratio 3"
14BCA3,once,"cOptionScreenSetting 14B970 is its vtable slot 1 setup: it clears state, builds the menu elements, then offsets four element coordinates once for aspect ratio 3"
14BCBF,once,"cOptionScreenSetting 14B970 is its vtable slot 1 setup: it clears state, builds the menu elements, then offsets four element coordinates once for aspect ratio 3"
14C46C,stock,"cOptionScreenSetting +B0: its length is stored x N (flag mulstore 14C5F8 and its nine siblings), so the per-tick countdown is real time; pacing it as well made the input lockout 2 s instead of 0.5"
14C514,once,"cOptionScreenSetting 14C450: the global change flag is set after a settings input action, and this branch advances +B8 to state 2 before it can run again"
14F094,stock,14EDC0 enumerates Steam save-file records and appends each accepted eighty-byte record to the output vector; +8 advances by the record size after copying the record and its string
14F3E3,stock,"14F150 filters a vector of file-name records, shifts retained records, destroys the removed strings, and reduces the end pointer by one 80-byte element."
14F543,stock,"14F150 filters a vector of file-name records, shifts retained records, destroys the removed strings, and reduces the end pointer by one 80-byte element."
14F95B,stock,"14F7A0 walks save-file records and increments output +660 once per copied record, bounded by output capacity and the number of input records; it counts exported records"
150153,stock,"150060 and 1636F0 grow vector containers, copy/move the old allocation, free it, and reconstruct the end pointer from the old element count and new base."
151D29,once,"151D00 waits for its worker state to leave one, increments +8 once, and immediately exits the OS thread"
153DAD,stock,"Options menus: these +88, +54 and +8C fields are selected settings rows, changed only on tested controller LargeBitElement navigation actions and clamped or wrapped against the available choices"
153E2A,stock,"Options menus: these +88, +54 and +8C fields are selected settings rows, changed only on tested controller LargeBitElement navigation actions and clamped or wrapped against the available choices"
155F55,stock,"cOptionKeyAssign 155C10: +54 and +8C are selection indices changed only after the corresponding controller LargeBitElement action test, with bounds checks and a navigation sound"
155FCE,stock,"cOptionKeyAssign 155C10: +54 and +8C are selection indices changed only after the corresponding controller LargeBitElement action test, with bounds checks and a navigation sound"
1560BD,stock,"cOptionKeyAssign 155C10: +54 and +8C are selection indices changed only after the corresponding controller LargeBitElement action test, with bounds checks and a navigation sound"
156182,stock,"cOptionKeyAssign 155C10: +54 and +8C are selection indices changed only after the corresponding controller LargeBitElement action test, with bounds checks and a navigation sound"
156BA6,stock,"Options menus: these +88, +54 and +8C fields are selected settings rows, changed only on tested controller LargeBitElement navigation actions and clamped or wrapped against the available choices"
156C66,stock,"Options menus: these +88, +54 and +8C fields are selected settings rows, changed only on tested controller LargeBitElement navigation actions and clamped or wrapped against the available choices"
158C48,stock,"Options menus: these +88, +54 and +8C fields are selected settings rows, changed only on tested controller LargeBitElement navigation actions and clamped or wrapped against the available choices"
158CC5,stock,"Options menus: these +88, +54 and +8C fields are selected settings rows, changed only on tested controller LargeBitElement navigation actions and clamped or wrapped against the available choices"
15AB68,stock,"Options menus: these +88, +54 and +8C fields are selected settings rows, changed only on tested controller LargeBitElement navigation actions and clamped or wrapped against the available choices"
15ABE5,stock,"Options menus: these +88, +54 and +8C fields are selected settings rows, changed only on tested controller LargeBitElement navigation actions and clamped or wrapped against the available choices"
15D8D8,stock,"Options menus: these +88, +54 and +8C fields are selected settings rows, changed only on tested controller LargeBitElement navigation actions and clamped or wrapped against the available choices"
15D955,stock,"Options menus: these +88, +54 and +8C fields are selected settings rows, changed only on tested controller LargeBitElement navigation actions and clamped or wrapped against the available choices"
15F095,fixed,"Whole-function gate 15F000 paces the held-input slider's acceleration counters, volume steps, clamp resets and repeat sound together. All three direct callers discard the result; focused entry-window checks passed."
15F0FE,fixed,"Whole-function gate 15F000 paces the held-input slider's acceleration counters, volume steps, clamp resets and repeat sound together. All three direct callers discard the result; focused entry-window checks passed."
1603A2,once,"160310 +54 selects the next of three actions after the exit delay, and immediately changes +3A/+3B to state 4."
1605FA,once,1604E0 +2 is the bounded text/page selection moved by JOY_ACTIDX trigger bits; +3 advances from initialization to input phase exactly once.
1606A4,once,1604E0 +2 is the bounded text/page selection moved by JOY_ACTIDX trigger bits; +3 advances from initialization to input phase exactly once.
1608F0,once,1604E0 +2 is the bounded text/page selection moved by JOY_ACTIDX trigger bits; +3 advances from initialization to input phase exactly once.
160E99,fixed,"160D80 gallery zoom and pan accumulations follow the complete steps paced at 160E75, 1610CF, 1610D7 and 1616EF; the seven layout positions share XMM6's horizontal rate after zoom compensation, and clamps preserve the original bounds"
1610F6,fixed,"160D80 gallery zoom and pan accumulations follow the complete steps paced at 160E75, 1610CF, 1610D7 and 1616EF; the seven layout positions share XMM6's horizontal rate after zoom compensation, and clamps preserve the original bounds"
161102,fixed,"160D80 gallery zoom and pan accumulations follow the complete steps paced at 160E75, 1610CF, 1610D7 and 1616EF; the seven layout positions share XMM6's horizontal rate after zoom compensation, and clamps preserve the original bounds"
161150,fixed,"160D80 gallery zoom and pan accumulations follow the complete steps paced at 160E75, 1610CF, 1610D7 and 1616EF; the seven layout positions share XMM6's horizontal rate after zoom compensation, and clamps preserve the original bounds"
16116B,fixed,"160D80 gallery zoom and pan accumulations follow the complete steps paced at 160E75, 1610CF, 1610D7 and 1616EF; the seven layout positions share XMM6's horizontal rate after zoom compensation, and clamps preserve the original bounds"
161186,fixed,"160D80 gallery zoom and pan accumulations follow the complete steps paced at 160E75, 1610CF, 1610D7 and 1616EF; the seven layout positions share XMM6's horizontal rate after zoom compensation, and clamps preserve the original bounds"
1611A1,fixed,"160D80 gallery zoom and pan accumulations follow the complete steps paced at 160E75, 1610CF, 1610D7 and 1616EF; the seven layout positions share XMM6's horizontal rate after zoom compensation, and clamps preserve the original bounds"
1611BC,fixed,"160D80 gallery zoom and pan accumulations follow the complete steps paced at 160E75, 1610CF, 1610D7 and 1616EF; the seven layout positions share XMM6's horizontal rate after zoom compensation, and clamps preserve the original bounds"
161202,fixed,"160D80 gallery zoom and pan accumulations follow the complete steps paced at 160E75, 1610CF, 1610D7 and 1616EF; the seven layout positions share XMM6's horizontal rate after zoom compensation, and clamps preserve the original bounds"
1612A1,stock,160D80 gallery: +55 names the selected artwork and advances when continuous scroll crosses the item extent; it controls the filename/table index and is not an autonomous timer
161490,stock,160D80 gallery: +55 names the selected artwork and advances when continuous scroll crosses the item extent; it controls the filename/table index and is not an autonomous timer
1616F5,fixed,"160D80 gallery zoom and pan accumulations follow the complete steps paced at 160E75, 1610CF, 1610D7 and 1616EF; the seven layout positions share XMM6's horizontal rate after zoom compensation, and clamps preserve the original bounds"
161BDD,once,1617F0 gallery state two: add the initial layout offset to all seven gallery images after initializing their positions and starting the transition; +3A immediately becomes three
161BF9,once,1617F0 gallery state two: add the initial layout offset to all seven gallery images after initializing their positions and starting the transition; +3A immediately becomes three
161C15,once,1617F0 gallery state two: add the initial layout offset to all seven gallery images after initializing their positions and starting the transition; +3A immediately becomes three
161C31,once,1617F0 gallery state two: add the initial layout offset to all seven gallery images after initializing their positions and starting the transition; +3A immediately becomes three
161C4D,once,1617F0 gallery state two: add the initial layout offset to all seven gallery images after initializing their positions and starting the transition; +3A immediately becomes three
161C69,once,1617F0 gallery state two: add the initial layout offset to all seven gallery images after initializing their positions and starting the transition; +3A immediately becomes three
161C7C,once,1617F0 gallery state two: add the initial layout offset to all seven gallery images after initializing their positions and starting the transition; +3A immediately becomes three
1620AC,stock,"1617F0 gallery: +54 is a zero-through-two action selection state changed by the JOY action mask; an unavailable choice advances it again immediately, without a timed wait"
1620F7,stock,"1617F0 gallery: +54 is a zero-through-two action selection state changed by the JOY action mask; an unavailable choice advances it again immediately, without a timed wait"
163769,stock,"150060 and 1636F0 grow vector containers, copy/move the old allocation, free it, and reconstruct the end pointer from the old element count and new base."
165F8A,fixed,Brush 165BD0: the countdown +60 is count row 165F87.
1677A3,stock,1676D0 constructs param_2 from supplied signed-short coordinates before applying the byte-sized vertical offset and optional matrix; these additions modify fresh output coordinates.
1677B3,stock,1676D0 constructs param_2 from supplied signed-short coordinates before applying the byte-sized vertical offset and optional matrix; these additions modify fresh output coordinates.
167DBA,stock,esp30 1A9BF0: 167DBA tallies nearby particles in a spatial cell; gtfc update 2FD27A/2FD293 clears both cell lanes through 170CD0 before the next occupancy check
168217,stock,"168140 (the objects' updates ask whether the brush strokes touch their points) counts this tick's touched targets in the brush's +E20, which the brush update 16C7E0 clears every tick: a per-tick tally."
16827A,stock,"168140 (the objects' updates ask whether the brush strokes touch their points) counts this tick's touched targets in the brush's +E20, which the brush update 16C7E0 clears every tick: a per-tick tally."
16C9BC,stock,"16C7E0: +2218 is a one-tick handshake: 17F160 sets +110 bit 0 and +2218 = 1, and the next brush update decrements it and returns at once; it skips one update at any rate."
16CF69,once,"16C7E0: +C80 is the brush's state (0 idle, 1 open, 2 draw, 3 evaluate, 4-5 waits, 6 close); each increment is one transition, on the tick its condition is met."
16CF85,once,"16C7E0: +C80 is the brush's state (0 idle, 1 open, 2 draw, 3 evaluate, 4-5 waits, 6 close); each increment is one transition, on the tick its condition is met."
16D106,once,"16C7E0: +C80 is the brush's state (0 idle, 1 open, 2 draw, 3 evaluate, 4-5 waits, 6 close); each increment is one transition, on the tick its condition is met."
16D433,once,"16C7E0: +C80 is the brush's state (0 idle, 1 open, 2 draw, 3 evaluate, 4-5 waits, 6 close); each increment is one transition, on the tick its condition is met."
16D552,once,"16C7E0: +C80 is the brush's state (0 idle, 1 open, 2 draw, 3 evaluate, 4-5 waits, 6 close); each increment is one transition, on the tick its condition is met."
16D7E9,once,"16C7E0: +C80 is the brush's state (0 idle, 1 open, 2 draw, 3 evaluate, 4-5 waits, 6 close); each increment is one transition, on the tick its condition is met."
16F7A2,fixed,"16C7E0's stroke loop at 16F780: the 0.25 approach factor (blend 16F75F), its 0.5 minimum step and the +3 growth (lin 16F767, 16F76F) are loaded before the loop; the constants in .data at 799800/799804 are only read."
16F7C0,fixed,"16C7E0's stroke loop at 16F780: the 0.25 approach factor (blend 16F75F), its 0.5 minimum step and the +3 growth (lin 16F767, 16F76F) are loaded before the loop; the constants in .data at 799800/799804 are only read."
1767F8,once,"174DB0 is the brush's default evaluation (16C7E0 state 3, once per finished stroke before the state advances): its counts, the recognized-technique repeat +D30 (with its 300-tick window +D34), the point index +DE0, the per-target tallies at 8909C0+2130 and the technique levels min(old, 1..3 by the ink +1EE8) run once per evaluation."
177CC1,once,"174DB0 is the brush's default evaluation (16C7E0 state 3, once per finished stroke before the state advances): its counts, the recognized-technique repeat +D30 (with its 300-tick window +D34), the point index +DE0, the per-target tallies at 8909C0+2130 and the technique levels min(old, 1..3 by the ink +1EE8) run once per evaluation."
177DA2,once,"174DB0 is the brush's default evaluation (16C7E0 state 3, once per finished stroke before the state advances): its counts, the recognized-technique repeat +D30 (with its 300-tick window +D34), the point index +DE0, the per-target tallies at 8909C0+2130 and the technique levels min(old, 1..3 by the ink +1EE8) run once per evaluation."
178461,once,"174DB0 is the brush's default evaluation (16C7E0 state 3, once per finished stroke before the state advances): its counts, the recognized-technique repeat +D30 (with its 300-tick window +D34), the point index +DE0, the per-target tallies at 8909C0+2130 and the technique levels min(old, 1..3 by the ink +1EE8) run once per evaluation."
178637,once,"174DB0 is the brush's default evaluation (16C7E0 state 3, once per finished stroke before the state advances): its counts, the recognized-technique repeat +D30 (with its 300-tick window +D34), the point index +DE0, the per-target tallies at 8909C0+2130 and the technique levels min(old, 1..3 by the ink +1EE8) run once per evaluation."
178942,once,"174DB0 is the brush's default evaluation (16C7E0 state 3, once per finished stroke before the state advances): its counts, the recognized-technique repeat +D30 (with its 300-tick window +D34), the point index +DE0, the per-target tallies at 8909C0+2130 and the technique levels min(old, 1..3 by the ink +1EE8) run once per evaluation."
179190,once,"174DB0 is the brush's default evaluation (16C7E0 state 3, once per finished stroke before the state advances): its counts, the recognized-technique repeat +D30 (with its 300-tick window +D34), the point index +DE0, the per-target tallies at 8909C0+2130 and the technique levels min(old, 1..3 by the ink +1EE8) run once per evaluation."
179A77,once,"174DB0 is the brush's default evaluation (16C7E0 state 3, once per finished stroke before the state advances): its counts, the recognized-technique repeat +D30 (with its 300-tick window +D34), the point index +DE0, the per-target tallies at 8909C0+2130 and the technique levels min(old, 1..3 by the ink +1EE8) run once per evaluation."
179D28,once,"174DB0 is the brush's default evaluation (16C7E0 state 3, once per finished stroke before the state advances): its counts, the recognized-technique repeat +D30 (with its 300-tick window +D34), the point index +DE0, the per-target tallies at 8909C0+2130 and the technique levels min(old, 1..3 by the ink +1EE8) run once per evaluation."
17C7F2,stock,"17C6B0 processes the finite 0x600-point brush path: segment counts start at zero, angle fields come from freshly computed dot products, point sums start at zero and are divided by the segment's point count before return."
17C998,stock,"17C6B0 processes the finite 0x600-point brush path: segment counts start at zero, angle fields come from freshly computed dot products, point sums start at zero and are divided by the segment's point count before return."
17CBAA,stock,"17C6B0 processes the finite 0x600-point brush path: segment counts start at zero, angle fields come from freshly computed dot products, point sums start at zero and are divided by the segment's point count before return."
17CCAF,stock,"17C6B0 processes the finite 0x600-point brush path: segment counts start at zero, angle fields come from freshly computed dot products, point sums start at zero and are divided by the segment's point count before return."
17CCC3,stock,"17C6B0 processes the finite 0x600-point brush path: segment counts start at zero, angle fields come from freshly computed dot products, point sums start at zero and are divided by the segment's point count before return."
17CCFD,stock,"17C6B0 processes the finite 0x600-point brush path: segment counts start at zero, angle fields come from freshly computed dot products, point sums start at zero and are divided by the segment's point count before return."
17CD15,stock,"17C6B0 processes the finite 0x600-point brush path: segment counts start at zero, angle fields come from freshly computed dot products, point sums start at zero and are divided by the segment's point count before return."
17CF46,stock,17CE00 clears the paired 888C54 and 888C58 tally at entry; this increment counts qualifying records in the current sweep
17D04A,stock,"17CE00 writes this angle-derived geometric value from the current three-point record, not from prior-frame state"
17D25A,stock,"17CE00 clears 888C64 at entry, then adds the current segment lengths to that scratch tally"
17D3B7,stock,"17CE00 clears each 888F4C and 888FCC segment sum at 17D367 and 17D372, adds the current sweep's vertex coordinates, then divides by the number of vertices at 17D405 and 17D41D to form a current-segment centroid; these four writes cannot accumulate across calls"
17D3CB,stock,"17CE00 clears each 888F4C and 888FCC segment sum at 17D367 and 17D372, adds the current sweep's vertex coordinates, then divides by the number of vertices at 17D405 and 17D41D to form a current-segment centroid; these four writes cannot accumulate across calls"
17D405,stock,"17CE00 clears each 888F4C and 888FCC segment sum at 17D367 and 17D372, adds the current sweep's vertex coordinates, then divides by the number of vertices at 17D405 and 17D41D to form a current-segment centroid; these four writes cannot accumulate across calls"
17D41D,stock,"17CE00 clears each 888F4C and 888FCC segment sum at 17D367 and 17D372, adds the current sweep's vertex coordinates, then divides by the number of vertices at 17D405 and 17D41D to form a current-segment centroid; these four writes cannot accumulate across calls"
17D6CC,stock,17CE00 resets the brush-segment turning-angle totals before summing freshly computed per-point angles in the bounded segment loop; these totals describe the input path.
17D6E2,stock,17CE00 resets the brush-segment turning-angle totals before summing freshly computed per-point angles in the bounded segment loop; these totals describe the input path.
17D844,stock,17CE00 clears the 888D4C per-segment count through puVar17[-0x100] before this segment-pass increment
17DB85,stock,17CE00 clears 890934 and 890938 before its final 0x600-record sweep; these increments count records and non-null pointers in that sweep
17DB97,stock,17CE00 clears 890934 and 890938 before its final 0x600-record sweep; these increments count records and non-null pointers in that sweep
17DC1E,stock,17CE00 converts the current 890934 pointer count to float for its end-of-sweep proportion calculation; this read does not advance a timer
17DC78,stock,"17CE00 zeroes the 8908B0 count array before its pointer-group sweep; this increment counts matching pointers, not elapsed ticks"
17E080,stock,17E000: zero-initialized stack histograms count cells in a bounded 224-by-256 grid scan. A second histogram counts marked cells and both are consumed to compute coverage proportions during the same invocation.
17E088,stock,17E000: zero-initialized stack histograms count cells in a bounded 224-by-256 grid scan. A second histogram counts marked cells and both are consumed to compute coverage proportions during the same invocation.
17E990,stock,17E760 projects the current supplied brush point onto the stored segment using a geometric dot product divided by squared segment length; it writes that projected point or snaps to an endpoint.
17E995,stock,17E760 projects the current supplied brush point onto the stored segment using a geometric dot product divided by squared segment length; it writes that projected point or snaps to an endpoint.
17F018,stock,"17EF70 initializes an output vector, transforms screen coordinates through the camera matrix, then divides by W and subtracts viewport offsets."
17F01C,stock,"17EF70 initializes an output vector, transforms screen coordinates through the camera matrix, then divides by W and subtracts viewport offsets."
17F103,stock,"17F0B0: inserting one supplied record into a 30-element ring updates its read/write indices modulo 30 and its occupied-record count. The stored parameters and linked entries are data records, not a phase advanced independently of insertion."
17F10B,stock,"17F0B0: inserting one supplied record into a 30-element ring updates its read/write indices modulo 30 and its occupied-record count. The stored parameters and linked entries are data records, not a phase advanced independently of insertion."
17F153,stock,"17F0B0: inserting one supplied record into a 30-element ring updates its read/write indices modulo 30 and its occupied-record count. The stored parameters and linked entries are data records, not a phase advanced independently of insertion."
18257B,fixed,"cPad ActStart's amplitude accumulator advances only through its sole caller Actuater 1825A0, whose entry is already gated to the port's stock 60 Hz cadence by the flag group's gatefn row."
182602,fixed,"cPad Actuater 1825A0: generated flag-group gatefn entry keeps the whole rumble update at the port's sixty-hertz cadence, including every slot's +4 delay and +6 duration decrement"
182618,fixed,"cPad Actuater 1825A0: generated flag-group gatefn entry keeps the whole rumble update at the port's sixty-hertz cadence, including every slot's +4 delay and +6 duration decrement"
182832,stock,cPad::AdjusatCameraMove: both output shorts are initialized to zero or copied from the current stick axes before adding current trigger-axis differences clamped to 128. They compose this input sample and do not retain the previous update's values.
18283B,stock,cPad::AdjusatCameraMove: both output shorts are initialized to zero or copied from the current stick axes before adding current trigger-axis differences clamped to 128. They compose this input sample and do not retain the previous update's values.
182854,stock,cPad::AdjusatCameraMove: both output shorts are initialized to zero or copied from the current stick axes before adding current trigger-axis differences clamped to 128. They compose this input sample and do not retain the previous update's values.
182868,stock,cPad::AdjusatCameraMove: both output shorts are initialized to zero or copied from the current stick axes before adding current trigger-axis differences clamped to 128. They compose this input sample and do not retain the previous update's values.
182AA9,stock,cPad::AdjustCamera: +80/+84 are recomputed from current stick axes and dead zones earlier in every invocation. These later operations invert those current samples or subtract current mouse delta samples; none accumulates the preceding frame's camera orientation.
182AD0,stock,cPad::AdjustCamera: +80/+84 are recomputed from current stick axes and dead zones earlier in every invocation. These later operations invert those current samples or subtract current mouse delta samples; none accumulates the preceding frame's camera orientation.
182ADC,stock,cPad::AdjustCamera: +80/+84 are recomputed from current stick axes and dead zones earlier in every invocation. These later operations invert those current samples or subtract current mouse delta samples; none accumulates the preceding frame's camera orientation.
182B20,stock,cPad::AdjustCamera: +80/+84 are recomputed from current stick axes and dead zones earlier in every invocation. These later operations invert those current samples or subtract current mouse delta samples; none accumulates the preceding frame's camera orientation.
182B52,stock,cPad::AdjustCamera: +80/+84 are recomputed from current stick axes and dead zones earlier in every invocation. These later operations invert those current samples or subtract current mouse delta samples; none accumulates the preceding frame's camera orientation.
182BB5,stock,cPad::AdjustCamera: +80/+84 are recomputed from current stick axes and dead zones earlier in every invocation. These later operations invert those current samples or subtract current mouse delta samples; none accumulates the preceding frame's camera orientation.
182BD1,stock,cPad::AdjustCamera: +80/+84 are recomputed from current stick axes and dead zones earlier in every invocation. These later operations invert those current samples or subtract current mouse delta samples; none accumulates the preceding frame's camera orientation.
1835E3,stock,"cPad::Key_set writes +80/+84 from the current stick sample or current mouse delta, then adds the current opposing trigger contributions. The outputs are recomputed earlier in this same input-sampling call."
1835F4,stock,"cPad::Key_set writes +80/+84 from the current stick sample or current mouse delta, then adds the current opposing trigger contributions. The outputs are recomputed earlier in this same input-sampling call."
183953,stock,"cPad::Key_set writes +80/+84 from the current stick sample or current mouse delta, then adds the current opposing trigger contributions. The outputs are recomputed earlier in this same input-sampling call."
18395F,stock,"cPad::Key_set writes +80/+84 from the current stick sample or current mouse delta, then adds the current opposing trigger contributions. The outputs are recomputed earlier in this same input-sampling call."
184343,stock,"cPad::Lever_gacya_set: +9C is zeroed at function entry, then increased by 2/2/4 according to three angular sectors. These are contributions to the current input result returned to the caller."
184360,stock,"cPad::Lever_gacya_set: +9C is zeroed at function entry, then increased by 2/2/4 according to three angular sectors. These are contributions to the current input result returned to the caller."
18437D,stock,"cPad::Lever_gacya_set: +9C is zeroed at function entry, then increased by 2/2/4 according to three angular sectors. These are contributions to the current input result returned to the caller."
187506,stock,"cPad::mergeJoyWork adds action values from one current controller sample into a combined sample inside a 121-action loop. The additions combine devices, not elapsed frames."
187510,stock,"cPad::mergeJoyWork adds action values from one current controller sample into a combined sample inside a 121-action loop. The additions combine devices, not elapsed frames."
187845,stock,"cPad::setJoyLStickWork (1877E0, exported) merges one pad's left-stick axes +170/+174 into another's this tick's reading; both are fresh each tick."
18785F,stock,"cPad::setJoyLStickWork (1877E0, exported) merges one pad's left-stick axes +170/+174 into another's this tick's reading; both are fresh each tick."
18834D,fixed,"Rumble waveform wrapper 1882A0 gates the entire 1882B0 update at N60, matching cPad Actuater; the waveform phase and PWM pulse accumulator advance and wrap on that same tick."
188364,fixed,"Rumble waveform wrapper 1882A0 gates the entire 1882B0 update at N60, matching cPad Actuater; the waveform phase and PWM pulse accumulator advance and wrap on that same tick."
188396,fixed,"Rumble waveform wrapper 1882A0 gates the entire 1882B0 update at N60, matching cPad Actuater; the waveform phase and PWM pulse accumulator advance and wrap on that same tick."
1883C8,fixed,"Rumble waveform wrapper 1882A0 gates the entire 1882B0 update at N60, matching cPad Actuater; the waveform phase and PWM pulse accumulator advance and wrap on that same tick."
18854E,stock,"188520..1885B0 has no direct external entry, aligned or unaligned actual code pointer, switch/LEA reference, export reference or physical fallthrough. Generator rechecks this complete range on the audited image; unwind frame descriptions cannot invoke it."
18863E,stock,"Resource manager reference accounting: 189430 increments the pending load-request count at entry+6; 188520/1885B0 decrement that count on cancellation/release. In 20FB00 state 2 submits the 30D/30F requests once, and the cancellation branch releases them before moving to state 5."
188CD1,stock,"Resource manager live reference accounting: 188C50/189650 increment entry+4 when returning an acquired resource pointer; 18A170/18A1E0 decrement it on release and begin unloading only when the last reference is gone. These counts track ownership, not elapsed frames."
189507,stock,"Resource manager reference accounting: 189430 increments the pending load-request count at entry+6; 188520/1885B0 decrement that count on cancellation/release. In 20FB00 state 2 submits the 30D/30F requests once, and the cancellation branch releases them before moving to state 5."
189742,stock,"Resource manager live reference accounting: 188C50/189650 increment entry+4 when returning an acquired resource pointer; 18A170/18A1E0 decrement it on release and begin unloading only when the last reference is gone. These counts track ownership, not elapsed frames."
18980F,once,"189650: after its paced loop (wait 1897EB) ends, the entry's +4 word gains 1 and its state goes to 3, once"
18A18F,stock,"18A170..18A1E0 has no direct external entry, aligned or unaligned actual code pointer, switch/LEA reference, export reference or physical fallthrough. Generator rechecks this complete range on the audited image; unwind frame descriptions cannot invoke it."
18A243,stock,"Resource manager live reference accounting: 188C50/189650 increment entry+4 when returning an acquired resource pointer; 18A170/18A1E0 decrement it on release and begin unloading only when the last reference is gone. These counts track ownership, not elapsed frames."
18B616,stock,"18B580 erases a supplied substring, moves the remaining bytes, updates string length, and writes the new terminator."
18FC2F,follows,"esp 18FBD0: the flipbook frame +26E advances when the countdown +26D (count row 18FBE0) runs out, and wraps"
18FC4E,follows,"esp 18FBD0: the flipbook frame +26E advances when the countdown +26D (count row 18FBE0) runs out, and wraps"
18FF0C,stock,"18FE40 overwrites +1C4..+1D0 from 1921A0 and 191F40 on this call, then applies static byte color coefficients; the three multiplies are derived color conversion, not accumulating fades"
18FF14,stock,"18FE40 overwrites +1C4..+1D0 from 1921A0 and 191F40 on this call, then applies static byte color coefficients; the three multiplies are derived color conversion, not accumulating fades"
18FF45,stock,"18FE40 overwrites +1C4..+1D0 from 1921A0 and 191F40 on this call, then applies static byte color coefficients; the three multiplies are derived color conversion, not accumulating fades"
18FF7F,fixed,"18FF60 is a gate0 row (effect group): between stock ticks it returns at once, so its counter runs once a stock tick."
19072C,stock,"1902C0 constructs four projected output vertices in param_2: it initializes the four W lanes at 19065D-190676, fills the vertices with Apply3Array at 190707 or 190943, then adjusts their current screen coordinates; the five additions change this call's newly built output quad, not persistent motion state"
19073C,stock,"1902C0 constructs four projected output vertices in param_2: it initializes the four W lanes at 19065D-190676, fills the vertices with Apply3Array at 190707 or 190943, then adjusts their current screen coordinates; the five additions change this call's newly built output quad, not persistent motion state"
190748,stock,"1902C0 constructs four projected output vertices in param_2: it initializes the four W lanes at 19065D-190676, fills the vertices with Apply3Array at 190707 or 190943, then adjusts their current screen coordinates; the five additions change this call's newly built output quad, not persistent motion state"
190754,stock,"1902C0 constructs four projected output vertices in param_2: it initializes the four W lanes at 19065D-190676, fills the vertices with Apply3Array at 190707 or 190943, then adjusts their current screen coordinates; the five additions change this call's newly built output quad, not persistent motion state"
19099B,stock,"1902C0 constructs four projected output vertices in param_2: it initializes the four W lanes at 19065D-190676, fills the vertices with Apply3Array at 190707 or 190943, then adjusts their current screen coordinates; the five additions change this call's newly built output quad, not persistent motion state"
190F28,follows,"esp 190DA0: the phases +1A0 and +1A2 wrapped back into range after their paced adds (190EFC, 190FC1)"
190FED,follows,"esp 190DA0: the phases +1A0 and +1A2 wrapped back into range after their paced adds (190EFC, 190FC1)"
193134,stock,esp17 192F80: slot 4 derives each RGBA lane from template bytes on this call and clears the temporary lanes at 1931CC; these stores do not accumulate an elapsed-time step
193152,stock,esp17 192F80: slot 4 derives each RGBA lane from template bytes on this call and clears the temporary lanes at 1931CC; these stores do not accumulate an elapsed-time step
193170,stock,esp17 192F80: slot 4 derives each RGBA lane from template bytes on this call and clears the temporary lanes at 1931CC; these stores do not accumulate an elapsed-time step
19319F,stock,esp17 192F80: slot 4 derives each RGBA lane from template bytes on this call and clears the temporary lanes at 1931CC; these stores do not accumulate an elapsed-time step
1958CD,stock,espEmitter02 1952F0: +200 is multiplied by +260 only to pass a temporary value to a virtual call and is restored from xmm6 at 1958D9
1967E7,once,"195EC0 initializes an emitter from its data (called by its creators 197750, 19D0F0, 1A5D00): the spawn's scale +40 multiplies +180 and +294 once."
196F17,once,"195EC0 initializes an emitter from its data (called by its creators 197750, 19D0F0, 1A5D00): the spawn's scale +40 multiplies +180 and +294 once."
19816D,stock,"198000 first clears all 64 records of the param_1+0x38 table at 198030 through 198049, then increments the selected record's +0x18 during that same initialization call for each of the five resource slots; the increments count initial slot references, not elapsed ticks"
1981D2,stock,"198000 first clears all 64 records of the param_1+0x38 table at 198030 through 198049, then increments the selected record's +0x18 during that same initialization call for each of the five resource slots; the increments count initial slot references, not elapsed ticks"
198235,stock,"198000 first clears all 64 records of the param_1+0x38 table at 198030 through 198049, then increments the selected record's +0x18 during that same initialization call for each of the five resource slots; the increments count initial slot references, not elapsed ticks"
19829D,stock,"198000 first clears all 64 records of the param_1+0x38 table at 198030 through 198049, then increments the selected record's +0x18 during that same initialization call for each of the five resource slots; the increments count initial slot references, not elapsed ticks"
19830D,stock,"198000 first clears all 64 records of the param_1+0x38 table at 198030 through 198049, then increments the selected record's +0x18 during that same initialization call for each of the five resource slots; the increments count initial slot references, not elapsed ticks"
19854F,stock,198510: adjacent free blocks are coalesced when end-address equals next start-address. The word size adds the adjacent block's element count; it is heap bookkeeping.
198897,stock,1987C0: allocation splits a free block by the requested element count. +18 advances by requested_count times 16 and +20 subtracts that count before assigning the allocated block.
19889B,stock,1987C0: allocation splits a free block by the requested element count. +18 advances by requested_count times 16 and +20 subtracts that count before assigning the allocated block.
198B42,once,1989F0 spawns an effect and records its slot in +4F.
1996DF,stock,199660: the +20 word merges counts of two linked nodes only when their links match; this is event-driven list maintenance
199745,stock,199730 increments an effect resource reference count +12 for a slot in the thirty-two-entry +500 table; 19C5C0 releases that reference and calls 199660 to remove the slot only when the count becomes zero
19986F,stock,"199790 acquires a resource record, loading its tables only when reference count +18 is zero, then increments that count; 1998F0/199E50 increment it for an existing matching resource, and 1999D0 decrements it on release and unloads tables when the last reference is gone"
199887,stock,"199790 acquires a resource record, loading its tables only when reference count +18 is zero, then increments that count; 1998F0/199E50 increment it for an existing matching resource, and 1999D0 decrements it on release and unloads tables when the last reference is gone"
199937,stock,"199790 acquires a resource record, loading its tables only when reference count +18 is zero, then increments that count; 1998F0/199E50 increment it for an existing matching resource, and 1999D0 decrements it on release and unloads tables when the last reference is gone"
1999D6,stock,"199790 acquires a resource record, loading its tables only when reference count +18 is zero, then increments that count; 1998F0/199E50 increment it for an existing matching resource, and 1999D0 decrements it on release and unloads tables when the last reference is gone"
199E8F,stock,"199790 acquires a resource record, loading its tables only when reference count +18 is zero, then increments that count; 1998F0/199E50 increment it for an existing matching resource, and 1999D0 decrements it on release and unloads tables when the last reference is gone"
19C3F2,stock,"19C380: when the array entry is nonnull and the age test matches, +12 is incremented and immediately decremented on the same pointer with no intervening call or use; its value after the pair is unchanged"
19C402,stock,"19C380: when the array entry is nonnull and the age test matches, +12 is incremented and immediately decremented on the same pointer with no intervening call or use; its value after the pair is unchanged"
19C5DE,stock,199730 increments an effect resource reference count +12 for a slot in the thirty-two-entry +500 table; 19C5C0 releases that reference and calls 199660 to remove the slot only when the count becomes zero
19E277,fixed,esp04 19E210: three slot-14 random motion samples are scaled after multiplying by their axis speeds and before the object position/yaw additions
19E2A1,fixed,esp04 19E210: three slot-14 random motion samples are scaled after multiplying by their axis speeds and before the object position/yaw additions
19E2EB,fixed,esp04 19E210: three slot-14 random motion samples are scaled after multiplying by their axis speeds and before the object position/yaw additions
19E3F3,once,"esp05 19E3B0 is vtable slot 2, the effect setup callback: it first replaces +2C0/+2C4/+2C8 from 18C980, then adds the three +138 configuration offsets once; its per-frame callback is a different slot"
19E40B,once,"esp05 19E3B0 is vtable slot 2, the effect setup callback: it first replaces +2C0/+2C4/+2C8 from 18C980, then adds the three +138 configuration offsets once; its per-frame callback is a different slot"
19E425,once,"esp05 19E3B0 is vtable slot 2, the effect setup callback: it first replaces +2C0/+2C4/+2C8 from 18C980, then adds the three +138 configuration offsets once; its per-frame callback is a different slot"
19EC78,stock,"esp08/esp40 19E810: this adds a transformed, converted Z component to an integer cVec output during the slot 16 geometry calculation"
19FB93,follows,esp08/esp40 19FB20: these stores only normalize the already-scaled +2C8/+2CC phases by the whole-unit period of 2
19FBAC,follows,esp08/esp40 19FB20: these stores only normalize the already-scaled +2C8/+2CC phases by the whole-unit period of 2
1A02D3,follows,esp38 1A02A0: +2EC's phase addition at 1A02C0 is already scaled; these stores copy its result and wrap it by whole units
1A02E1,follows,esp38 1A02A0: +2EC's phase addition at 1A02C0 is already scaled; these stores copy its result and wrap it by whole units
1A02FA,follows,esp38 1A02A0: +2EC's phase addition at 1A02C0 is already scaled; these stores copy its result and wrap it by whole units
1A27E6,once,esp12 1A2770: slot 2 copies the +2D8 and +2DC configuration fields and converts them to reciprocal/rate values during setup
1A27FE,once,esp12 1A2770: slot 2 copies the +2D8 and +2DC configuration fields and converts them to reciprocal/rate values during setup
1A3502,fixed,esp14 1A34F0: slot 1 increments the +2D8 age once per stock tick and scales the +174 displacement before adding it to +164
1A3579,fixed,esp14 1A34F0: slot 1 increments the +2D8 age once per stock tick and scales the +174 displacement before adding it to +164
1A3C62,once,"esp17 1A3B50 is vtable slot 2, its setup callback: it initializes factors and +2C4..+2D4 from config, then applies initial scaling to the three color channels once; slot 1 is the separate update callback"
1A3C7D,once,"esp17 1A3B50 is vtable slot 2, its setup callback: it initializes factors and +2C4..+2D4 from config, then applies initial scaling to the three color channels once; slot 1 is the separate update callback"
1A3C8A,once,"esp17 1A3B50 is vtable slot 2, its setup callback: it initializes factors and +2C4..+2D4 from config, then applies initial scaling to the three color channels once; slot 1 is the separate update callback"
1A3DD4,fixed,esp17 1A3CA0: slot 1 applies rooted +2C8 and +2CC damping factors to the three position components and advances +2D8 only on stock ticks
1A3DEF,fixed,esp17 1A3CA0: slot 1 applies rooted +2C8 and +2CC damping factors to the three position components and advances +2D8 only on stock ticks
1A3DF7,fixed,esp17 1A3CA0: slot 1 applies rooted +2C8 and +2CC damping factors to the three position components and advances +2D8 only on stock ticks
1A3E3F,fixed,esp17 1A3CA0: slot 1 applies rooted +2C8 and +2CC damping factors to the three position components and advances +2D8 only on stock ticks
1A443F,fixed,"esp18 1A43E0: mutable +2D8 is scaled before the first wrapped phase, and mutable +2DC before the second"
1A6DA7,follows,"esp20 1A6C60: the material alpha +D2C is set from +1D0 each tick, then multiplied by the fade fraction (+276 - +277) / +276, whose window +277 is paced (19292C)"
1A6E91,follows,"esp20 1A6C60: the UV offsets +60/+64 wrapped by 2 after their scaled scrolls (rows at 1A6DBB, 1A6DD3, 1A6E01, 1A6E4C)"
1A6EAC,follows,"esp20 1A6C60: the UV offsets +60/+64 wrapped by 2 after their scaled scrolls (rows at 1A6DBB, 1A6DD3, 1A6E01, 1A6E4C)"
1A6EBF,follows,esp20 1A6C60: material 0 V at 1A6EBF only subtracts the whole-unit period after the scaled phase crosses its +2 bound
1A6ED2,follows,"esp20 1A6C60: the UV offsets +60/+64 wrapped by 2 after their scaled scrolls (rows at 1A6DBB, 1A6DD3, 1A6E01, 1A6E4C)"
1A8EA3,stock,esp25 1A8C80: the linked object's +D2C is overwritten from +1D0 at 1A8E0C before the 1A8EA3 visibility multiplication on this same call
1A9165,fixed,esp27 1A9020: slot 1 adds matrix-transformed velocity to XYZ every tick; all six velocity products use scaled sources before the three stores
1A9194,fixed,esp27 1A9020: slot 1 adds matrix-transformed velocity to XYZ every tick; all six velocity products use scaled sources before the three stores
1A919C,fixed,esp27 1A9020: slot 1 adds matrix-transformed velocity to XYZ every tick; all six velocity products use scaled sources before the three stores
1A96E1,once,esp29 1A96A0 and esp37 1ABF70: slot 2 derives the initial countdown from configuration bytes and a random modulus
1A9B8A,once,esp30 1A9B80: the global active-object count is decremented in the destructor before base destruction
1AADFA,once,esp34 1AADC0: slot 2 copies the +2C0 configuration and adds a one-time random offset
1AB939,stock,"esp35 1AB6B0: slot 4 saves original +1D0 in xmm12, applies the two visibility factors to a temporary value, then restores +1D0 at 1ABA36"
1AB9E4,stock,"esp35 1AB6B0: slot 4 saves original +1D0 in xmm12, applies the two visibility factors to a temporary value, then restores +1D0 at 1ABA36"
1ABFB8,once,esp29 1A96A0 and esp37 1ABF70: slot 2 derives the initial countdown from configuration bytes and a random modulus
1AC2C0,stock,esp37 1AC250: +9A6B58 counts particles processed in this frame; 18E1E9 resets it at the start of each effect manager update and 18E3CF reads it afterward
1AD770,stock,"UI resource helper 1AD580: these byte stores copy the return value of tolower while normalizing two local strings for comparison, once per character"
1AD8B0,stock,"UI resource helper 1AD580: these byte stores copy the return value of tolower while normalizing two local strings for comparison, once per character"
1AEB85,stock,"1AE440 reads a resource stream (StreamBuffer): offsets into the data, not ticks."
1B033B,stock,Stream loader 1B0210's read-error retry delay and 1B0670's wait before it proceeds: polled by 1AF620's spin `while (1AF560) 1AFB40`
1B06E3,stock,Stream loader 1B0210's read-error retry delay and 1B0670's wait before it proceeds: polled by 1AF620's spin `while (1AF560) 1AFB40`
1B0B99,stock,"1B0AD0: +12CC issues a serial ID for each newly created load request, skipping ID zero on wrap. The resulting value is stored in the request before allocation and returned to the caller."
1B0BA2,stock,"1B0AD0: +12CC issues a serial ID for each newly created load request, skipping ID zero on wrap. The resulting value is stored in the request before allocation and returned to the caller."
1B0E6B,once,"1B0C50 parses a resource's records (0x78 bytes each, up to 0x27) and counts them in +12C8."
1B1F90,stock,UI global save/restore helpers 1B1F90/1B1FB0/1B1FD0/1B2020: these fields are stack depths for the global color/alpha override arrays; each increment or decrement indexes the next saved slot immediately
1B1FB0,stock,UI global save/restore helpers 1B1F90/1B1FB0/1B1FD0/1B2020: these fields are stack depths for the global color/alpha override arrays; each increment or decrement indexes the next saved slot immediately
1B1FD7,stock,UI global save/restore helpers 1B1F90/1B1FB0/1B1FD0/1B2020: these fields are stack depths for the global color/alpha override arrays; each increment or decrement indexes the next saved slot immediately
1B2026,stock,UI global save/restore helpers 1B1F90/1B1FB0/1B1FD0/1B2020: these fields are stack depths for the global color/alpha override arrays; each increment or decrement indexes the next saved slot immediately
1B251E,once,"UI sprite shift 1B2500: callers use fixed small dx offsets during initialization, controller changes, and panel setup; this loops through all elements once per layout change"
1B2587,stock,"UI element helpers 1B2530/1B26E0/1B2840/1B2940: each counter runs to a track length from 1B8C20/1B8C50/1B8C80/1B8CB0, which mode_multipliers.h makes x4 at 120 and x2 at 60, so a count a tick is real time; pacing the counters as well ran every HUD, menu and title layout track 4x long (since 09-26)"
1B2736,stock,"UI element helpers 1B2530/1B26E0/1B2840/1B2940: each counter runs to a track length from 1B8C20/1B8C50/1B8C80/1B8CB0, which mode_multipliers.h makes x4 at 120 and x2 at 60, so a count a tick is real time; pacing the counters as well ran every HUD, menu and title layout track 4x long (since 09-26)"
1B2897,stock,"UI element helpers 1B2530/1B26E0/1B2840/1B2940: each counter runs to a track length from 1B8C20/1B8C50/1B8C80/1B8CB0, which mode_multipliers.h makes x4 at 120 and x2 at 60, so a count a tick is real time; pacing the counters as well ran every HUD, menu and title layout track 4x long (since 09-26)"
1B2997,stock,"UI element helpers 1B2530/1B26E0/1B2840/1B2940: each counter runs to a track length from 1B8C20/1B8C50/1B8C80/1B8CB0, which mode_multipliers.h makes x4 at 120 and x2 at 60, so a count a tick is real time; pacing the counters as well ran every HUD, menu and title layout track 4x long (since 09-26)"
1B2C03,follows,"layout flipbook 1B2A50: the frame +87 steps (and ping-pongs) when the hold +86, paced by count2 1B2AC3, passes the sheet's delay"
1B2C1B,follows,"layout flipbook 1B2A50: the frame +87 steps (and ping-pongs) when the hold +86, paced by count2 1B2AC3, passes the sheet's delay"
1B2D55,fixed,"UI element compositor 1B2C60: its one caller 1B54E0 invokes the complete final pass after updating each element; the gate paces cumulative angle, RGBA multipliers and XY offsets together"
1B2EBD,fixed,"UI element compositor 1B2C60: its one caller 1B54E0 invokes the complete final pass after updating each element; the gate paces cumulative angle, RGBA multipliers and XY offsets together"
1B2EDC,fixed,"UI element compositor 1B2C60: its one caller 1B54E0 invokes the complete final pass after updating each element; the gate paces cumulative angle, RGBA multipliers and XY offsets together"
1B2EFB,fixed,"UI element compositor 1B2C60: its one caller 1B54E0 invokes the complete final pass after updating each element; the gate paces cumulative angle, RGBA multipliers and XY offsets together"
1B2F1A,fixed,"UI element compositor 1B2C60: its one caller 1B54E0 invokes the complete final pass after updating each element; the gate paces cumulative angle, RGBA multipliers and XY offsets together"
1B2F37,fixed,"UI element compositor 1B2C60: its one caller 1B54E0 invokes the complete final pass after updating each element; the gate paces cumulative angle, RGBA multipliers and XY offsets together"
1B2F3C,fixed,"UI element compositor 1B2C60: its one caller 1B54E0 invokes the complete final pass after updating each element; the gate paces cumulative angle, RGBA multipliers and XY offsets together"
1B7585,stock,"UI sprite collection 1B7500: +20 is the number of live elements found by scanning an array in this call, then used as a loop bound; it is recomputed from collection contents"
1B8628,stock,"UI sprite collection 1B8590/1B8650: +C10 is the number of allocated entries, changed by one on insert and remove operations"
1B86BF,stock,"UI sprite collection 1B8590/1B8650: +C10 is the number of allocated entries, changed by one on insert and remove operations"
1B98FE,stock,1B97E0 computes the union of two integer bounding boxes into the first box. All six stores are derived from its two input boxes in this call and contain no elapsed-time step
1B990B,stock,1B97E0 computes the union of two integer bounding boxes into the first box. All six stores are derived from its two input boxes in this call and contain no elapsed-time step
1B9910,stock,1B97E0 computes the union of two integer bounding boxes into the first box. All six stores are derived from its two input boxes in this call and contain no elapsed-time step
1B9938,stock,1B97E0 computes the union of two integer bounding boxes into the first box. All six stores are derived from its two input boxes in this call and contain no elapsed-time step
1B994E,stock,1B97E0 computes the union of two integer bounding boxes into the first box. All six stores are derived from its two input boxes in this call and contain no elapsed-time step
1B9965,stock,1B97E0 computes the union of two integer bounding boxes into the first box. All six stores are derived from its two input boxes in this call and contain no elapsed-time step
1BA610,once,1BA350 consumes the successful 168F50 collision/request through 168CF0 before injecting a random lateral velocity impulse.
1BA615,once,1BA350 consumes the successful 168F50 collision/request through 168CF0 before injecting a random lateral velocity impulse.
1BAB96,stock,1BAA20 compensates tracked position for the model's old-to-new matrix translation; the old and current positions are copied within this call.
1BABA6,stock,1BAA20 compensates tracked position for the model's old-to-new matrix translation; the old and current positions are copied within this call.
1BABB1,stock,1BAA20 compensates tracked position for the model's old-to-new matrix translation; the old and current positions are copied within this call.
1BACB3,once,"1BAA20 adds a random lateral impulse only after a successful 168F50 collision/request lookup, then 168CF0 consumes that entry before adding the impulse to velocity."
1BACB8,once,"1BAA20 adds a random lateral impulse only after a successful 168F50 collision/request lookup, then 168CF0 consumes that entry before adding the impulse to velocity."
1BB199,stock,"1BB040 called by the swing update 1BAA20: these nine products normalize three matrix basis vectors to unit length by their current magnitudes; they are a projection, not a per-tick rate"
1BB1A3,stock,"1BB040 called by the swing update 1BAA20: these nine products normalize three matrix basis vectors to unit length by their current magnitudes; they are a projection, not a per-tick rate"
1BB1AE,stock,"1BB040 called by the swing update 1BAA20: these nine products normalize three matrix basis vectors to unit length by their current magnitudes; they are a projection, not a per-tick rate"
1BB1B9,stock,"1BB040 called by the swing update 1BAA20: these nine products normalize three matrix basis vectors to unit length by their current magnitudes; they are a projection, not a per-tick rate"
1BB1C4,stock,"1BB040 called by the swing update 1BAA20: these nine products normalize three matrix basis vectors to unit length by their current magnitudes; they are a projection, not a per-tick rate"
1BB1CF,stock,"1BB040 called by the swing update 1BAA20: these nine products normalize three matrix basis vectors to unit length by their current magnitudes; they are a projection, not a per-tick rate"
1BB1D4,stock,"1BB040 called by the swing update 1BAA20: these nine products normalize three matrix basis vectors to unit length by their current magnitudes; they are a projection, not a per-tick rate"
1BB1DA,stock,"1BB040 called by the swing update 1BAA20: these nine products normalize three matrix basis vectors to unit length by their current magnitudes; they are a projection, not a per-tick rate"
1BB1DF,stock,"1BB040 called by the swing update 1BAA20: these nine products normalize three matrix basis vectors to unit length by their current magnitudes; they are a projection, not a per-tick rate"
1BBA48,stock,"1BB900..1BBA70 has no direct external entry, aligned or unaligned actual code pointer, switch/LEA reference, export reference or physical fallthrough. Generator rechecks this complete range on the audited image; unwind frame descriptions cannot invoke it."
1BC276,stock,1BC040 solves line/circle intersections and then translates freshly calculated roots by the supplied center; the output fields are overwritten before these additions.
1BC27F,stock,1BC040 solves line/circle intersections and then translates freshly calculated roots by the supplied center; the output fields are overwritten before these additions.
1BC29D,stock,1BC040 solves line/circle intersections and then translates freshly calculated roots by the supplied center; the output fields are overwritten before these additions.
1BC2A6,stock,1BC040 solves line/circle intersections and then translates freshly calculated roots by the supplied center; the output fields are overwritten before these additions.
1BC380,stock,"1BC2E0 constructs a new random offset vector, scales it, optionally mirrors its Y component and finally adds the supplied center."
1BC3A6,stock,"1BC2E0 constructs a new random offset vector, scales it, optionally mirrors its Y component and finally adds the supplied center."
1BC7D4,stock,"1BC720 seeds a 624-word random-number state array from the supplied seed vector, then mixes each array word in bounded initialization loops."
1BC83B,stock,"1BC720 seeds a 624-word random-number state array from the supplied seed vector, then mixes each array word in bounded initialization loops."
1BD5BB,stock,"1BD5B0/1BD5E0/1BD680/1BD6E0 store the next linear-congruential RNG state using multiplier 1664525 and increment 1013904223; these are random-number generator states, with draw cadence determined by the caller"
1BD5EB,stock,"1BD5B0/1BD5E0/1BD680/1BD6E0 store the next linear-congruential RNG state using multiplier 1664525 and increment 1013904223; these are random-number generator states, with draw cadence determined by the caller"
1BD69B,stock,"1BD5B0/1BD5E0/1BD680/1BD6E0 store the next linear-congruential RNG state using multiplier 1664525 and increment 1013904223; these are random-number generator states, with draw cadence determined by the caller"
1BD6EB,stock,"1BD5B0/1BD5E0/1BD680/1BD6E0 store the next linear-congruential RNG state using multiplier 1664525 and increment 1013904223; these are random-number generator states, with draw cadence determined by the caller"
1BE95F,stock,"cMcLoad/cMcSave 1BE750: +D4 and +D0 are selected memory card row and page indices, changed only after LargeBitElement navigation action bits and wrapped against slot count"
1BE967,stock,"cMcLoad/cMcSave 1BE750: +D4 and +D0 are selected memory card row and page indices, changed only after LargeBitElement navigation action bits and wrapped against slot count"
1BEA4D,stock,"cMcLoad/cMcSave 1BE750: +D4 is the cursor's row, stepped on a navigation input (the menu repeat paces held directions)"
1BEA55,stock,"cMcLoad/cMcSave 1BE750: +D4 and +D0 are selected memory card row and page indices, changed only after LargeBitElement navigation action bits and wrapped against slot count"
1BF1F2,fixed,"cMcLoad/cMcSave 1BF1D0/1BF490: +200 is a request wait counter, now decremented on stock ticks in both request handlers"
1BF4B0,fixed,"cMcLoad/cMcSave 1BF1D0/1BF490: +200 is a request wait counter, now decremented on stock ticks in both request handlers"
1BFE9A,fixed,1BFCB0 sets the mode byte for its 60 Hz screen (1BFD93) and restores it (1BFDD1): both are the shadow family's (shadow_mode.h); the candidate is the decompiler's merge of those writes.
1C0BC1,fixed,"memory-card save 1C0160 state 0x66: +284 counts down from +288 = 8 / mode, which imuln 1C0A74 makes N times that; the progress +C (to 30) steps once per reload"
1C0BCA,fixed,"memory-card save 1C0160 state 0x66: +284 counts down from +288 = 8 / mode, which imuln 1C0A74 makes N times that; the progress +C (to 30) steps once per reload"
1C1162,follows,"1C10F0 consumes the mode-divided wait stored at +288, expanded by imuln 1C159E; +284 is its active copy and +10 increments only after the expanded wait expires, then reloads +284."
1C1177,follows,"1C10F0 consumes the mode-divided wait stored at +288, expanded by imuln 1C159E; +284 is its active copy and +10 increments only after the expanded wait expires, then reloads +284."
1C8DC5,fixed,"HUD number slide 1C8D80: the +48 store is reached from the inc (by a jmp) and the dec; counts on both (1C8DA6, 1C8DC3) and a notyetneg on the 10 test (1C8DA1) pace it; its layout update 1B54E0 runs every tick"
1C8FD0,once,1C8F90 (from 1C86D0) stores a new allocation's pointer and bumps the generation count +2C8 per allocation.
1C8FF9,once,1C8F90 (from 1C86D0) stores a new allocation's pointer and bumps the generation count +2C8 per allocation.
1CA187,stock,1C9FE0 starts both layout outputs at zero then accumulates glyph widths while walking tokens; at a line terminator it subtracts the trailing inter-glyph spacing.
1CA2D8,stock,1C9FE0 starts both layout outputs at zero then accumulates glyph widths while walking tokens; at a line terminator it subtracts the trailing inter-glyph spacing.
1CA37B,stock,"cSubScrMap 1CA2F0: the output parameter is an accumulator of transformed map geometry traversed in this call, adding each entry's Z contribution"
1CAE15,stock,"1CA850 renders a text-token stream in a bounded per-call loop: line/glyph positions start from base layout, +90 counts decoded tokens and +80 advances by token byte length; none is elapsed time."
1CAE94,stock,"1CA850 renders a text-token stream in a bounded per-call loop: line/glyph positions start from base layout, +90 counts decoded tokens and +80 advances by token byte length; none is elapsed time."
1CAEA7,stock,"1CA850 renders a text-token stream in a bounded per-call loop: line/glyph positions start from base layout, +90 counts decoded tokens and +80 advances by token byte length; none is elapsed time."
1CAEBB,stock,"1CA850 renders a text-token stream in a bounded per-call loop: line/glyph positions start from base layout, +90 counts decoded tokens and +80 advances by token byte length; none is elapsed time."
1CC533,stock,Text scanners 1CC360 and 1CCA50 advance an encoded-text cursor by the parsed token length inside bounded scanning loops.
1CC63C,stock,"Text token scanner 1CC570 skips controller-dependent token ranges until B8/BB/BD tags; these advances consume encoded text bytes, with bounds against the input length."
1CC754,stock,"Text token scanner 1CC570 skips controller-dependent token ranges until B8/BB/BD tags; these advances consume encoded text bytes, with bounds against the input length."
1CC82C,stock,"1CC780/1CC870/1CC960: each parser scans to its B8/BD/BB control tag, advances the text pointer by decoded token length times two, and returns the sum of token widths. These cursor and width results are produced within a single parse operation."
1CC860,stock,"1CC780/1CC870/1CC960: each parser scans to its B8/BD/BB control tag, advances the text pointer by decoded token length times two, and returns the sum of token widths. These cursor and width results are produced within a single parse operation."
1CC91C,stock,"1CC780/1CC870/1CC960: each parser scans to its B8/BD/BB control tag, advances the text pointer by decoded token length times two, and returns the sum of token widths. These cursor and width results are produced within a single parse operation."
1CC950,stock,"1CC780/1CC870/1CC960: each parser scans to its B8/BD/BB control tag, advances the text pointer by decoded token length times two, and returns the sum of token widths. These cursor and width results are produced within a single parse operation."
1CCA0C,stock,"1CC780/1CC870/1CC960: each parser scans to its B8/BD/BB control tag, advances the text pointer by decoded token length times two, and returns the sum of token widths. These cursor and width results are produced within a single parse operation."
1CCA40,stock,"1CC780/1CC870/1CC960: each parser scans to its B8/BD/BB control tag, advances the text pointer by decoded token length times two, and returns the sum of token widths. These cursor and width results are produced within a single parse operation."
1CCC2D,stock,Text scanners 1CC360 and 1CCA50 advance an encoded-text cursor by the parsed token length inside bounded scanning loops.
1CEEF1,stock,"1CEEA0 and 1CEF00 consume a message bytecode instruction: 1C9610 returns the displayed command length and 1C9740 its two-byte-word instruction size, which advance the logical cursor and bytecode pointer"
1CEF1B,stock,"1CEEA0 and 1CEF00 consume a message bytecode instruction: 1C9610 returns the displayed command length and 1C9740 its two-byte-word instruction size, which advance the logical cursor and bytecode pointer"
1D04F2,once,1D04A0 +19 advances from initialization or from the completed six-tick exit interpolation into cleanup; it is a phase selector.
1D0558,once,1D04A0 +19 advances from initialization or from the completed six-tick exit interpolation into cleanup; it is a phase selector.
1D09CB,stock,1D08F0 and 1D2060 advance an encoded-text cursor and consumed length by each token's parsed length while scanning text commands.
1D0E20,once,"1D0DF0 +19 is the initialization-to-active phase transition, guarded by old +19 equal zero."
1D101A,stock,"1D0F20 walks message bytecode until its +B8 cursor reaches the current +7C position; B700/BA00/BC00 expansion adds the command-length difference to +7C, 1C9610 supplies the command's consumed length, and 1C9740 supplies the instruction size advancing pointer +B0"
1D1060,stock,"1D0F20 walks message bytecode until its +B8 cursor reaches the current +7C position; B700/BA00/BC00 expansion adds the command-length difference to +7C, 1C9610 supplies the command's consumed length, and 1C9740 supplies the instruction size advancing pointer +B0"
1D10AA,stock,"1D0F20 walks message bytecode until its +B8 cursor reaches the current +7C position; B700/BA00/BC00 expansion adds the command-length difference to +7C, 1C9610 supplies the command's consumed length, and 1C9740 supplies the instruction size advancing pointer +B0"
1D10CE,stock,"1D0F20 walks message bytecode until its +B8 cursor reaches the current +7C position; B700/BA00/BC00 expansion adds the command-length difference to +7C, 1C9610 supplies the command's consumed length, and 1C9740 supplies the instruction size advancing pointer +B0"
1D10E1,stock,"1D0F20 walks message bytecode until its +B8 cursor reaches the current +7C position; B700/BA00/BC00 expansion adds the command-length difference to +7C, 1C9610 supplies the command's consumed length, and 1C9740 supplies the instruction size advancing pointer +B0"
1D1A61,once,1D1D90 increments the message/page serial +48 when 1D1D20 successfully finishes initialization and immediately changes +18 to one; 1D1A30 increments the same serial when consuming its bytecode command and updates the command pointer and displayed bounds
1D1BEA,once,"1D1B70 increments +19 only after the six-step entrance interpolation completes, entering its audio-wait phase."
1D1D61,once,"1D1D20 increments +19 only from zero while initiating a message, then waits in state one for 1D2060; the increment is the initialization stage transition"
1D1FA1,once,1D1D90 increments the message/page serial +48 when 1D1D20 successfully finishes initialization and immediately changes +18 to one; 1D1A30 increments the same serial when consuming its bytecode command and updates the command pointer and displayed bounds
1D2100,stock,1D08F0 and 1D2060 advance an encoded-text cursor and consumed length by each token's parsed length while scanning text commands.
1D356A,once,"1D34A0 +57 tracks texture command stages: zero initializes resource and fade data, one waits for readiness then loads the texture, and two advances to three only when the separate +1C fade countdown reaches zero"
1D35D5,once,"1D34A0 +57 tracks texture command stages: zero initializes resource and fade data, one waits for readiness then loads the texture, and two advances to three only when the separate +1C fade countdown reaches zero"
1D3683,once,"1D34A0 +57 tracks texture command stages: zero initializes resource and fade data, one waits for readiness then loads the texture, and two advances to three only when the separate +1C fade countdown reaches zero"
1D3A04,once,1D3950: +57 advances from zero to one after starting the player's scripted action; subsequent calls only wait for 3F33A0 and finally set FF
1D3C4E,once,1D3BF0/1D3C80: +57 advances from zero to one after starting the NPC action; subsequent calls only wait for 3055A0
1D3CDE,once,1D3BF0/1D3C80: +57 advances from zero to one after starting the NPC action; subsequent calls only wait for 3055A0
1D552E,fixed,an00 1D52B0: the current +1248 vertical velocity is scaled before adding to submodel Y
1D5853,once,"an00 an0b an0c an0d/an0e an05/an18 launch helpers: +B4 is first adjusted by the clamped angle to a target, then given one random offset and wrapped during a motion setup branch that advances +E36; the stored angle is the initial launch heading"
1D5888,once,"an00 an0b an0c an0d/an0e an05/an18 launch helpers: +B4 is first adjusted by the clamped angle to a target, then given one random offset and wrapped during a motion setup branch that advances +E36; the stored angle is the initial launch heading"
1D58DA,once,"Animal slot-36 action starters: E10 and E18 are multiplied by 3, 4 or 5 once for a new movement stage, and the same branch increments +E36 so it cannot repeat that multiplier on the next tick"
1D58FC,once,"Animal slot-36 action starters: E10 and E18 are multiplied by 3, 4 or 5 once for a new movement stage, and the same branch increments +E36 so it cannot repeat that multiplier on the next tick"
1D593F,fixed,"an00 1D57B0 / an01 1D8B20 launch slide: position += velocity a tick, now src/pre rows 1D5937, 1D5952, 1D8C54, 1D8C68 (the velocity's decay is decay_factors.h's)"
1D5957,fixed,"an00 1D57B0 / an01 1D8B20 launch slide: position += velocity a tick, now src/pre rows 1D5937, 1D5952, 1D8C54, 1D8C68 (the velocity's decay is decay_factors.h's)"
1D60E1,fixed,"an00 an04/an0d/an0e an06/an08 an07 an09 an19 an1e an02/an1b/an1f/an20 slot 25: +1170's stored decrement is gated and the old-zero reload branch is suppressed between stock ticks, so the associated +E37 action-count increment fires only at stock cadence"
1D6110,fixed,"an00 an04/an0d/an0e an06/an08 an07 an09 an19 an1e an02/an1b/an1f/an20 slot 25: +1170's stored decrement is gated and the old-zero reload branch is suppressed between stock ticks, so the associated +E37 action-count increment fires only at stock cadence"
1D668A,once,"an00 1D63F0: in its two motion-start branches, the random heading is written to +B4 before an optional sign reversal and addition of the parent heading; +E37 guards reinitialization and motion advance handles subsequent ticks"
1D66A7,once,"an00 1D63F0: in its two motion-start branches, the random heading is written to +B4 before an optional sign reversal and addition of the parent heading; +E37 guards reinitialization and motion advance handles subsequent ticks"
1D6787,once,"an00 1D63F0: in its two motion-start branches, the random heading is written to +B4 before an optional sign reversal and addition of the parent heading; +E37 guards reinitialization and motion advance handles subsequent ticks"
1D67A4,once,"an00 1D63F0: in its two motion-start branches, the random heading is written to +B4 before an optional sign reversal and addition of the parent heading; +E37 guards reinitialization and motion advance handles subsequent ticks"
1D686C,once,Animal +E36 motion-stage transitions: stage branches advance after motion start or a one-time state action
1D69FC,fixed,"Eight animal slot-34 handlers: one locally scaled factor feeds all three D20/D24/D28 scale additions, and each channel retains its clamp to one"
1D6A1F,fixed,"Eight animal slot-34 handlers: one locally scaled factor feeds all three D20/D24/D28 scale additions, and each channel retains its clamp to one"
1D6A42,fixed,"Eight animal slot-34 handlers: one locally scaled factor feeds all three D20/D24/D28 scale additions, and each channel retains its clamp to one"
1D7178,once,an00 1D7020 / an01 1DA470 state starters: +E3C gains 60 or 45 once at the state's start when 169620 says so
1D73D7,once,"Animal slot-26 actions: +E54 is freshly seeded from RNG after a fixed base and immediately advances the +E37 action stage; it is a target for that stage, not an accumulated per-tick step"
1D73FF,fixed,"Animal heading approach: each angle store takes the result of its immediately preceding FixTurnRate call, whose per-tick blend is converted at entry and whose caller is audited in turn_callers.csv"
1D778E,fixed,"an00 1D72B0 / an01 1DA750: +B4 is 2DA510's blend toward +E14, whose factor FixTurnRate converts at 2DA510's entry for every caller"
1D791E,fixed,"Animal heading approach: each angle store takes the result of its immediately preceding FixTurnRate call, whose per-tick blend is converted at entry and whose caller is audited in turn_callers.csv"
1D7A73,once,Animal +E36 motion-stage transitions: stage branches advance after motion start or a one-time state action
1D7B71,once,Animal +E36 motion-stage transitions: stage branches advance after motion start or a one-time state action
1D7CBA,once,"an00 an01 an07 an09 an1a/an19/an1e chase-stage helpers: +B4 is freshly seeded from the RNG as a +/-0.8727 heading, optionally signed or zeroed by a target-angle test, then wrapped relative to the parent before +E36 advances"
1D7CF1,once,Animal +E36 motion-stage transitions: stage branches advance after motion start or a one-time state action
1D7D01,once,"an00 an01 an07 an09 an1a/an19/an1e chase-stage helpers: +B4 is freshly seeded from the RNG as a +/-0.8727 heading, optionally signed or zeroed by a target-angle test, then wrapped relative to the parent before +E36 advances"
1D7DCC,once,Animal +E36 motion-stage transitions: stage branches advance after motion start or a one-time state action
1D8516,once,"an00/an01/an03 state starters: the sub-state +E36/+E37 steps once after the motion starts and the timer +E3C is set, then the next sub-state counts the timer"
1D8616,once,Animal +E36 motion-stage transitions: stage branches advance after motion start or a one-time state action
1D8BFD,once,"Animal slot-36 action starters: E10 and E18 are multiplied by 3, 4 or 5 once for a new movement stage, and the same branch increments +E36 so it cannot repeat that multiplier on the next tick"
1D8C15,once,"Animal slot-36 action starters: E10 and E18 are multiplied by 3, 4 or 5 once for a new movement stage, and the same branch increments +E36 so it cannot repeat that multiplier on the next tick"
1D8C58,fixed,"an00 1D57B0 / an01 1D8B20 launch slide: position += velocity a tick, now src/pre rows 1D5937, 1D5952, 1D8C54, 1D8C68 (the velocity's decay is decay_factors.h's)"
1D8C70,fixed,"an00 1D57B0 / an01 1D8B20 launch slide: position += velocity a tick, now src/pre rows 1D5937, 1D5952, 1D8C54, 1D8C68 (the velocity's decay is decay_factors.h's)"
1D932E,fixed,an01 1D9100 case 5: the countdown +1170 is count row 1D932E with notyet 1D9334 on its zero test
1D94E2,once,Animal +E36 motion-stage transitions: stage branches advance after motion start or a one-time state action
1D9A0A,once,"an01 1D9770 is the sibling motion-start state machine: it writes a fresh random heading to +B4 before optional sign reversal and addition of the parent heading in both branches, with +E37 guarding reinitialization"
1D9A27,once,"an01 1D9770 is the sibling motion-start state machine: it writes a fresh random heading to +B4 before optional sign reversal and addition of the parent heading in both branches, with +E37 guarding reinitialization"
1D9B07,once,"an01 1D9770 is the sibling motion-start state machine: it writes a fresh random heading to +B4 before optional sign reversal and addition of the parent heading in both branches, with +E37 guarding reinitialization"
1D9B24,once,"an01 1D9770 is the sibling motion-start state machine: it writes a fresh random heading to +B4 before optional sign reversal and addition of the parent heading in both branches, with +E37 guarding reinitialization"
1D9C61,once,Animal +E36 motion-stage transitions: stage branches advance after motion start or a one-time state action
1D9DE7,fixed,"Eight animal slot-34 handlers: one locally scaled factor feeds all three D20/D24/D28 scale additions, and each channel retains its clamp to one"
1D9E0A,fixed,"Eight animal slot-34 handlers: one locally scaled factor feeds all three D20/D24/D28 scale additions, and each channel retains its clamp to one"
1D9E2D,fixed,"Eight animal slot-34 handlers: one locally scaled factor feeds all three D20/D24/D28 scale additions, and each channel retains its clamp to one"
1DA5D8,once,an00 1D7020 / an01 1DA470 state starters: +E3C gains 60 or 45 once at the state's start when 169620 says so
1DA85A,once,"Animal slot-26 actions: +E54 is freshly seeded from RNG after a fixed base and immediately advances the +E37 action stage; it is a target for that stage, not an accumulated per-tick step"
1DA882,fixed,"Animal heading approach: each angle store takes the result of its immediately preceding FixTurnRate call, whose per-tick blend is converted at entry and whose caller is audited in turn_callers.csv"
1DAC1B,fixed,"an00 1D72B0 / an01 1DA750: +B4 is 2DA510's blend toward +E14, whose factor FixTurnRate converts at 2DA510's entry for every caller"
1DAD9A,fixed,"Animal heading approach: each angle store takes the result of its immediately preceding FixTurnRate call, whose per-tick blend is converted at entry and whose caller is audited in turn_callers.csv"
1DAE8C,once,Animal +E36 motion-stage transitions: stage branches advance after motion start or a one-time state action
1DAF93,once,"an00 an01 an07 an09 an1a/an19/an1e chase-stage helpers: +B4 is freshly seeded from the RNG as a +/-0.8727 heading, optionally signed or zeroed by a target-angle test, then wrapped relative to the parent before +E36 advances"
1DAFCA,once,"an01 1DAEB0: +B4 = a parent's heading + its own (0 or kept), wrapped, once at the state's start (+E36 steps right after)"
1DB759,once,an00/an04/an06 state starters: the sub-state +E36/+E37 steps once after the motion starts and +E3C is set (the next sub-state counts +E3C)
1DBE8A,fixed,"an03 1DBE30: one scaled degree step feeds both the up and down B8 tilt branches, retaining the original tilt clamp"
1DBEA3,fixed,"an03 1DBE30: one scaled degree step feeds both the up and down B8 tilt branches, retaining the original tilt clamp"
1DBF7D,once,an03 1DBEF0: slot 9 setup raises the actor Y coordinate by 30 before resetting its motion state
1DBFC8,fixed,an03 1DBFB0: the +1184 behavior countdown now decrements on stock ticks
1DC212,once,"an00/an01/an03 state starters: the sub-state +E36/+E37 steps once after the motion starts and the timer +E3C is set, then the next sub-state counts the timer"
1DC500,once,"an00/an01/an03 state starters: the sub-state +E36/+E37 steps once after the motion starts and the timer +E3C is set, then the next sub-state counts the timer"
1DC5E8,fixed,an03 1DC560: the randomized +E3C behavior countdown now decrements on stock ticks
1DC6D8,fixed,an03/an0c: E48 and E4C approach their independent targets through compounded 0.1 or 0.2 factors before the resulting vector is used
1DC6EC,fixed,an03/an0c: E48 and E4C approach their independent targets through compounded 0.1 or 0.2 factors before the resulting vector is used
1DC84D,fixed,an03 1DC780: the +E48 and +E4C fields approach distance-dependent targets; the two blend rows compound their 0.1 factors over the stock interval
1DC861,fixed,an03 1DC780: the +E48 and +E4C fields approach distance-dependent targets; the two blend rows compound their 0.1 factors over the stock interval
1DC9CB,once,Animal +E36 motion-stage transitions: stage branches advance after motion start or a one-time state action
1DC9D1,once,Animal +E36 motion-stage transitions: stage branches advance after motion start or a one-time state action
1DD123,once,"an04 1DD060 / an07 1E3550 / an1a 1F7290: the launch's start: +E10/+E18 = the normalized direction x 2 or x 1.5 and the sub-state +E36 steps, once"
1DD132,once,"an04 1DD060 / an07 1E3550 / an1a 1F7290: the launch's start: +E10/+E18 = the normalized direction x 2 or x 1.5 and the sub-state +E36 steps, once"
1DD13A,once,"an04 1DD060 / an07 1E3550 / an1a 1F7290: the launch's start: +E10/+E18 = the normalized direction x 2 or x 1.5 and the sub-state +E36 steps, once"
1DD1D6,fixed,"the animals' launch and knockback slides (an00..an20, cAnimal 202DC0/206000, cDogLikeHm 485390): position += velocity a tick, now src/pre/lin/dst rows (un_rows51)"
1DD1EE,fixed,"the animals' launch and knockback slides (an00..an20, cAnimal 202DC0/206000, cDogLikeHm 485390): position += velocity a tick, now src/pre/lin/dst rows (un_rows51)"
1DD683,fixed,"an00 an04/an0d/an0e an06/an08 an07 an09 an19 an1e an02/an1b/an1f/an20 slot 25: +1170's stored decrement is gated and the old-zero reload branch is suppressed between stock ticks, so the associated +E37 action-count increment fires only at stock cadence"
1DD6B2,fixed,"an00 an04/an0d/an0e an06/an08 an07 an09 an19 an1e an02/an1b/an1f/an20 slot 25: +1170's stored decrement is gated and the old-zero reload branch is suppressed between stock ticks, so the associated +E37 action-count increment fires only at stock cadence"
1DDC3A,once,an04/an0d/an0e an09 an0b an02/an1b/an1f/an20 chase-stage helpers: the +B4 sign flips and relative-angle wraps use a fresh RNG heading before stage +E36 changes; the next update runs the following stage
1DDC57,once,"an04 1DD9A0 / an06 1E2790: +B4 = a parent's heading + its own (negated or zeroed at random), wrapped, once at the state's start (+E36 steps right after)"
1DDD53,once,an04/an0d/an0e an09 an0b an02/an1b/an1f/an20 chase-stage helpers: the +B4 sign flips and relative-angle wraps use a fresh RNG heading before stage +E36 changes; the next update runs the following stage
1DDD70,once,an04/an0d/an0e an09 an0b an02/an1b/an1f/an20 chase-stage helpers: the +B4 sign flips and relative-angle wraps use a fresh RNG heading before stage +E36 changes; the next update runs the following stage
1DE1B1,fixed,"Eight animal slot-34 handlers: one locally scaled factor feeds all three D20/D24/D28 scale additions, and each channel retains its clamp to one"
1DE1D4,fixed,"Eight animal slot-34 handlers: one locally scaled factor feeds all three D20/D24/D28 scale additions, and each channel retains its clamp to one"
1DE1F7,fixed,"Eight animal slot-34 handlers: one locally scaled factor feeds all three D20/D24/D28 scale additions, and each channel retains its clamp to one"
1DE8D8,once,an04 1DE770: +E3C gains 45 once at the state's start
1DEB1F,once,"Animal slot-26 actions: +E54 is freshly seeded from RNG after a fixed base and immediately advances the +E37 action stage; it is a target for that stage, not an accumulated per-tick step"
1DEB47,fixed,"Animal heading approach: each angle store takes the result of its immediately preceding FixTurnRate call, whose per-tick blend is converted at entry and whose caller is audited in turn_callers.csv"
1DEE7D,fixed,"an04 1DE9F0 / an06 1E2040: +B4 is 2DA510's blend toward +E14, whose factor FixTurnRate converts at 2DA510's entry"
1DEFD2,fixed,"Animal heading approach: each angle store takes the result of its immediately preceding FixTurnRate call, whose per-tick blend is converted at entry and whose caller is audited in turn_callers.csv"
1DF0C4,once,an00/an04/an06 state starters: the sub-state +E36/+E37 steps once after the motion starts and +E3C is set (the next sub-state counts +E3C)
1DF18C,once,Animal +E36 motion-stage transitions: stage branches advance after motion start or a one-time state action
1DF279,once,an04/an0d/an0e 1DF1B0: the fresh random B4 offset is sign-reversed for the selected turn and wrapped with the player's B4 during state setup
1DF2B0,once,Animal +E36 motion-stage transitions: stage branches advance after motion start or a one-time state action
1DF2C0,once,an04/an0d/an0e 1DF1B0: the fresh random B4 offset is sign-reversed for the selected turn and wrapped with the player's B4 during state setup
1E082D,once,"Animal slot-36 action starters: E10 and E18 are multiplied by 3, 4 or 5 once for a new movement stage, and the same branch increments +E36 so it cannot repeat that multiplier on the next tick"
1E0845,once,"Animal slot-36 action starters: E10 and E18 are multiplied by 3, 4 or 5 once for a new movement stage, and the same branch increments +E36 so it cannot repeat that multiplier on the next tick"
1E0888,fixed,"the animals' launch and knockback slides (an00..an20, cAnimal 202DC0/206000, cDogLikeHm 485390): position += velocity a tick, now src/pre/lin/dst rows (un_rows51)"
1E08A0,fixed,"the animals' launch and knockback slides (an00..an20, cAnimal 202DC0/206000, cDogLikeHm 485390): position += velocity a tick, now src/pre/lin/dst rows (un_rows51)"
1E0F36,fixed,"an00 an04/an0d/an0e an06/an08 an07 an09 an19 an1e an02/an1b/an1f/an20 slot 25: +1170's stored decrement is gated and the old-zero reload branch is suppressed between stock ticks, so the associated +E37 action-count increment fires only at stock cadence"
1E0F65,fixed,"an00 an04/an0d/an0e an06/an08 an07 an09 an19 an1e an02/an1b/an1f/an20 slot 25: +1170's stored decrement is gated and the old-zero reload branch is suppressed between stock ticks, so the associated +E37 action-count increment fires only at stock cadence"
1E147D,once,"an06/an08 1E11B0 is the sibling motion-start state machine: it writes a fresh random heading to +B4 before optional sign reversal and addition of the parent heading in both branches, with +E37 guarding reinitialization"
1E149A,once,"an06/an08 1E11B0 is the sibling motion-start state machine: it writes a fresh random heading to +B4 before optional sign reversal and addition of the parent heading in both branches, with +E37 guarding reinitialization"
1E15AD,once,"an06/an08 1E11B0 is the sibling motion-start state machine: it writes a fresh random heading to +B4 before optional sign reversal and addition of the parent heading in both branches, with +E37 guarding reinitialization"
1E15CA,once,"an06/an08 1E11B0 is the sibling motion-start state machine: it writes a fresh random heading to +B4 before optional sign reversal and addition of the parent heading in both branches, with +E37 guarding reinitialization"
1E16BF,once,Animal +E36 motion-stage transitions: stage branches advance after motion start or a one-time state action
1E17F8,fixed,"Eight animal slot-34 handlers: one locally scaled factor feeds all three D20/D24/D28 scale additions, and each channel retains its clamp to one"
1E181B,fixed,"Eight animal slot-34 handlers: one locally scaled factor feeds all three D20/D24/D28 scale additions, and each channel retains its clamp to one"
1E183E,fixed,"Eight animal slot-34 handlers: one locally scaled factor feeds all three D20/D24/D28 scale additions, and each channel retains its clamp to one"
1E1F7E,once,"an06/an08 1E1E50: the extra 45 units are added to a randomized +E3C timer when choosing its next behavior, not on each tick"
1E2167,once,"Animal slot-26 actions: +E54 is freshly seeded from RNG after a fixed base and immediately advances the +E37 action stage; it is a target for that stage, not an accumulated per-tick step"
1E218F,fixed,"Animal heading approach: each angle store takes the result of its immediately preceding FixTurnRate call, whose per-tick blend is converted at entry and whose caller is audited in turn_callers.csv"
1E2528,fixed,"an04 1DE9F0 / an06 1E2040: +B4 is 2DA510's blend toward +E14, whose factor FixTurnRate converts at 2DA510's entry"
1E267D,fixed,"Animal heading approach: each angle store takes the result of its immediately preceding FixTurnRate call, whose per-tick blend is converted at entry and whose caller is audited in turn_callers.csv"
1E276C,once,Animal +E36 motion-stage transitions: stage branches advance after motion start or a one-time state action
1E2915,follows,an06/an08 1E2790: +B4 reverses sign when the current turn crosses the opposite angular bound; the triggering turn follows the scaled actor motion
1E294C,once,"an04 1DD9A0 / an06 1E2790: +B4 = a parent's heading + its own (negated or zeroed at random), wrapped, once at the state's start (+E36 steps right after)"
1E2F91,once,"animal state starters (an06/an08, an09): the sub-state +E36/+E37 steps once after the motion starts, beside the timer +E3C's set"
1E3616,once,"an04 1DD060 / an07 1E3550 / an1a 1F7290: the launch's start: +E10/+E18 = the normalized direction x 2 or x 1.5 and the sub-state +E36 steps, once"
1E3625,once,"an04 1DD060 / an07 1E3550 / an1a 1F7290: the launch's start: +E10/+E18 = the normalized direction x 2 or x 1.5 and the sub-state +E36 steps, once"
1E362D,once,"an04 1DD060 / an07 1E3550 / an1a 1F7290: the launch's start: +E10/+E18 = the normalized direction x 2 or x 1.5 and the sub-state +E36 steps, once"
1E36AD,fixed,"the animals' launch and knockback slides (an00..an20, cAnimal 202DC0/206000, cDogLikeHm 485390): position += velocity a tick, now src/pre/lin/dst rows (un_rows51)"
1E36C5,fixed,"the animals' launch and knockback slides (an00..an20, cAnimal 202DC0/206000, cDogLikeHm 485390): position += velocity a tick, now src/pre/lin/dst rows (un_rows51)"
1E3B73,fixed,"an00 an04/an0d/an0e an06/an08 an07 an09 an19 an1e an02/an1b/an1f/an20 slot 25: +1170's stored decrement is gated and the old-zero reload branch is suppressed between stock ticks, so the associated +E37 action-count increment fires only at stock cadence"
1E3BA2,fixed,"an00 an04/an0d/an0e an06/an08 an07 an09 an19 an1e an02/an1b/an1f/an20 slot 25: +1170's stored decrement is gated and the old-zero reload branch is suppressed between stock ticks, so the associated +E37 action-count increment fires only at stock cadence"
1E4002,once,Animal +E36 motion-stage transitions: stage branches advance after motion start or a one-time state action
1E40C9,once,Animal +E36 motion-stage transitions: stage branches advance after motion start or a one-time state action
1E4435,fixed,"Eight animal slot-34 handlers: one locally scaled factor feeds all three D20/D24/D28 scale additions, and each channel retains its clamp to one"
1E4458,fixed,"Eight animal slot-34 handlers: one locally scaled factor feeds all three D20/D24/D28 scale additions, and each channel retains its clamp to one"
1E447B,fixed,"Eight animal slot-34 handlers: one locally scaled factor feeds all three D20/D24/D28 scale additions, and each channel retains its clamp to one"
1E4556,follows,an07 1E4500: +E3C decreases only when the scaled motion advance reports animation completion
1E4C01,once,"animal state starters (an07, an09, an0b): +E3C gains 60 once at the state's start when 169620 says so"
1E522C,once,Animal +E36 motion-stage transitions: stage branches advance after motion start or a one-time state action
1E52DC,once,Animal +E36 motion-stage transitions: stage branches advance after motion start or a one-time state action
1E53D1,once,"an00 an01 an07 an09 an1a/an19/an1e chase-stage helpers: +B4 is freshly seeded from the RNG as a +/-0.8727 heading, optionally signed or zeroed by a target-angle test, then wrapped relative to the parent before +E36 advances"
1E5408,once,Animal +E36 motion-stage transitions: stage branches advance after motion start or a one-time state action
1E5418,once,"an00 an01 an07 an09 an1a/an19/an1e chase-stage helpers: +B4 is freshly seeded from the RNG as a +/-0.8727 heading, optionally signed or zeroed by a target-angle test, then wrapped relative to the parent before +E36 advances"
1E6243,fixed,"Animal heading approach: each angle store takes the result of its immediately preceding FixTurnRate call, whose per-tick blend is converted at entry and whose caller is audited in turn_callers.csv"
1E6E8C,fixed,"the animals' launch and knockback slides (an00..an20, cAnimal 202DC0/206000, cDogLikeHm 485390): position += velocity a tick, now src/pre/lin/dst rows (un_rows51)"
1E6EA4,fixed,"the animals' launch and knockback slides (an00..an20, cAnimal 202DC0/206000, cDogLikeHm 485390): position += velocity a tick, now src/pre/lin/dst rows (un_rows51)"
1E7403,fixed,"an00 an04/an0d/an0e an06/an08 an07 an09 an19 an1e an02/an1b/an1f/an20 slot 25: +1170's stored decrement is gated and the old-zero reload branch is suppressed between stock ticks, so the associated +E37 action-count increment fires only at stock cadence"
1E7432,fixed,"an00 an04/an0d/an0e an06/an08 an07 an09 an19 an1e an02/an1b/an1f/an20 slot 25: +1170's stored decrement is gated and the old-zero reload branch is suppressed between stock ticks, so the associated +E37 action-count increment fires only at stock cadence"
1E78B3,once,an04/an0d/an0e an09 an0b an02/an1b/an1f/an20 chase-stage helpers: the +B4 sign flips and relative-angle wraps use a fresh RNG heading before stage +E36 changes; the next update runs the following stage
1E78D0,once,an04/an0d/an0e an09 an0b an02/an1b/an1f/an20 chase-stage helpers: the +B4 sign flips and relative-angle wraps use a fresh RNG heading before stage +E36 changes; the next update runs the following stage
1E79AE,once,an04/an0d/an0e an09 an0b an02/an1b/an1f/an20 chase-stage helpers: the +B4 sign flips and relative-angle wraps use a fresh RNG heading before stage +E36 changes; the next update runs the following stage
1E79CB,once,"an09 1E77E0: +B4 = a parent's heading + its own (negated at random), wrapped, once at the state's start"
1E7A9C,once,Animal +E36 motion-stage transitions: stage branches advance after motion start or a one-time state action
1E7D08,follows,"an09 1E7AF0 / an0b 1EAC20: the colour's G channel +D24 steps by xmm1, the 0.03 that the world row on its load (1E7CD6, 1EAE28) scales for R"
1E7D2B,fixed,an09 1E7AF0: the shared xmm1 step is now scaled before the three D20/D24/D28 growth additions
1E83AE,once,"animal state starters (an07, an09, an0b): +E3C gains 60 once at the state's start when 169620 says so"
1E86E4,once,"Animal slot-26 actions: +E54 is freshly seeded from RNG after a fixed base and immediately advances the +E37 action stage; it is a target for that stage, not an accumulated per-tick step"
1E8C63,once,"animal state starters (an06/an08, an09): the sub-state +E36/+E37 steps once after the motion starts, beside the timer +E3C's set"
1E8D0C,once,Animal +E36 motion-stage transitions: stage branches advance after motion start or a one-time state action
1E8DFA,once,"an00 an01 an07 an09 an1a/an19/an1e chase-stage helpers: +B4 is freshly seeded from the RNG as a +/-0.8727 heading, optionally signed or zeroed by a target-angle test, then wrapped relative to the parent before +E36 advances"
1E8E31,once,Animal +E36 motion-stage transitions: stage branches advance after motion start or a one-time state action
1E8E41,once,"an00 an01 an07 an09 an1a/an19/an1e chase-stage helpers: +B4 is freshly seeded from the RNG as a +/-0.8727 heading, optionally signed or zeroed by a target-angle test, then wrapped relative to the parent before +E36 advances"
1E8F0E,once,Animal +E36 motion-stage transitions: stage branches advance after motion start or a one-time state action
1E93B5,once,Animal +E36 motion-stage transitions: stage branches advance after motion start or a one-time state action
1E9BA3,once,"an00 an0b an0c an0d/an0e an05/an18 launch helpers: +B4 is first adjusted by the clamped angle to a target, then given one random offset and wrapped during a motion setup branch that advances +E36; the stored angle is the initial launch heading"
1E9BD8,once,"an00 an0b an0c an0d/an0e an05/an18 launch helpers: +B4 is first adjusted by the clamped angle to a target, then given one random offset and wrapped during a motion setup branch that advances +E36; the stored angle is the initial launch heading"
1E9C2A,once,"Animal slot-36 action starters: E10 and E18 are multiplied by 3, 4 or 5 once for a new movement stage, and the same branch increments +E36 so it cannot repeat that multiplier on the next tick"
1E9C4C,once,"Animal slot-36 action starters: E10 and E18 are multiplied by 3, 4 or 5 once for a new movement stage, and the same branch increments +E36 so it cannot repeat that multiplier on the next tick"
1E9C8F,fixed,"the animals' launch and knockback slides (an00..an20, cAnimal 202DC0/206000, cDogLikeHm 485390): position += velocity a tick, now src/pre/lin/dst rows (un_rows51)"
1E9CA7,fixed,"the animals' launch and knockback slides (an00..an20, cAnimal 202DC0/206000, cDogLikeHm 485390): position += velocity a tick, now src/pre/lin/dst rows (un_rows51)"
1EA1E6,follows,an0b 1EA100: +E37 changes only when the scaled motion advance reports animation completion
1EA349,fixed,"an0b and an0c slot 25: the same +1170 random wait now decrements and reloads only on stock ticks, with its old-zero test gated between them"
1EA4FA,fixed,an0b 1EA390: +E3C action countdown is already paced at 1EA4FA by memory_timers.h
1EA975,once,an04/an0d/an0e an09 an0b an02/an1b/an1f/an20 chase-stage helpers: the +B4 sign flips and relative-angle wraps use a fresh RNG heading before stage +E36 changes; the next update runs the following stage
1EA992,once,an04/an0d/an0e an09 an0b an02/an1b/an1f/an20 chase-stage helpers: the +B4 sign flips and relative-angle wraps use a fresh RNG heading before stage +E36 changes; the next update runs the following stage
1EAA9B,once,an04/an0d/an0e an09 an0b an02/an1b/an1f/an20 chase-stage helpers: the +B4 sign flips and relative-angle wraps use a fresh RNG heading before stage +E36 changes; the next update runs the following stage
1EAAB8,once,an04/an0d/an0e an09 an0b an02/an1b/an1f/an20 chase-stage helpers: the +B4 sign flips and relative-angle wraps use a fresh RNG heading before stage +E36 changes; the next update runs the following stage
1EABCF,once,Animal +E36 motion-stage transitions: stage branches advance after motion start or a one-time state action
1EAE5A,follows,"an09 1E7AF0 / an0b 1EAC20: the colour's G channel +D24 steps by xmm1, the 0.03 that the world row on its load (1E7CD6, 1EAE28) scales for R"
1EAE7D,fixed,an0b 1EAC20: the shared xmm1 step is now scaled before the three D20/D24/D28 growth additions
1EB097,fixed,an0b 1EAFA0: the +E3C action countdown now decrements on stock ticks
1EB589,once,"animal state starters (an07, an09, an0b): +E3C gains 60 once at the state's start when 169620 says so"
1EB8F8,once,"Animal slot-26 actions: +E54 is freshly seeded from RNG after a fixed base and immediately advances the +E37 action stage; it is a target for that stage, not an accumulated per-tick step"
1EBEEF,once,Animal +E36 motion-stage transitions: stage branches advance after motion start or a one-time state action
1EC01C,once,Animal +E36 motion-stage transitions: stage branches advance after motion start or a one-time state action
1EC0C2,once,Animal +E36 motion-stage transitions: stage branches advance after motion start or a one-time state action
1EC205,once,Animal +E36 motion-stage transitions: stage branches advance after motion start or a one-time state action
1EC3BA,once,"animal state starters (an0b, an0c, an16, an05/an18): the sub-state +E36/+E37 steps once at the state's start"
1EC414,fixed,an0b 1EC2C0: the wander countdown +1170 is count row 1EC414 with notyet 1EC41A
1ECFF3,once,"an00 an0b an0c an0d/an0e an05/an18 launch helpers: +B4 is first adjusted by the clamped angle to a target, then given one random offset and wrapped during a motion setup branch that advances +E36; the stored angle is the initial launch heading"
1ED028,once,"an00 an0b an0c an0d/an0e an05/an18 launch helpers: +B4 is first adjusted by the clamped angle to a target, then given one random offset and wrapped during a motion setup branch that advances +E36; the stored angle is the initial launch heading"
1ED07A,once,"Animal slot-36 action starters: E10 and E18 are multiplied by 3, 4 or 5 once for a new movement stage, and the same branch increments +E36 so it cannot repeat that multiplier on the next tick"
1ED09C,once,"Animal slot-36 action starters: E10 and E18 are multiplied by 3, 4 or 5 once for a new movement stage, and the same branch increments +E36 so it cannot repeat that multiplier on the next tick"
1ED0F6,fixed,"the animals' launch and knockback slides (an00..an20, cAnimal 202DC0/206000, cDogLikeHm 485390): position += velocity a tick, now src/pre/lin/dst rows (un_rows51)"
1ED10E,fixed,"the animals' launch and knockback slides (an00..an20, cAnimal 202DC0/206000, cDogLikeHm 485390): position += velocity a tick, now src/pre/lin/dst rows (un_rows51)"
1ED60F,once,"animal state starters (an0b, an0c, an16, an05/an18): the sub-state +E36/+E37 steps once at the state's start"
1ED649,fixed,"an0b and an0c slot 25: the same +1170 random wait now decrements and reloads only on stock ticks, with its old-zero test gated between them"
1ED7D7,fixed,an03/an0c: E48 and E4C approach their independent targets through compounded 0.1 or 0.2 factors before the resulting vector is used
1ED7EB,fixed,an03/an0c: E48 and E4C approach their independent targets through compounded 0.1 or 0.2 factors before the resulting vector is used
1EDBD5,once,Animal +E36 motion-stage transitions: stage branches advance after motion start or a one-time state action
1EDE5F,follows,an0c 1EDC50: +E37 is decremented only after the scaled motion advance reports completion
1EDFDC,follows,"an0c 1EDC50: the colour's G channel +D24 steps by xmm1, the 0.03 the world row 1EDFAA scales for R"
1EDFFF,fixed,"an0c 1EDC50: D20, D24, and D28 rise by the scaled shared 0.03 step while below one"
1EE487,once,"animal state starters (an0c, an05/an18): +E3C gains 60 once at the state's start when 169620 says so"
1EE7A0,once,"Animal slot-26 actions: +E54 is freshly seeded from RNG after a fixed base and immediately advances the +E37 action stage; it is a target for that stage, not an accumulated per-tick step"
1EE8D1,once,"Animal slot-26 actions: +E54 is freshly seeded from RNG after a fixed base and immediately advances the +E37 action stage; it is a target for that stage, not an accumulated per-tick step"
1EF065,fixed,an03/an0c: E48 and E4C approach their independent targets through compounded 0.1 or 0.2 factors before the resulting vector is used
1EF079,fixed,an03/an0c: E48 and E4C approach their independent targets through compounded 0.1 or 0.2 factors before the resulting vector is used
1EF244,fixed,an0c 1EF120: +E48 and +E4C now compound their dynamic 0.1 approach weight per stock period
1EF257,fixed,an0c 1EF120: +E48 and +E4C now compound their dynamic 0.1 approach weight per stock period
1EF36E,once,Animal +E36 motion-stage transitions: stage branches advance after motion start or a one-time state action
1EF4EF,once,"an0c 1EF4D0/1EF560 and shared animal slot 26 205860: +E36 increments only in the zero-stage setup branch, after randomizing the next action parameter"
1EF59D,once,"an0c 1EF4D0/1EF560 and shared animal slot 26 205860: +E36 increments only in the zero-stage setup branch, after randomizing the next action parameter"
1EF7AC,once,"an00 an0b an0c an0d/an0e an05/an18 launch helpers: +B4 is first adjusted by the clamped angle to a target, then given one random offset and wrapped during a motion setup branch that advances +E36; the stored angle is the initial launch heading"
1EF7E1,once,"an00 an0b an0c an0d/an0e an05/an18 launch helpers: +B4 is first adjusted by the clamped angle to a target, then given one random offset and wrapped during a motion setup branch that advances +E36; the stored angle is the initial launch heading"
1EF841,once,"Animal slot-36 action starters: E10 and E18 are multiplied by 3, 4 or 5 once for a new movement stage, and the same branch increments +E36 so it cannot repeat that multiplier on the next tick"
1EF859,once,"Animal slot-36 action starters: E10 and E18 are multiplied by 3, 4 or 5 once for a new movement stage, and the same branch increments +E36 so it cannot repeat that multiplier on the next tick"
1EF94F,fixed,"the animals' launch and knockback slides (an00..an20, cAnimal 202DC0/206000, cDogLikeHm 485390): position += velocity a tick, now src/pre/lin/dst rows (un_rows51)"
1EF967,fixed,"the animals' launch and knockback slides (an00..an20, cAnimal 202DC0/206000, cDogLikeHm 485390): position += velocity a tick, now src/pre/lin/dst rows (un_rows51)"
1EFC64,once,"animal state starters (an0b, an0c, an16, an05/an18): the sub-state +E36/+E37 steps once at the state's start"
1EFD41,once,Animal +E36 motion-stage transitions: stage branches advance after motion start or a one-time state action
1EFE01,once,Animal +E36 motion-stage transitions: stage branches advance after motion start or a one-time state action
1EFE85,fixed,an05/an18 1EFE30: +1230 contact cooldown now decrements on stock ticks
1F0844,once,"an00 an0b an0c an0d/an0e an05/an18 launch helpers: +B4 is first adjusted by the clamped angle to a target, then given one random offset and wrapped during a motion setup branch that advances +E36; the stored angle is the initial launch heading"
1F0879,once,"an00 an0b an0c an0d/an0e an05/an18 launch helpers: +B4 is first adjusted by the clamped angle to a target, then given one random offset and wrapped during a motion setup branch that advances +E36; the stored angle is the initial launch heading"
1F08D9,once,"Animal slot-36 action starters: E10 and E18 are multiplied by 3, 4 or 5 once for a new movement stage, and the same branch increments +E36 so it cannot repeat that multiplier on the next tick"
1F08F1,once,"Animal slot-36 action starters: E10 and E18 are multiplied by 3, 4 or 5 once for a new movement stage, and the same branch increments +E36 so it cannot repeat that multiplier on the next tick"
1F09F4,fixed,"the animals' launch and knockback slides (an00..an20, cAnimal 202DC0/206000, cDogLikeHm 485390): position += velocity a tick, now src/pre/lin/dst rows (un_rows51)"
1F0A0C,fixed,"the animals' launch and knockback slides (an00..an20, cAnimal 202DC0/206000, cDogLikeHm 485390): position += velocity a tick, now src/pre/lin/dst rows (un_rows51)"
1F1028,stock,an05/an18 1F0DB0 case 7: +1170 counts down and reloads itself with a random 0..31; nothing else reads it (the turn toward +1160 runs every tick either way)
1F111A,once,Animal +E36 motion-stage transitions: stage branches advance after motion start or a one-time state action
1F16CC,once,Animal +E36 motion-stage transitions: stage branches advance after motion start or a one-time state action
1F17E6,fixed,"Eight animal slot-34 handlers: one locally scaled factor feeds all three D20/D24/D28 scale additions, and each channel retains its clamp to one"
1F1809,fixed,"Eight animal slot-34 handlers: one locally scaled factor feeds all three D20/D24/D28 scale additions, and each channel retains its clamp to one"
1F182C,fixed,"Eight animal slot-34 handlers: one locally scaled factor feeds all three D20/D24/D28 scale additions, and each channel retains its clamp to one"
1F1ED1,once,"animal state starters (an0c, an05/an18): +E3C gains 60 once at the state's start when 169620 says so"
1F20DB,once,"Animal slot-26 actions: +E54 is freshly seeded from RNG after a fixed base and immediately advances the +E37 action stage; it is a target for that stage, not an accumulated per-tick step"
1F2695,fixed,an05/an18 1F2540: +B4 turns by scaled positive or negative 0.1396263 steps during target search
1F2AD6,once,Animal +E36 motion-stage transitions: stage branches advance after motion start or a one-time state action
1F2C3D,once,an05/an18 first chase stage: +B4 is a freshly generated heading that is signed/zeroed by a target-angle test and wrapped relative to the parent before +E36 advances
1F2C79,once,an05/an18 first chase stage: +B4 is a freshly generated heading that is signed/zeroed by a target-angle test and wrapped relative to the parent before +E36 advances
1F2CBE,follows,an05/an18 1F2B10: +E37 decreases only when scaled motion advance reports animation completion
1F351D,once,Animal +E36 motion-stage transitions: stage branches advance after motion start or a one-time state action
1F3523,once,Animal +E36 motion-stage transitions: stage branches advance after motion start or a one-time state action
1F366E,once,Animal +E36 motion-stage transitions: stage branches advance after motion start or a one-time state action
1F36FB,once,Animal +E36 motion-stage transitions: stage branches advance after motion start or a one-time state action
1F3776,once,Animal +E36 motion-stage transitions: stage branches advance after motion start or a one-time state action
1F3938,once,an05/an18 1F38D0: E20/E28 receive fresh RNG offsets for a new target and the same branch advances +E36 to the next action stage
1F3955,once,an05/an18 1F38D0: E20/E28 receive fresh RNG offsets for a new target and the same branch advances +E36 to the next action stage
1F3962,once,Animal +E36 motion-stage transitions: stage branches advance after motion start or a one-time state action
1F3A5F,once,"animal state starters (an0b, an0c, an16, an05/an18): the sub-state +E36/+E37 steps once at the state's start"
1F3BF2,follows,"an05/an18 1F38D0: +E3C counts completed motions, decrementing only after the stock-scaled motion advance returns complete and selecting the next +E36 stage"
1F3C92,follows,"an05/an18 1F38D0: +E3C counts completed motions, decrementing only after the stock-scaled motion advance returns complete and selecting the next +E36 stage"
1F3FCB,fixed,"Animal heading approach: each angle store takes the result of its immediately preceding FixTurnRate call, whose per-tick blend is converted at entry and whose caller is audited in turn_callers.csv"
1F4774,fixed,"the animals' launch and knockback slides (an00..an20, cAnimal 202DC0/206000, cDogLikeHm 485390): position += velocity a tick, now src/pre/lin/dst rows (un_rows51)"
1F478C,fixed,"the animals' launch and knockback slides (an00..an20, cAnimal 202DC0/206000, cDogLikeHm 485390): position += velocity a tick, now src/pre/lin/dst rows (un_rows51)"
1F4D43,fixed,"an00 an04/an0d/an0e an06/an08 an07 an09 an19 an1e an02/an1b/an1f/an20 slot 25: +1170's stored decrement is gated and the old-zero reload branch is suppressed between stock ticks, so the associated +E37 action-count increment fires only at stock cadence"
1F4D72,fixed,"an00 an04/an0d/an0e an06/an08 an07 an09 an19 an1e an02/an1b/an1f/an20 slot 25: +1170's stored decrement is gated and the old-zero reload branch is suppressed between stock ticks, so the associated +E37 action-count increment fires only at stock cadence"
1F51B2,once,"an00 an01 an07 an09 an1a/an19/an1e chase-stage helpers: +B4 is freshly seeded from the RNG as a +/-0.8727 heading, optionally signed or zeroed by a target-angle test, then wrapped relative to the parent before +E36 advances"
1F51CF,once,"an19 1F50E0 / 1F66C0: +B4 = a parent's heading + its own (negated or zeroed at random), wrapped, once at the state's start"
1F52CC,once,"an00 an01 an07 an09 an1a/an19/an1e chase-stage helpers: +B4 is freshly seeded from the RNG as a +/-0.8727 heading, optionally signed or zeroed by a target-angle test, then wrapped relative to the parent before +E36 advances"
1F53C9,once,Animal +E36 motion-stage transitions: stage branches advance after motion start or a one-time state action
1F565A,follows,"an19 1F5420: the colour's G channel +D24 steps by xmm1, the 0.03 the world row 1F5628 scales for R"
1F567D,fixed,an19 1F5420: the shared xmm1 rise step now scales all D20/D24/D28 growth additions
1F5D3F,once,an19 1F5BE0: +E3C gains 60 once at the state's start when 169620 says so
1F6027,once,"Animal slot-26 actions: +E54 is freshly seeded from RNG after a fixed base and immediately advances the +E37 action stage; it is a target for that stage, not an accumulated per-tick step"
1F65F4,once,"animal state starters (an19, an1a): the sub-state +E36 steps once at the state's start, beside the motion's start and +E3C's set"
1F669C,once,Animal +E36 motion-stage transitions: stage branches advance after motion start or a one-time state action
1F6780,once,"an00 an01 an07 an09 an1a/an19/an1e chase-stage helpers: +B4 is freshly seeded from the RNG as a +/-0.8727 heading, optionally signed or zeroed by a target-angle test, then wrapped relative to the parent before +E36 advances"
1F67B7,once,"an19 1F50E0 / 1F66C0: +B4 = a parent's heading + its own (negated or zeroed at random), wrapped, once at the state's start"
1F67CC,once,"animal state starters (an19, an1a): the sub-state +E36 steps once at the state's start, beside the motion's start and +E3C's set"
1F734F,once,Animal +E36 motion-stage transitions: stage branches advance after motion start or a one-time state action
1F735A,once,"an04 1DD060 / an07 1E3550 / an1a 1F7290: the launch's start: +E10/+E18 = the normalized direction x 2 or x 1.5 and the sub-state +E36 steps, once"
1F7372,once,"an04 1DD060 / an07 1E3550 / an1a 1F7290: the launch's start: +E10/+E18 = the normalized direction x 2 or x 1.5 and the sub-state +E36 steps, once"
1F73F2,fixed,"the animals' launch and knockback slides (an00..an20, cAnimal 202DC0/206000, cDogLikeHm 485390): position += velocity a tick, now src/pre/lin/dst rows (un_rows51)"
1F740A,fixed,"the animals' launch and knockback slides (an00..an20, cAnimal 202DC0/206000, cDogLikeHm 485390): position += velocity a tick, now src/pre/lin/dst rows (un_rows51)"
1F77BE,once,Animal +E36 motion-stage transitions: stage branches advance after motion start or a one-time state action
1F7AB2,once,"animal state starters (an19, an1a): the sub-state +E36 steps once at the state's start, beside the motion's start and +E3C's set"
1F7B94,once,"animal state starters (an19, an1a): the sub-state +E36 steps once at the state's start, beside the motion's start and +E3C's set"
1F8011,fixed,"Eight animal slot-34 handlers: one locally scaled factor feeds all three D20/D24/D28 scale additions, and each channel retains its clamp to one"
1F8034,fixed,"Eight animal slot-34 handlers: one locally scaled factor feeds all three D20/D24/D28 scale additions, and each channel retains its clamp to one"
1F8057,fixed,"Eight animal slot-34 handlers: one locally scaled factor feeds all three D20/D24/D28 scale additions, and each channel retains its clamp to one"
1F8136,follows,an1a 1F80E0: +E3C decreases only when scaled motion advance reports animation completion
1F8726,once,an1a 1F85B0: +E3C gains 60 once at the state's start when 169620 says so
1F8989,once,"Animal slot-26 actions: +E54 is freshly seeded from RNG after a fixed base and immediately advances the +E37 action stage; it is a target for that stage, not an accumulated per-tick step"
1F89D3,fixed,"+B4 is 2DA510's blend toward a target heading, whose factor FixTurnRate converts at 2DA510's entry for every caller (template turn_blend)"
1F8B7C,fixed,"+B4 is 2DA510's blend toward a target heading, whose factor FixTurnRate converts at 2DA510's entry for every caller (template turn_blend)"
1F8CA3,once,"an1a slot-26: +E37 advances after play motion and a half-turn target are set up, selecting the next stage on the following update"
1F8CD1,fixed,"Animal heading approach: each angle store takes the result of its immediately preceding FixTurnRate call, whose per-tick blend is converted at entry and whose caller is audited in turn_callers.csv"
1F8DAC,once,Animal +E36 motion-stage transitions: stage branches advance after motion start or a one-time state action
1F8EE9,once,Animal +E36 motion-stage transitions: stage branches advance after motion start or a one-time state action
1F8F9C,once,Animal +E36 motion-stage transitions: stage branches advance after motion start or a one-time state action
1F9091,once,"an00 an01 an07 an09 an1a/an19/an1e chase-stage helpers: +B4 is freshly seeded from the RNG as a +/-0.8727 heading, optionally signed or zeroed by a target-angle test, then wrapped relative to the parent before +E36 advances"
1F90C8,once,Animal +E36 motion-stage transitions: stage branches advance after motion start or a one-time state action
1F90D8,once,"an00 an01 an07 an09 an1a/an19/an1e chase-stage helpers: +B4 is freshly seeded from the RNG as a +/-0.8727 heading, optionally signed or zeroed by a target-angle test, then wrapped relative to the parent before +E36 advances"
1FA44F,once,Animal +E36 motion-stage transitions: stage branches advance after motion start or a one-time state action
1FA464,once,"Animal slot-36 action starters: E10 and E18 are multiplied by 3, 4 or 5 once for a new movement stage, and the same branch increments +E36 so it cannot repeat that multiplier on the next tick"
1FA47C,once,"Animal slot-36 action starters: E10 and E18 are multiplied by 3, 4 or 5 once for a new movement stage, and the same branch increments +E36 so it cannot repeat that multiplier on the next tick"
1FA4AD,fixed,"the animals' launch and knockback slides (an00..an20, cAnimal 202DC0/206000, cDogLikeHm 485390): position += velocity a tick, now src/pre/lin/dst rows (un_rows51)"
1FA4C5,fixed,"the animals' launch and knockback slides (an00..an20, cAnimal 202DC0/206000, cDogLikeHm 485390): position += velocity a tick, now src/pre/lin/dst rows (un_rows51)"
1FB14E,fixed,"an00 an04/an0d/an0e an06/an08 an07 an09 an19 an1e an02/an1b/an1f/an20 slot 25: +1170's stored decrement is gated and the old-zero reload branch is suppressed between stock ticks, so the associated +E37 action-count increment fires only at stock cadence"
1FB17D,fixed,"an00 an04/an0d/an0e an06/an08 an07 an09 an19 an1e an02/an1b/an1f/an20 slot 25: +1170's stored decrement is gated and the old-zero reload branch is suppressed between stock ticks, so the associated +E37 action-count increment fires only at stock cadence"
1FB462,once,Animal +E36 motion-stage transitions: stage branches advance after motion start or a one-time state action
1FB63F,once,Animal +E36 motion-stage transitions: stage branches advance after motion start or a one-time state action
1FB8B7,follows,"the colour's G/B channel steps by xmm1, the constant the world row on its rip load scales for R (template colour_channel)"
1FB8DA,fixed,an1e 1FB6A0: the shared xmm1 rise step now scales all D20/D24/D28 growth additions
1FBF71,once,+E3C gains a constant once at the state's start when 169620 says so (template e3c_bonus)
1FC182,once,"Animal slot-26 actions: +E54 is freshly seeded from RNG after a fixed base and immediately advances the +E37 action stage; it is a target for that stage, not an accumulated per-tick step"
1FC1AA,fixed,"Animal heading approach: each angle store takes the result of its immediately preceding FixTurnRate call, whose per-tick blend is converted at entry and whose caller is audited in turn_callers.csv"
1FC554,fixed,"+B4 is 2DA510's blend toward a target heading, whose factor FixTurnRate converts at 2DA510's entry for every caller (template turn_blend)"
1FC6E7,fixed,"Animal heading approach: each angle store takes the result of its immediately preceding FixTurnRate call, whose per-tick blend is converted at entry and whose caller is audited in turn_callers.csv"
1FC7BC,once,Animal +E36 motion-stage transitions: stage branches advance after motion start or a one-time state action
1FC86C,once,Animal +E36 motion-stage transitions: stage branches advance after motion start or a one-time state action
1FC936,once,"a state's start: the sub-state +E36/+E37 steps once beside the motion's start, an effect or sound, or the timer +E3C's set (em7a 2D4BFE: once per animation end) (template substate_start)"
1FCA0C,once,Animal +E36 motion-stage transitions: stage branches advance after motion start or a one-time state action
1FCAFA,once,"an00 an01 an07 an09 an1a/an19/an1e chase-stage helpers: +B4 is freshly seeded from the RNG as a +/-0.8727 heading, optionally signed or zeroed by a target-angle test, then wrapped relative to the parent before +E36 advances"
1FCB31,once,"+B4 = a parent's heading + its own (negated or zeroed at random), wrapped, once at the state's start (template heading_start)"
1FCB46,once,"a state's start: the sub-state +E36/+E37 steps once beside the motion's start, an effect or sound, or the timer +E3C's set (em7a 2D4BFE: once per animation end) (template substate_start)"
1FDDAF,once,Animal +E36 motion-stage transitions: stage branches advance after motion start or a one-time state action
1FDDC4,once,"Animal slot-36 action starters: E10 and E18 are multiplied by 3, 4 or 5 once for a new movement stage, and the same branch increments +E36 so it cannot repeat that multiplier on the next tick"
1FDDDC,once,"Animal slot-36 action starters: E10 and E18 are multiplied by 3, 4 or 5 once for a new movement stage, and the same branch increments +E36 so it cannot repeat that multiplier on the next tick"
1FDE0D,fixed,"the animals' launch and knockback slides (an00..an20, cAnimal 202DC0/206000, cDogLikeHm 485390): position += velocity a tick, now src/pre/lin/dst rows (un_rows51)"
1FDE25,fixed,"the animals' launch and knockback slides (an00..an20, cAnimal 202DC0/206000, cDogLikeHm 485390): position += velocity a tick, now src/pre/lin/dst rows (un_rows51)"
1FE39D,once,"Animal slot-36 action starters: E10 and E18 are multiplied by 3, 4 or 5 once for a new movement stage, and the same branch increments +E36 so it cannot repeat that multiplier on the next tick"
1FE3B5,once,"Animal slot-36 action starters: E10 and E18 are multiplied by 3, 4 or 5 once for a new movement stage, and the same branch increments +E36 so it cannot repeat that multiplier on the next tick"
1FE3F8,fixed,"the animals' launch and knockback slides (an00..an20, cAnimal 202DC0/206000, cDogLikeHm 485390): position += velocity a tick, now src/pre/lin/dst rows (un_rows51)"
1FE410,fixed,"the animals' launch and knockback slides (an00..an20, cAnimal 202DC0/206000, cDogLikeHm 485390): position += velocity a tick, now src/pre/lin/dst rows (un_rows51)"
1FEA54,fixed,"an00 an04/an0d/an0e an06/an08 an07 an09 an19 an1e an02/an1b/an1f/an20 slot 25: +1170's stored decrement is gated and the old-zero reload branch is suppressed between stock ticks, so the associated +E37 action-count increment fires only at stock cadence"
1FEA83,fixed,"an00 an04/an0d/an0e an06/an08 an07 an09 an19 an1e an02/an1b/an1f/an20 slot 25: +1170's stored decrement is gated and the old-zero reload branch is suppressed between stock ticks, so the associated +E37 action-count increment fires only at stock cadence"
1FEEE3,once,an04/an0d/an0e an09 an0b an02/an1b/an1f/an20 chase-stage helpers: the +B4 sign flips and relative-angle wraps use a fresh RNG heading before stage +E36 changes; the next update runs the following stage
1FEF00,once,an04/an0d/an0e an09 an0b an02/an1b/an1f/an20 chase-stage helpers: the +B4 sign flips and relative-angle wraps use a fresh RNG heading before stage +E36 changes; the next update runs the following stage
1FEF96,once,an04/an0d/an0e an09 an0b an02/an1b/an1f/an20 chase-stage helpers: the +B4 sign flips and relative-angle wraps use a fresh RNG heading before stage +E36 changes; the next update runs the following stage
1FEFB3,once,"+B4 = a parent's heading + its own (negated or zeroed at random), wrapped, once at the state's start (template heading_start)"
1FF0AC,once,Animal +E36 motion-stage transitions: stage branches advance after motion start or a one-time state action
1FF1E3,fixed,"Eight animal slot-34 handlers: one locally scaled factor feeds all three D20/D24/D28 scale additions, and each channel retains its clamp to one"
1FF206,fixed,"Eight animal slot-34 handlers: one locally scaled factor feeds all three D20/D24/D28 scale additions, and each channel retains its clamp to one"
1FF229,fixed,"Eight animal slot-34 handlers: one locally scaled factor feeds all three D20/D24/D28 scale additions, and each channel retains its clamp to one"
1FF43D,follows,an02/an1b/an1f/an20 1FF370: +E3C decreases only when scaled motion advance reports animation completion
1FF968,once,+E3C gains a constant once at the state's start when 169620 says so (template e3c_bonus)
1FFB62,once,"Animal slot-26 actions: +E54 is freshly seeded from RNG after a fixed base and immediately advances the +E37 action stage; it is a target for that stage, not an accumulated per-tick step"
1FFB8A,fixed,"Animal heading approach: each angle store takes the result of its immediately preceding FixTurnRate call, whose per-tick blend is converted at entry and whose caller is audited in turn_callers.csv"
1FFEED,fixed,"+B4 is 2DA510's blend toward a target heading, whose factor FixTurnRate converts at 2DA510's entry for every caller (template turn_blend)"
20005C,fixed,"Animal heading approach: each angle store takes the result of its immediately preceding FixTurnRate call, whose per-tick blend is converted at entry and whose caller is audited in turn_callers.csv"
20013C,once,Motion-state entry advances E36 from zero to one immediately after selecting its motion; subsequent updates bypass initialization.
20024B,once,"Randomized facing initialization is enclosed by E36 zero, flips only the constructed relative direction, then advances E36 to one and sets the final wrapped angle."
200282,once,"Randomized facing initialization is enclosed by E36 zero, flips only the constructed relative direction, then advances E36 to one and sets the final wrapped angle."
200292,once,"Randomized facing initialization is enclosed by E36 zero, flips only the constructed relative direction, then advances E36 to one and sets the final wrapped angle."
2002E7,follows,"E37 counts two completed motions, decremented only after the time-corrected 4B9C80 motion completion result."
200C14,once,"a state's start: the sub-state +E36/+E37 steps once beside the motion's start, an effect or sound, or the timer +E3C's set (em7a 2D4BFE: once per animation end) (template substate_start)"
200CF1,once,Animal +E36 motion-stage transitions: stage branches advance after motion start or a one-time state action
20141B,stock,"2013D0..201430 has no direct external entry, aligned or unaligned actual code pointer, switch/LEA reference, export reference or physical fallthrough. Generator rechecks this complete range on the audited image; unwind frame descriptions cannot invoke it."
201512,fixed,anc7 201430: the B4 angle-smoothing helper now executes on stock ticks within its caller
2018C9,follows,"anc7 2017E0: +E36 steps when the alpha +D2C, stepped by phase_steps.h, passes 0.2"
201EE5,fixed,anc7 201CA0: +110C acceleration and +1108 displacement now use scaled per-tick steps in both branches
201EF9,fixed,anc7 201CA0: +110C acceleration and +1108 displacement now use scaled per-tick steps in both branches
201F1F,fixed,anc7 201CA0: +110C acceleration and +1108 displacement now use scaled per-tick steps in both branches
201F2F,fixed,anc7 201CA0: +110C acceleration and +1108 displacement now use scaled per-tick steps in both branches
202007,fixed,anc7 201CA0: +1198 and actor Z now receive a scaled upward step shared with five linked world offsets
202036,fixed,anc7 201CA0: +1198 and actor Z now receive a scaled upward step shared with five linked world offsets
2020D6,fixed,anc7 201CA0: +1198 and actor Z now receive a scaled downward step shared with five linked world offsets
202107,fixed,anc7 201CA0: +1198 and actor Z now receive a scaled downward step shared with five linked world offsets
20217A,fixed,anc7 201CA0: +1101 effect interval and +1105 action cooldown now count stock ticks
202233,fixed,anc7 201CA0: +1101 effect interval and +1105 action cooldown now count stock ticks
202407,fixed,anc7 202260: +119C event countdown now decrements on stock ticks
20269E,stock,"202690..2026E0 has no direct external entry, aligned or unaligned actual code pointer, switch/LEA reference, export reference or physical fallthrough. Generator rechecks this complete range on the audited image; unwind frame descriptions cannot invoke it."
2029BE,fixed,anff 202920: +1187 effect cooldown now decreases on stock ticks for both callers
202AE5,stock,"Animal Y probe helpers 202A30 and 484A20: +20 temporarily raises the actor Y for a collision probe, and -20 restores it immediately after the probe; these two writes are balanced offsets within one call"
202B03,stock,"Animal Y probe helpers 202A30 and 484A20: +20 temporarily raises the actor Y for a collision probe, and -20 restores it immediately after the probe; these two writes are balanced offsets within one call"
202B2A,fixed,anff 202A30: the current +E54 vertical velocity is scaled before adding to actor Y
202CF3,once,"202C40 sets up a knockback (direction +E10/+E18 from the positions, its scale, speed +E48, heading snapped by 2DDF90 with a 2 pi limit plus a random jitter); its three callers (1E6D20, 1F4610, 1FAB80) call it once, in sub-state 0 before advancing +E36. 202DC0 moves by it each tick."
202D15,once,"202C40 sets up a knockback (direction +E10/+E18 from the positions, its scale, speed +E48, heading snapped by 2DDF90 with a 2 pi limit plus a random jitter); its three callers (1E6D20, 1F4610, 1FAB80) call it once, in sub-state 0 before advancing +E36. 202DC0 moves by it each tick."
202D36,once,"202C40 sets up a knockback (direction +E10/+E18 from the positions, its scale, speed +E48, heading snapped by 2DDF90 with a 2 pi limit plus a random jitter); its three callers (1E6D20, 1F4610, 1FAB80) call it once, in sub-state 0 before advancing +E36. 202DC0 moves by it each tick."
202D3A,once,"202C40 sets up a knockback (direction +E10/+E18 from the positions, its scale, speed +E48, heading snapped by 2DDF90 with a 2 pi limit plus a random jitter); its three callers (1E6D20, 1F4610, 1FAB80) call it once, in sub-state 0 before advancing +E36. 202DC0 moves by it each tick."
202D70,once,"202C40 sets up a knockback (direction +E10/+E18 from the positions, its scale, speed +E48, heading snapped by 2DDF90 with a 2 pi limit plus a random jitter); its three callers (1E6D20, 1F4610, 1FAB80) call it once, in sub-state 0 before advancing +E36. 202DC0 moves by it each tick."
202D7D,once,"202C40 sets up a knockback (direction +E10/+E18 from the positions, its scale, speed +E48, heading snapped by 2DDF90 with a 2 pi limit plus a random jitter); its three callers (1E6D20, 1F4610, 1FAB80) call it once, in sub-state 0 before advancing +E36. 202DC0 moves by it each tick."
202E1B,fixed,"the animals' launch and knockback slides (an00..an20, cAnimal 202DC0/206000, cDogLikeHm 485390): position += velocity a tick, now src/pre/lin/dst rows (un_rows51)"
202E33,fixed,"the animals' launch and knockback slides (an00..an20, cAnimal 202DC0/206000, cDogLikeHm 485390): position += velocity a tick, now src/pre/lin/dst rows (un_rows51)"
203242,fixed,an0c 203230: +1170 now counts down on stock ticks
203DE1,once,"203DC0 multiplies the model scale +C0..+C8 by a size variant's factor and copies it to +1120: its callers are the animals' vtable slot 16 (1D51E0, 1DC030, ...: the factor picked by +10F7 = 0, 1 or 2), which 206590 calls once when it creates the animal."
203DE9,once,"203DC0 multiplies the model scale +C0..+C8 by a size variant's factor and copies it to +1120: its callers are the animals' vtable slot 16 (1D51E0, 1DC030, ...: the factor picked by +10F7 = 0, 1 or 2), which 206590 calls once when it creates the animal."
203DF8,once,"203DC0 multiplies the model scale +C0..+C8 by a size variant's factor and copies it to +1120: its callers are the animals' vtable slot 16 (1D51E0, 1DC030, ...: the factor picked by +10F7 = 0, 1 or 2), which 206590 calls once when it creates the animal."
204119,fixed,"203FE0: position.x += dir.x x 0.9, the 0.9 a world literal (2040FE), as z's (204123)"
204159,fixed,"Shared 203FE0's heading approach calls 2DA510, whose installed FixTurnRate hook converts its per-tick 0.25 blend to 1-(1-k)^(1/N)."
2042F5,follows,"cAnimal 204180: the +B4 angle is the result of clamped turn-to-point 2DDF90, whose call is already scaled for stock turn rate"
2046C7,fixed,"an7f/anff/cAnimal 204670: C0, C4, and C8 now grow or shrink by the stock-period root of their shared factor"
2046D7,fixed,"an7f/anff/cAnimal 204670: C0, C4, and C8 now grow or shrink by the stock-period root of their shared factor"
2046DF,fixed,"an7f/anff/cAnimal 204670: C0, C4, and C8 now grow or shrink by the stock-period root of their shared factor"
2049F7,fixed,an05/an18 2048E0: +B0's target and zero-heading blends now compound their 0.3 weight per stock period
204A2A,fixed,an05/an18 2048E0: +B0's target and zero-heading blends now compound their 0.3 weight per stock period
204C7A,stock,"204BE0..204C90 has no direct external entry, aligned or unaligned actual code pointer, switch/LEA reference, export reference or physical fallthrough. Generator rechecks this complete range on the audited image; unwind frame descriptions cannot invoke it."
204E76,fixed,anff 204D70: +11B4 now changes by scaled double-precision increments in both growth branches
204EB0,fixed,anff 204D70: +11B4 now changes by scaled double-precision increments in both growth branches
204F5D,fixed,anff 204D70: +EC8 now decays by the stock-period root of 0.4 when the decay condition is active
205006,stock,anff 204D70: the +20 and -20 position changes temporarily offset the character for the 45FC40 effect call and cancel in the same invocation
205024,stock,anff 204D70: the +20 and -20 position changes temporarily offset the character for the 45FC40 effect call and cancel in the same invocation
2050A9,fixed,anff 204D70: the scaled 0.04 in xmm0 feeds each up and down step of the three +D20/+D24/+D28 channels
2050D1,fixed,anff 204D70: the scaled 0.04 in xmm0 feeds each up and down step of the three +D20/+D24/+D28 channels
2050F9,fixed,anff 204D70: the scaled 0.04 in xmm0 feeds each up and down step of the three +D20/+D24/+D28 channels
205121,fixed,anff 204D70: the scaled 0.04 in xmm0 feeds each up and down step of the three +D20/+D24/+D28 channels
205149,fixed,anff 204D70: the scaled 0.04 in xmm0 feeds each up and down step of the three +D20/+D24/+D28 channels
205171,fixed,anff 204D70: the scaled 0.04 in xmm0 feeds each up and down step of the three +D20/+D24/+D28 channels
205511,fixed,Animal 205310's slide: lin rows 205505/205524 and src rows 205537/20554F scale its moves.
20589C,once,"an0c 1EF4D0/1EF560 and shared animal slot 26 205860: +E36 increments only in the zero-stage setup branch, after randomizing the next action parameter"
20590D,once,animal damage callback 205860: +E48 doubles after a hit's displacement and moves the actor to its next action stage
205C75,fixed,anff 205AE0: +1175 submodel motion countdown now decrements on stock ticks
205CB2,fixed,"Animal heading approach: each angle store takes the result of its immediately preceding FixTurnRate call, whose per-tick blend is converted at entry and whose caller is audited in turn_callers.csv"
205CCF,fixed,"Animal heading approach: each angle store takes the result of its immediately preceding FixTurnRate call, whose per-tick blend is converted at entry and whose caller is audited in turn_callers.csv"
20615F,once,"Animal 206000 stage zero: normalize the new target vector, scale or flip its E10/E18 components for the chosen action, then increment E37 before the next tick; these four multiplications are action setup"
206181,once,"Animal 206000 stage zero: normalize the new target vector, scale or flip its E10/E18 components for the chosen action, then increment E37 before the next tick; these four multiplications are action setup"
2061A1,once,"Animal 206000 stage zero: normalize the new target vector, scale or flip its E10/E18 components for the chosen action, then increment E37 before the next tick; these four multiplications are action setup"
2061B5,once,"Animal 206000 stage zero: normalize the new target vector, scale or flip its E10/E18 components for the chosen action, then increment E37 before the next tick; these four multiplications are action setup"
206285,fixed,"the animals' launch and knockback slides (an00..an20, cAnimal 202DC0/206000, cDogLikeHm 485390): position += velocity a tick, now src/pre/lin/dst rows (un_rows51)"
20629F,fixed,"the animals' launch and knockback slides (an00..an20, cAnimal 202DC0/206000, cDogLikeHm 485390): position += velocity a tick, now src/pre/lin/dst rows (un_rows51)"
2062B7,fixed,"the animals' launch and knockback slides (an00..an20, cAnimal 202DC0/206000, cDogLikeHm 485390): position += velocity a tick, now src/pre/lin/dst rows (un_rows51)"
206371,stock,206340: remove an actor pointer from the 32-entry 9C1D30 list and decrement its occupancy 9C1E30 on successful removal
2066E0,once,"206590 creates an animal (2DA050), calls its slot 16 size setup, scales its radius bytes +1070/+1099 by the new +C8 and registers it in the 32-entry table 9C1D30 (count 9C1E30): once per spawn."
2066FD,once,"206590 creates an animal (2DA050), calls its slot 16 size setup, scales its radius bytes +1070/+1099 by the new +C8 and registers it in the 32-entry table 9C1D30 (count 9C1E30): once per spawn."
206769,once,"206590 creates an animal (2DA050), calls its slot 16 size setup, scales its radius bytes +1070/+1099 by the new +C8 and registers it in the 32-entry table 9C1D30 (count 9C1E30): once per spawn."
206A58,once,"cKiType reaction 206A10 (from 363F90, a hit): the sway's velocities +1128/+112C x -0.4 once per reaction"
207482,once,"2073D0 (from cKihonObj's update 207760) lowers the object by a byte offset once, flagged in +10EC."
207A00,stock,"Submodel projection reads fresh B0 orientation after 4B9C80 in both callers, 208E90 and 36A0B0, then projects it into B0/B8 with sine/cosine and a fixed spatial factor. It is not recurrent damping."
207BF1,stock,"Dormant debris helper: generator49 proves the entire function has no external direct entry, actual data/switch/LEA address reference or physical fallthrough; unwind descriptions cannot invoke it. This exclusion is rechecked on every generation."
207C42,stock,"Dormant debris helper: generator49 proves the entire function has no external direct entry, actual data/switch/LEA address reference or physical fallthrough; unwind descriptions cannot invoke it. This exclusion is rechecked on every generation."
207C5D,stock,"Dormant debris helper: generator49 proves the entire function has no external direct entry, actual data/switch/LEA address reference or physical fallthrough; unwind descriptions cannot invoke it. This exclusion is rechecked on every generation."
207C65,stock,"Dormant debris helper: generator49 proves the entire function has no external direct entry, actual data/switch/LEA address reference or physical fallthrough; unwind descriptions cannot invoke it. This exclusion is rechecked on every generation."
207C80,stock,"Dormant debris helper: generator49 proves the entire function has no external direct entry, actual data/switch/LEA address reference or physical fallthrough; unwind descriptions cannot invoke it. This exclusion is rechecked on every generation."
207C88,stock,"Dormant debris helper: generator49 proves the entire function has no external direct entry, actual data/switch/LEA address reference or physical fallthrough; unwind descriptions cannot invoke it. This exclusion is rechecked on every generation."
207C98,stock,"Dormant debris helper: generator49 proves the entire function has no external direct entry, actual data/switch/LEA address reference or physical fallthrough; unwind descriptions cannot invoke it. This exclusion is rechecked on every generation."
207D0B,stock,"Dormant debris helper: generator49 proves the entire function has no external direct entry, actual data/switch/LEA address reference or physical fallthrough; unwind descriptions cannot invoke it. This exclusion is rechecked on every generation."
207D23,stock,"Dormant debris helper: generator49 proves the entire function has no external direct entry, actual data/switch/LEA address reference or physical fallthrough; unwind descriptions cannot invoke it. This exclusion is rechecked on every generation."
207D2B,stock,"Dormant debris helper: generator49 proves the entire function has no external direct entry, actual data/switch/LEA address reference or physical fallthrough; unwind descriptions cannot invoke it. This exclusion is rechecked on every generation."
207D9A,stock,"Dormant debris helper: generator49 proves the entire function has no external direct entry, actual data/switch/LEA address reference or physical fallthrough; unwind descriptions cannot invoke it. This exclusion is rechecked on every generation."
2091BB,fixed,objects' slot 36 (209000) state 1: the rise lin
209397,follows,"209330: the colour's B channel +D28 steps by xmm2, the 0.2 world literal (209354) R and G use"
209824,fixed,"cKiType 2097C0 state 2: the fall, now pre 20981F"
209B1F,once,cKi type response negates +1130 only after 45A7C0 reports a contact; this is collision direction reversal.
20A059,follows,cKiType000 to cKiType003 209FD0: patched 20A044 supplies the 0.06 decrease for either one or two D2C subtractions
20A069,follows,cKiType000 to cKiType003 209FD0: patched 20A044 supplies the 0.06 decrease for either one or two D2C subtractions
20AEE3,fixed,"The gatefn row at 20AE00 runs the complete detached-submodel update only on stock ticks: position and velocity, drag and gravity, rotations, collision bounce, sound, sixty-tick flight timeout and ninety-tick rest are all inside that void helper"
20AF3E,fixed,"The gatefn row at 20AE00 runs the complete detached-submodel update only on stock ticks: position and velocity, drag and gravity, rotations, collision bounce, sound, sixty-tick flight timeout and ninety-tick rest are all inside that void helper"
20AF56,fixed,"The gatefn row at 20AE00 runs the complete detached-submodel update only on stock ticks: position and velocity, drag and gravity, rotations, collision bounce, sound, sixty-tick flight timeout and ninety-tick rest are all inside that void helper"
20AF5E,fixed,"The gatefn row at 20AE00 runs the complete detached-submodel update only on stock ticks: position and velocity, drag and gravity, rotations, collision bounce, sound, sixty-tick flight timeout and ninety-tick rest are all inside that void helper"
20AF76,fixed,"The gatefn row at 20AE00 runs the complete detached-submodel update only on stock ticks: position and velocity, drag and gravity, rotations, collision bounce, sound, sixty-tick flight timeout and ninety-tick rest are all inside that void helper"
20AF7E,fixed,"The gatefn row at 20AE00 runs the complete detached-submodel update only on stock ticks: position and velocity, drag and gravity, rotations, collision bounce, sound, sixty-tick flight timeout and ninety-tick rest are all inside that void helper"
20AF8A,fixed,"The gatefn row at 20AE00 runs the complete detached-submodel update only on stock ticks: position and velocity, drag and gravity, rotations, collision bounce, sound, sixty-tick flight timeout and ninety-tick rest are all inside that void helper"
20AFE0,fixed,"The gatefn row at 20AE00 runs the complete detached-submodel update only on stock ticks: position and velocity, drag and gravity, rotations, collision bounce, sound, sixty-tick flight timeout and ninety-tick rest are all inside that void helper"
20AFF0,fixed,"The gatefn row at 20AE00 runs the complete detached-submodel update only on stock ticks: position and velocity, drag and gravity, rotations, collision bounce, sound, sixty-tick flight timeout and ninety-tick rest are all inside that void helper"
20AFFC,fixed,"The gatefn row at 20AE00 runs the complete detached-submodel update only on stock ticks: position and velocity, drag and gravity, rotations, collision bounce, sound, sixty-tick flight timeout and ninety-tick rest are all inside that void helper"
20B060,fixed,"The gatefn row at 20AE00 runs the complete detached-submodel update only on stock ticks: position and velocity, drag and gravity, rotations, collision bounce, sound, sixty-tick flight timeout and ninety-tick rest are all inside that void helper"
20C798,fixed,"actors' slot 1 (20C620): the fade-in byte +D79, now count 20C798"
20CA50,stock,"20C9D0 wraps each existing submodel Euler angle without adding any phase; the original angle is loaded and passed directly to 13F2E0, so this is normalization rather than a clock"
20CA65,stock,"20C9D0 wraps each existing submodel Euler angle without adding any phase; the original angle is loaded and passed directly to 13F2E0, so this is normalization rather than a clock"
20CA83,stock,"20C9D0 wraps each existing submodel Euler angle without adding any phase; the original angle is loaded and passed directly to 13F2E0, so this is normalization rather than a clock"
20CC09,stock,objCock 20CB60 stores canonical wrapped B0/B4/B8 angles without adding any phase to those stored angles; E0/E4/E8 are combined only in a temporary matrix input.
20CC22,stock,objCock 20CB60 stores canonical wrapped B0/B4/B8 angles without adding any phase to those stored angles; E0/E4/E8 are combined only in a temporary matrix input.
20CC2F,stock,objCock 20CB60 stores canonical wrapped B0/B4/B8 angles without adding any phase to those stored angles; E0/E4/E8 are combined only in a temporary matrix input.
20D337,once,20D310 (from 20CF80 and 20B810) unlinks an attachment and keeps the list's count +D75.
20D91A,once,20D770 links or unlinks an attachment and keeps the list's count +D75.
20DA46,once,20D770 links or unlinks an attachment and keeps the list's count +D75.
20DC63,stock,UI linked-object list 20DB80: +D75 is the number of linked objects and increments when the helper inserts a new node
20E09F,fixed,"20E030 (heading toward a point by at most a limit, its third argument): its four calls are callscale rows (1ED84D, 1EF0DA, 1EF2B8, 32EFAC)."
20E185,follows,"20E130 (x, z += R(+B0) x (0, 0, d)): every per-tick caller's d is scaled at its call or jump: callscale rows 22FF46, 307C57, 307EE4, 308408, 30854A, 3086FA, and 5BB5C7 on 5BB550's tail jump; 62EC80's and 631700's calls are their phase-zero entries (once) and 5355E0's is a snap to 130 from its target."
20E19B,follows,"20E130 (x, z += R(+B0) x (0, 0, d)): every per-tick caller's d is scaled at its call or jump: callscale rows 22FF46, 307C57, 307EE4, 308408, 30854A, 3086FA, and 5BB5C7 on 5BB550's tail jump; 62EC80's and 631700's calls are their phase-zero entries (once) and 5355E0's is a snap to 130 from its target."
20E282,fixed,turn toward a point 20E210: the heading's step is clamped by the limit argscale 20E230 scales
20E645,stock,"20E5D0..20E6E0 has no direct external entry, aligned or unaligned actual code pointer, switch/LEA reference, export reference or physical fallthrough. Generator rechecks this complete range on the audited image; unwind frame descriptions cannot invoke it."
20E6C4,stock,"20E5D0..20E6E0 has no direct external entry, aligned or unaligned actual code pointer, switch/LEA reference, export reference or physical fallthrough. Generator rechecks this complete range on the audited image; unwind frame descriptions cannot invoke it."
20E9F1,follows,"20E960 moves the position by the root-motion step +EC0..+EC8 (times the model scale, through the model's rotation), which the motion advance rewrites every tick at the current rate's share."
20EA07,follows,"20E960 moves the position by the root-motion step +EC0..+EC8 (times the model scale, through the model's rotation), which the motion advance rewrites every tick at the current rate's share."
20EA1E,follows,"20E960 moves the position by the root-motion step +EC0..+EC8 (times the model scale, through the model's rotation), which the motion advance rewrites every tick at the current rate's share."
20EBB5,stock,"Shared 20EA30 temporarily raises the object's Y by 20 for 45FC40's collision probe, then subtracts that same 20 before integrating velocity. These stores change the query coordinate frame."
20EBD3,stock,"Shared 20EA30 temporarily raises the object's Y by 20 for 45FC40's collision probe, then subtracts that same 20 before integrating velocity. These stores change the query coordinate frame."
20EBFD,follows,"20EA30, the fall (y += dt x vy, vy -= g x dt; dt, its third argument, read nowhere else): every call scales dt. The enemies' calls load the speed +1080 under step rows (241405, 251519, 25A041, ... 5ECBA4); the weapons' slot-8 updates (37EC90 .. 3A2290, 23 calls) pass their slow-motion factor, scaled at the call by the callscale rows of un_rows41.spec."
20EC50,follows,"20EA30, the fall (y += dt x vy, vy -= g x dt; dt, its third argument, read nowhere else): every call scales dt. The enemies' calls load the speed +1080 under step rows (241405, 251519, 25A041, ... 5ECBA4); the weapons' slot-8 updates (37EC90 .. 3A2290, 23 calls) pass their slow-motion factor, scaled at the call by the callscale rows of un_rows41.spec."
20ED13,once,20EA30: vy x 0.1 when the ground query after the move finds a ceiling (a collision).
20EEDD,stock,"fall helper 20ED50 (em3d, wp1d): y + 20 for the ground query, undone right after"
20EEFB,stock,"fall helper 20ED50 (em3d, wp1d): y + 20 for the ground query, undone right after"
20EF2E,follows,"fall helper 20ED50: y += dt x vy, vy -= g x dt with dt its caller's argument: em3d's call (285A28) passes the speed, which a world_anims row scales; wp1d's (38FB75) passes xmm6, not read here"
20EF81,follows,"fall helper 20ED50: y += dt x vy, vy -= g x dt with dt its caller's argument: em3d's call (285A28) passes the speed, which a world_anims row scales; wp1d's (38FB75) passes xmm6, not read here"
20F03C,once,fall helper 20ED50: vy x 0.1 when the query finds a ceiling
20F4EE,stock,"20F450 calls corrected common motion advance 4B9C80 first; +EF0/4/8 are fresh differences ED0 minus EE0 for the corrected animation fraction, so their pitch/yaw/roll additions already represent this current tick's displacement."
20F50B,stock,"20F450 calls corrected common motion advance 4B9C80 first; +EF0/4/8 are fresh differences ED0 minus EE0 for the corrected animation fraction, so their pitch/yaw/roll additions already represent this current tick's displacement."
20F52B,stock,"20F450 calls corrected common motion advance 4B9C80 first; +EF0/4/8 are fresh differences ED0 minus EE0 for the corrected animation fraction, so their pitch/yaw/roll additions already represent this current tick's displacement."
20F730,stock,"Shared 20F6C0 temporarily subtracts +E54 and the supplied clearance from Y before the wall/ground probes, then restores both before testing ground contact; these paired offsets do not integrate motion."
20F745,stock,"Shared 20F6C0 temporarily subtracts +E54 and the supplied clearance from Y before the wall/ground probes, then restores both before testing ground contact; these paired offsets do not integrate motion."
20F795,stock,"Shared 20F6C0 temporarily subtracts +E54 and the supplied clearance from Y before the wall/ground probes, then restores both before testing ground contact; these paired offsets do not integrate motion."
20F7A9,stock,"Shared 20F6C0 temporarily subtracts +E54 and the supplied clearance from Y before the wall/ground probes, then restores both before testing ground contact; these paired offsets do not integrate motion."
20F906,stock,"Shared 20F8A0 temporarily subtracts +E54 and param_3 from the object's Y before the 45FC40 collision query, then restores both afterward; these four stores change the coordinate frame for that query and do not integrate motion"
20F91B,stock,"Shared 20F8A0 temporarily subtracts +E54 and param_3 from the object's Y before the 45FC40 collision query, then restores both afterward; these four stores change the coordinate frame for that query and do not integrate motion"
20F952,stock,"Shared 20F8A0 temporarily subtracts +E54 and param_3 from the object's Y before the 45FC40 collision query, then restores both afterward; these four stores change the coordinate frame for that query and do not integrate motion"
20F966,stock,"Shared 20F8A0 temporarily subtracts +E54 and param_3 from the object's Y before the 45FC40 collision query, then restores both afterward; these four stores change the coordinate frame for that query and do not integrate motion"
2102D1,stock,"Shared 2101A0 clears the output XYZ vector on entry, then scans a finite placement list and sums the current vortex/radial/path contributions. The six stores accumulate this query's vector rather than persistent elapsed state."
2102ED,stock,"Shared 2101A0 clears the output XYZ vector on entry, then scans a finite placement list and sums the current vortex/radial/path contributions. The six stores accumulate this query's vector rather than persistent elapsed state."
21034E,stock,"Shared 2101A0 clears the output XYZ vector on entry, then scans a finite placement list and sums the current vortex/radial/path contributions. The six stores accumulate this query's vector rather than persistent elapsed state."
21036A,stock,"Shared 2101A0 clears the output XYZ vector on entry, then scans a finite placement list and sums the current vortex/radial/path contributions. The six stores accumulate this query's vector rather than persistent elapsed state."
210410,stock,"Shared 2101A0 clears the output XYZ vector on entry, then scans a finite placement list and sums the current vortex/radial/path contributions. The six stores accumulate this query's vector rather than persistent elapsed state."
210414,stock,"Shared 2101A0 clears the output XYZ vector on entry, then scans a finite placement list and sums the current vortex/radial/path contributions. The six stores accumulate this query's vector rather than persistent elapsed state."
2104E2,stock,"Resource data census resets +8C to zero, scans four bounded groups and counts matching B04/B16/B21/B2B/BB1 records; it is not a frame clock."
210541,stock,"Resource data census resets +8C to zero, scans four bounded groups and counts matching B04/B16/B21/B2B/BB1 records; it is not a frame clock."
2105D8,stock,"Resource barriers 210580 and 210640 and the resource manager's stability barrier 3132C0: consecutive idle updates before the loader reports idle; latency, not motion, and polled by the load and exit spins (493640, 493E20, 494120) inside one tick"
2106B1,stock,"Resource barriers 210580 and 210640 and the resource manager's stability barrier 3132C0: consecutive idle updates before the loader reports idle; latency, not motion, and polled by the load and exit spins (493640, 493E20, 494120) inside one tick"
210BB9,stock,"Spawn manager 210870's retry cooldown, under the resource update 210000 that both scene spins call: latency"
211EEA,stock,Heap release accounting increments the free-slot count only for a non-null object immediately before its destructor and release.
211FCA,stock,Successful heap allocation decrements its free-slot count and updates a minimum watermark; the failed allocation path skips it.
21210F,stock,"212100..212140 has no direct external entry, aligned or unaligned actual code pointer, switch/LEA reference, export reference or physical fallthrough. Generator rechecks this complete range on the audited image; unwind frame descriptions cannot invoke it."
21405C,fixed,"ut04 213FB0: the countdown +111C, now count 214059"
2146D5,follows,ut05 214690: patched +2 and -2 source operands at 2146CA and 214753 respectively feed the two 10A8 stores
214766,follows,ut05 214690: patched +2 and -2 source operands at 2146CA and 214753 respectively feed the two 10A8 stores
215F8F,once,ut0c 215E90 and 2162B0: +E36 advances once after sound/state setup or completion of a fixed 16-element cleanup loop; the next stage selects another handler
216312,once,ut0c 215E90 and 2162B0: +E36 advances once after sound/state setup or completion of a fixed 16-element cleanup loop; the next stage selects another handler
2172F0,once,ut12 ground contact: the -0.2 restitution at 2172F0 is followed immediately by changing +E36 from the falling phase to phase 4; this rebound executes once at the impact.
21943D,once,ut2d 2193D0: +E36 advances immediately after motion setup in this stage helper
21D2CD,once,"ut51 21D230: +10F0 counts a hit in idle/active phases only after E58 bit 25 is set. The branch switches E35 to phase two and clears bit 25 before returning to dispatch, so one hit is recorded per flag event."
21D44D,once,"ut51 (21D230, from 21D0E0): +10F0 tallies discrete brush hits, with a sound and a state change."
21D4AF,stock,"21D470..21D4D0 has no direct external entry, aligned or unaligned actual code pointer, switch/LEA reference, export reference or physical fallthrough. Generator rechecks this complete range on the audited image; unwind frame descriptions cannot invoke it."
21DF67,fixed,ut52 21DF20: both +/- paths scale the current +1078 material U step before its addition or subtraction
21DF7D,follows,ut52 21DF20: these stores only normalize the already-scaled U phase by a whole unit
21DF9C,fixed,ut52 21DF20: both +/- paths scale the current +1078 material U step before its addition or subtraction
21DFB2,follows,ut52 21DF20: these stores only normalize the already-scaled U phase by a whole unit
21E98A,fixed,"21E850/21EBD0/21EF90: the waits +13F0, now count rows 21E98A, 21EA1E, 21ED02, 21F0C2"
21EA1E,fixed,"21E850/21EBD0/21EF90: the waits +13F0, now count rows 21E98A, 21EA1E, 21ED02, 21F0C2"
21ED02,fixed,"21E850/21EBD0/21EF90: the waits +13F0, now count rows 21E98A, 21EA1E, 21ED02, 21F0C2"
21ED9D,fixed,21EBD0 and 21EF90 (unreferenced copies of vt79E318's sub-state updates): the 0.3 fade of +D2C is blend rows 21ED91/21F151.
21F0C2,fixed,"21E850/21EBD0/21EF90: the waits +13F0, now count rows 21E98A, 21EA1E, 21ED02, 21F0C2"
21F15D,fixed,21EBD0 and 21EF90 (unreferenced copies of vt79E318's sub-state updates): the 0.3 fade of +D2C is blend rows 21ED91/21F151.
21F663,fixed,vt79E318 sub-state 3: +D2C's 0.05 decrement is lin row 21F65B (8 bytes before the store).
21F973,fixed,vt79E318 slot 5 copy: +D2C's 0.05 decrement is lin row 21F96B.
220A81,fixed,ut63 state 3 (2209E0): xmm6 from the scaled literal at 220A3F is the only step subtracted from material 0 channels +50/+54/+58/+5C
220A8F,fixed,ut63 state 3 (2209E0): xmm6 from the scaled literal at 220A3F is the only step subtracted from material 0 channels +50/+54/+58/+5C
220A94,fixed,ut63 state 3 (2209E0): xmm6 from the scaled literal at 220A3F is the only step subtracted from material 0 channels +50/+54/+58/+5C
220A99,fixed,ut63 state 3 (2209E0): xmm6 from the scaled literal at 220A3F is the only step subtracted from material 0 channels +50/+54/+58/+5C
220B10,fixed,ut63 state 1: xmm2 from the scaled literal at 220AED is the only step added to material 0 channels +50/+54/+58/+5C before their one-clamp
220B25,fixed,ut63 state 1: xmm2 from the scaled literal at 220AED is the only step added to material 0 channels +50/+54/+58/+5C before their one-clamp
220B2A,fixed,ut63 state 1: xmm2 from the scaled literal at 220AED is the only step added to material 0 channels +50/+54/+58/+5C before their one-clamp
220B2F,fixed,ut63 state 1: xmm2 from the scaled literal at 220AED is the only step added to material 0 channels +50/+54/+58/+5C before their one-clamp
220C6E,fixed,ut63 object colour fade: xmm6 from the scaled literal at 220A3F is the only step subtracted from +D20/+D24/+D28 in state 3 and added to them in state 1
220C81,fixed,ut63 object colour fade: xmm6 from the scaled literal at 220A3F is the only step subtracted from +D20/+D24/+D28 in state 3 and added to them in state 1
220C89,fixed,ut63 object colour fade: xmm6 from the scaled literal at 220A3F is the only step subtracted from +D20/+D24/+D28 in state 3 and added to them in state 1
220CC7,fixed,ut63 object colour fade: xmm6 from the scaled literal at 220A3F is the only step subtracted from +D20/+D24/+D28 in state 3 and added to them in state 1
220CCF,fixed,ut63 object colour fade: xmm6 from the scaled literal at 220A3F is the only step subtracted from +D20/+D24/+D28 in state 3 and added to them in state 1
220CD7,fixed,ut63 object colour fade: xmm6 from the scaled literal at 220A3F is the only step subtracted from +D20/+D24/+D28 in state 3 and added to them in state 1
221223,fixed,"Linked sweeping beam: entire coupled update is paced by the stock-cadence gate at 221190. Caller return-value proof, patch overlap audit, installed DLL checks and N=1/2/4 focused window emulation pass."
22124B,fixed,"Linked sweeping beam: entire coupled update is paced by the stock-cadence gate at 221190. Caller return-value proof, patch overlap audit, installed DLL checks and N=1/2/4 focused window emulation pass."
221266,fixed,"Linked sweeping beam: entire coupled update is paced by the stock-cadence gate at 221190. Caller return-value proof, patch overlap audit, installed DLL checks and N=1/2/4 focused window emulation pass."
2212E8,fixed,"Linked sweeping beam: entire coupled update is paced by the stock-cadence gate at 221190. Caller return-value proof, patch overlap audit, installed DLL checks and N=1/2/4 focused window emulation pass."
22133E,fixed,"Linked sweeping beam: entire coupled update is paced by the stock-cadence gate at 221190. Caller return-value proof, patch overlap audit, installed DLL checks and N=1/2/4 focused window emulation pass."
22135E,fixed,"Linked sweeping beam: entire coupled update is paced by the stock-cadence gate at 221190. Caller return-value proof, patch overlap audit, installed DLL checks and N=1/2/4 focused window emulation pass."
22154D,fixed,"Linked sweeping beam: entire coupled update is paced by the stock-cadence gate at 221190. Caller return-value proof, patch overlap audit, installed DLL checks and N=1/2/4 focused window emulation pass."
221893,fixed,"ut65 2217F0: its full scripted submodel effect update now runs on stock ticks, including the shared 0.2/0.1 pose approaches, +B4 angle step and +param_5 angle step"
2218BB,fixed,"ut65 2217F0: its full scripted submodel effect update now runs on stock ticks, including the shared 0.2/0.1 pose approaches, +B4 angle step and +param_5 angle step"
2218D6,fixed,"ut65 2217F0: its full scripted submodel effect update now runs on stock ticks, including the shared 0.2/0.1 pose approaches, +B4 angle step and +param_5 angle step"
22193F,fixed,"ut65 2217F0: its full scripted submodel effect update now runs on stock ticks, including the shared 0.2/0.1 pose approaches, +B4 angle step and +param_5 angle step"
221989,fixed,"ut65 2217F0: its full scripted submodel effect update now runs on stock ticks, including the shared 0.2/0.1 pose approaches, +B4 angle step and +param_5 angle step"
2219A9,fixed,"ut65 2217F0: its full scripted submodel effect update now runs on stock ticks, including the shared 0.2/0.1 pose approaches, +B4 angle step and +param_5 angle step"
221B95,fixed,"ut65 2217F0: its full scripted submodel effect update now runs on stock ticks, including the shared 0.2/0.1 pose approaches, +B4 angle step and +param_5 angle step"
221BB4,fixed,"ut65 2217F0: its full scripted submodel effect update now runs on stock ticks, including the shared 0.2/0.1 pose approaches, +B4 angle step and +param_5 angle step"
222B8B,follows,"ut66 222B30: the colour's G/B lerp toward 1 by xmm2, the 0.1 world literal its R lerp loads (222B49)"
222B9B,follows,"ut66 222B30: the colour's G/B lerp toward 1 by xmm2, the 0.1 world literal its R lerp loads (222B49)"
22399D,fixed,ut69 223970: D20/D24/D28 approach one using the compounded shared 0.1 factor in update state one
2239C5,fixed,ut69 223970: D20/D24/D28 approach one using the compounded shared 0.1 factor in update state one
2239D5,fixed,ut69 223970: D20/D24/D28 approach one using the compounded shared 0.1 factor in update state one
223AF1,fixed,ut69 223A60: D20/D24/D28 approach one using the compounded shared 0.1 factor in update state two
223B19,fixed,ut69 223A60: D20/D24/D28 approach one using the compounded shared 0.1 factor in update state two
223B29,fixed,ut69 223A60: D20/D24/D28 approach one using the compounded shared 0.1 factor in update state two
224055,fixed,ut6d 223F20: the +E35 sound cooldown and +E36 action countdown now decrement only on stock ticks
22408C,fixed,ut6d 223F20: the +E35 sound cooldown and +E36 action countdown now decrement only on stock ticks
224B0B,fixed,ut6f 224AB0: the +60 addition in the six-material loop scales each table rate at 224B03
224B16,follows,ut6f: this store subtracts a whole unit only when the scaled U offset crosses +1
2261A7,follows,ut86 225F90 state eight: patched 22619F provides the 0.02 D2C decrease until zero switches E36 to nine
2281AC,follows,ut92 228170: patched 228190 supplies the 0.05 decrement once per subrecord in the loop; each 5C store uses that source and clamps negative results to zero
228352,follows,"ut92 228200/2284E0: +E36 steps when +E3C, paced by memory_timers.h, passes 60"
22865D,follows,"ut92 228200/2284E0: +E36 steps when +E3C, paced by memory_timers.h, passes 60"
2290B4,stock,"229060 adds the result of 2294A0 to +1190; that helper multiplies the computed displacement magnitude by zero before dividing by C0, so this term has no temporal advancement"
229349,fixed,ut96 229160: the object X and Z approach their computed targets using compounded 0.2 factors
22936C,fixed,ut96 229160: the object X and Z approach their computed targets using compounded 0.2 factors
229B13,stock,"ut9a update 229A20 adds 20 to object Y solely to call 45FC40 in the raised coordinate frame, then subtracts the same 20 immediately after the query"
229B39,stock,"ut9a update 229A20 adds 20 to object Y solely to call 45FC40 in the raised coordinate frame, then subtracts the same 20 immediately after the query"
229DBE,once,"ut9a phase-zero entry computes its initial orientation once, then advances E36 to one before subsequent updates."
22A013,stock,ut9a's repeated orientation approach is the globally time-corrected 2DA510 turn helper.
22A0D8,stock,"ut9a copies the player's X/Z into its own position each update before adding the normalized radial offset; these are fresh position construction, not integrated velocity. The bounded radial offset's growth is corrected separately at 22A05D."
22A0F6,stock,"ut9a copies the player's X/Z into its own position each update before adding the normalized radial offset; these are fresh position construction, not integrated velocity. The bounded radial offset's growth is corrected separately at 22A05D."
22AC3A,once,"ut9e collision teleport copies the remembered position, advances the destination height by 50, and sets E36=2; entering phase 2 clears +1150 before continued motion. The displacement belongs to the teleport event."
22AD98,once,"ut9e collision teleport copies the remembered position, advances the destination height by 50, and sets E36=2; entering phase 2 clears +1150 before continued motion. The displacement belongs to the teleport event."
22BEDE,follows,utbb 22BE90: patched signed 0.05 sources at 22BEAB and 22BECB feed the D2C add; the later store clamps the same result to zero to one
22BEF4,follows,utbb 22BE90: patched signed 0.05 sources at 22BEAB and 22BECB feed the D2C add; the later store clamps the same result to zero to one
22C0A0,once,utbb 22C000/22C1A0/22C2F0: +E36 advances from zero to one only in the initial motion setup branch. Subsequent updates enter phase one directly.
22C267,once,utbb 22C000/22C1A0/22C2F0: +E36 advances from zero to one only in the initial motion setup branch. Subsequent updates enter phase one directly.
22C362,once,utbb 22C000/22C1A0/22C2F0: +E36 advances from zero to one only in the initial motion setup branch. Subsequent updates enter phase one directly.
22CC5C,stock,"utbc 22CC00 runs only while E14 is zero; the E10 add at 22CC5C uses E14 times 0.8, so it always adds zero on this path"
22CC74,once,"utbc 22CC00 on E35 state one and E14 zero sets E34 to 0x201, making E35 state two; the E18 displacement at 22CC74 is the one-time transition placement"
22CDBA,fixed,Both 22CCA0 callers now run the complete coupled physics update at stock cadence: gatefn 22DAD0 handles airborne forces/gravity/drag/integration and gatefn 22DB40 handles grounded forces/friction/integration. All calls to this helper are within those gates.
22CDCC,fixed,Both 22CCA0 callers now run the complete coupled physics update at stock cadence: gatefn 22DAD0 handles airborne forces/gravity/drag/integration and gatefn 22DB40 handles grounded forces/friction/integration. All calls to this helper are within those gates.
22CDE0,fixed,Both 22CCA0 callers now run the complete coupled physics update at stock cadence: gatefn 22DAD0 handles airborne forces/gravity/drag/integration and gatefn 22DB40 handles grounded forces/friction/integration. All calls to this helper are within those gates.
22CE7B,fixed,Both 22CCA0 callers now run the complete coupled physics update at stock cadence: gatefn 22DAD0 handles airborne forces/gravity/drag/integration and gatefn 22DB40 handles grounded forces/friction/integration. All calls to this helper are within those gates.
22CE9A,fixed,Both 22CCA0 callers now run the complete coupled physics update at stock cadence: gatefn 22DAD0 handles airborne forces/gravity/drag/integration and gatefn 22DB40 handles grounded forces/friction/integration. All calls to this helper are within those gates.
22CEB3,fixed,Both 22CCA0 callers now run the complete coupled physics update at stock cadence: gatefn 22DAD0 handles airborne forces/gravity/drag/integration and gatefn 22DB40 handles grounded forces/friction/integration. All calls to this helper are within those gates.
22D5FA,once,utbc reflects X/Z velocity only when wall-contact bit F90.80 and the incoming-angle test succeed; the 0.95 factor is impact energy retention.
22D63A,once,utbc reflects X/Z velocity only when wall-contact bit F90.80 and the incoming-angle test succeed; the 0.95 factor is impact energy retention.
22DB16,fixed,"Whole-function gate 22DAD0 executes original gravity, 0.99 damping and position integration together once per stock period. The old isolated decay retarget was removed to avoid damping twice. Focused stock/held-window checks passed."
22DC12,fixed,"utbc 22DB40: caller 22C880 now invokes its complete force, position and 0.9 drag update once per stock tick, retaining their order and collision clamp"
22DC27,fixed,"utbc 22DB40: caller 22C880 now invokes its complete force, position and 0.9 drag update once per stock tick, retaining their order and collision clamp"
22DC40,fixed,"utbc 22DB40: caller 22C880 now invokes its complete force, position and 0.9 drag update once per stock tick, retaining their order and collision clamp"
22DC98,fixed,"utbc 22DB40: caller 22C880 now invokes its complete force, position and 0.9 drag update once per stock tick, retaining their order and collision clamp"
22DCA0,fixed,"utbc 22DB40: caller 22C880 now invokes its complete force, position and 0.9 drag update once per stock tick, retaining their order and collision clamp"
22E5C9,fixed,"utbd 22E430: the scale growth (src 22E5B8/22E5BD) and the state-5 countdown (count 22E60F, notyet 22E615)"
22E5D1,fixed,"utbd 22E430: the scale growth (src 22E5B8/22E5BD) and the state-5 countdown (count 22E60F, notyet 22E615)"
22E60F,fixed,"utbd 22E430: the scale growth (src 22E5B8/22E5BD) and the state-5 countdown (count 22E60F, notyet 22E615)"
22E6E7,stock,utbd 22E430 subtracts the wrapped difference between the current parent/model basis angle and the previous stored basis +110C from the child angle. The function records the new basis at exit; this compensates existing motion rather than advancing a separate clock.
22E717,fixed,"wp20 0x624 / utbd 22E430: the parts' springs, now zfirst on the pull and pre/src on the joint's move (near_rows01)"
22E73F,fixed,"wp20 0x624 / utbd 22E430: the parts' springs, now zfirst on the pull and pre/src on the joint's move (near_rows01)"
22E793,follows,"utbd 22E430 / wp20 0x624: the joint gives back 0.8 of the parent's turn since the last tick (+110C/+1C64 keep the last), whatever the rate"
22E7C3,fixed,"wp20 0x624 / utbd 22E430: the parts' springs, now zfirst on the pull and pre/src on the joint's move (near_rows01)"
22E7E6,fixed,"wp20 0x624 / utbd 22E430: the parts' springs, now zfirst on the pull and pre/src on the joint's move (near_rows01)"
22EB48,once,"utbe 22EAC0 virtual slot nine initializes E34, copies the actor position to 1100 and 10F0, offsets the two query endpoints by plus/minus 1000 for 466240, then adds 500 to the resolved placement before copying it back; these are placement coordinates for initialization"
22EB60,once,"utbe 22EAC0 virtual slot nine initializes E34, copies the actor position to 1100 and 10F0, offsets the two query endpoints by plus/minus 1000 for 466240, then adds 500 to the resolved placement before copying it back; these are placement coordinates for initialization"
22EBCF,once,"utbe 22EAC0 virtual slot nine initializes E34, copies the actor position to 1100 and 10F0, offsets the two query endpoints by plus/minus 1000 for 466240, then adds 500 to the resolved placement before copying it back; these are placement coordinates for initialization"
22F2E3,once,"utcb 22F230: detection of the selected story trigger advances +E36 out of the zero phase, saves the trigger index and starts a five-tick wait. Both parent dispatchers call this helper only in phase zero."
22F850,fixed,"utcb 22F820: position.y +-= +1094 a tick, now src 22F83E/22F848"
22F8CF,once,"utcb 22F820 reaches the target height and increments E36 from phase two to phase three; both dispatchers 22F1C0 and the separate 22F600 leaf dispatch this helper only in phase two, so reaching either height branch exits that phase"
22F8F1,once,"utcb 22F820 reaches the target height and increments E36 from phase two to phase three; both dispatchers 22F1C0 and the separate 22F600 leaf dispatch this helper only in phase two, so reaching either height branch exits that phase"
23050A,follows,utd1 230400: patched 23046F supplies the shared 0.0122173 return-to-zero step to both signs of each of the four B4 angle updates
230826,follows,utd2 230760: the patched 2307CA and 2307D6 state-selected xmm7 phase speed feeds all submodel B8 angle advances and the +1070 phase add; 2308C2 conditionally wraps that advanced +1070 phase
23085F,follows,utd2 230760: the patched 2307CA and 2307D6 state-selected xmm7 phase speed feeds all submodel B8 angle advances and the +1070 phase add; 2308C2 conditionally wraps that advanced +1070 phase
2308A8,follows,utd2 230760: the patched 2307CA and 2307D6 state-selected xmm7 phase speed feeds all submodel B8 angle advances and the +1070 phase add; 2308C2 conditionally wraps that advanced +1070 phase
2308C2,follows,utd2 230760: the patched 2307CA and 2307D6 state-selected xmm7 phase speed feeds all submodel B8 angle advances and the +1070 phase add; 2308C2 conditionally wraps that advanced +1070 phase
23090B,follows,utd2 230760: the patched 2307CA and 2307D6 state-selected xmm7 phase speed feeds all submodel B8 angle advances and the +1070 phase add; 2308C2 conditionally wraps that advanced +1070 phase
230943,follows,utd2 230760: the patched 2307CA and 2307D6 state-selected xmm7 phase speed feeds all submodel B8 angle advances and the +1070 phase add; 2308C2 conditionally wraps that advanced +1070 phase
230987,follows,utd2 230760: the patched 2307CA and 2307D6 state-selected xmm7 phase speed feeds all submodel B8 angle advances and the +1070 phase add; 2308C2 conditionally wraps that advanced +1070 phase
230C7A,stock,"utd7 230BC0 adds three to the bounded +1628 action strength after the triggered action/sound and clamps it to 60. This is an action count, not elapsed time."
230F35,stock,"utd7 230E20 writes a sampled player position into its sixty-entry path ring only after the player has moved more than one unit from the preceding sample, then advances and wraps the index; this counts accepted spatial samples rather than elapsed updates"
23119A,follows,"utd7 2310C0: the colour's B channel +D28 steps by xmm2, the 0.05 world literal R and G use (231157)"
2313BE,fixed,"utd7 231200: the cooldown +1630, now count 2313BE"
2315F0,follows,utd7 231510: D20/D24/D28 all use the patched 0.2 source at 2315C5 for their approach to 1.6; the target-position XYZ stores all use the patched 0.3 source at 23164C for their approach to indexed targets
231618,follows,utd7 231510: D20/D24/D28 all use the patched 0.2 source at 2315C5 for their approach to 1.6; the target-position XYZ stores all use the patched 0.3 source at 23164C for their approach to indexed targets
231628,follows,utd7 231510: D20/D24/D28 all use the patched 0.2 source at 2315C5 for their approach to 1.6; the target-position XYZ stores all use the patched 0.3 source at 23164C for their approach to indexed targets
23168B,follows,utd7 231510: D20/D24/D28 all use the patched 0.2 source at 2315C5 for their approach to 1.6; the target-position XYZ stores all use the patched 0.3 source at 23164C for their approach to indexed targets
2316AD,follows,utd7 231510: D20/D24/D28 all use the patched 0.2 source at 2315C5 for their approach to 1.6; the target-position XYZ stores all use the patched 0.3 source at 23164C for their approach to indexed targets
2316D0,follows,utd7 231510: D20/D24/D28 all use the patched 0.2 source at 2315C5 for their approach to 1.6; the target-position XYZ stores all use the patched 0.3 source at 23164C for their approach to indexed targets
231CB5,follows,"utd9 231A80: the colour's G/B lerp toward 1 by xmm2, the 0.1 world literal its R lerp loads (231C73)"
231CC5,follows,"utd9 231A80: the colour's G/B lerp toward 1 by xmm2, the 0.1 world literal its R lerp loads (231C73)"
232CB6,fixed,"utdc 232C10: one locally scaled 0.2 step feeds all three D20/D24/D28 shrink or growth channels, with original 0.5 and 1.5 endpoint clamps"
232CC9,fixed,"utdc 232C10: one locally scaled 0.2 step feeds all three D20/D24/D28 shrink or growth channels, with original 0.5 and 1.5 endpoint clamps"
232CD1,fixed,"utdc 232C10: one locally scaled 0.2 step feeds all three D20/D24/D28 shrink or growth channels, with original 0.5 and 1.5 endpoint clamps"
232D88,fixed,"utdc 232C10: one locally scaled 0.2 step feeds all three D20/D24/D28 shrink or growth channels, with original 0.5 and 1.5 endpoint clamps"
232D90,fixed,"utdc 232C10: one locally scaled 0.2 step feeds all three D20/D24/D28 shrink or growth channels, with original 0.5 and 1.5 endpoint clamps"
232D98,fixed,"utdc 232C10: one locally scaled 0.2 step feeds all three D20/D24/D28 shrink or growth channels, with original 0.5 and 1.5 endpoint clamps"
235D1B,once,"utf6 lowers the linked model four units on entry into a new attempt, advances E36, and raises it again on phase-six completion or cancellation while resetting E36 to zero. These are paired fixed spatial offsets."
235E60,once,"utf6 lowers the linked model four units on entry into a new attempt, advances E36, and raises it again on phase-six completion or cancellation while resetting E36 to zero. These are paired fixed spatial offsets."
235F14,once,utf6's capped 1118 field counts attempts: the case-one proximity event increments it once after setting E36 to two and initializing that attempt's E3C/E3E duration.
236431,once,"utf6 lowers the linked model four units on entry into a new attempt, advances E36, and raises it again on phase-six completion or cancellation while resetting E36 to zero. These are paired fixed spatial offsets."
236468,once,"utf6 lowers the linked model four units on entry into a new attempt, advances E36, and raises it again on phase-six completion or cancellation while resetting E36 to zero. These are paired fixed spatial offsets."
236BDA,once,"utf6 236A50 applies the submodel height offset on phase entry/activation and restores it on phase completion; E36 changes immediately, so these offsets are event mutations."
236C6E,once,"utf6 236A50 applies the submodel height offset on phase entry/activation and restores it on phase completion; E36 changes immediately, so these offsets are event mutations."
236D16,once,"utf6 activation changes E36 from 1 to 2 and increments the activation count 1118 once, clamped to 100."
236D94,once,"utf6 activation increments one of the two saved event-completion totals, and only for the corresponding C8/C9 variant; the state has already changed to 2."
236E30,once,"utf6 activation increments one of the two saved event-completion totals, and only for the corresponding C8/C9 variant; the state has already changed to 2."
23731C,once,utf6 236A50: a submodel's y gains xmm6 once when its countdown runs out (the state +E36 is set in the same branch)
237364,once,"utf6 236A50 applies the submodel height offset on phase entry/activation and restores it on phase completion; E36 changes immediately, so these offsets are event mutations."
238711,fixed,em6a 2D48E0 and es18 35E5F0: their random U/V steps use a scaled 0.03 before calling the material wrap helpers
238716,fixed,em6a 2D48E0 and es18 35E5F0: their random U/V steps use a scaled 0.03 before calling the material wrap helpers
238729,follows,em6a/es18 U/V helper: these stores only normalize a U/V phase by an integral unit after adding the scaled random step
238749,follows,em6a/es18 U/V helper: these stores only normalize a U/V phase by an integral unit after adding the scaled random step
238769,follows,em6a/es18 U/V helper: these stores only normalize a U/V phase by an integral unit after adding the scaled random step
23877C,follows,em6a/es18 U/V helper: these stores only normalize a U/V phase by an integral unit after adding the scaled random step
2387EC,fixed,cEm slot 38: a countdown count
2389C0,once,cEm (238990): the damage handler (health -= damage; +1148 += the amount)
2389CB,once,cEm (238990): the damage handler (health -= damage; +1148 += the amount)
238C62,once,238C40 adds a hit's byte (+13 of the hit data) to +1130 when the hit carries flag 25.
239068,fixed,239010: generated gatefn at the function entry paces both parity-based hit shake and the +10C0 hit-stop decrement; the audited callers discard the return value
239441,stock,"239420, ""has the animation ended"": the rate +F54 times the speed for one motion advance, then put back"
239521,fixed,cEm slot 33: the near-camera fade blend
23954F,fixed,cEm slot 33: the near-camera fade blend
23957D,fixed,cEm slot 33: the near-camera fade blend
2398AC,once,"239810, on an enemy's defeat, scales its reward count +112C by 3CDE70's factor."
239ACE,stock,"239AA0 (enemies' advance-and-test, 10 callers): +F54 = +F54 x speed only for the motion advance's call, and put back right after"
239E49,stock,"em29 239DD0 takes new U/V offsets in xmm2/xmm3, writes them directly to material +60/+64, then these two stores only add or subtract whole units to normalize V to its -1..1 range"
239E5C,stock,"em29 239DD0 takes new U/V offsets in xmm2/xmm3, writes them directly to material +60/+64, then these two stores only add or subtract whole units to normalize V to its -1..1 range"
23A174,once,"cEm (23A130): a turn-around, heading + pi, when it starts a state (0x602)"
23A32E,follows,23A2E0 (turn toward Amaterasu at rate x speed): the steer group scales its limit at each of its 146 calls.
23A8F9,once,23A850 doubles the enemy's health +1020 (and sets +E44) when it is set up.
23A94A,fixed,cEm (23A920): two countdowns count
23A97F,fixed,cEm (23A920): two countdowns count
23AB41,stock,Registry removal decrements its population only after finding and clearing the matching registered pointer.
23ABDA,stock,"23ABA0..23AC00 has no direct external entry, aligned or unaligned actual code pointer, switch/LEA reference, export reference or physical fallthrough. Generator rechecks this complete range on the audited image; unwind frame descriptions cannot invoke it."
23AE3A,stock,Battle reset repairs a bounded signed inventory field after clearing the battle arrays; this is discrete reset bookkeeping.
23B493,stock,"23B3A0 clears the entire +10A8 dword before scanning thirty-two other actors, then counts successful geometric probes separately in bytes +10A8 through +10AB; each call recomputes the four contact counts"
23B4D0,stock,"23B3A0 clears the entire +10A8 dword before scanning thirty-two other actors, then counts successful geometric probes separately in bytes +10A8 through +10AB; each call recomputes the four contact counts"
23B50C,stock,"23B3A0 clears the entire +10A8 dword before scanning thirty-two other actors, then counts successful geometric probes separately in bytes +10A8 through +10AB; each call recomputes the four contact counts"
23B548,stock,"23B3A0 clears the entire +10A8 dword before scanning thirty-two other actors, then counts successful geometric probes separately in bytes +10A8 through +10AB; each call recomputes the four contact counts"
23BA6F,once,23B9F0: +88 is the manager's phase; each increment is one transition after its action completes.
23BAF1,once,23B9F0: +88 is the manager's phase; each increment is one transition after its action completes.
23BB09,once,23B9F0: +88 is the manager's phase; each increment is one transition after its action completes.
23BB31,once,23B9F0: +88 is the manager's phase; each increment is one transition after its action completes.
23D0AD,stock,"23C420, the battle list's sound-bank sequencer (polls 4484F0's slots after its +1C waits), under 23D700 and 23B9F0, which both scene spins call: load latency"
23D1D1,stock,"23C420, the battle list's sound-bank sequencer (polls 4484F0's slots after its +1C waits), under 23D700 and 23B9F0, which both scene spins call: load latency"
23D293,stock,"23C420, the battle list's sound-bank sequencer (polls 4484F0's slots after its +1C waits), under 23D700 and 23B9F0, which both scene spins call: load latency"
23D2C7,stock,"23C420, the battle list's sound-bank sequencer (polls 4484F0's slots after its +1C waits), under 23D700 and 23B9F0, which both scene spins call: load latency"
23D446,stock,"23C420, the battle list's sound-bank sequencer (polls 4484F0's slots after its +1C waits), under 23D700 and 23B9F0, which both scene spins call: load latency"
23D900,once,"2389F0, an enemy's removal, tallies the kill on its spawner through 23D900 (+10 and the per-type table 9C4730)."
23D90D,once,"2389F0, an enemy's removal, tallies the kill on its spawner through 23D900 (+10 and the per-type table 9C4730)."
23E466,stock,"Spawn census initializes the counters and pointer table at entry, then counts created slots while scanning four bounded groups of data records."
23E488,stock,"Spawn census initializes the counters and pointer table at entry, then counts created slots while scanning four bounded groups of data records."
23E687,stock,"23E630..23E6E0 has no direct external entry, aligned or unaligned actual code pointer, switch/LEA reference, export reference or physical fallthrough. Generator rechecks this complete range on the audited image; unwind frame descriptions cannot invoke it."
23F15E,once,Pooled actor activation clears the pending pool flag and hidden D40 bit before subtracting the matching 10000-unit hiding offset; the next update cannot activate that same pending slot again.
23F3B2,once,"23F370 increments +14AA as an action-selection count and immediately writes a new action +E34 on every exit; caller 246E60 invokes it only after 239420 reports motion completion, and the resulting action leaves the completed state"
23F3DE,once,"23F370 increments +14AA as an action-selection count and immediately writes a new action +E34 on every exit; caller 246E60 invokes it only after 239420 reports motion completion, and the resulting action leaves the completed state"
23F465,once,"23F370 increments +14AA as an action-selection count and immediately writes a new action +E34 on every exit; caller 246E60 invokes it only after 239420 reports motion completion, and the resulting action leaves the completed state"
23F47B,once,"23F370 increments +14AA as an action-selection count and immediately writes a new action +E34 on every exit; caller 246E60 invokes it only after 239420 reports motion completion, and the resulting action leaves the completed state"
23FA70,fixed,Common em00.. update 241180: 23F8D0 loads one stock-valued colour step at 23F8E4 and passes it in xmm3 to both calls of each of five helpers; the lin row scales that one step before their RGB additions/subtractions and clamp checks
23FA8D,fixed,Common em00.. update 241180: 23F8D0 loads one stock-valued colour step at 23F8E4 and passes it in xmm3 to both calls of each of five helpers; the lin row scales that one step before their RGB additions/subtractions and clamp checks
23FAB0,fixed,Common em00.. update 241180: 23F8D0 loads one stock-valued colour step at 23F8E4 and passes it in xmm3 to both calls of each of five helpers; the lin row scales that one step before their RGB additions/subtractions and clamp checks
23FAF3,fixed,Common em00.. update 241180: 23F8D0 loads one stock-valued colour step at 23F8E4 and passes it in xmm3 to both calls of each of five helpers; the lin row scales that one step before their RGB additions/subtractions and clamp checks
23FB15,fixed,Common em00.. update 241180: 23F8D0 loads one stock-valued colour step at 23F8E4 and passes it in xmm3 to both calls of each of five helpers; the lin row scales that one step before their RGB additions/subtractions and clamp checks
23FB3F,fixed,Common em00.. update 241180: 23F8D0 loads one stock-valued colour step at 23F8E4 and passes it in xmm3 to both calls of each of five helpers; the lin row scales that one step before their RGB additions/subtractions and clamp checks
23FBF1,fixed,Common em00.. update 241180: 23F8D0 loads one stock-valued colour step at 23F8E4 and passes it in xmm3 to both calls of each of five helpers; the lin row scales that one step before their RGB additions/subtractions and clamp checks
23FC1A,fixed,Common em00.. update 241180: 23F8D0 loads one stock-valued colour step at 23F8E4 and passes it in xmm3 to both calls of each of five helpers; the lin row scales that one step before their RGB additions/subtractions and clamp checks
23FC30,fixed,Common em00.. update 241180: 23F8D0 loads one stock-valued colour step at 23F8E4 and passes it in xmm3 to both calls of each of five helpers; the lin row scales that one step before their RGB additions/subtractions and clamp checks
23FC77,fixed,Common em00.. update 241180: 23F8D0 loads one stock-valued colour step at 23F8E4 and passes it in xmm3 to both calls of each of five helpers; the lin row scales that one step before their RGB additions/subtractions and clamp checks
23FCA0,fixed,Common em00.. update 241180: 23F8D0 loads one stock-valued colour step at 23F8E4 and passes it in xmm3 to both calls of each of five helpers; the lin row scales that one step before their RGB additions/subtractions and clamp checks
23FCC2,fixed,Common em00.. update 241180: 23F8D0 loads one stock-valued colour step at 23F8E4 and passes it in xmm3 to both calls of each of five helpers; the lin row scales that one step before their RGB additions/subtractions and clamp checks
23FD81,fixed,Common em00.. update 241180: 23F8D0 loads one stock-valued colour step at 23F8E4 and passes it in xmm3 to both calls of each of five helpers; the lin row scales that one step before their RGB additions/subtractions and clamp checks
23FDA6,fixed,Common em00.. update 241180: 23F8D0 loads one stock-valued colour step at 23F8E4 and passes it in xmm3 to both calls of each of five helpers; the lin row scales that one step before their RGB additions/subtractions and clamp checks
23FDC0,fixed,Common em00.. update 241180: 23F8D0 loads one stock-valued colour step at 23F8E4 and passes it in xmm3 to both calls of each of five helpers; the lin row scales that one step before their RGB additions/subtractions and clamp checks
23FE07,fixed,Common em00.. update 241180: 23F8D0 loads one stock-valued colour step at 23F8E4 and passes it in xmm3 to both calls of each of five helpers; the lin row scales that one step before their RGB additions/subtractions and clamp checks
23FE30,fixed,Common em00.. update 241180: 23F8D0 loads one stock-valued colour step at 23F8E4 and passes it in xmm3 to both calls of each of five helpers; the lin row scales that one step before their RGB additions/subtractions and clamp checks
23FE52,fixed,Common em00.. update 241180: 23F8D0 loads one stock-valued colour step at 23F8E4 and passes it in xmm3 to both calls of each of five helpers; the lin row scales that one step before their RGB additions/subtractions and clamp checks
23FF10,fixed,Common em00.. update 241180: 23F8D0 loads one stock-valued colour step at 23F8E4 and passes it in xmm3 to both calls of each of five helpers; the lin row scales that one step before their RGB additions/subtractions and clamp checks
23FF2D,fixed,Common em00.. update 241180: 23F8D0 loads one stock-valued colour step at 23F8E4 and passes it in xmm3 to both calls of each of five helpers; the lin row scales that one step before their RGB additions/subtractions and clamp checks
23FF47,fixed,Common em00.. update 241180: 23F8D0 loads one stock-valued colour step at 23F8E4 and passes it in xmm3 to both calls of each of five helpers; the lin row scales that one step before their RGB additions/subtractions and clamp checks
23FF98,fixed,Common em00.. update 241180: 23F8D0 loads one stock-valued colour step at 23F8E4 and passes it in xmm3 to both calls of each of five helpers; the lin row scales that one step before their RGB additions/subtractions and clamp checks
23FFBA,fixed,Common em00.. update 241180: 23F8D0 loads one stock-valued colour step at 23F8E4 and passes it in xmm3 to both calls of each of five helpers; the lin row scales that one step before their RGB additions/subtractions and clamp checks
23FFDC,fixed,Common em00.. update 241180: 23F8D0 loads one stock-valued colour step at 23F8E4 and passes it in xmm3 to both calls of each of five helpers; the lin row scales that one step before their RGB additions/subtractions and clamp checks
2400A5,fixed,Common em00.. update 241180: 23F8D0 loads one stock-valued colour step at 23F8E4 and passes it in xmm3 to both calls of each of five helpers; the lin row scales that one step before their RGB additions/subtractions and clamp checks
2400BE,fixed,Common em00.. update 241180: 23F8D0 loads one stock-valued colour step at 23F8E4 and passes it in xmm3 to both calls of each of five helpers; the lin row scales that one step before their RGB additions/subtractions and clamp checks
2400DC,fixed,Common em00.. update 241180: 23F8D0 loads one stock-valued colour step at 23F8E4 and passes it in xmm3 to both calls of each of five helpers; the lin row scales that one step before their RGB additions/subtractions and clamp checks
240120,fixed,Common em00.. update 241180: 23F8D0 loads one stock-valued colour step at 23F8E4 and passes it in xmm3 to both calls of each of five helpers; the lin row scales that one step before their RGB additions/subtractions and clamp checks
24013A,fixed,Common em00.. update 241180: 23F8D0 loads one stock-valued colour step at 23F8E4 and passes it in xmm3 to both calls of each of five helpers; the lin row scales that one step before their RGB additions/subtractions and clamp checks
24015B,fixed,Common em00.. update 241180: 23F8D0 loads one stock-valued colour step at 23F8E4 and passes it in xmm3 to both calls of each of five helpers; the lin row scales that one step before their RGB additions/subtractions and clamp checks
2404B9,once,"em00..em03 slot 25 (240190): hit counters (+12B5 up to 5, +14B7 down) bumped once a hit (E72 bit 7, then cleared)"
240ED5,once,"em00..em03 slot 25 (240190): hit counters (+12B5 up to 5, +14B7 down) bumped once a hit (E72 bit 7, then cleared)"
241296,fixed,"em00..em03 241180: the effect spawner +1136 and the below-target count +12B6, now count rows 241296/2412E8"
2412E8,fixed,"em00..em03 241180: the effect spawner +1136 and the below-target count +12B6, now count rows 241296/2412E8"
242656,fixed,em00..em03 (2422E0): a sub-model's spin lin
242913,once,"242760 phase 0 normalizes and doubles the launch direction once, then sets E36 to 1; 239420 performs the following time-correct movement."
24291B,once,"242760 phase 0 normalizes and doubles the launch direction once, then sets E36 to 1; 239420 performs the following time-correct movement."
242B20,once,"242A20 phase-zero launch setup computes initial turn, jitter and normalized direction times launch speed; the same branch then sets phase one."
242B57,once,"242A20 phase-zero launch setup computes initial turn, jitter and normalized direction times launch speed; the same branch then sets phase one."
242BA8,once,"242A20 phase-zero launch setup computes initial turn, jitter and normalized direction times launch speed; the same branch then sets phase one."
242BB0,once,"242A20 phase-zero launch setup computes initial turn, jitter and normalized direction times launch speed; the same branch then sets phase one."
242DC5,once,"242CB0 phase 0 initializes a newly normalized launch direction, multiplies E10/E18 by the chosen speed, then switches E36 to 1; these are launch settings, not accumulated movement."
242DF0,once,"242CB0 phase 0 initializes a newly normalized launch direction, multiplies E10/E18 by the chosen speed, then switches E36 to 1; these are launch settings, not accumulated movement."
242E04,once,"242CB0 phase 0 initializes a newly normalized launch direction, multiplies E10/E18 by the chosen speed, then switches E36 to 1; these are launch settings, not accumulated movement."
24375B,fixed,"243630, 243EE0, 2A1710, 2A1E90 (the imps' and their kin's knockback states, from 242060 and 29F500): the heading +B4 approaches its target through 2DA510, whose k the FixTurnRate hook converts at its entry for every caller."
24388C,fixed,"243630, 243EE0, 2A1710, 2A1E90 (the imps' and their kin's knockback states, from 242060 and 29F500): the heading +B4 approaches its target through 2DA510, whose k the FixTurnRate hook converts at its entry for every caller."
243A1A,fixed,"243630, 243EE0, 2A1710, 2A1E90 (the imps' and their kin's knockback states, from 242060 and 29F500): the heading +B4 approaches its target through 2DA510, whose k the FixTurnRate hook converts at its entry for every caller."
243FB9,fixed,"243630, 243EE0, 2A1710, 2A1E90 (the imps' and their kin's knockback states, from 242060 and 29F500): the heading +B4 approaches its target through 2DA510, whose k the FixTurnRate hook converts at its entry for every caller."
2440BE,fixed,"243630, 243EE0, 2A1710, 2A1E90 (the imps' and their kin's knockback states, from 242060 and 29F500): the heading +B4 approaches its target through 2DA510, whose k the FixTurnRate hook converts at its entry for every caller."
244DCC,once,244C80 increments the entry latch from phase zero to phase two during shrink-state initialization before setting the animation and timer.
244E2C,fixed,244C80 uses corrected shared 0.03 steps at 244DF2 for every shrink channel and 2450F4 for every grow channel.
244E4F,fixed,244C80 uses corrected shared 0.03 steps at 244DF2 for every shrink channel and 2450F4 for every grow channel.
244F2F,follows,244C80 consumes its finite animation-repeat count only when motion-completion query 239420 returns true.
245120,fixed,244C80 uses corrected shared 0.03 steps at 244DF2 for every shrink channel and 2450F4 for every grow channel.
245128,fixed,244C80 uses corrected shared 0.03 steps at 244DF2 for every shrink channel and 2450F4 for every grow channel.
2455A6,once,"2453B0 phase 0 normalizes and doubles the launch direction once, then sets E36 to 1 before the motion loop."
2455AE,once,"2453B0 phase 0 normalizes and doubles the launch direction once, then sets E36 to 1 before the motion loop."
245843,once,"245660 phase 0 normalizes and doubles the launch direction once, then sets E36 to 1 before the motion loop."
24584B,once,"245660 phase 0 normalizes and doubles the launch direction once, then sets E36 to 1 before the motion loop."
245AE3,once,"245900 phase 0 normalizes and doubles the launch direction once, then sets E36 to 1 before the motion loop."
245AEB,once,"245900 phase 0 normalizes and doubles the launch direction once, then sets E36 to 1 before the motion loop."
245D8A,once,"245BA0 initializes the normalized launch direction, doubles it, loads the 70-tick wait and sets E36 to 1; later calls bypass these stores."
245D92,once,"245BA0 initializes the normalized launch direction, doubles it, loads the 70-tick wait and sets E36 to 1; later calls bypass these stores."
245F6B,once,245E50 (from 242270) lifts the enemy by xmm7 once on a state's entry.
246678,once,"24A340, 2543B0, 2A0190, 2A0D00, 2462C0, 249960: one-time work on a state's entry or end (a jump count +14A9 spent, a heading snap with a 2 pi limit, the sub-state +E36 advanced after a motion starts or the death fade ends)."
246CF1,once,246C20: +E37 (0 to 3 at random) counts the motion's loops down when one ends.
246F47,once,em00..em03 slot 43 (246E60): +12B4 += 1 (and a coin toss) when the action starts
246F54,once,em00..em03 slot 43 (246E60): +12B4 += 1 (and a coin toss) when the action starts
247145,stock,"em00..em03 slot 43: +EC0 += +E48, which this action sets from the time scale (24706F: the census's port-scaled step)"
247A08,once,"Imp states 2488B0, 249A90, 247900 (from 2422E0): the speed +E48 is set once on entry (a random speed times the port's time scale B6AC38), then its sign flipped at random."
2489E7,once,"Imp states 2488B0, 249A90, 247900 (from 2422E0): the speed +E48 is set once on entry (a random speed times the port's time scale B6AC38), then its sign flipped at random."
248AFF,follows,"Imp states 2488B0, 249A90: the root step +EC0 gains +1080 x +E48 a tick, and +E48 already carries the port's time scale B6AC38 (0.25 at 120 in play)."
2499ED,once,"24A340, 2543B0, 2A0190, 2A0D00, 2462C0, 249960: one-time work on a state's entry or end (a jump count +14A9 spent, a heading snap with a 2 pi limit, the sub-state +E36 advanced after a motion starts or the death fade ends)."
249BBF,once,"Imp states 2488B0, 249A90, 247900 (from 2422E0): the speed +E48 is set once on entry (a random speed times the port's time scale B6AC38), then its sign flipped at random."
249CD7,follows,"Imp states 2488B0, 249A90: the root step +EC0 gains +1080 x +E48 a tick, and +E48 already carries the port's time scale B6AC38 (0.25 at 120 in play)."
24A3F7,once,"24A340, 2543B0, 2A0190, 2A0D00, 2462C0, 249960: one-time work on a state's entry or end (a jump count +14A9 spent, a heading snap with a 2 pi limit, the sub-state +E36 advanced after a motion starts or the death fade ends)."
24A40D,once,"24A340, 2543B0, 2A0190, 2A0D00, 2462C0, 249960: one-time work on a state's entry or end (a jump count +14A9 spent, a heading snap with a 2 pi limit, the sub-state +E36 advanced after a motion starts or the death fade ends)."
24B54E,once,"a turn toward Amaterasu by the clamped angle (2DDF90) with a limit of speed x pi or (130 - n) degrees, once as an action starts (its sub-state set right after)"
24C2F7,fixed,"2DA570, the clamped approach: its call is a world_anims callblend already (24C2E2)"
24C4E5,once,"an action's loop count (+E37) stepped when its animation ends (239420), or its sub-state (+E36)"
24CE09,once,"a turn toward Amaterasu by the clamped angle (2DDF90) with a limit of speed x pi or (130 - n) degrees, once as an action starts (its sub-state set right after)"
24D75A,once,"an action's loop count (+E37) stepped when its animation ends (239420), or its sub-state (+E36)"
24D987,once,"an action's loop count (+E37) stepped when its animation ends (239420), or its sub-state (+E36)"
24DB7C,once,"a turn toward Amaterasu by the clamped angle (2DDF90) with a limit of speed x pi or (130 - n) degrees, once as an action starts (its sub-state set right after)"
24DCE1,once,"em02 24D9B0: +E37 (repeats left) steps once per wait +E3C's end, with the state +E36 = 3"
24E3B4,fixed,em02 slot 49 (24E230): the hit probe's reach lin
24E3B8,fixed,em02 slot 49 (24E230): the hit probe's reach lin
24E41A,fixed,em02 slot 49 (24E230): the hit probe's reach lin
24E654,once,an action's sub-state (+E36) stepped as its animation starts or ends
24ECC5,fixed,"em03/em80 24EB80: the tint's countdown count, its approaches srcblend, the shock radius srcx"
24ECDC,fixed,"em03/em80 24EB80: the tint's countdown count, its approaches srcblend, the shock radius srcx"
24ECF3,fixed,"em03/em80 24EB80: the tint's countdown count, its approaches srcblend, the shock radius srcx"
24ED17,fixed,"em03/em80 24EB80: the tint's countdown count, its approaches srcblend, the shock radius srcx"
24ED2E,fixed,"em03/em80 24EB80: the tint's countdown count, its approaches srcblend, the shock radius srcx"
24ED50,fixed,"em03/em80 24EB80: the tint's countdown count, its approaches srcblend, the shock radius srcx"
24EF42,fixed,"em03/em80 24EB80: the tint's countdown count, its approaches srcblend, the shock radius srcx"
24F106,once,wp51 helper 24F100: +14C1 counts live spawned parts and loses one only when an event/damage path in 39E020 retires a part; it is not elapsed time
24F537,once,"a turn toward Amaterasu by the clamped angle (2DDF90) with a limit of speed x pi, once as an action starts"
24FACE,once,24F9C0 spawns an object (2DA050) and counts the spawns in +14C1.
250EE2,once,an attack count (+1296) stepped once per attack
2512B4,once,an attack count (+1296) stepped once per attack
25141C,fixed,the slot-8 effect spawners' counters count
253EEB,once,253D20: position.y += 20 once as it starts (an effect and +E36's step follow)
25453F,once,"24A340, 2543B0, 2A0190, 2A0D00, 2462C0, 249960: one-time work on a state's entry or end (a jump count +14A9 spent, a heading snap with a 2 pi limit, the sub-state +E36 advanced after a motion starts or the death fade ends)."
254545,once,"24A340, 2543B0, 2A0190, 2A0D00, 2462C0, 249960: one-time work on a state's entry or end (a jump count +14A9 spent, a heading snap with a 2 pi limit, the sub-state +E36 advanced after a motion starts or the death fade ends)."
255372,once,"a state's start: the sub-state +E36/+E37 steps once beside the motion's start, an effect or sound, or the timer +E3C's set (em7a 2D4BFE: once per animation end) (template substate_start)"
255DE6,once,"a state's start: the sub-state +E36/+E37 steps once beside the motion's start, an effect or sound, or the timer +E3C's set (em7a 2D4BFE: once per animation end) (template substate_start)"
256242,fixed,"255ED0: x approaches its point through the blend literal 256222; z += +E18 a tick, now pre 256255"
25625A,fixed,"255ED0: x approaches its point through the blend literal 256222; z += +E18 a tick, now pre 256255"
256DD8,once,"enemy states (2529B0's): +E37, the repeats left, steps once per animation end or clock expiry, with the state's next step"
257697,once,"enemy states (2529B0's): +E37, the repeats left, steps once per animation end or clock expiry, with the state's next step"
258136,once,"enemy states (2529B0's): +E37, the repeats left, steps once per animation end or clock expiry, with the state's next step"
25832F,once,"enemy state starters (2529B0's, em13/em14 25F960's): +E36 steps once at the state's start, beside an effect or a sound"
25852D,once,"enemy states (2529B0's): +E37, the repeats left, steps once per animation end or clock expiry, with the state's next step"
2598AA,once,2597C0 (from 23B790) turns the heading half around once.
259A6F,once,an action's sub-state (+E36) stepped as its animation starts or ends
259CB4,fixed,em09's fade lin
25A28B,once,an action's sub-state (+E36) stepped as its animation starts or ends
25A3BC,once,an action's sub-state (+E36) stepped as its animation starts or ends
25A6A1,once,em0f 25A510: a hop's vertical speed set from a random draw as it starts
25AB70,once,a damage handler (health -= damage)
25AB79,once,a damage handler (health -= damage)
25AB7F,once,a damage handler (health -= damage)
25B964,fixed,the slot-8 effect spawners' counters count
25C180,once,an action's sub-state (+E36) stepped as its animation starts or ends
25C46F,once,an action's sub-state (+E36) stepped as its animation starts or ends
25CA52,once,"em12: its heading + pi once, turning round after a spawn"
25D2F3,once,an action's sub-state (+E36) stepped as its animation starts or ends
25D44C,once,"a state's start: the sub-state +E36/+E37 steps once beside the motion's start, an effect or sound, or the timer +E3C's set (em7a 2D4BFE: once per animation end) (template substate_start)"
25D706,follows,"heading += +EF4, the animation's root turn, which the motion advance writes each tick at the animation's pace (nothing in the game code writes +EF0..+EF8)"
25DE37,once,em12 25DCC0: +E3C halved when its hit test finds Amaterasu
25E48B,once,"25E3B0 and its copy 272DA0 run on events (a timer's expiry, an animation's end, a state change): they place +1370 ahead, snap the heading +1380 toward the player (2 pi limit) and add a random bit to +11B3/+11B0."
25E4A2,once,"25E3B0 and its copy 272DA0 run on events (a timer's expiry, an animation's end, a state change): they place +1370 ahead, snap the heading +1380 toward the player (2 pi limit) and add a random bit to +11B3/+11B0."
25E517,fixed,em12's +1384 decrement lin
25E54B,fixed,"em12 25E4C0: the orbit radius +1384, now lin 25E535"
25E5DA,fixed,"em12 25E4C0: the orbit angle +1380 += speed x 0.0698 a tick, the speed's load a world step row (25E5AE)"
25E9AD,once,a damage handler (health -= damage)
25E9C4,once,a damage handler (health -= damage)
25E9CA,once,a damage handler (health -= damage)
25F464,fixed,the slot-8 effect spawners' counters count
25FC98,once,an action's sub-state (+E36) stepped as its animation starts or ends
26019F,once,an action's sub-state (+E36) stepped as its animation starts or ends
260283,once,"enemy state starters (2529B0's, em13/em14 25F960's): +E36 steps once at the state's start, beside an effect or a sound"
26037C,once,an action's sub-state (+E36) stepped as its animation starts or ends
26045D,once,"enemy state starters (2529B0's, em13/em14 25F960's): +E36 steps once at the state's start, beside an effect or a sound"
260540,once,an action's sub-state (+E36) stepped as its animation starts or ends
260A30,once,an action's sub-state (+E36) stepped as its animation starts or ends
260B4A,once,an action's sub-state (+E36) stepped as its animation starts or ends
260ED5,once,an action's sub-state (+E36) stepped as its animation starts or ends
2617E5,once,an action's loop count stepped when its animation ends (239420)
261B5A,once,an action's sub-state (+E36) stepped as its animation starts or ends
261C7F,follows,"em13/em14 261AC0: heading += +EF4, the root rotation the motion advance writes each tick"
2624B5,once,an action's loop count stepped when its animation ends (239420)
262BC0,once,an action's sub-state (+E36) stepped as its animation starts or ends
263224,stock,"em13/em14 263040: the heading's approach through 2DA510, whose k FixTurnRate converts at its entry"
2634F9,once,"em13/em14 263400/263550, em27/em29 2723C0: a repeats-left count (+E37, +11B3) steps once per animation end"
263A41,once,"em13/em14 263400/263550, em27/em29 2723C0: a repeats-left count (+E37, +11B3) steps once per animation end"
264168,once,a damage handler (health -= damage)
264173,once,a damage handler (health -= damage)
264656,fixed,em16's timers count
264E69,fixed,em16's timers count
2655F4,fixed,em16's timers count
2662FA,once,an action's loop count stepped when its animation ends (239420)
267070,once,"em16 267070: a leap's launch worked out as it starts (+1D88 set, then one tick of its gravity)"
267C39,once,"an action's loop count stepped when its animation ends (239420), or its sub-state (+E36)"
2680B7,once,"an action's loop count stepped when its animation ends (239420), or its sub-state (+E36)"
26B9A1,fixed,em16 joint turn: its limits argscale
26B9BD,fixed,em16 joint turn: its limits argscale
26BA0D,fixed,em16 joint turn: its limits argscale
26D868,once,an attack count (+1296) stepped once per attack
26E396,once,a state's length set when it starts (a base + 30 x a random share)
26E3F5,once,"em27/em29 26E3B0: the damage handler (health -= damage, meters bumped once a hit)"
26E407,once,"em27/em29 26E3B0: the damage handler (health -= damage, meters bumped once a hit)"
26E411,once,"em27/em29 26E3B0: the damage handler (health -= damage, meters bumped once a hit)"
26E419,once,"em27/em29 26E3B0: the damage handler (health -= damage, meters bumped once a hit)"
26E8CE,once,"em27/em29 26E440: a meter bumped once per hit (+1430 += 1000, +1418 -= 500, +1432 += 4 or 8)"
26EA94,once,"em27/em29 26E440: a meter bumped once per hit (+1430 += 1000, +1418 -= 500, +1432 += 4 or 8)"
26EBEB,once,"em27/em29 26E440: a meter bumped once per hit (+1430 += 1000, +1418 -= 500, +1432 += 4 or 8)"
26ED62,once,"em27/em29 26E440: a meter bumped once per hit (+1430 += 1000, +1418 -= 500, +1432 += 4 or 8)"
26ED6B,once,"em27/em29 26E440: a meter bumped once per hit (+1430 += 1000, +1418 -= 500, +1432 += 4 or 8)"
26F11B,fixed,em27/em29 and em2b: the slot-8 effect spawners count
26FD5C,once,"em27/em29 state starters: +E36 steps once at the state's start (with +11B4 += 20, +13E8 = 90 + 30 x random)"
26FD62,once,"em27/em29 state starters: +E36 steps once at the state's start (with +11B4 += 20, +13E8 = 90 + 30 x random)"
26FE62,once,"an action's loop count stepped when its animation ends (239420), or its sub-state (+E36)"
270653,once,em27/em29: y lifted once as an action starts (before its sub-state steps)
270658,once,"an action's loop count stepped when its animation ends (239420), or its sub-state (+E36)"
2709D5,once,em27/em29: y lifted once as an action starts (before its sub-state steps)
270C3C,once,"an action's loop count stepped when its animation ends (239420), or its sub-state (+E36)"
270D66,once,"em27/em29 state starters: +E36 steps once at the state's start (with +11B4 += 20, +13E8 = 90 + 30 x random)"
271096,once,a state's length set when it starts (a base + 30 x a random share)
271252,once,"an action's loop count stepped when its animation ends (239420), or its sub-state (+E36)"
2714D3,once,"em27/em29 state starters: +E36 steps once at the state's start (with +11B4 += 20, +13E8 = 90 + 30 x random)"
2714E1,once,"em27/em29 state starters: +E36 steps once at the state's start (with +11B4 += 20, +13E8 = 90 + 30 x random)"
271636,once,"an action's loop count stepped when its animation ends (239420), or its sub-state (+E36)"
271F44,once,"an action's loop count stepped when its animation ends (239420), or its sub-state (+E36)"
2724C5,once,"em13/em14 263400/263550, em27/em29 2723C0: a repeats-left count (+E37, +11B3) steps once per animation end"
27261D,once,"em27/em29 state starters: +E36 steps once at the state's start (with +11B4 += 20, +13E8 = 90 + 30 x random)"
272717,once,"em27 2726B0: a state's length set when it starts (90, 60 or 30 + 30 x a random share)"
27278D,once,"em27 2726B0: a state's length set when it starts (90, 60 or 30 + 30 x a random share)"
2727DD,once,"em27 2726B0: a state's length set when it starts (90, 60 or 30 + 30 x a random share)"
27282E,once,"em27 2726B0: a state's length set when it starts (90, 60 or 30 + 30 x a random share)"
272E7B,once,"25E3B0 and its copy 272DA0 run on events (a timer's expiry, an animation's end, a state change): they place +1370 ahead, snap the heading +1380 toward the player (2 pi limit) and add a random bit to +11B3/+11B0."
272E92,once,"25E3B0 and its copy 272DA0 run on events (a timer's expiry, an animation's end, a state change): they place +1370 ahead, snap the heading +1380 toward the player (2 pi limit) and add a random bit to +11B3/+11B0."
272F28,fixed,em27/em29 272EC0: +1414 lin
272F65,fixed,"em27/em29 272EC0: the orbit radius' shrink, now lin 272F5A; the angle +1410 += speed x 0.0698, the speed's load a world step row (272FB7)"
272FE3,fixed,"em27/em29 272EC0: the orbit radius' shrink, now lin 272F5A; the angle +1410 += speed x 0.0698, the speed's load a world step row (272FB7)"
2733E7,once,"an action's loop count stepped when its animation ends (239420), or its sub-state (+E36)"
273E64,fixed,em2b 273E10: +13A2's steps count
273E84,fixed,em2b 273E10: +13A2's steps count
273E8E,fixed,em2b 273E10: +13A2's steps count
274172,fixed,em27/em29 and em2b: the slot-8 effect spawners count
274D25,fixed,em2b's fade lin and its countdown count
275103,fixed,em2b's fade lin and its countdown count
275221,once,"an action's loop count stepped when its animation ends (239420), or its sub-state (+E36)"
2755EF,fixed,"em2b, em2c and em2d countdowns count"
27593A,once,"an action's loop count stepped when its animation ends (239420), or after its effect or rumble"
275A6C,once,"an action's loop count stepped when its animation ends (239420), or after its effect or rumble"
275C3D,once,em2b 275A80: the repeats-left +1398 steps once per animation end
275CE3,fixed,"em2b, em2c and em2d countdowns count"
275D96,once,an action's sub-state (+E36) stepped as it starts
275E73,once,an action's sub-state (+E36) stepped as it starts
275F81,once,an action's sub-state (+E36) stepped as it starts
2760B0,once,an action's sub-state (+E36) stepped as it starts
27631A,fixed,"em2b, em2c and em2d countdowns count"
276500,once,"em2b: a leap's velocity (+E10, +E18) set from the direction and the distance as it starts"
276508,once,"em2b: a leap's velocity (+E10, +E18) set from the direction and the distance as it starts"
2767EF,once,"an action's loop count stepped when its animation ends (239420), or after its effect or rumble"
2768A6,follows,"heading += +EF4, the animation's root turn (the motion advance writes it each tick)"
276A3A,once,"an action's loop count stepped when its animation ends (239420), or after its effect or rumble"
276B6C,follows,"heading += +EF4, the animation's root turn (the motion advance writes it each tick)"
276CF8,fixed,"em2b, em2c and em2d countdowns count"
276F19,once,"an action's loop count stepped when its animation ends (239420), or after its effect or rumble"
276FEA,once,"em2b: a leap's velocity (+E10, +E18) set from the direction and the distance as it starts"
276FF2,once,"em2b: a leap's velocity (+E10, +E18) set from the direction and the distance as it starts"
2774AD,follows,"heading += +EF4, the animation's root turn (the motion advance writes it each tick)"
277825,once,"em2b: an attack count (+1390, +19B3) stepped once per attack"
27787C,once,"em2b: an attack count (+1390, +19B3) stepped once per attack"
2778F5,once,"an action's loop count stepped when its animation ends (239420), or after its effect or rumble"
277CA9,once,"em2b 2779A0 case 4: the leap's velocity +E10/+E18 = the direction x distance / 16, once at its start (its moves are world rows 277CF6/277D0D)"
277CB1,once,"em2b 2779A0 case 4: the leap's velocity +E10/+E18 = the direction x distance / 16, once at its start (its moves are world rows 277CF6/277D0D)"
27881C,fixed,"em2b 278590: the effect pacer +E3E, now count 27881C with notyet 2787CB"
27898C,once,"em2b: an attack count (+1390, +19B3) stepped once per attack"
278992,once,an action's sub-state (+E36) stepped as it starts
278D8B,once,em2c 278D60: a part's damage handler
278E16,once,em2c 278D60: a part's damage handler
2790AE,fixed,"em2b, em2c and em2d countdowns count"
279B76,fixed,em2c 279AE0: two material RGB channel additions scale the shared 0.05 in xmm8 at their arithmetic sites
279B91,fixed,em2c 279AE0: two material RGB channel additions scale the shared 0.05 in xmm8 at their arithmetic sites
27A4B8,once,em2d 27A3F0: +24E8 += 2 on each hit test that answers yes (a sound and +24D3 = 20 with it)
27A4F6,once,em2d 27A3F0: +24E8 += 2 on each hit test that answers yes (a sound and +24D3 = 20 with it)
27A540,once,em2d 27A3F0: +24E8 += 2 on each hit test that answers yes (a sound and +24D3 = 20 with it)
27A573,once,em2d 27A3F0: +24E8 += 2 on each hit test that answers yes (a sound and +24D3 = 20 with it)
27AD9D,fixed,"em2d update 27AD50: countdowns count, the clocks pre/srcx"
27B05C,fixed,"em2d update 27AD50: countdowns count, the clocks pre/srcx"
27B6B8,fixed,"em2d update 27AD50: countdowns count, the clocks pre/srcx"
27B71C,fixed,"em2d update 27AD50: countdowns count, the clocks pre/srcx"
27B8AD,stock,"em2d 27AD50 on map 0x304: +248C is halved while above 60 and then set to 40 if above 40, in the same pass, so it lands at 40 whatever the rate"
27BF38,fixed,"em2d update 27AD50: countdowns count, the clocks pre/srcx"
27D227,once,"an action's loop count stepped when its animation ends (239420), or after its effect or rumble"
27D5C8,once,"an action's loop count stepped when its animation ends (239420), or after its effect or rumble"
27DA0E,fixed,em2d: its alpha's steps lin
27E325,fixed,em2d: the slow-time clock pre/srcx
2800C3,once,"an action's loop count stepped when its animation ends (239420), or after its effect or rumble"
280D3C,fixed,"em2d part spin 280CB0: each angle step lin (dst, srcx for xmm8's)"
280D60,fixed,"em2d part spin 280CB0: each angle step lin (dst, srcx for xmm8's)"
280D84,fixed,"em2d part spin 280CB0: each angle step lin (dst, srcx for xmm8's)"
280DA8,fixed,"em2d part spin 280CB0: each angle step lin (dst, srcx for xmm8's)"
280DC8,fixed,"em2d part spin 280CB0: each angle step lin (dst, srcx for xmm8's)"
280DE1,fixed,"em2d part spin 280CB0: each angle step lin (dst, srcx for xmm8's)"
280E05,fixed,"em2d part spin 280CB0: each angle step lin (dst, srcx for xmm8's)"
280E31,fixed,"em2d part spin 280CB0: each angle step lin (dst, srcx for xmm8's)"
280E4F,fixed,"em2d part spin 280CB0: each angle step lin (dst, srcx for xmm8's)"
280F9C,fixed,"em2d part spin 280CB0: each angle step lin (dst, srcx for xmm8's)"
280FD6,fixed,"em2d part spin 280CB0: each angle step lin (dst, srcx for xmm8's)"
28101F,fixed,"em2d part spin 280CB0: each angle step lin (dst, srcx for xmm8's)"
281057,fixed,"em2d part spin 280CB0: each angle step lin (dst, srcx for xmm8's)"
28107E,follows,"em2d part spin: a digit counter advanced when an angle wraps (the angles are scaled), or pi added on +2504's wrap"
2810C2,follows,"em2d part spin: a digit counter advanced when an angle wraps (the angles are scaled), or pi added on +2504's wrap"
2810E3,follows,"em2d part spin: a digit counter advanced when an angle wraps (the angles are scaled), or pi added on +2504's wrap"
2810F5,follows,"em2d part spin: a digit counter advanced when an angle wraps (the angles are scaled), or pi added on +2504's wrap"
281115,follows,"em2d part spin: a digit counter advanced when an angle wraps (the angles are scaled), or pi added on +2504's wrap"
281239,fixed,"em2d part spin 280CB0: each angle step lin (dst, srcx for xmm8's)"
281259,fixed,"em2d part spin 280CB0: each angle step lin (dst, srcx for xmm8's)"
281279,fixed,"em2d part spin 280CB0: each angle step lin (dst, srcx for xmm8's)"
2812A5,fixed,"em2d part spin 280CB0: each angle step lin (dst, srcx for xmm8's)"
2812C3,fixed,"em2d part spin 280CB0: each angle step lin (dst, srcx for xmm8's)"
2815DC,fixed,The twin enemy's orbit 281470 is gatefn row 281470 (+2454 is also set afresh each call).
281934,once,em2d: a spawned object's pointer stored
2824A4,once,em2d 281AE0: a piece's bounce count steps once per bounce (its velocity x -0.95 there)
282949,fixed,em2d 281AE0: a child's approaches blend
2829FB,fixed,em2d 281AE0: a child's approaches blend
283771,fixed,em2d joint turn: its limits argscale
28378D,fixed,em2d joint turn: its limits argscale
2837DD,fixed,em2d joint turn: its limits argscale
283E0B,once,"283DA0 is a damage handler: +2430 accumulates the hit's damage, +11B8 counts hits."
283FAF,once,"283DA0 is a damage handler: +2430 accumulates the hit's damage, +11B8 counts hits."
2845DB,once,"em2d 2844E0: its attack pattern's index (+24D2, 0 to 2) stepped when it picks an attack"
285387,once,a damage handler (health or a part's health -= damage)
28538D,once,a damage handler (health or a part's health -= damage)
285956,fixed,slot-8 effect spawners and counters count
286436,once,y lifted once as an action starts (before its sub-state steps)
28689E,fixed,"em3d 2865B0: +B0 is 2DA510's blend, whose factor FixTurnRate converts at 2DA510's entry"
286B8F,fixed,"em3d 2865B0: the clock +11C0 and the bob's y step, now pre 286B86/286BB2"
287738,fixed,"em3f's fade, computed in doubles: count on its store"
287D98,once,"287D70 (from 28DBE0, 28E120, 28FAA0, each right after playing a motion on a state's entry) rearms the timer +124C to 90 plus a random 30 (halved in one mode) and counts the rearms in +1248."
287DB2,once,"287D70 (from 28DBE0, 28E120, 28FAA0, each right after playing a motion on a state's entry) rearms the timer +124C to 90 plus a random 30 (halved in one mode) and counts the rearms in +1248."
287DBA,once,"287D70 (from 28DBE0, 28E120, 28FAA0, each right after playing a motion on a state's entry) rearms the timer +124C to 90 plus a random 30 (halved in one mode) and counts the rearms in +1248."
287E7E,fixed,em4d/em50 slot 46 update 287DD0: the sole xmm6 load at 287E35 supplies every one of these addss/subss material channel steps and has no other use before its restore; its lin row scales the common step
287EA2,fixed,em4d/em50 slot 46 update 287DD0: the sole xmm6 load at 287E35 supplies every one of these addss/subss material channel steps and has no other use before its restore; its lin row scales the common step
287EE7,fixed,em4d/em50 slot 46 update 287DD0: the sole xmm6 load at 287E35 supplies every one of these addss/subss material channel steps and has no other use before its restore; its lin row scales the common step
287F0A,fixed,em4d/em50 slot 46 update 287DD0: the sole xmm6 load at 287E35 supplies every one of these addss/subss material channel steps and has no other use before its restore; its lin row scales the common step
287F27,fixed,em4d/em50 slot 46 update 287DD0: the sole xmm6 load at 287E35 supplies every one of these addss/subss material channel steps and has no other use before its restore; its lin row scales the common step
287F64,fixed,em4d/em50 slot 46 update 287DD0: the sole xmm6 load at 287E35 supplies every one of these addss/subss material channel steps and has no other use before its restore; its lin row scales the common step
287F88,fixed,em4d/em50 slot 46 update 287DD0: the sole xmm6 load at 287E35 supplies every one of these addss/subss material channel steps and has no other use before its restore; its lin row scales the common step
287FA6,fixed,em4d/em50 slot 46 update 287DD0: the sole xmm6 load at 287E35 supplies every one of these addss/subss material channel steps and has no other use before its restore; its lin row scales the common step
288018,fixed,em4d/em50 slot 46 update 287DD0: the sole xmm6 load at 287E35 supplies every one of these addss/subss material channel steps and has no other use before its restore; its lin row scales the common step
288038,fixed,em4d/em50 slot 46 update 287DD0: the sole xmm6 load at 287E35 supplies every one of these addss/subss material channel steps and has no other use before its restore; its lin row scales the common step
288052,fixed,em4d/em50 slot 46 update 287DD0: the sole xmm6 load at 287E35 supplies every one of these addss/subss material channel steps and has no other use before its restore; its lin row scales the common step
28808C,fixed,em4d/em50 slot 46 update 287DD0: the sole xmm6 load at 287E35 supplies every one of these addss/subss material channel steps and has no other use before its restore; its lin row scales the common step
2880AC,fixed,em4d/em50 slot 46 update 287DD0: the sole xmm6 load at 287E35 supplies every one of these addss/subss material channel steps and has no other use before its restore; its lin row scales the common step
2880C7,fixed,em4d/em50 slot 46 update 287DD0: the sole xmm6 load at 287E35 supplies every one of these addss/subss material channel steps and has no other use before its restore; its lin row scales the common step
2880FF,fixed,em4d/em50 slot 46 update 287DD0: the sole xmm6 load at 287E35 supplies every one of these addss/subss material channel steps and has no other use before its restore; its lin row scales the common step
288121,fixed,em4d/em50 slot 46 update 287DD0: the sole xmm6 load at 287E35 supplies every one of these addss/subss material channel steps and has no other use before its restore; its lin row scales the common step
2881F5,once,a damage handler (health or a part's health -= damage)
288EB2,fixed,slot-8 effect spawners and counters count
288EE4,fixed,slot-8 effect spawners and counters count
2897D7,once,"a state's length set as it starts (90 + 30 x a random share, halved in one mode), and a count of those starts"
2897F1,once,"a state's length set as it starts (90 + 30 x a random share, halved in one mode), and a count of those starts"
2897F9,once,"a state's length set as it starts (90 + 30 x a random share, halved in one mode), and a count of those starts"
28A852,fixed,slot-8 effect spawners and counters count
28AA4A,fixed,slot-8 effect spawners and counters count
28AF6F,once,"em4d: a count (+1267, to 7) stepped once per action, setting story flags at 3 and 6"
28AFAA,once,em4d 28AE50: +E36 steps once at the state's start
28B607,fixed,slot-8 effect spawners and counters count
28B7CE,once,a turn toward Amaterasu by the clamped angle (2DDF90) with a limit of 2 pi: a snap as the action starts
28B88E,once,em4d/em4e/em50 28B670: +E37 steps once per animation end
28B9EF,once,y lifted once as an action starts (before its sub-state steps)
28B9FD,once,an action's sub-state (+E36) stepped as it starts
28BFCF,once,"an action's sub-state (+E36) stepped as it starts, or its loop count as its animation ends"
28C083,once,"an action's sub-state (+E36) stepped as it starts, or its loop count as its animation ends"
28C2CF,once,"an action's sub-state (+E36) stepped as it starts, or its loop count as its animation ends"
28C69D,once,"a state's start: the sub-state +E36/+E37 steps once beside the motion's start, an effect or sound, or the timer +E3C's set (em7a 2D4BFE: once per animation end) (template substate_start)"
28C959,once,"a state's start: the sub-state +E36/+E37 steps once beside the motion's start, an effect or sound, or the timer +E3C's set (em7a 2D4BFE: once per animation end) (template substate_start)"
28D10D,once,"an action's sub-state (+E36) stepped as it starts, or its loop count as its animation ends"
28D25C,fixed,"em4d/em4e/em50: the rise y += 2 a tick, now lin 28D254, 28D72D, 2911FA"
28D2CD,once,"em4d/em4e/em50, em52: +E36, +E37 or the repeats-left +124A step once per animation end"
28D2D7,once,"em4d/em4e/em50, em52: +E36, +E37 or the repeats-left +124A step once per animation end"
28D735,fixed,"em4d/em4e/em50: the rise y += 2 a tick, now lin 28D254, 28D72D, 2911FA"
28D7DB,once,"em4d/em4e/em50, em52: +E36, +E37 or the repeats-left +124A step once per animation end"
28DACF,once,"em4d family: a count stepped once per effect or spawn (+124A, +124B)"
28DE7B,once,"em4d family: a count stepped once per effect or spawn (+124A, +124B)"
28E778,once,"a state's start: the sub-state +E36/+E37 steps once beside the motion's start, an effect or sound, or the timer +E3C's set (em7a 2D4BFE: once per animation end) (template substate_start)"
28E93F,once,"an action's sub-state (+E36) stepped as it starts, or its loop count as its animation ends"
28ED35,once,a damage handler (health or a part's health -= damage)
28F8E6,once,"an action's sub-state (+E36) stepped as it starts, or its loop count as its animation ends"
291202,fixed,"em4d/em4e/em50: the rise y += 2 a tick, now lin 28D254, 28D72D, 2911FA"
2912A8,once,"em4d/em4e/em50, em52: +E36, +E37 or the repeats-left +124A step once per animation end"
2914A6,fixed,slot-8 effect spawners count
291C2E,once,em51 291B80: a spawned child's y += 5 once at its spawn
291EBC,fixed,em51's fade lin and its clock srcx
291EDB,fixed,em51's fade lin and its clock srcx
292B5E,once,"em52 slot 25 (292510): a meter bumped once per hit (+1250 += 10, 50 or 100 by the hit's type)"
292BD9,once,"em52 slot 25 (292510): a meter bumped once per hit (+1250 += 10, 50 or 100 by the hit's type)"
292CC2,once,"em52 slot 25 (292510): a meter bumped once per hit (+1250 += 10, 50 or 100 by the hit's type)"
293339,fixed,em52's countdowns count
293770,fixed,em52's countdowns count
293999,follows,em52: a material's U brought back into range by whole steps after it was set
294143,follows,"em52 2940C0: the phases +12B0/+12BC step by speed x the .data literals 79FD48/79FD58, which world rows scale"
2942C0,follows,"em52 2940C0: the phases +12B0/+12BC step by speed x the .data literals 79FD48/79FD58, which world rows scale"
294305,follows,"em52 2940C0: the phases +12B0/+12BC step by speed x the .data literals 79FD48/79FD58, which world rows scale"
294AE0,stock,"a heading's approach through 2DA510, whose k FixTurnRate converts at its entry"
294B85,stock,"a heading's approach through 2DA510, whose k FixTurnRate converts at its entry"
2956A0,once,an action's loop count or hold stepped when its animation ends (239420)
296FB6,once,an action's loop count or hold stepped when its animation ends (239420)
297C46,once,"em4d/em4e/em50, em52: +E36, +E37 or the repeats-left +124A step once per animation end"
298442,once,"em4d/em4e/em50, em52: +E36, +E37 or the repeats-left +124A step once per animation end"
2993EE,follows,"em52 2990A0: +1278 -= xmm2, the 0.0025 world literal its other branch adds (2993BC)"
299511,follows,"em52 2994C0: the phase +12B0 steps by speed x the .data literals 79FD60/79FD48 (world rows), and +1278 -= xmm3, the 0.003 world literal (299624)"
29965A,follows,"em52 2994C0: the phase +12B0 steps by speed x the .data literals 79FD60/79FD48 (world rows), and +1278 -= xmm3, the 0.003 world literal (299624)"
299705,follows,"em52 2994C0: the phase +12B0 steps by speed x the .data literals 79FD60/79FD48 (world rows), and +1278 -= xmm3, the 0.003 world literal (299624)"
299B93,once,em52: its flight speed x 0.4 as an action starts
29A4E6,follows,"em52 29A380: +1278 -= xmm2, the 0.0025 world literal (29A4B4)"
29A794,once,"a turn-around, heading + pi, once as a state starts"
29A950,fixed,em52's countdowns count
29B54F,fixed,"em52's parts: the hold count, the move and pull dst, the damping root"
29B66C,once,em52 29B300: a piece's bounce count steps once per bounce
29D458,fixed,"em56 29D3B0: y moves by the speed a tick, now src 29D454/29D4C2"
29D48F,fixed,em56..em59's hover by the speed srcx
29D4CA,fixed,"em56 29D3B0: y moves by the speed a tick, now src 29D454/29D4C2"
29DE75,once,em56..em59: +13C7 stepped once per hit
29EB56,fixed,em56..em59's hover by the speed srcx
29EB8D,fixed,em56..em59's hover by the speed srcx
29EF4A,fixed,slot-8 effect spawners count
2A035C,once,"24A340, 2543B0, 2A0190, 2A0D00, 2462C0, 249960: one-time work on a state's entry or end (a jump count +14A9 spent, a heading snap with a 2 pi limit, the sub-state +E36 advanced after a motion starts or the death fade ends)."
2A0DA3,once,"24A340, 2543B0, 2A0190, 2A0D00, 2462C0, 249960: one-time work on a state's entry or end (a jump count +14A9 spent, a heading snap with a 2 pi limit, the sub-state +E36 advanced after a motion starts or the death fade ends)."
2A0EC3,once,"2A0E20, 2A1130, 2A2090, 2A21C0, 2A2800, 2A4BA0, 2A5730 (from 29F500, 29F710, 29F770): one-time work on a state's entry (effects spawned, a motion played, the sub-state +E36 advanced, +1390 lowered by 600)."
2A1073,fixed,2A0F40 sub-state 3: the 150-tick countdown +13BA is count row 2A1073.
2A11E0,once,"2A0E20, 2A1130, 2A2090, 2A21C0, 2A2800, 2A4BA0, 2A5730 (from 29F500, 29F710, 29F770): one-time work on a state's entry (effects spawned, a motion played, the sub-state +E36 advanced, +1390 lowered by 600)."
2A1425,once,em56/em57/em59 2A1260: +E37 steps once per animation end
2A17F9,fixed,"243630, 243EE0, 2A1710, 2A1E90 (the imps' and their kin's knockback states, from 242060 and 29F500): the heading +B4 approaches its target through 2DA510, whose k the FixTurnRate hook converts at its entry for every caller."
2A193F,fixed,"243630, 243EE0, 2A1710, 2A1E90 (the imps' and their kin's knockback states, from 242060 and 29F500): the heading +B4 approaches its target through 2DA510, whose k the FixTurnRate hook converts at its entry for every caller."
2A1A9E,fixed,"243630, 243EE0, 2A1710, 2A1E90 (the imps' and their kin's knockback states, from 242060 and 29F500): the heading +B4 approaches its target through 2DA510, whose k the FixTurnRate hook converts at its entry for every caller."
2A1F76,fixed,"243630, 243EE0, 2A1710, 2A1E90 (the imps' and their kin's knockback states, from 242060 and 29F500): the heading +B4 approaches its target through 2DA510, whose k the FixTurnRate hook converts at its entry for every caller."
2A2030,fixed,"243630, 243EE0, 2A1710, 2A1E90 (the imps' and their kin's knockback states, from 242060 and 29F500): the heading +B4 approaches its target through 2DA510, whose k the FixTurnRate hook converts at its entry for every caller."
2A2146,once,"2A0E20, 2A1130, 2A2090, 2A21C0, 2A2800, 2A4BA0, 2A5730 (from 29F500, 29F710, 29F770): one-time work on a state's entry (effects spawned, a motion played, the sub-state +E36 advanced, +1390 lowered by 600)."
2A2239,once,"2A0E20, 2A1130, 2A2090, 2A21C0, 2A2800, 2A4BA0, 2A5730 (from 29F500, 29F710, 29F770): one-time work on a state's entry (effects spawned, a motion played, the sub-state +E36 advanced, +1390 lowered by 600)."
2A28AD,once,"2A0E20, 2A1130, 2A2090, 2A21C0, 2A2800, 2A4BA0, 2A5730 (from 29F500, 29F710, 29F770): one-time work on a state's entry (effects spawned, a motion played, the sub-state +E36 advanced, +1390 lowered by 600)."
2A2C31,fixed,"2A2B40's circling: the radius +13B4 and angle +13B0 steps are lin rows 2A2C14, 2A2C26, 2A2C43, 2A2C8F, 2A2C99."
2A2C59,fixed,"2A2B40's circling: the radius +13B4 and angle +13B0 steps are lin rows 2A2C14, 2A2C26, 2A2C43, 2A2C8F, 2A2C99."
2A2CA1,fixed,"2A2B40's circling: the radius +13B4 and angle +13B0 steps are lin rows 2A2C14, 2A2C26, 2A2C43, 2A2C8F, 2A2C99."
2A2FCC,once,"a state's start: the sub-state +E36/+E37 steps once beside the motion's start, an effect or sound, or the timer +E3C's set (em7a 2D4BFE: once per animation end) (template substate_start)"
2A30FA,once,"a state's start: the sub-state +E36/+E37 steps once beside the motion's start, an effect or sound, or the timer +E3C's set (em7a 2D4BFE: once per animation end) (template substate_start)"
2A3483,once,"a state's start: the sub-state +E36/+E37 steps once beside the motion's start, an effect or sound, or the timer +E3C's set (em7a 2D4BFE: once per animation end) (template substate_start)"
2A3576,once,"a state's start: the sub-state +E36/+E37 steps once beside the motion's start, an effect or sound, or the timer +E3C's set (em7a 2D4BFE: once per animation end) (template substate_start)"
2A36AE,once,"a state's start: the sub-state +E36/+E37 steps once beside the motion's start, an effect or sound, or the timer +E3C's set (em7a 2D4BFE: once per animation end) (template substate_start)"
2A3BD9,once,"em56..em58 2A3AF0, 29F770's 2A4BA0/2A53F0: a clock (+1390, +1394) loses 450..900 once at the state's start, beside +E36's step"
2A3FB3,fixed,"em56..em58 2A3AF0: z += 2 x +E18 a tick, +E18's load a world row (2A3F9B), as x's"
2A41AB,once,an action's loop count or hold stepped when its animation ends (239420)
2A451F,once,"a cooldown charged once as an action starts (+1394 -= 900, +1390 -= 600)"
2A485E,once,"a cooldown charged once as an action starts (+1394 -= 900, +1390 -= 600)"
2A4C7B,once,"2A0E20, 2A1130, 2A2090, 2A21C0, 2A2800, 2A4BA0, 2A5730 (from 29F500, 29F710, 29F770): one-time work on a state's entry (effects spawned, a motion played, the sub-state +E36 advanced, +1390 lowered by 600)."
2A4DF6,once,"em56..em58 2A3AF0, 29F770's 2A4BA0/2A53F0: a clock (+1390, +1394) loses 450..900 once at the state's start, beside +E36's step"
2A4E4C,fixed,"29F770's 2A4BA0: the wait +E3C, now count 2A4E49 with notyet 2A4E35"
2A533B,once,2A5190 and 2A5CA0: +E37 counts the motion's loops down when one ends.
2A5542,once,2A53F0 (from 29F770): a state's entry sets the heading +E14 with a random 10 degrees and advances +E36.
2A5573,once,2A53F0 (from 29F770): a state's entry sets the heading +E14 with a random 10 degrees and advances +E36.
2A5584,once,"em56..em58 2A3AF0, 29F770's 2A4BA0/2A53F0: a clock (+1390, +1394) loses 450..900 once at the state's start, beside +E36's step"
2A5605,fixed,"+B4 is 2DA510's blend toward a target heading, whose factor FixTurnRate converts at 2DA510's entry for every caller (template turn_blend)"
2A580F,once,"2A0E20, 2A1130, 2A2090, 2A21C0, 2A2800, 2A4BA0, 2A5730 (from 29F500, 29F710, 29F770): one-time work on a state's entry (effects spawned, a motion played, the sub-state +E36 advanced, +1390 lowered by 600)."
2A5AE6,fixed,"2A58A0: the heading's approach goes through 2DA510, whose k the FixTurnRate hook converts."
2A5AFE,once,2A58A0: +E37 counts the animation's loops down when one ends.
2A5D89,once,"29F770's 2A5CA0, em59 2A7C00/2A8030: a clock +1394 loses 600..900 once at the state's start"
2A6177,once,2A5190 and 2A5CA0: +E37 counts the motion's loops down when one ends.
2A6A44,once,"a turn-around, heading + pi, once as a state starts"
2A76AE,once,"a cooldown charged once as an action starts (+1394 -= 900, +1390 -= 600)"
2A7CA1,once,"29F770's 2A5CA0, em59 2A7C00/2A8030: a clock +1394 loses 600..900 once at the state's start"
2A8144,once,"em59 2A8030, em60 2AF240, em61 2BAE40: +E37 steps once per animation end"
2A8296,once,"29F770's 2A5CA0, em59 2A7C00/2A8030: a clock +1394 loses 600..900 once at the state's start"
2A86D0,once,a damage handler
2A86DB,once,a damage handler
2A8B5E,once,"em60 slot 25: a stagger meter bumped once per hit, and +11B0 when it fills"
2A8BF7,once,"em60 slot 25: a stagger meter bumped once per hit, and +11B0 when it fills"
2A8FC2,fixed,"em60 update 2A8D20: countdowns and a ticks-away counter, count"
2A90B0,fixed,"em60 update 2A8D20: countdowns and a ticks-away counter, count"
2A90DC,fixed,"em60 update 2A8D20: countdowns and a ticks-away counter, count"
2A9128,fixed,"em60 update 2A8D20: countdowns and a ticks-away counter, count"
2A92BD,fixed,"em60 update 2A8D20: countdowns and a ticks-away counter, count"
2AA282,once,em60 update: +15D8 set from random draws when it picks an action
2AB1CC,once,"a counter of spawned enemies (a global, B72F20) stepped once per spawn"
2AC366,once,an action's loop count or hold stepped when its animation ends (239420)
2AD0A2,fixed,em60's hover blend
2AD159,once,"em60: y lifted once as an action starts (150, or 70..120 at random)"
2AD7D3,once,"em60: y lifted once as an action starts (150, or 70..120 at random)"
2ADFC8,once,"an action's loop count stepped when its animation ends (239420), or a count of those"
2AE627,once,"em60: a vector scaled once as a state starts (0.6, 0.7, 0.6; or y x 0.65 in 2B57A0)"
2AE638,once,"em60: a vector scaled once as a state starts (0.6, 0.7, 0.6; or y x 0.65 in 2B57A0)"
2AE63D,once,"em60: a vector scaled once as a state starts (0.6, 0.7, 0.6; or y x 0.65 in 2B57A0)"
2AED0A,once,"an action's loop count stepped when its animation ends (239420), or a count of those"
2AF1E7,once,"an action's loop count stepped when its animation ends (239420), or a count of those"
2AF561,once,"em59 2A8030, em60 2AF240, em61 2BAE40: +E37 steps once per animation end"
2AF58E,once,"an action's loop count stepped when its animation ends (239420), or a count of those"
2AFDA0,once,"an action's loop count stepped when its animation ends (239420), or a count of those"
2B1829,once,"an action's loop count stepped when its animation ends (239420), or a count of those"
2B1EFA,stock,"em60: a factor on this tick's animation rate +F54 (x 1.5), which the motion advance scales"
2B2B32,once,em60: y lifted once as an action starts (100)
2B4136,fixed,em60 2B4120: countdowns count
2B4152,fixed,em60 2B4120: countdowns count
2B46C4,once,a spawned object's pointer stored
2B52D1,fixed,em60 joint turn: its limits argscale
2B52ED,fixed,em60 joint turn: its limits argscale
2B533D,fixed,em60 joint turn: its limits argscale
2B5444,once,"em60 2B53C0: the recoil's start (+154C = 15, random spins, signs flipped by coin tosses, halved for one hit type)"
2B5466,once,"em60 2B53C0: the recoil's start (+154C = 15, random spins, signs flipped by coin tosses, halved for one hit type)"
2B54B0,once,"em60 2B53C0: the recoil's start (+154C = 15, random spins, signs flipped by coin tosses, halved for one hit type)"
2B54B8,once,"em60 2B53C0: the recoil's start (+154C = 15, random spins, signs flipped by coin tosses, halved for one hit type)"
2B57ED,once,"em60: a vector scaled once as a state starts (0.6, 0.7, 0.6; or y x 0.65 in 2B57A0)"
2B5DE6,once,"2B5D80 (from 2A8D20, 2AE060, 2ADB10, 2B1E50) arms a knockback: for kind 0x224 in mode 1 it scales the push vector by (0.6, 0.7, 0.6), then sets state 0x301 and copies it to +1590."
2B5DF7,once,"2B5D80 (from 2A8D20, 2AE060, 2ADB10, 2B1E50) arms a knockback: for kind 0x224 in mode 1 it scales the push vector by (0.6, 0.7, 0.6), then sets state 0x301 and copies it to +1590."
2B5DFC,once,"2B5D80 (from 2A8D20, 2AE060, 2ADB10, 2B1E50) arms a knockback: for kind 0x224 in mode 1 it scales the push vector by (0.6, 0.7, 0.6), then sets state 0x301 and copies it to +1590."
2B6435,fixed,"em60 recoil 2B6400: turns pre, decays countlast (the slide's count), the slide scaledadd"
2B644D,fixed,"em60 recoil 2B6400: turns pre, decays countlast (the slide's count), the slide scaledadd"
2B6477,fixed,"em60 recoil 2B6400: turns pre, decays countlast (the slide's count), the slide scaledadd"
2B6497,fixed,"em60 recoil 2B6400: turns pre, decays countlast (the slide's count), the slide scaledadd"
2B64A5,fixed,"em60 recoil 2B6400: turns pre, decays countlast (the slide's count), the slide scaledadd"
2B64B9,fixed,"em60 recoil 2B6400: turns pre, decays countlast (the slide's count), the slide scaledadd"
2B64C1,fixed,"em60 recoil 2B6400: turns pre, decays countlast (the slide's count), the slide scaledadd"
2B64D9,fixed,"em60 recoil 2B6400: turns pre, decays countlast (the slide's count), the slide scaledadd"
2B67AB,once,a damage handler
2B67BD,once,a damage handler
2B67C3,once,a damage handler
2B8153,once,"em61: counts stepped once per action (+144A, +1410 -= 1000 as it starts)"
2B8159,once,an action's sub-state (+E36) stepped as it starts
2B85FC,once,em61: a one-time placement (x and z mirrored; a random offset of -150..150)
2B8614,once,em61: a one-time placement (x and z mirrored; a random offset of -150..150)
2B8E78,once,em61: a one-time placement (x and z mirrored; a random offset of -150..150)
2B8ED6,once,em61: a one-time placement (x and z mirrored; a random offset of -150..150)
2B94A5,once,an action's sub-state (+E36) stepped as it starts
2B9A2A,once,"a state's start: the sub-state +E36/+E37 steps once beside the motion's start, an effect or sound, or the timer +E3C's set (em7a 2D4BFE: once per animation end) (template substate_start)"
2BA538,once,"em61 2BA4A0/2BB590 state starters: +1410 -= 1000, +144A and +E3E step once at the state's start"
2BA54A,once,"em61 2BA4A0/2BB590 state starters: +1410 -= 1000, +144A and +E3E step once at the state's start"
2BA613,once,"em61 2BA4A0/2BB590 state starters: +1410 -= 1000, +144A and +E3E step once at the state's start"
2BAB7F,once,"em61: counts stepped once per action (+144A, +1410 -= 1000 as it starts)"
2BAB8F,once,"em61: counts stepped once per action (+144A, +1410 -= 1000 as it starts)"
2BAF68,once,"em61: counts stepped once per action (+144A, +1410 -= 1000 as it starts)"
2BB0A1,once,"em59 2A8030, em60 2AF240, em61 2BAE40: +E37 steps once per animation end"
2BB2ED,once,"em61: counts stepped once per action (+144A, +1410 -= 1000 as it starts)"
2BB2FD,once,"em61: counts stepped once per action (+144A, +1410 -= 1000 as it starts)"
2BB631,once,"em61 2BA4A0/2BB590 state starters: +1410 -= 1000, +144A and +E3E step once at the state's start"
2BB641,once,"em61 2BA4A0/2BB590 state starters: +1410 -= 1000, +144A and +E3E step once at the state's start"
2BB723,once,"an action's loop count stepped when its animation ends (239420), or a count of those"
2BBB33,once,"em61: counts stepped once per action (+144A, +1410 -= 1000 as it starts)"
2BBB43,once,"em61: counts stepped once per action (+144A, +1410 -= 1000 as it starts)"
2BC05D,once,"em61: counts stepped once per action (+144A, +1410 -= 1000 as it starts)"
2BC06D,once,"em61: counts stepped once per action (+144A, +1410 -= 1000 as it starts)"
2BD963,once,em62 slot 25: a part's damage += 90 once per hit
2BD9DF,fixed,em62: the parts' colour recovery srcx
2BD9FA,fixed,em62: the parts' colour recovery srcx
2BDA15,fixed,em62: the parts' colour recovery srcx
2BED6C,once,an action's sub-state (+E36) stepped as it starts
2BF74D,once,an action's sub-state (+E36) stepped as it starts
2BFB7D,once,a damage handler (and +173C += the damage)
2BFB83,once,a damage handler (and +173C += the damage)
2BFBA2,once,a damage handler (and +173C += the damage)
2BFEC8,fixed,em65 slot 25 2BFCF0: a sound's 45-tick countdown
2C025B,once,"em65 slot 25: a damage meter bumped once per hit (E72 bit 7, then cleared; the amount by the hit's type +E68)"
2C02C2,once,"em65 slot 25: a damage meter bumped once per hit (E72 bit 7, then cleared; the amount by the hit's type +E68)"
2C02E9,once,"em65 slot 25: a damage meter bumped once per hit (E72 bit 7, then cleared; the amount by the hit's type +E68)"
2C0367,once,"em65 slot 25: a damage meter bumped once per hit (E72 bit 7, then cleared; the amount by the hit's type +E68)"
2C04BA,once,"em65 slot 25: a damage meter bumped once per hit (E72 bit 7, then cleared; the amount by the hit's type +E68)"
2C052B,once,"em65 slot 25: a damage meter bumped once per hit (E72 bit 7, then cleared; the amount by the hit's type +E68)"
2C068D,fixed,em65's frame phase pre
2C06B8,fixed,em65's frame phase pre
2C0772,fixed,es11 2C06D0: the random 0.02 component and mutable 0.05 base step are both scaled before adding to +1084
2C079D,follows,es11 2C06D0: this store subtracts a whole unit only after the scaled +1084 phase crosses one
2C0C8C,fixed,"em65 slot 8 2C0A60: a countdown count, the child's drop srcx, a speed clock srcx"
2C1FEE,fixed,"em65 slot 8 2C0A60: a countdown count, the child's drop srcx, a speed clock srcx"
2C2006,fixed,"em65 slot 8 2C0A60: a countdown count, the child's drop srcx, a speed clock srcx"
2C21A1,fixed,"em65 slot 8 2C0A60: a countdown count, the child's drop srcx, a speed clock srcx"
2C29AD,once,em65: its velocity (+F80..+F88) x 1.5 once as an action starts
2C29C9,once,em65: its velocity (+F80..+F88) x 1.5 once as an action starts
2C29D1,once,em65: its velocity (+F80..+F88) x 1.5 once as an action starts
2C353E,once,an action's loop count stepped when its animation ends (239420)
2C41C0,stock,"em65: a factor on this tick's animation rate +F54 (x 1.2 .. 3.7 by health or timer), which the motion advance scales"
2C42CC,stock,"em65 2C40A0: y += +16F4 a tick, but +16F4 is 0 (2C427B zeroes it after the direction +16F0 is set); x and z are speed-scaled world rows"
2C43B5,stock,"em65 2C40A0: y += +16F4 a tick, but +16F4 is 0 (2C427B zeroes it after the direction +16F0 is set); x and z are speed-scaled world rows"
2C44B0,stock,"em65 2C40A0: y += +16F4 a tick, but +16F4 is 0 (2C427B zeroes it after the direction +16F0 is set); x and z are speed-scaled world rows"
2C458E,fixed,"em65 2C40A0: x += +16F0 x speed a tick, the speed's mulss a world row (2C4578)"
2C45A6,stock,"em65 2C40A0: y += +16F4 a tick, but +16F4 is 0 (2C427B zeroes it after the direction +16F0 is set); x and z are speed-scaled world rows"
2C473F,once,an action's loop count stepped when its animation ends (239420)
2C49F6,stock,"em65: a factor on this tick's animation rate +F54 (x 1.2 .. 3.7 by health or timer), which the motion advance scales"
2C4AEF,stock,"em65 2C48D0: y += +16F4 a tick, which 2C4A9E zeroes after the direction is set; x and z are world rows"
2C4BCA,stock,"em65 2C48D0: y += +16F4 a tick, which 2C4A9E zeroes after the direction is set; x and z are world rows"
2C4DE2,stock,"em65 2C48D0: y += +16F4 a tick, which 2C4A9E zeroes after the direction is set; x and z are world rows"
2C5671,once,an action's loop count stepped when its animation ends (239420)
2C57BB,stock,"em65 2C5770: a factor on this tick's animation rate +F54 (x 1.45, 1.3, 1.5 by health), which the motion advance scales by the time scale"
2C5808,stock,"em65 2C5770: a factor on this tick's animation rate +F54 (x 1.45, 1.3, 1.5 by health), which the motion advance scales by the time scale"
2C594E,stock,"em65 2C5770: a factor on this tick's animation rate +F54 (x 1.45, 1.3, 1.5 by health), which the motion advance scales by the time scale"
2C5B40,once,em65 2C5770: +E37 += 1 when its animation ends (239420)
2C5D26,fixed,"em65 2C5770: y += speed x 0.76 a tick, the speed's load a world step row (2C5D0A)"
2C5F06,stock,"em65: a factor on this tick's animation rate +F54 (x 1.2 .. 3.7 by health or timer), which the motion advance scales"
2C6875,stock,"em65 2C66F0: a factor on this tick's animation rate +F54 (x 2, x 3.7 by its timer), which the motion advance scales"
2C689A,stock,"em65 2C66F0: a factor on this tick's animation rate +F54 (x 2, x 3.7 by its timer), which the motion advance scales"
2C6D2C,stock,"em65 2C66F0: a factor on this tick's animation rate +F54 (x 2, x 3.7 by its timer), which the motion advance scales"
2C6D51,stock,"em65 2C66F0: a factor on this tick's animation rate +F54 (x 2, x 3.7 by its timer), which the motion advance scales"
2C71C6,stock,"em65: a factor on this tick's animation rate +F54 (x 1.2 .. 3.7 by health or timer), which the motion advance scales"
2C7631,stock,"em65: a factor on this tick's animation rate +F54 (x 1.2 .. 3.7 by health or timer), which the motion advance scales"
2C789F,fixed,"em65 and em68: counters and clocks (count, srcx)"
2C7BA8,stock,"em65: a factor on this tick's animation rate +F54 (x 1.2 .. 3.7 by health or timer), which the motion advance scales"
2C7D1E,stock,"em65: a factor on this tick's animation rate +F54 (x 1.2 .. 3.7 by health or timer), which the motion advance scales"
2C7ECE,stock,"em65: a factor on this tick's animation rate +F54 (x 1.2 .. 3.7 by health or timer), which the motion advance scales"
2C817E,stock,"em65: a factor on this tick's animation rate +F54 (x 1.2 .. 3.7 by health or timer), which the motion advance scales"
2C84D4,once,an action's loop count stepped when its animation ends (239420)
2C88BD,stock,"em65: a factor on this tick's animation rate +F54 (x 1.2 .. 3.7 by health or timer), which the motion advance scales"
2C8A47,fixed,"em65 and em68: counters and clocks (count, srcx)"
2C9194,fixed,"em65 and em68: counters and clocks (count, srcx)"
2C9381,fixed,em65 joint turn: its limits argscale
2C939D,fixed,em65 joint turn: its limits argscale
2C93ED,fixed,em65 joint turn: its limits argscale
2CA8C2,once,a damage handler (and +173C += the damage)
2CAA3C,once,"em68 2CA9C0: +124A steps down once per edge of the global flag B6B2C0 bit 11, which it then sets"
2CABFB,fixed,"em65 and em68: counters and clocks (count, srcx)"
2CAC12,fixed,"em65 and em68: counters and clocks (count, srcx)"
2CB504,once,em68: +1248 stepped once per spawn
2CBFCD,once,"em68 2CBF20, em69 2D0F90, em7c 2D4D40: +E36 steps once at the state's start"
2CBFF2,fixed,em68's fade lin and its sink lin
2CC784,fixed,em68's fade lin and its sink lin
2CCA8E,fixed,"em68 (2CC9D0): +1244 -= speed, a world_anims row already at 2CCA83 (the census files the site under 2CC280)"
2CD2BE,fixed,"em69 glow 2CD270: ramps lin, the pulse srcx/pre"
2CD2EC,fixed,"em69 glow 2CD270: ramps lin, the pulse srcx/pre"
2CD345,fixed,"em69 glow 2CD270: ramps lin, the pulse srcx/pre"
2CD36B,fixed,"em69 glow 2CD270: ramps lin, the pulse srcx/pre"
2CD3B7,fixed,"em69 glow 2CD270: ramps lin, the pulse srcx/pre"
2CD3DD,fixed,"em69 glow 2CD270: ramps lin, the pulse srcx/pre"
2CD510,fixed,"em69 glow 2CD270: ramps lin, the pulse srcx/pre"
2CD57E,fixed,"em69 glow 2CD270: ramps lin, the pulse srcx/pre"
2CD8C9,once,"em69 2CD6A0: a hit counter (+1291, one a hit) or its parent's count of hits (+1248)"
2CDB92,once,"em69 2CD6A0: a hit counter (+1291, one a hit) or its parent's count of hits (+1248)"
2CDDCA,once,"em69 2CD6A0: a hit counter (+1291, one a hit) or its parent's count of hits (+1248)"
2CDF71,once,"em69 2CD6A0: a hit counter (+1291, one a hit) or its parent's count of hits (+1248)"
2CE107,once,"em69 2CD6A0: a hit counter (+1291, one a hit) or its parent's count of hits (+1248)"
2CE290,once,"em69 2CD6A0: a hit counter (+1291, one a hit) or its parent's count of hits (+1248)"
2CE3C3,once,"em69 2CD6A0: a hit counter (+1291, one a hit) or its parent's count of hits (+1248)"
2CE5BD,once,"em69 2CD6A0: a hit counter (+1291, one a hit) or its parent's count of hits (+1248)"
2CE629,once,"em69 2CD6A0: a hit counter (+1291, one a hit) or its parent's count of hits (+1248)"
2CE968,fixed,em69: the slot-8 effect spawner count
2D0FE1,once,"em68 2CBF20, em69 2D0F90, em7c 2D4D40: +E36 steps once at the state's start"
2D2315,once,em69: Amaterasu lifted by 23 once as it grabs her
2D2589,once,"em69 2D2140, em83 2D7240: +E37 steps once per animation end"
2D26EB,once,an action's loop count stepped when its animation ends (239420)
2D39D9,once,an action's loop count stepped when its animation ends (239420)
2D47F0,once,an action's loop count stepped when its animation ends (239420)
2D496A,fixed,em6a: +11A4 srcx
2D49B3,fixed,"em6a 2D48E0: the glow +11A4, now pre 2D49A4"
2D4BFE,once,"a state's start: the sub-state +E36/+E37 steps once beside the motion's start, an effect or sound, or the timer +E3C's set (em7a 2D4BFE: once per animation end) (template substate_start)"
2D4ECF,once,"em68 2CBF20, em69 2D0F90, em7c 2D4D40: +E36 steps once at the state's start"
2D6170,once,an attack count (+1296) stepped once per attack
2D7463,once,"em69 2D2140, em83 2D7240: +E37 steps once per animation end"
2D7C5C,follows,"em8f 2D79F0 (ffe6c5c8's parts): +1448 and +1444 x xmm6, the damping ufirst rows load (2D7B61, 2D7E86, 2D831C); the part's lerps by xmm8 (blendr 2D7A70) and xmm2 (blend 2D8054)"
2D7C8C,follows,"em8f 2D79F0 (ffe6c5c8's parts): +1448 and +1444 x xmm6, the damping ufirst rows load (2D7B61, 2D7E86, 2D831C); the part's lerps by xmm8 (blendr 2D7A70) and xmm2 (blend 2D8054)"
2D7CAC,follows,"em8f 2D79F0 (ffe6c5c8's parts): +1448 and +1444 x xmm6, the damping ufirst rows load (2D7B61, 2D7E86, 2D831C); the part's lerps by xmm8 (blendr 2D7A70) and xmm2 (blend 2D8054)"
2D7CCD,fixed,em8f: its approach's factor k is blendr'd at 2D7A70 (the x lane's store is near it; z reads the same k)
2D7F88,follows,"em8f 2D79F0 (ffe6c5c8's parts): +1448 and +1444 x xmm6, the damping ufirst rows load (2D7B61, 2D7E86, 2D831C); the part's lerps by xmm8 (blendr 2D7A70) and xmm2 (blend 2D8054)"
2D8095,follows,"em8f 2D79F0 (ffe6c5c8's parts): +1448 and +1444 x xmm6, the damping ufirst rows load (2D7B61, 2D7E86, 2D831C); the part's lerps by xmm8 (blendr 2D7A70) and xmm2 (blend 2D8054)"
2D80B4,follows,"em8f 2D79F0 (ffe6c5c8's parts): +1448 and +1444 x xmm6, the damping ufirst rows load (2D7B61, 2D7E86, 2D831C); the part's lerps by xmm8 (blendr 2D7A70) and xmm2 (blend 2D8054)"
2D80D4,follows,"em8f 2D79F0 (ffe6c5c8's parts): +1448 and +1444 x xmm6, the damping ufirst rows load (2D7B61, 2D7E86, 2D831C); the part's lerps by xmm8 (blendr 2D7A70) and xmm2 (blend 2D8054)"
2D823A,follows,"em8f 2D79F0 (ffe6c5c8's parts): +1448 and +1444 x xmm6, the damping ufirst rows load (2D7B61, 2D7E86, 2D831C); the part's lerps by xmm8 (blendr 2D7A70) and xmm2 (blend 2D8054)"
2D82BC,once,em8f: a part's +1444 x xmm6 once when its hit test finds Amaterasu
2D8417,follows,"em8f 2D79F0 (ffe6c5c8's parts): +1448 and +1444 x xmm6, the damping ufirst rows load (2D7B61, 2D7E86, 2D831C); the part's lerps by xmm8 (blendr 2D7A70) and xmm2 (blend 2D8054)"
2D89F8,once,"em8f slot 25 2D8830: the hit's push of 5 in the hit's direction (PLAN's ""2D89F8, once"")"
2D8A0E,once,"em8f slot 25 2D8830: the hit's push of 5 in the hit's direction (PLAN's ""2D89F8, once"")"
2D8A3B,fixed,"em8f slot 25: the shake after a hit, its timer count, its steps pre, its spin lin"
2D8AC7,fixed,"em8f slot 25: the shake after a hit, its timer count, its steps pre, its spin lin"
2D8ADD,fixed,"em8f slot 25: the shake after a hit, its timer count, its steps pre, its spin lin"
2D8AF7,fixed,"em8f slot 25: the shake after a hit, its timer count, its steps pre, its spin lin"
2D8C1C,fixed,em8f: counters count
2D918A,fixed,"em8f's body: the death's moves and shake, the hover and return approaches, now rows 2D9192..2D9CDE (near_rows01)"
2D91D8,fixed,"em8f's body: the death's moves and shake, the hover and return approaches, now rows 2D9192..2D9CDE (near_rows01)"
2D9328,fixed,"em8f's body: the death's moves and shake, the hover and return approaches, now rows 2D9192..2D9CDE (near_rows01)"
2D93F7,once,"an action's sub-state (+E36) stepped as it starts, or +E3C -= 15 once"
2D95B8,fixed,"em8f 2D9460: an approach blend, countdowns and a degree counter count"
2D95C8,fixed,"em8f 2D9460: an approach blend, countdowns and a degree counter count"
2D9615,fixed,"em8f 2D9460: an approach blend, countdowns and a degree counter count"
2D9673,fixed,"em8f's body: the death's moves and shake, the hover and return approaches, now rows 2D9192..2D9CDE (near_rows01)"
2D9709,fixed,"em8f's body: the death's moves and shake, the hover and return approaches, now rows 2D9192..2D9CDE (near_rows01)"
2D9895,fixed,"em8f 2D9460: an approach blend, countdowns and a degree counter count"
2D98B8,fixed,"em8f 2D9460: an approach blend, countdowns and a degree counter count"
2D9A0A,fixed,em8f: counters count
2D9A7A,fixed,"em8f's body: the death's moves and shake, the hover and return approaches, now rows 2D9192..2D9CDE (near_rows01)"
2D9AD2,fixed,"em8f's body: the death's moves and shake, the hover and return approaches, now rows 2D9192..2D9CDE (near_rows01)"
2D9AFC,fixed,"em8f's body: the death's moves and shake, the hover and return approaches, now rows 2D9192..2D9CDE (near_rows01)"
2D9B26,fixed,"em8f's body: the death's moves and shake, the hover and return approaches, now rows 2D9192..2D9CDE (near_rows01)"
2D9B95,fixed,"em8f's body: the death's moves and shake, the hover and return approaches, now rows 2D9192..2D9CDE (near_rows01)"
2D9C9F,once,"an action's sub-state (+E36) stepped as it starts, or +E3C -= 15 once"
2D9CC9,fixed,"em8f's body: the death's moves and shake, the hover and return approaches, now rows 2D9192..2D9CDE (near_rows01)"
2D9CEB,fixed,"em8f's body: the death's moves and shake, the hover and return approaches, now rows 2D9192..2D9CDE (near_rows01)"
2DA1C4,stock,Shared 2DA050 spawn constructor copies the supplied orientation to the fresh object's +B0/B4/B8 and normalizes each angle once before returning that object.
2DA1D9,stock,Shared 2DA050 spawn constructor copies the supplied orientation to the fresh object's +B0/B4/B8 and normalizes each angle once before returning that object.
2DA1EE,stock,Shared 2DA050 spawn constructor copies the supplied orientation to the fresh object's +B0/B4/B8 and normalizes each angle once before returning that object.
2DC472,fixed,2DC3B0 is a gatefn row: its steps and decay run once a stock tick.
2DC4C7,fixed,"2DC3B0: generated gatefn entry paces the complete object alpha-byte approach, including minimum quantized steps and clamps; these branch stores are inside the gated helper"
2DC51C,fixed,"2DC3B0: generated gatefn entry paces the complete object alpha-byte approach, including minimum quantized steps and clamps; these branch stores are inside the gated helper"
2DC565,fixed,2DC3B0 is a gatefn row: its steps and decay run once a stock tick.
2DE49D,fixed,"et67 2DE450: caller 2F141C now invokes the complete force, position and 0.9 drag update on stock ticks, preserving its original order and one 0.9 damping per stock step"
2DE4A2,fixed,"et67 2DE450: caller 2F141C now invokes the complete force, position and 0.9 drag update on stock ticks, preserving its original order and one 0.9 damping per stock step"
2DE4B1,fixed,"et67 2DE450: caller 2F141C now invokes the complete force, position and 0.9 drag update on stock ticks, preserving its original order and one 0.9 damping per stock step"
2DE4CB,fixed,"et67 2DE450: caller 2F141C now invokes the complete force, position and 0.9 drag update on stock ticks, preserving its original order and one 0.9 damping per stock step"
2DE4E9,fixed,"et67 2DE450: caller 2F141C now invokes the complete force, position and 0.9 drag update on stock ticks, preserving its original order and one 0.9 damping per stock step"
2DE4ED,fixed,"et67 2DE450: caller 2F141C now invokes the complete force, position and 0.9 drag update on stock ticks, preserving its original order and one 0.9 damping per stock step"
2DF5C4,stock,"2DF550 normalizes two 3D basis vectors by their measured lengths and derives the cross product; the six stores are unit-vector projection, independent of elapsed ticks"
2DF5D0,stock,"2DF550 normalizes two 3D basis vectors by their measured lengths and derives the cross product; the six stores are unit-vector projection, independent of elapsed ticks"
2DF5E9,stock,"2DF550 normalizes two 3D basis vectors by their measured lengths and derives the cross product; the six stores are unit-vector projection, independent of elapsed ticks"
2DF626,stock,"2DF550 normalizes two 3D basis vectors by their measured lengths and derives the cross product; the six stores are unit-vector projection, independent of elapsed ticks"
2DF62B,stock,"2DF550 normalizes two 3D basis vectors by their measured lengths and derives the cross product; the six stores are unit-vector projection, independent of elapsed ticks"
2DF631,stock,"2DF550 normalizes two 3D basis vectors by their measured lengths and derives the cross product; the six stores are unit-vector projection, independent of elapsed ticks"
2E047D,stock,"Both callers, 2E0610 and 2EDA70, advance 4B9C80 immediately before this state branch. The helper projects freshly evaluated submodel B0 into B0/B8 using direction and a spatial factor."
2E10C3,follows,cTubomi et40/44/45 2E0FE0: patched 2E109C adds the scaled 0.5585054 step to submodel three E4 before wrapping at 13F2E0
2E19C7,once,"et04 2E1970 enters this increment only when +E35 is zero, plays the initial motion, then increments +E35 to one; later calls enter the state-one motion advance or other paths"
2E1B16,fixed,et04 2E1AD0: +D2C now rises or falls by a scaled 0.1 step and its clamp follows the same result
2E1B34,fixed,et04 2E1AD0: +D2C now rises or falls by a scaled 0.1 step and its clamp follows the same result
2E2723,fixed,et07: material 1's U scroll (lin 2E2703) and its wraps; the fade-in count (count 2E2D60)
2E272E,fixed,et07: material 1's U scroll (lin 2E2703) and its wraps; the fade-in count (count 2E2D60)
2E2D60,fixed,et07: material 1's U scroll (lin 2E2703) and its wraps; the fade-in count (count 2E2D60)
2E2FDD,fixed,"et08 update 2E2FA0: the six signed V scroll increments come from the lin rows at 2E2FBD, 2E300D, 2E304D, 2E308D, 2E30CD and 2E310D; each load feeds its material's first +64 store"
2E2FE8,follows,et08 update: these stores add or subtract a whole unit only after the corresponding scaled V offset crosses -1 or +1; they normalize the scroll phase rather than advancing it
2E2FFB,follows,et08 update: these stores add or subtract a whole unit only after the corresponding scaled V offset crosses -1 or +1; they normalize the scroll phase rather than advancing it
2E301D,fixed,"et08 update 2E2FA0: the six signed V scroll increments come from the lin rows at 2E2FBD, 2E300D, 2E304D, 2E308D, 2E30CD and 2E310D; each load feeds its material's first +64 store"
2E3028,follows,et08 update: these stores add or subtract a whole unit only after the corresponding scaled V offset crosses -1 or +1; they normalize the scroll phase rather than advancing it
2E303B,follows,et08 update: these stores add or subtract a whole unit only after the corresponding scaled V offset crosses -1 or +1; they normalize the scroll phase rather than advancing it
2E305D,fixed,"et08 update 2E2FA0: the six signed V scroll increments come from the lin rows at 2E2FBD, 2E300D, 2E304D, 2E308D, 2E30CD and 2E310D; each load feeds its material's first +64 store"
2E3068,follows,et08 update: these stores add or subtract a whole unit only after the corresponding scaled V offset crosses -1 or +1; they normalize the scroll phase rather than advancing it
2E307B,follows,et08 update: these stores add or subtract a whole unit only after the corresponding scaled V offset crosses -1 or +1; they normalize the scroll phase rather than advancing it
2E309D,fixed,"et08 update 2E2FA0: the six signed V scroll increments come from the lin rows at 2E2FBD, 2E300D, 2E304D, 2E308D, 2E30CD and 2E310D; each load feeds its material's first +64 store"
2E30A8,follows,et08 update: these stores add or subtract a whole unit only after the corresponding scaled V offset crosses -1 or +1; they normalize the scroll phase rather than advancing it
2E30BB,follows,et08 update: these stores add or subtract a whole unit only after the corresponding scaled V offset crosses -1 or +1; they normalize the scroll phase rather than advancing it
2E30DD,fixed,"et08 update 2E2FA0: the six signed V scroll increments come from the lin rows at 2E2FBD, 2E300D, 2E304D, 2E308D, 2E30CD and 2E310D; each load feeds its material's first +64 store"
2E30E8,follows,et08 update: these stores add or subtract a whole unit only after the corresponding scaled V offset crosses -1 or +1; they normalize the scroll phase rather than advancing it
2E30FB,follows,et08 update: these stores add or subtract a whole unit only after the corresponding scaled V offset crosses -1 or +1; they normalize the scroll phase rather than advancing it
2E311D,fixed,"et08 update 2E2FA0: the six signed V scroll increments come from the lin rows at 2E2FBD, 2E300D, 2E304D, 2E308D, 2E30CD and 2E310D; each load feeds its material's first +64 store"
2E3128,follows,et08 update: these stores add or subtract a whole unit only after the corresponding scaled V offset crosses -1 or +1; they normalize the scroll phase rather than advancing it
2E313B,follows,et08 update: these stores add or subtract a whole unit only after the corresponding scaled V offset crosses -1 or +1; they normalize the scroll phase rather than advancing it
2E3A0B,fixed,"et08 2E36F0 case 4: the submodel's sink, now src 2E39FF"
2E4904,stock,"2E48D0 scales the motion factor +F54 by the slow-motion factor only around its motion advance call, then restores it."
2E4EA7,stock,"et0f 2E4CA0: +B4 += the angle to the target clamped at 2 pi: a snap, the same at any rate"
2E4FAB,once,et0f 2E4ED0 and 2E5030: +E36 advances after motion setup or an effect in separate stage helpers; the new stage selects the next helper on the following update
2E4FB9,fixed,et0f 2E4ED0 and 2E5030: +1138 counts down only on stock ticks in both stage helpers
2E50F3,once,et0f 2E4ED0 and 2E5030: +E36 advances after motion setup or an effect in separate stage helpers; the new stage selects the next helper on the following update
2E50F9,fixed,et0f 2E4ED0 and 2E5030: +1138 counts down only on stock ticks in both stage helpers
2E5160,fixed,et0f 2E5120: +1138 action countdown now decreases on stock ticks in the fourth stage
2E555B,fixed,"et0f 2E5330: the countdown +112C, now count 2E555B"
2E55F7,follows,et0f 2E5330: the +10B0/+10B8 offset is chosen once after the patched E3C interval exceeds 90 and then that interval resets
2E561E,follows,et0f 2E5330: the +10B0/+10B8 offset is chosen once after the patched E3C interval exceeds 90 and then that interval resets
2E57A2,once,"et0f 2E5330: E37 changes from zero to one when the motion starts, before continuing its advance"
2E596A,fixed,et0f 2E57D0: +1138 action countdown now decreases on stock ticks after motion selection
2E640B,once,et11 2E63B0: +1080 is set to one and decremented immediately in the same state transition before E34 advances
2E6B7B,once,et11 2E6A90 and et12 2E6D40 are their vtable slot 9 event handlers; each increments material 0 U by 0.24 once then sets +E34 to state 3 and returns
2E6CD7,once,et12 2E6C80: +E34 steps once at the state's start
2E6D13,fixed,"et12 2E6C80: the wait +1080 (count 2E6D13, notyet 2E6D19) and the state's step after it"
2E6D22,fixed,"et12 2E6C80: the wait +1080 (count 2E6D13, notyet 2E6D19) and the state's step after it"
2E6E03,once,et11 2E6A90 and et12 2E6D40 are their vtable slot 9 event handlers; each increments material 0 U by 0.24 once then sets +E34 to state 3 and returns
2E71AC,stock,et17 2E7090: X/Y/Z receive fixed offsets after the actor position is copied from its target during this stage
2E71C4,stock,et17 2E7090: X/Y/Z receive fixed offsets after the actor position is copied from its target during this stage
2E71DD,stock,et17 2E7090: X/Y/Z receive fixed offsets after the actor position is copied from its target during this stage
2E7E41,once,"et22 2E7D40 virtual slot nine initializes position and plays its initial motion, then copies the current position to 1080 and applies the 5000 Y offset before building the trajectory in 1090"
2E848F,follows,et24 2E83E0: patched 2E8484 scales the whole 0.02 random component plus mutable 0.05 base before the 1084 phase add
2E84D7,fixed,"et24 2E83E0: the phase +1088, now lin 2E84C2"
2E8509,fixed,et24 2E83E0 and es13 515970: material +60 receives its scaled -0.01 U step before wrapping
2E8514,follows,et24 and es13: these stores normalize the scaled U phase by a whole unit only after it crosses its bound
2E8527,follows,et24 and es13: these stores normalize the scaled U phase by a whole unit only after it crosses its bound
2E9008,follows,et2b 2E8FB0: material U wrapped by 1 after its phase_steps.h scroll (2E8FE6)
2E9024,fixed,et2b 2E8FB0: actor C0/C4/C8 now rise by the shared scaled 0.1 step toward one
2E9047,fixed,et2b 2E8FB0: actor C0/C4/C8 now rise by the shared scaled 0.1 step toward one
2E906A,fixed,et2b 2E8FB0: actor C0/C4/C8 now rise by the shared scaled 0.1 step toward one
2E9DA6,follows,"et2d 2E93A0: +E34 steps when +E3C, paced by memory_timers.h, runs out"
2EA278,stock,"et2e 2EA1B0 backs up actor Y in 9C490C, temporarily adds 10 at 2EA278 for the 45FC40 ground query, then restores actor Y from 9C490C at 2EA2A7; the stored change is only the query coordinate"
2EA771,once,et2e 2EA550: E35 advances once after this action's closing effect and stage transition
2EA7E2,fixed,et2e 2EA790: the +1158 orbit phase's 0.05 step and +B4 rotation's 0.08 step are scaled before their wrap checks
2EA7FC,follows,et2e 2EA790: the conditional 6.28 subtraction only wraps a previously scaled +1158 or +B4 phase
2EA85D,once,et2e 2EA790: +E37 advances after its first orbit placement and selects the next stage; the +50 Y placement is in the subsequent one-time setup that resets +E37 and increments +E36
2EA87B,fixed,et2e 2EA790: the +1158 orbit phase's 0.05 step and +B4 rotation's 0.08 step are scaled before their wrap checks
2EA895,follows,et2e 2EA790: the conditional 6.28 subtraction only wraps a previously scaled +1158 or +B4 phase
2EA8F7,fixed,et2e 2EA790: the descending Y step is a scaled 0.25 and the capped +E37 stage counter increments on stock ticks
2EA950,fixed,et2e 2EA790: the descending Y step is a scaled 0.25 and the capped +E37 stage counter increments on stock ticks
2EA9B9,fixed,"et2e 2EA790: the sink, now lin 2EA9B1"
2EAA10,once,et2e 2EA790: +E37 advances after its first orbit placement and selects the next stage; the +50 Y placement is in the subsequent one-time setup that resets +E37 and increments +E36
2EAA4C,fixed,et2e 2EA790: the +1158 orbit phase's 0.05 step and +B4 rotation's 0.08 step are scaled before their wrap checks
2EAA66,follows,et2e 2EA790: the conditional 6.28 subtraction only wraps a previously scaled +1158 or +B4 phase
2EAC95,fixed,"et2e 2EAB10: its X/Y/Z distance-follow displacement helper now runs only on stock ticks, preserving the original vector and distance calculation"
2EACAF,fixed,"et2e 2EAB10: its X/Y/Z distance-follow displacement helper now runs only on stock ticks, preserving the original vector and distance calculation"
2EACE2,fixed,"et2e 2EAB10: its X/Y/Z distance-follow displacement helper now runs only on stock ticks, preserving the original vector and distance calculation"
2EAD33,follows,et2e 2EAD00: the patched 2EAD28 pre-add scales the selected max of 0.02 and 2.1 minus caller target before B4 accumulation; 2EAD4D only wraps that same phase
2EAD4D,follows,et2e 2EAD00: the patched 2EAD28 pre-add scales the selected max of 0.02 and 2.1 minus caller target before B4 accumulation; 2EAD4D only wraps that same phase
2EAF05,stock,"et2e 2EAD60: the three target-position offsets follow the copied target coordinates each call, so they do not accumulate across ticks"
2EAF36,stock,"et2e 2EAD60: the three target-position offsets follow the copied target coordinates each call, so they do not accumulate across ticks"
2EAF67,stock,"et2e 2EAD60: the three target-position offsets follow the copied target coordinates each call, so they do not accumulate across ticks"
2EAFF8,fixed,et2e 2EAD60: +1158 phase advances at a scaled rate; its following subtract is the same phase's conditional wrap
2EB012,fixed,et2e 2EAD60: +1158 phase advances at a scaled rate; its following subtract is the same phase's conditional wrap
2EB122,stock,2EB0E0 puts the object at another's position plus 20 each call: nothing accumulates.
2EB410,fixed,"et2e 2EB340: its Y/X/Y/Z nearby-target displacement helper now runs only on stock ticks, preserving the original distance cap"
2EB4C6,fixed,"et2e 2EB340: its Y/X/Y/Z nearby-target displacement helper now runs only on stock ticks, preserving the original distance cap"
2EB4E8,fixed,"et2e 2EB340: its Y/X/Y/Z nearby-target displacement helper now runs only on stock ticks, preserving the original distance cap"
2EB50E,fixed,"et2e 2EB340: its Y/X/Y/Z nearby-target displacement helper now runs only on stock ticks, preserving the original distance cap"
2EC789,once,"et41/et42 release impulse runs only when the player leaves its captured E35/E34 state, and sets E36 to four before adding the fixed launch impulse; this is not a repeated blend."
2EC8B4,stock,"2EC860..2EC920 has no direct external entry, aligned or unaligned actual code pointer, switch/LEA reference, export reference or physical fallthrough. Generator rechecks this complete range on the audited image; unwind frame descriptions cannot invoke it."
2EC8C7,stock,"2EC860..2EC920 has no direct external entry, aligned or unaligned actual code pointer, switch/LEA reference, export reference or physical fallthrough. Generator rechecks this complete range on the audited image; unwind frame descriptions cannot invoke it."
2ECD39,once,"et41/et42 release impulse runs only when the player leaves its captured E35/E34 state, and sets E36 to four before adding the fixed launch impulse; this is not a repeated blend."
2ECE56,stock,"2ECE10..2ECE80 has no direct external entry, aligned or unaligned actual code pointer, switch/LEA reference, export reference or physical fallthrough. Generator rechecks this complete range on the audited image; unwind frame descriptions cannot invoke it."
2ECE69,stock,"2ECE10..2ECE80 has no direct external entry, aligned or unaligned actual code pointer, switch/LEA reference, export reference or physical fallthrough. Generator rechecks this complete range on the audited image; unwind frame descriptions cannot invoke it."
2ED1FA,once,et43 2ED020: +1140/+1148 displacement and player E54 addition occur in the E36=3 to E36=4 transition
2ED227,once,et43 2ED020: +1140/+1148 displacement and player E54 addition occur in the E36=3 to E36=4 transition
2ED2CB,once,et43 2ED020: +1140/+1148 displacement and player E54 addition occur in the E36=3 to E36=4 transition
2ED37D,fixed,et43 2ED020: +1140/+1148 movement follows the stock-rate E3C timer with scaled angle-derived steps
2ED39D,fixed,et43 2ED020: +1140/+1148 movement follows the stock-rate E3C timer with scaled angle-derived steps
2ED81D,follows,et44 and et45 2ED7E0 and 2ED8B0: patched angular operands at 2ED800 and 2ED8D0 feed the submodel-three E4 stores after the angle wrap
2ED8ED,follows,et44 and et45 2ED7E0 and 2ED8B0: patched angular operands at 2ED800 and 2ED8D0 feed the submodel-three E4 stores after the angle wrap
2EE53B,fixed,et47 2EE520: +1070 30/60-tick behavior wait now decreases on stock ticks
2EE6E9,once,"et47 (2EE660, from 2EE520): +1100 counts its hits (up to 3) on the hit flags +10E8 and counts them back down on another flag, each step with a 10..60-tick cooldown +1070."
2EE761,once,"et47 (2EE660, from 2EE520): +1100 counts its hits (up to 3) on the hit flags +10E8 and counts them back down on another flag, each step with a 10..60-tick cooldown +1070."
2F098D,fixed,et65 2F0940: +E76 bit-controlled cooldown now decreases on stock ticks
2F13D5,fixed,et67 2F12A0: +E3C and +E42 action windows now decrement on stock ticks
2F1A6F,fixed,et67 2F12A0: +E3C and +E42 action windows now decrement on stock ticks
2F1AE4,fixed,et67 2F1AA0: the first material 3 and 4 +64 stores receive their 0.008 V steps from the two lin rows
2F1AEF,follows,et67: these stores normalize the scaled V phase by +/-1 only after crossing its bound
2F1B02,follows,et67: these stores normalize the scaled V phase by +/-1 only after crossing its bound
2F1B56,fixed,et67: +B4 on submodel 5 gets its 0.03 rotation step from the lin row at 2F1B3E
2F1B7B,fixed,et67 2F1AA0: the first material 3 and 4 +64 stores receive their 0.008 V steps from the two lin rows
2F1B86,follows,et67: these stores normalize the scaled V phase by +/-1 only after crossing its bound
2F1B99,follows,et67: these stores normalize the scaled V phase by +/-1 only after crossing its bound
2F1C11,fixed,et67 2F1AA0: the submodel C0/C4/C8 expansion now compounds its shared 1.7 factor over the stock period
2F1C19,fixed,et67 2F1AA0: the submodel C0/C4/C8 expansion now compounds its shared 1.7 factor over the stock period
2F1C21,fixed,et67 2F1AA0: the submodel C0/C4/C8 expansion now compounds its shared 1.7 factor over the stock period
2F2222,once,"et68 2F2150: actor Y receives +0.7 and, in one world-state branch, +1.5 during the stage-two setup that advances E36"
2F22B3,once,"et68 2F2150: actor Y receives +0.7 and, in one world-state branch, +1.5 during the stage-two setup that advances E36"
2F2A19,fixed,et6b 2F2970: three +1080 action countdowns now decrement on stock ticks while the motion advance retains its scaled clock
2F2C95,fixed,Appearance alpha stores consume the double-precision increments scaled at 2F2C82/2F2C9D/2F2CB8; the shared source is preserved and each result is narrowed and clamped once.
2F2CB0,fixed,Appearance alpha stores consume the double-precision increments scaled at 2F2C82/2F2C9D/2F2CB8; the shared source is preserved and each result is narrowed and clamped once.
2F2CCB,fixed,Appearance alpha stores consume the double-precision increments scaled at 2F2C82/2F2C9D/2F2CB8; the shared source is preserved and each result is narrowed and clamped once.
2F2DC7,fixed,et6b 2F2970: three +1080 action countdowns now decrement on stock ticks while the motion advance retains its scaled clock
2F2E4A,fixed,"et6b 2F2970 case 8: the alpha's fade, now src 2F2E38"
2F2E62,fixed,et6b 2F2970: three +1080 action countdowns now decrement on stock ticks while the motion advance retains its scaled clock
2F3292,once,et6f 2F3210: three values lose 30 once each when the timer 1674C0 reports its end
2F3313,once,et6f decrements component health by ten only after consuming and clearing that component's +11B2 bit 1; the same event bit cannot decrement it again.
2F3F86,fixed,et6f 2F3F40: one scaled 0.03 step in xmm6 feeds the three material U additions in the loop
2F4002,once,"2F3F40 calls 2F3FE0 only when the object's +E36 state is zero and the B6B2BF event flag is set, then immediately sets +E36 to one at 2F3FB1; 2F4002's +20 Y offset is a single effect-spawn event for that transition"
2F497B,fixed,et71 2F4940: the +10E7 action countdown now decrements on stock ticks
2F5081,once,"Movement setup copies the requested duration, computes three target-minus-position velocities and changes E35 to three; the initial duration decrement belongs to this setter invocation."
2F570B,fixed,et72 2F5640: +1102 counts the 90-tick action wait with the selected count hook
2F61F8,fixed,et73 2F61C0: +E10/+E54/+E18 velocity lanes receive a rooted 0.98 retention factor and the Y lane receives a scaled gravity step
2F6205,fixed,et73 2F61C0: +E10/+E54/+E18 velocity lanes receive a rooted 0.98 retention factor and the Y lane receives a scaled gravity step
2F6219,fixed,et73 2F61C0: +E10/+E54/+E18 velocity lanes receive a rooted 0.98 retention factor and the Y lane receives a scaled gravity step
2F6225,fixed,et73 2F61C0: updated velocity is scaled once more when moved into X/Y/Z position
2F623D,fixed,et73 2F61C0: updated velocity is scaled once more when moved into X/Y/Z position
2F6256,fixed,et73 2F61C0: updated velocity is scaled once more when moved into X/Y/Z position
2F62AC,stock,et73 2F61C0: the Y-position subtraction before 45FC40 is temporary and +Y is restored from xmm6 after the call in the same invocation
2F64E6,once,"et73 2F6470: +E36 advances immediately after motion setup in this stage helper, before the new motion is advanced"
2F6612,stock,"et73 2F6470: +E10/+E18 are freshly computed as direction differences and divided by the current magnitude; they are normalized direction components, not accumulated animation steps"
2F662A,stock,"et73 2F6470: +E10/+E18 are freshly computed as direction differences and divided by the current magnitude; they are normalized direction components, not accumulated animation steps"
2F6BB7,fixed,et74 2F6B60: +1080 counts action ticks with the selected count hook
2F701C,fixed,et7f 2F6F70: +E3C ten-count interval advances on stock ticks and its effect is suppressed on held ticks
2F7551,fixed,et8a 2F73D0: +1091 four-count interval advances on stock ticks and its effect is suppressed on held ticks
2F771A,fixed,et8a 2F73D0: actor X/Y/Z now approach submodel coordinates with a compounded 0.15 weight; submodel E4 rotates by a scaled step
2F7745,fixed,et8a 2F73D0: actor X/Y/Z now approach submodel coordinates with a compounded 0.15 weight; submodel E4 rotates by a scaled step
2F7774,fixed,et8a 2F73D0: actor X/Y/Z now approach submodel coordinates with a compounded 0.15 weight; submodel E4 rotates by a scaled step
2F77A6,fixed,et8a 2F73D0: actor X/Y/Z now approach submodel coordinates with a compounded 0.15 weight; submodel E4 rotates by a scaled step
2F787F,fixed,et8a 2F7800: +E3C oscillator count now advances on stock ticks
2F7A0E,stock,"Newly spawned effect positioning computes target minus old position plus old position in each component, producing the player's submodel position rather than integrating a repeated step."
2F7A35,stock,"Newly spawned effect positioning computes target minus old position plus old position in each component, producing the player's submodel position rather than integrating a repeated step."
2F7A60,stock,"Newly spawned effect positioning computes target minus old position plus old position in each component, producing the player's submodel position rather than integrating a repeated step."
2F8806,fixed,et92 2F86E0: +10BC counts down its 120-tick wait with the selected count hook
2F9072,fixed,gt01/03/11/13/19/1b/1d/1f/97: the +1080 action countdown is paced at each listed site by a count hook
2F966E,fixed,gt01/03/11/13/19/1b/1d/1f/97: the +1080 action countdown is paced at each listed site by a count hook
2F9A9F,fixed,gt10 2F9920: the +E3C action countdown now decrements on stock ticks
2F9D22,fixed,gt01/03/11/13/19/1b/1d/1f/97: the +1080 action countdown is paced at each listed site by a count hook
2FA2D2,fixed,gt01/03/11/13/19/1b/1d/1f/97: the +1080 action countdown is paced at each listed site by a count hook
2FA93F,fixed,gt17 2FA850: the +1080 action countdown now decrements on stock ticks
2FAE4E,fixed,gt01/03/11/13/19/1b/1d/1f/97: the +1080 action countdown is paced at each listed site by a count hook
2FB43B,fixed,gt01/03/11/13/19/1b/1d/1f/97: the +1080 action countdown is paced at each listed site by a count hook
2FBA48,fixed,gt01/03/11/13/19/1b/1d/1f/97: the +1080 action countdown is paced at each listed site by a count hook
2FBD86,once,gt1e 2FBCE0: +E34 advances when the placement test 168EF0 succeeds and again after its next animation setup; both are action-stage transitions
2FBDAF,once,gt1e 2FBCE0: +E34 advances when the placement test 168EF0 succeeds and again after its next animation setup; both are action-stage transitions
2FC019,fixed,gt01/03/11/13/19/1b/1d/1f/97: the +1080 action countdown is paced at each listed site by a count hook
2FC62F,fixed,gt01/03/11/13/19/1b/1d/1f/97: the +1080 action countdown is paced at each listed site by a count hook
2FD5E1,once,"gtfd 2FD580: +E34 advances after setting the interaction request and constructing the target +1080 object, handing control to its next action stage"
2FDACF,fixed,gtfe: the +1084 opening and closing waits each use a selected count hook
2FDE1C,fixed,gtfe: the +1084 opening and closing waits each use a selected count hook
2FE5A6,fixed,gtfe 2FE4B0: +1082 stage count advances on stock ticks and its zero-stage effect is suppressed on held ticks
2FEAF0,fixed,gtff: identical physical update 2FEAF0 is already patched by memory_timers.h for the unattributed copy of the inventory row. Its counter reaches zero and immediately changes E35 out of phase one before another update can replay completion.
2FF528,fixed,gt_org1: the +1074 action countdown uses a selected count hook
2FFB6E,stock,AddXYZ constructs a fresh position from the linked model position and rotated data offset immediately before adding the fixed ten-unit Y offset.
301A34,stock,"301980 clamps an actor back to a circle: distance minus allowed radius is the fresh correction along its normalized separation. Caller 301890 selects geometric exclusion circles, not elapsed movement."
301A44,stock,"301980 clamps an actor back to a circle: distance minus allowed radius is the fresh correction along its normalized separation. Caller 301890 selects geometric exclusion circles, not elapsed movement."
301B54,stock,"301A70..301BC0 has no direct external entry, aligned or unaligned actual code pointer, switch/LEA reference, export reference or physical fallthrough. Generator rechecks this complete range on the audited image; unwind frame descriptions cannot invoke it."
301B64,stock,"301A70..301BC0 has no direct external entry, aligned or unaligned actual code pointer, switch/LEA reference, export reference or physical fallthrough. Generator rechecks this complete range on the audited image; unwind frame descriptions cannot invoke it."
303FBD,fixed,"303F00/304190: generated gatefn entries pace the complete quantized villager and shadow alpha fades, including these byte stores"
30425D,fixed,"303F00/304190: generated gatefn entries pace the complete quantized villager and shadow alpha fades, including these byte stores"
30493A,stock,Shared actor heading approaches through the globally corrected 2DA510 turn helper.
304995,fixed,hm3c 304950: both position components approach the new target from 2FF900 by the 0.05 factors at 304989 and 3049AB
3049B8,fixed,hm3c 304950: both position components approach the new target from 2FF900 by the 0.05 factors at 304989 and 3049AB
304A2D,once,the waypoint follower 3049D0: the waypoint index +1274 steps once per waypoint reached
305C9B,once,Shared actor initialization zeroes its position and advances E36 from zero to one.
306EA7,once,hm3c 306E30: the random 2..5 motion repetition count is chosen only at a motion-state transition
307622,fixed,"307340: x and z move by (target - x) / (+E3C + 1), now srcblend 307619/307642"
30764B,fixed,"307340: x and z move by (target - x) / (+E3C + 1), now srcblend 307619/307642"
308ACE,follows,E37 advances from zero to one only after 30F230 returns motion completion; that helper unconditionally advances the time-corrected 4B9C80 motion.
309C97,follows,E37 advances from zero to one only after 30F230 returns motion completion; that helper unconditionally advances the time-corrected 4B9C80 motion.
30A84E,follows,E37 advances from zero to one only after 30F230 returns motion completion; that helper unconditionally advances the time-corrected 4B9C80 motion.
30AF46,once,Death-effect phase entry initializes its motion or effects under E37 zero and advances E37 to one before subsequent updates.
30B1AE,once,Death-effect phase entry initializes its motion or effects under E37 zero and advances E37 to one before subsequent updates.
30B9D5,once,Fixed-facing phase entry runs under E37 zero and advances E37 to one after initialization.
30C084,once,"hm07 hm2d hm32 hm68 hmbd: these +E37 increments occur only in stage-zero action branches, after turning, motion setup, or a one-time effect; the new stage suppresses the same branch on the next tick"
30C2B0,follows,E37 advances from zero to one only after 30F230 returns motion completion; that helper unconditionally advances the time-corrected 4B9C80 motion.
30D2FB,once,Randomized wait construction selects sixty to eighty-nine ticks on phase entry and advances E37 to one.
30D582,once,"E37 advances from one to two after heading alignment, or from two to three after reaching the target; the selected branch is no longer active on the next update."
30D77D,once,"a state's start: the sub-state +E36/+E37 steps once beside the motion's start, an effect or sound, or the timer +E3C's set (em7a 2D4BFE: once per animation end) (template substate_start)"
30D97E,once,"30D650 increments E36 on phase-zero motion setup, then again only when 4B9C80 reports its motion has finished."
30D9DC,once,"30D650 increments E36 on phase-zero motion setup, then again only when 4B9C80 reports its motion has finished."
30E0A3,once,Randomized motion selection runs on phase-zero entry and advances E37 to one.
30E36A,follows,E37 advances from zero to one only after 30F230 returns motion completion; that helper unconditionally advances the time-corrected 4B9C80 motion.
30EC13,fixed,"30EB40: generated gatefn entry paces the whole mood-particle helper, keeping the +1277 countdown, spawn event and random reload on the same stock tick"
310675,once,"cHumanAngel 3105D0, hm08 31AAC0, hm0d 31CC60/31CDA0: +E36 steps once at the state's start"
3108E5,fixed,"cHumanChap 3107E0 is a jump alias for 3107F0, whose 3108D6 add is already scaled by phase_steps.h"
311535,follows,Linked-motion completion advances E37 from one to two only after 4B9C80 reports completion; phase two bypasses this increment.
311FED,fixed,"Whole-function gate 311FA0 runs the periodic effect counter, old-counter comparison, reset and spawn together at stock cadence; its sole caller discards the return."
312A36,stock,cHumanLotus 312790: slot 15 copies a target's current angle difference into +B4 and saves that target angle at +1318; this follows the target rather than advancing by a per-tick rate
312A83,once,cHumanLotus 312790: slot 15 adds a fixed 1.5 Y offset while setting up the target-relative pose
31331B,stock,"Resource barriers 210580 and 210640 and the resource manager's stability barrier 3132C0: consecutive idle updates before the loader reports idle; latency, not motion, and polled by the load and exit spins (493640, 493E20, 494120) inside one tick"
313731,stock,"Resource manager 49DC70's five-update readiness delay, a resource instance's 90-update timeout (49DD20) and the 30-update retry delays (49DE70, 49E090), the resource record's eight-update retry cooldown (313710): loader latency; the exit spin 4B69A0 hung on 49DD00"
313911,stock,Resource request failure counts unsuccessful allocation attempts and resets the shared +1814 tally on success; the per-record retry cooldown controls attempt timing separately.
313A83,fixed,313A60 (3135B0's state 1): the delay +40 is count row 313A80.
313B13,stock,Resource request failure counts unsuccessful allocation attempts and resets the shared +1814 tally on success; the per-record retry cooldown controls attempt timing separately.
314177,stock,"Bounded registry insertion increments its length only after initializing the new record at old-count times 128, with a forty-eight-slot bound."
314715,once,"Human +E36 motion-stage transitions: each increment leaves its triggering stage and follows an effect, motion start, or completion event"
314DB2,fixed,"314B60: the countdowns +1328, +1327, +132C, now count rows"
314DC6,fixed,"314B60: the countdowns +1328, +1327, +132C, now count rows"
314DD9,fixed,"314B60: the countdowns +1328, +1327, +132C, now count rows"
315C97,stock,Root-motion setup unconditionally calls 30F230 and therefore 4B9C80 before multiplying the freshly evaluated EC4 displacement by the fixed spatial factor one-half.
315EB6,once,"315E60 increments the zero entry latch during its stage initialization, changing that stage to initialized."
31607B,fixed,315E60: x's approach (blend 31606F) and y's rise (src 3160C1)
3160C9,fixed,315E60: x's approach (blend 31606F) and y's rise (src 3160C1)
3161E7,once,"315E60 increments the zero entry latch during its stage initialization, changing that stage to initialized."
31621D,stock,"315E60 calls 307840, which calls corrected common advance 4B9C80, before multiplying its fresh root-motion EC4 delta by 0.2. This shapes the current tick's animation displacement."
316436,once,Actor phase entry toggles its +1324 selector under E36 zero and then advances E36 to one.
3165AA,once,"316490 changes 1324 only in phase zero, then writes E36=1 before the persistent update."
316646,stock,"316490 calls 30F230, which advances 4B9C80 and refreshes EC8 root motion, before applying spatial factor 3.5. The factor is independent of elapsed time."
3166E7,stock,Root-motion setup unconditionally calls 30F230 and therefore 4B9C80 before multiplying the freshly evaluated EC4 displacement by the fixed spatial factor one-half.
316796,once,Actor phase entry toggles its +1324 selector under E36 zero and then advances E36 to one.
317175,stock,"317080 returns two freshly computed atan2 headings through output parameters, with fixed angle offsets and wrapping. Neither output is an accumulated phase."
317182,stock,"317080 returns two freshly computed atan2 headings through output parameters, with fixed angle offsets and wrapping. Neither output is an accumulated phase."
317684,stock,All four submodels' E0/108 approaches use the globally time-corrected 2DA510 helper; the stored results need no additional division.
3176DA,stock,All four submodels' E0/108 approaches use the globally time-corrected 2DA510 helper; the stored results need no additional division.
317730,stock,All four submodels' E0/108 approaches use the globally time-corrected 2DA510 helper; the stored results need no additional division.
317786,stock,All four submodels' E0/108 approaches use the globally time-corrected 2DA510 helper; the stored results need no additional division.
317845,stock,"317810..317870 has no direct external entry, aligned or unaligned actual code pointer, switch/LEA reference, export reference or physical fallthrough. Generator rechecks this complete range on the audited image; unwind frame descriptions cannot invoke it."
31785A,stock,"317810..317870 has no direct external entry, aligned or unaligned actual code pointer, switch/LEA reference, export reference or physical fallthrough. Generator rechecks this complete range on the audited image; unwind frame descriptions cannot invoke it."
3179BD,fixed,Villager 317870: the countdown +14 is count row 3179BA.
317D53,once,Villager 317BB0 returns unless its mood changed; then it swaps the mood bubble effect (1989F0) and cycles its index +C.
318277,once,"Human +E36 motion-stage transitions: each increment leaves its triggering stage and follows an effect, motion start, or completion event"
318704,once,"Human +E36 motion-stage transitions: each increment leaves its triggering stage and follows an effect, motion start, or completion event"
3188F5,once,"Human +E36 motion-stage transitions: each increment leaves its triggering stage and follows an effect, motion start, or completion event"
3197A3,once,hm07 319680 and hm08 31AE10: slot 24's action 0x200 copies a reference transform and adds its rotated +EA0 offset once on entering that action
3197B9,once,hm07 319680 and hm08 31AE10: slot 24's action 0x200 copies a reference transform and adds its rotated +EA0 offset once on entering that action
3197D0,once,hm07 319680 and hm08 31AE10: slot 24's action 0x200 copies a reference transform and adds its rotated +EA0 offset once on entering that action
319930,once,"hm07 3198C0/319E20 and hm08 31B570/31B9B0: +E36/+E37 increments after starting a motion or completing a motion cycle, and the later 307840 motion-advance call decides when to reset"
319CE8,once,"hm07 319C40: slot 26's action-0x1d handler copies a reference position, adds a fixed 18 Y offset, then dispatches the action"
319E75,once,"Human +E36 motion-stage transitions: each increment leaves its triggering stage and follows an effect, motion start, or completion event"
31AB85,once,"cHumanAngel 3105D0, hm08 31AAC0, hm0d 31CC60/31CDA0: +E36 steps once at the state's start"
31AF33,once,hm07 319680 and hm08 31AE10: slot 24's action 0x200 copies a reference transform and adds its rotated +EA0 offset once on entering that action
31AF49,once,hm07 319680 and hm08 31AE10: slot 24's action 0x200 copies a reference transform and adds its rotated +EA0 offset once on entering that action
31AF60,once,hm07 319680 and hm08 31AE10: slot 24's action 0x200 copies a reference transform and adds its rotated +EA0 offset once on entering that action
31B5B2,once,"Human +E36 motion-stage transitions: each increment leaves its triggering stage and follows an effect, motion start, or completion event"
31B9F2,once,"Human +E36 motion-stage transitions: each increment leaves its triggering stage and follows an effect, motion start, or completion event"
31C2A4,once,"Human +E36 motion-stage transitions: each increment leaves its triggering stage and follows an effect, motion start, or completion event"
31C65E,once,"Human +E36 motion-stage transitions: each increment leaves its triggering stage and follows an effect, motion start, or completion event"
31C795,once,"Human +E36 motion-stage transitions: each increment leaves its triggering stage and follows an effect, motion start, or completion event"
31CCDA,once,"cHumanAngel 3105D0, hm08 31AAC0, hm0d 31CC60/31CDA0: +E36 steps once at the state's start"
31CE1A,once,"cHumanAngel 3105D0, hm08 31AAC0, hm0d 31CC60/31CDA0: +E36 steps once at the state's start"
31D436,fixed,"hm0f 31D420: +14E0 is a 240-tick periodic clock, incremented at stock pace"
31D5C3,fixed,hm10 31D560 and hm6e 331D00 and hm6f 331EE0: their alpha +5C additions and subtractions use separate scaled 0.05 RIP rates
31D5FB,fixed,hm10 31D560 and hm6e 331D00 and hm6f 331EE0: their alpha +5C additions and subtractions use separate scaled 0.05 RIP rates
31D72E,once,"Human +E36 motion-stage transitions: each increment leaves its triggering stage and follows an effect, motion start, or completion event"
31D7DE,once,"Human +E36 motion-stage transitions: each increment leaves its triggering stage and follows an effect, motion start, or completion event"
31DD1E,once,"Human +E36 motion-stage transitions: each increment leaves its triggering stage and follows an effect, motion start, or completion event"
31E0FE,fixed,"hm18 31E070: slot 18 calls this void pose blend only on stock ticks, avoiding repeated interpolation with the already-scaled +14F8 weight"
31E117,fixed,"hm18 31E070: slot 18 calls this void pose blend only on stock ticks, avoiding repeated interpolation with the already-scaled +14F8 weight"
31E131,fixed,"hm18 31E070: slot 18 calls this void pose blend only on stock ticks, avoiding repeated interpolation with the already-scaled +14F8 weight"
31E140,fixed,"hm18 31E070: slot 18 calls this void pose blend only on stock ticks, avoiding repeated interpolation with the already-scaled +14F8 weight"
31E47C,once,"hm18 31E400, hm19 31EA20/31F160/31F1F0: these +E36/+E37 transitions follow a motion start or the 30F230/307840 completion result"
31E8EF,fixed,hm19 31E8A0: the two alpha +5C stores use separate scaled -0.05 and +0.05 steps
31E901,fixed,hm19 31E8A0: the two alpha +5C stores use separate scaled -0.05 and +0.05 steps
31EA89,once,"hm18 31E400, hm19 31EA20/31F160/31F1F0: these +E36/+E37 transitions follow a motion start or the 30F230/307840 completion result"
31EEA4,fixed,hm19 31EDD0: both state-specific +Y additions use scaled vertical displacements
31EF06,fixed,hm19 31EDD0: both state-specific +Y additions use scaled vertical displacements
31EF65,once,"hm19 31EDD0: -1000 from +E24 is applied while entering state 2, immediately before the state byte advances"
31F01C,stock,hm19 31EDD0: X/Z at 31F01C are computed from saved +E10/+E18 and the target vector using the current motion playhead +F48; no previous output position feeds the blend
31F1A4,once,"Human +E36 motion-stage transitions: each increment leaves its triggering stage and follows an effect, motion start, or completion event"
31F298,once,"Human +E36 motion-stage transitions: each increment leaves its triggering stage and follows an effect, motion start, or completion event"
31F810,once,"Human +E36 motion-stage transitions: each increment leaves its triggering stage and follows an effect, motion start, or completion event"
31F8CE,once,"Human +E36 motion-stage transitions: each increment leaves its triggering stage and follows an effect, motion start, or completion event"
31FB30,once,"Human +E36 motion-stage transitions: each increment leaves its triggering stage and follows an effect, motion start, or completion event"
31FBEE,once,"Human +E36 motion-stage transitions: each increment leaves its triggering stage and follows an effect, motion start, or completion event"
320350,once,"Human +E36 motion-stage transitions: each increment leaves its triggering stage and follows an effect, motion start, or completion event"
3206F4,once,"3206A0, hm1f 3208F0, hm22 3213A0, hm24 321870, hm8e 333960: +E36 steps once at the state's start"
320944,once,"3206A0, hm1f 3208F0, hm22 3213A0, hm24 321870, hm8e 333960: +E36 steps once at the state's start"
321434,once,"3206A0, hm1f 3208F0, hm22 3213A0, hm24 321870, hm8e 333960: +E36 steps once at the state's start"
32191E,once,"3206A0, hm1f 3208F0, hm22 3213A0, hm24 321870, hm8e 333960: +E36 steps once at the state's start"
321FBA,once,"Human +E36 motion-stage transitions: each increment leaves its triggering stage and follows an effect, motion start, or completion event"
32255B,once,hm27 3223B0: these +1314 state increments occur only on state entry or after the +1315 countdown completes
322567,fixed,hm27 3223B0: its two +1315 byte countdown decrements occur once per stock tick
32259E,once,hm27 3223B0: three random target coordinates are chosen only when a state phase starts
3225B8,once,hm27 3223B0: three random target coordinates are chosen only when a state phase starts
3225E6,once,hm27 3223B0: three random target coordinates are chosen only when a state phase starts
322647,once,hm27 3223B0: these +1314 state increments occur only on state entry or after the +1315 countdown completes
3226A7,once,hm27 3223B0: these +1314 state increments occur only on state entry or after the +1315 countdown completes
322719,fixed,hm27 3223B0: each of the three byte-derived submodel position terms is scaled before adding it
322739,fixed,hm27 3223B0: each of the three byte-derived submodel position terms is scaled before adding it
32275C,fixed,hm27 3223B0: each of the three byte-derived submodel position terms is scaled before adding it
32276A,fixed,hm27 3223B0: its two +1315 byte countdown decrements occur once per stock tick
322B39,fixed,hm27/hmd1 slot 18: +1316 toggles the submodel pose only on stock ticks
32338F,fixed,"hm27 323240: +E3C is already a paced remaining-tick count, and its per-call target blend is compounded from 1/(remaining+1)"
3233B1,follows,"hm27 323240 / hmbd 335530: y and z lerp by xmm6, the factor whose divss world row (323380, 3356AF) converts x's"
3233D1,follows,"hm27 323240 / hmbd 335530: y and z lerp by xmm6, the factor whose divss world row (323380, 3356AF) converts x's"
3238E3,once,"hm28 323820: these +E36 state changes happen after state entry, the 30F230 completion event, or the previous phase transition"
32392F,once,"hm28 323820: these +E36 state changes happen after state entry, the 30F230 completion event, or the previous phase transition"
323949,once,"hm28 323820: these +E36 state changes happen after state entry, the 30F230 completion event, or the previous phase transition"
323A0E,fixed,"hm28 323820: the +E3C wait write is skipped between stock ticks, preserving its 300-tick phase"
323DB3,once,"Human +E36 motion-stage transitions: each increment leaves its triggering stage and follows an effect, motion start, or completion event"
324302,once,"Human +E36 motion-stage transitions: each increment leaves its triggering stage and follows an effect, motion start, or completion event"
3244E3,once,"hm07 hm2d hm32 hm68 hmbd: these +E37 increments occur only in stage-zero action branches, after turning, motion setup, or a one-time effect; the new stage suppresses the same branch on the next tick"
32501E,fixed,hm30 hm31 hm3a hm3b slot 18: their +1810/+1770/+1814 clocks advance once per stock tick
3255A7,fixed,hm30 hm31 hm3a hm3b slot 18: their +1810/+1770/+1814 clocks advance once per stock tick
325A4E,fixed,"hm32 3259C0: slot 18 calls this void pose blend only on stock ticks, avoiding repeated interpolation with the already-scaled +1458 weight"
325A67,fixed,"hm32 3259C0: slot 18 calls this void pose blend only on stock ticks, avoiding repeated interpolation with the already-scaled +1458 weight"
325A81,fixed,"hm32 3259C0: slot 18 calls this void pose blend only on stock ticks, avoiding repeated interpolation with the already-scaled +1458 weight"
325A90,fixed,"hm32 3259C0: slot 18 calls this void pose blend only on stock ticks, avoiding repeated interpolation with the already-scaled +1458 weight"
325D3C,once,"hm07 hm2d hm32 hm68 hmbd: these +E37 increments occur only in stage-zero action branches, after turning, motion setup, or a one-time effect; the new stage suppresses the same branch on the next tick"
326399,once,hm36 326340: +1310 advances once while entering stage zero; the +1311 countdown that follows is paced separately
3263A6,fixed,hm36 326340: the +1311 wait decrements only on stock ticks after its stage-zero reload of 90
326B3E,fixed,hm30 hm31 hm3a hm3b slot 18: their +1810/+1770/+1814 clocks advance once per stock tick
327136,fixed,hm30 hm31 hm3a hm3b slot 18: their +1810/+1770/+1814 clocks advance once per stock tick
327186,fixed,hm3b 327180: the 60-step +1818 wave counter advances only on stock ticks
327724,fixed,"hm3c 327400: the flipbook tick +1450, now count 327724"
327CAF,once,"Human +E36 motion-stage transitions: each increment leaves its triggering stage and follows an effect, motion start, or completion event"
328A74,once,"Human +E36 motion-stage transitions: each increment leaves its triggering stage and follows an effect, motion start, or completion event"
329016,once,"Human +E36 motion-stage transitions: each increment leaves its triggering stage and follows an effect, motion start, or completion event"
3291B6,once,"Human +E36 motion-stage transitions: each increment leaves its triggering stage and follows an effect, motion start, or completion event"
3293FE,once,"Human +E36 motion-stage transitions: each increment leaves its triggering stage and follows an effect, motion start, or completion event"
3294E4,once,"Human +E36 motion-stage transitions: each increment leaves its triggering stage and follows an effect, motion start, or completion event"
329607,once,"Human +E36 motion-stage transitions: each increment leaves its triggering stage and follows an effect, motion start, or completion event"
329AA7,once,"Human +E36 motion-stage transitions: each increment leaves its triggering stage and follows an effect, motion start, or completion event"
329E1A,once,"Human +E36 motion-stage transitions: each increment leaves its triggering stage and follows an effect, motion start, or completion event"
32AC36,fixed,"hm48 32A910: each computed XYZ step is scaled before addition to position, and the 0.2 FixTurnRate factor is compounded"
32AC4B,fixed,"hm48 32A910: each computed XYZ step is scaled before addition to position, and the 0.2 FixTurnRate factor is compounded"
32AC61,fixed,"hm48 32A910: each computed XYZ step is scaled before addition to position, and the 0.2 FixTurnRate factor is compounded"
32AD38,fixed,"hm48 32A910: each computed XYZ step is scaled before addition to position, and the 0.2 FixTurnRate factor is compounded"
32B2DB,fixed,hm48 32B190 and hm52 32BD80: the +13B2 wait and 240-step +16D0 phase advance only on stock ticks
32BDF3,fixed,hm48 32B190 and hm52 32BD80: the +13B2 wait and 240-step +16D0 phase advance only on stock ticks
32C05D,fixed,hm52 32BFA0: +16D2 advances once per stock tick before its compare against 60 and sine-height calculation
32C212,once,"a state's start: the sub-state +E36/+E37 steps once beside the motion's start, an effect or sound, or the timer +E3C's set (em7a 2D4BFE: once per animation end) (template substate_start)"
32CAE9,fixed,hm5d 32CA40 and hm5e 32D0C0: each scaled 0.05 in xmm6 feeds both increasing and decreasing material alpha paths
32CB73,fixed,hm5d 32CA40 and hm5e 32D0C0: each scaled 0.05 in xmm6 feeds both increasing and decreasing material alpha paths
32CBA4,fixed,hm5d 32CA40 and hm5e 32D0C0: each scaled 0.05 in xmm6 feeds both increasing and decreasing material alpha paths
32CE0E,once,"Human +E36 motion-stage transitions: each increment leaves its triggering stage and follows an effect, motion start, or completion event"
32D18A,fixed,hm5d 32CA40 and hm5e 32D0C0: each scaled 0.05 in xmm6 feeds both increasing and decreasing material alpha paths
32D214,fixed,hm5d 32CA40 and hm5e 32D0C0: each scaled 0.05 in xmm6 feeds both increasing and decreasing material alpha paths
32D245,fixed,hm5d 32CA40 and hm5e 32D0C0: each scaled 0.05 in xmm6 feeds both increasing and decreasing material alpha paths
32D80A,once,"Human +E36 motion-stage transitions: each increment leaves its triggering stage and follows an effect, motion start, or completion event"
32D91A,fixed,"hm62 32D910: +1310 increments once per stock tick, and the conditional subtraction of 240 at 32D938 only wraps that paced phase"
32D938,fixed,"hm62 32D910: +1310 increments once per stock tick, and the conditional subtraction of 240 at 32D938 only wraps that paced phase"
32E5BA,once,"Human +E36 motion-stage transitions: each increment leaves its triggering stage and follows an effect, motion start, or completion event"
32F09E,once,"hm07 hm2d hm32 hm68 hmbd: these +E37 increments occur only in stage-zero action branches, after turning, motion setup, or a one-time effect; the new stage suppresses the same branch on the next tick"
32F546,once,"hm07 hm2d hm32 hm68 hmbd: these +E37 increments occur only in stage-zero action branches, after turning, motion setup, or a one-time effect; the new stage suppresses the same branch on the next tick"
32FE7A,fixed,hm68 32FE00: the +B4 yaw phase uses a scaled 0.9599311 step before angle wrapping
3303F8,once,"hm07 hm2d hm32 hm68 hmbd: these +E37 increments occur only in stage-zero action branches, after turning, motion setup, or a one-time effect; the new stage suppresses the same branch on the next tick"
330490,once,hm68 3303B0: +1310 becomes the remainder of an action-index increment only when a distance threshold is reached; the same branch also switches +E36 and resets +E37
33057D,stock,"Initialization resets +1312 and counts four fixed save-data flags once, then selects E34=0x105; this is a bit population count, not a duration."
330596,stock,"Initialization resets +1312 and counts four fixed save-data flags once, then selects E34=0x105; this is a bit population count, not a duration."
3305AF,stock,"Initialization resets +1312 and counts four fixed save-data flags once, then selects E34=0x105; this is a bit population count, not a duration."
330C7C,fixed,"Custom root-motion program: entire coupled update is paced by the stock-cadence gate at 330B90. Caller return-value proof, patch overlap audit, installed DLL checks and N=1/2/4 focused window emulation pass."
330C90,fixed,"Custom root-motion program: entire coupled update is paced by the stock-cadence gate at 330B90. Caller return-value proof, patch overlap audit, installed DLL checks and N=1/2/4 focused window emulation pass."
330D2B,fixed,"Custom root-motion program: entire coupled update is paced by the stock-cadence gate at 330B90. Caller return-value proof, patch overlap audit, installed DLL checks and N=1/2/4 focused window emulation pass."
330DB9,fixed,"Custom root-motion program: entire coupled update is paced by the stock-cadence gate at 330B90. Caller return-value proof, patch overlap audit, installed DLL checks and N=1/2/4 focused window emulation pass."
3310F2,once,"hm07 hm2d hm32 hm68 hmbd: these +E37 increments occur only in stage-zero action branches, after turning, motion setup, or a one-time effect; the new stage suppresses the same branch on the next tick"
33151A,once,"Human +E36 motion-stage transitions: each increment leaves its triggering stage and follows an effect, motion start, or completion event"
33187A,once,"Human +E36 motion-stage transitions: each increment leaves its triggering stage and follows an effect, motion start, or completion event"
331C0F,once,"Human +E36 motion-stage transitions: each increment leaves its triggering stage and follows an effect, motion start, or completion event"
331D63,fixed,hm10 31D560 and hm6e 331D00 and hm6f 331EE0: their alpha +5C additions and subtractions use separate scaled 0.05 RIP rates
331D9B,fixed,hm10 31D560 and hm6e 331D00 and hm6f 331EE0: their alpha +5C additions and subtractions use separate scaled 0.05 RIP rates
331F43,fixed,hm10 31D560 and hm6e 331D00 and hm6f 331EE0: their alpha +5C additions and subtractions use separate scaled 0.05 RIP rates
331F7B,fixed,hm10 31D560 and hm6e 331D00 and hm6f 331EE0: their alpha +5C additions and subtractions use separate scaled 0.05 RIP rates
333A04,once,"3206A0, hm1f 3208F0, hm22 3213A0, hm24 321870, hm8e 333960: +E36 steps once at the state's start"
3343B3,once,"Human +E36 motion-stage transitions: each increment leaves its triggering stage and follows an effect, motion start, or completion event"
33476E,once,"Human +E36 motion-stage transitions: each increment leaves its triggering stage and follows an effect, motion start, or completion event"
3355EB,once,"hm07 hm2d hm32 hm68 hmbd: these +E37 increments occur only in stage-zero action branches, after turning, motion setup, or a one-time effect; the new stage suppresses the same branch on the next tick"
3356BB,fixed,"hmbd 335530: +E3C is already a paced remaining-tick count, and its per-call target blend is compounded from 1/(remaining+1)"
3356DA,follows,"hm27 323240 / hmbd 335530: y and z lerp by xmm6, the factor whose divss world row (323380, 3356AF) converts x's"
335C85,once,"Human +E36 motion-stage transitions: each increment leaves its triggering stage and follows an effect, motion start, or completion event"
337196,fixed,hmce 3370B0: X/Z 0.05 target blends and the yaw 0.1 turn blend use per-tick compounded factors
3371B9,fixed,hmce 3370B0: X/Z 0.05 target blends and the yaw 0.1 turn blend use per-tick compounded factors
3371D1,fixed,hmce 3370B0: X/Z 0.05 target blends and the yaw 0.1 turn blend use per-tick compounded factors
33793A,fixed,hmd1 3377F0: its two +1315 byte countdown decrements occur once per stock tick
337971,once,hmd1 3377F0: three random target coordinates are chosen only when a state phase begins
33798B,once,hmd1 3377F0: three random target coordinates are chosen only when a state phase begins
3379B9,once,hmd1 3377F0: three random target coordinates are chosen only when a state phase begins
337AE2,fixed,hmd1 3377F0: each of the three byte-derived submodel position terms is scaled before adding it
337B01,fixed,hmd1 3377F0: each of the three byte-derived submodel position terms is scaled before adding it
337B23,fixed,hmd1 3377F0: each of the three byte-derived submodel position terms is scaled before adding it
337B31,fixed,hmd1 3377F0: its two +1315 byte countdown decrements occur once per stock tick
337B76,fixed,hmd1 3377F0: the 0.1047198 angle increment is scaled before wrapping and storing submodel 18's yaw
337EE1,fixed,hm27/hmd1 slot 18: +1316 toggles the submodel pose only on stock ticks
339403,once,"Human +E36 motion-stage transitions: each increment leaves its triggering stage and follows an effect, motion start, or completion event"
3395CA,once,"Human +E36 motion-stage transitions: each increment leaves its triggering stage and follows an effect, motion start, or completion event"
3397D1,once,"Human +E36 motion-stage transitions: each increment leaves its triggering stage and follows an effect, motion start, or completion event"
33988E,once,"Human +E36 motion-stage transitions: each increment leaves its triggering stage and follows an effect, motion start, or completion event"
339BDE,once,"Human +E36 motion-stage transitions: each increment leaves its triggering stage and follows an effect, motion start, or completion event"
33A2E0,once,"cBallObj collision handler 33A0B0: the body runs only while +E58 bit 1 is set and +10FC bit 0 is clear (33A113-33A122); it sets +10FC bit 0 at 33A52E before returning. These velocity multipliers, impulses and field accumulations therefore happen once per collision event, not every update tick; repeated calls take the early exit until the event state is reset"
33A2FB,once,"cBallObj collision handler 33A0B0: the body runs only while +E58 bit 1 is set and +10FC bit 0 is clear (33A113-33A122); it sets +10FC bit 0 at 33A52E before returning. These velocity multipliers, impulses and field accumulations therefore happen once per collision event, not every update tick; repeated calls take the early exit until the event state is reset"
33A30C,once,"cBallObj collision handler 33A0B0: the body runs only while +E58 bit 1 is set and +10FC bit 0 is clear (33A113-33A122); it sets +10FC bit 0 at 33A52E before returning. These velocity multipliers, impulses and field accumulations therefore happen once per collision event, not every update tick; repeated calls take the early exit until the event state is reset"
33A314,once,"cBallObj collision handler 33A0B0: the body runs only while +E58 bit 1 is set and +10FC bit 0 is clear (33A113-33A122); it sets +10FC bit 0 at 33A52E before returning. These velocity multipliers, impulses and field accumulations therefore happen once per collision event, not every update tick; repeated calls take the early exit until the event state is reset"
33A389,once,"cBallObj collision handler 33A0B0: the body runs only while +E58 bit 1 is set and +10FC bit 0 is clear (33A113-33A122); it sets +10FC bit 0 at 33A52E before returning. These velocity multipliers, impulses and field accumulations therefore happen once per collision event, not every update tick; repeated calls take the early exit until the event state is reset"
33A3A2,once,"cBallObj collision handler 33A0B0: the body runs only while +E58 bit 1 is set and +10FC bit 0 is clear (33A113-33A122); it sets +10FC bit 0 at 33A52E before returning. These velocity multipliers, impulses and field accumulations therefore happen once per collision event, not every update tick; repeated calls take the early exit until the event state is reset"
33A3DA,once,"cBallObj collision handler 33A0B0: the body runs only while +E58 bit 1 is set and +10FC bit 0 is clear (33A113-33A122); it sets +10FC bit 0 at 33A52E before returning. These velocity multipliers, impulses and field accumulations therefore happen once per collision event, not every update tick; repeated calls take the early exit until the event state is reset"
33A401,once,"cBallObj collision handler 33A0B0: the body runs only while +E58 bit 1 is set and +10FC bit 0 is clear (33A113-33A122); it sets +10FC bit 0 at 33A52E before returning. These velocity multipliers, impulses and field accumulations therefore happen once per collision event, not every update tick; repeated calls take the early exit until the event state is reset"
33A41E,once,"cBallObj collision handler 33A0B0: the body runs only while +E58 bit 1 is set and +10FC bit 0 is clear (33A113-33A122); it sets +10FC bit 0 at 33A52E before returning. These velocity multipliers, impulses and field accumulations therefore happen once per collision event, not every update tick; repeated calls take the early exit until the event state is reset"
33A453,once,"cBallObj collision handler 33A0B0: the body runs only while +E58 bit 1 is set and +10FC bit 0 is clear (33A113-33A122); it sets +10FC bit 0 at 33A52E before returning. These velocity multipliers, impulses and field accumulations therefore happen once per collision event, not every update tick; repeated calls take the early exit until the event state is reset"
33A473,once,"cBallObj collision handler 33A0B0: the body runs only while +E58 bit 1 is set and +10FC bit 0 is clear (33A113-33A122); it sets +10FC bit 0 at 33A52E before returning. These velocity multipliers, impulses and field accumulations therefore happen once per collision event, not every update tick; repeated calls take the early exit until the event state is reset"
33A4BA,once,"cBallObj collision handler 33A0B0: the body runs only while +E58 bit 1 is set and +10FC bit 0 is clear (33A113-33A122); it sets +10FC bit 0 at 33A52E before returning. These velocity multipliers, impulses and field accumulations therefore happen once per collision event, not every update tick; repeated calls take the early exit until the event state is reset"
33A4FD,once,"cBallObj collision handler 33A0B0: the body runs only while +E58 bit 1 is set and +10FC bit 0 is clear (33A113-33A122); it sets +10FC bit 0 at 33A52E before returning. These velocity multipliers, impulses and field accumulations therefore happen once per collision event, not every update tick; repeated calls take the early exit until the event state is reset"
33A516,once,"cBallObj collision handler 33A0B0: the body runs only while +E58 bit 1 is set and +10FC bit 0 is clear (33A113-33A122); it sets +10FC bit 0 at 33A52E before returning. These velocity multipliers, impulses and field accumulations therefore happen once per collision event, not every update tick; repeated calls take the early exit until the event state is reset"
33A526,once,"cBallObj collision handler 33A0B0: the body runs only while +E58 bit 1 is set and +10FC bit 0 is clear (33A113-33A122); it sets +10FC bit 0 at 33A52E before returning. These velocity multipliers, impulses and field accumulations therefore happen once per collision event, not every update tick; repeated calls take the early exit until the event state is reset"
33A889,fixed,cBallObj et9a wp1e 33A560: 33A875 loads the shared 0.05 step in xmm7; all four material +60 additions use it
33A894,follows,cBallObj et9a wp1e: these stores subtract 1 only after the scaled U offset crosses +1
33A8B2,fixed,cBallObj et9a wp1e 33A560: 33A875 loads the shared 0.05 step in xmm7; all four material +60 additions use it
33A8BD,follows,cBallObj et9a wp1e: these stores subtract 1 only after the scaled U offset crosses +1
33A8D9,fixed,cBallObj et9a wp1e 33A560: 33A875 loads the shared 0.05 step in xmm7; all four material +60 additions use it
33A8E4,follows,cBallObj et9a wp1e: these stores subtract 1 only after the scaled U offset crosses +1
33A90A,fixed,cBallObj et9a wp1e 33A560: 33A875 loads the shared 0.05 step in xmm7; all four material +60 additions use it
33A915,follows,cBallObj et9a wp1e: these stores subtract 1 only after the scaled U offset crosses +1
33AACC,fixed,"shared wp/enemy update 33A560, type 398: +E3E's repeating effect timer decrements on stock ticks and its old-value zero effect is held between them"
33ACD7,fixed,"cBallObj 33ABC0: +E54 += +112C, now pre 33ACCF"
33AD99,fixed,"cBallObj 33ABC0: 33ACE5 supplies the only xmm6 value until its restore, and its nine uses multiply persistent +E48/+E20/+E28 by the compounded 0.1 factor"
33ADAD,fixed,"cBallObj 33ABC0: 33ACE5 supplies the only xmm6 value until its restore, and its nine uses multiply persistent +E48/+E20/+E28 by the compounded 0.1 factor"
33ADB5,fixed,"cBallObj 33ABC0: 33ACE5 supplies the only xmm6 value until its restore, and its nine uses multiply persistent +E48/+E20/+E28 by the compounded 0.1 factor"
33AFB1,fixed,"cBallObj 33ABC0: 33ACE5 supplies the only xmm6 value until its restore, and its nine uses multiply persistent +E48/+E20/+E28 by the compounded 0.1 factor"
33AFC5,fixed,"cBallObj 33ABC0: 33ACE5 supplies the only xmm6 value until its restore, and its nine uses multiply persistent +E48/+E20/+E28 by the compounded 0.1 factor"
33AFCD,fixed,"cBallObj 33ABC0: 33ACE5 supplies the only xmm6 value until its restore, and its nine uses multiply persistent +E48/+E20/+E28 by the compounded 0.1 factor"
33B0C7,stock,"cBallObj applies coefficient 1134 to vertical velocity only in the ground-contact response, alongside the floor clamp, low-speed stop and bounce sound latch; preserve the impact coefficient in stock units."
33B1E9,fixed,"cBallObj 33ABC0: 33ACE5 supplies the only xmm6 value until its restore, and its nine uses multiply persistent +E48/+E20/+E28 by the compounded 0.1 factor"
33B1FD,fixed,"cBallObj 33ABC0: 33ACE5 supplies the only xmm6 value until its restore, and its nine uses multiply persistent +E48/+E20/+E28 by the compounded 0.1 factor"
33B205,fixed,"cBallObj 33ABC0: 33ACE5 supplies the only xmm6 value until its restore, and its nine uses multiply persistent +E48/+E20/+E28 by the compounded 0.1 factor"
33C11F,fixed,"cBallObj update 33BB20: the ulast row at 33C0F4 changes the shared +1128 factor to 1 between stock-period ends; the movaps at 33C101 copies it to xmm3, and the two mulss instructions at 33C10B and 33C117 therefore leave +E20/+E28 unchanged between stock ticks and apply drag to both after their final move"
33C12E,fixed,"cBallObj update 33BB20: the ulast row at 33C0F4 changes the shared +1128 factor to 1 between stock-period ends; the movaps at 33C101 copies it to xmm3, and the two mulss instructions at 33C10B and 33C117 therefore leave +E20/+E28 unchanged between stock ticks and apply drag to both after their final move"
33C305,once,33C290 +E54 is a one-time impulse in state one which immediately becomes state two; +E10/+E18 multiplication and +E20/+E28 additions occur only in state zero after it sets +E36 to one and derive the initial horizontal impulse from the owner's submodel and heading
33C33A,fixed,"cBallObj 33C290 roll: position += +E20/+E28 a tick and the rolling turn, now pre 33C336/33C34D and lin 33C3B8"
33C352,fixed,"cBallObj 33C290 roll: position += +E20/+E28 a tick and the rolling turn, now pre 33C336/33C34D and lin 33C3B8"
33C527,once,33C290 +E54 is a one-time impulse in state one which immediately becomes state two; +E10/+E18 multiplication and +E20/+E28 additions occur only in state zero after it sets +E36 to one and derive the initial horizontal impulse from the owner's submodel and heading
33C53B,once,33C290 +E54 is a one-time impulse in state one which immediately becomes state two; +E10/+E18 multiplication and +E20/+E28 additions occur only in state zero after it sets +E36 to one and derive the initial horizontal impulse from the owner's submodel and heading
33C543,once,33C290 +E54 is a one-time impulse in state one which immediately becomes state two; +E10/+E18 multiplication and +E20/+E28 additions occur only in state zero after it sets +E36 to one and derive the initial horizontal impulse from the owner's submodel and heading
33C54B,once,33C290 +E54 is a one-time impulse in state one which immediately becomes state two; +E10/+E18 multiplication and +E20/+E28 additions occur only in state zero after it sets +E36 to one and derive the initial horizontal impulse from the owner's submodel and heading
33CE31,fixed,cCarryObj 33CDA0: +11D4 progress now advances with a scaled 0.1 step and clamps at one
33CE47,fixed,cCarryObj 33CDA0: +11D4 progress now advances with a scaled 0.1 step and clamps at one
33CE99,fixed,cCarryObj 33CDA0: +11C4 cooldown now decreases on stock ticks
33CFA1,fixed,cCarryObj 33CDA0: +12B1 wait now decreases on stock ticks and its zero-trigger effect is suppressed on held ticks
33CFE5,fixed,cCarryObj 33CDA0: +11C5 cooldown now decreases on stock ticks
33D1AF,fixed,cCarryObj 33D190: +11D0 progress now advances by a scaled +11CC step and its clamp follows the same result
33D1CC,fixed,cCarryObj 33D190: +11D0 progress now advances by a scaled +11CC step and its clamp follows the same result
33D6AF,fixed,cCarryObj 33D5B0: +11C8 progress now decreases by a scaled count-derived step
33D6DC,fixed,cCarryObj 33D5B0: +11C6 remaining count now decreases on stock ticks
33D73A,stock,"33D700..33D780 has no direct external entry, aligned or unaligned actual code pointer, switch/LEA reference, export reference or physical fallthrough. Generator rechecks this complete range on the audited image; unwind frame descriptions cannot invoke it."
33DAF2,once,"cCarryObj halves +E54 only on the 20F6C0 impact result with the designated collision kind, then performs bounce response 33EAD0/33E620."
33DBB9,stock,"33DBA0..33DBE0 has no direct external entry, aligned or unaligned actual code pointer, switch/LEA reference, export reference or physical fallthrough. Generator rechecks this complete range on the audited image; unwind frame descriptions cannot invoke it."
33DC77,once,cCarryObj ground impact restitution: 33DA50 calls 33DBE0 only after the ground contact reported by 20F6C0; rebound reverses/halves the incoming vertical speed and halves the horizontal speed for that impact.
33DC97,once,cCarryObj ground impact restitution: 33DA50 calls 33DBE0 only after the ground contact reported by 20F6C0; rebound reverses/halves the incoming vertical speed and halves the horizontal speed for that impact.
33DE10,once,cCarryObj wall impact: 33DA50 calls 33DD10 only for the +F90 wall-contact bit; it reflects the incoming XZ direction about the contact normal while retaining its magnitude.
33DE24,once,cCarryObj wall impact: 33DA50 calls 33DD10 only for the +F90 wall-contact bit; it reflects the incoming XZ direction about the contact normal while retaining its magnitude.
33DF15,fixed,"cCarryObj 33DE40 float bob: +E54's change is zfirst 33DEF4/33DEFE, its damping count-factor 33DF2C, the height step src 33DF41"
33DF34,fixed,"cCarryObj 33DE40 float bob: +E54's change is zfirst 33DEF4/33DEFE, its damping count-factor 33DF2C, the height step src 33DF41"
33DF49,fixed,"cCarryObj 33DE40 float bob: +E54's change is zfirst 33DEF4/33DEFE, its damping count-factor 33DF2C, the height step src 33DF41"
33E448,once,hm07 placement helper 33E370: X/Y/Z +E10/+E54/+E18 are adjusted from a reference transform during an action setup that also sets +11C4 to stage 4
33E46C,once,hm07 placement helper 33E370: X/Y/Z +E10/+E54/+E18 are adjusted from a reference transform during an action setup that also sets +11C4 to stage 4
33E490,once,hm07 placement helper 33E370: X/Y/Z +E10/+E54/+E18 are adjusted from a reference transform during an action setup that also sets +11C4 to stage 4
340060,fixed,"cEnemyObj: its hit shake and countdown count, its material scroll lin"
340078,fixed,"cEnemyObj: its hit shake and countdown count, its material scroll lin"
340093,fixed,"cEnemyObj: its hit shake and countdown count, its material scroll lin"
34034A,fixed,"cEnemyObj: its hit shake and countdown count, its material scroll lin"
340362,fixed,"cEnemyObj: its hit shake and countdown count, its material scroll lin"
340EE5,fixed,"cEnemyObj piece 340D00: pos += s x v, the velocity's changes countlast, spin lin, countdown count"
340F13,fixed,"cEnemyObj piece 340D00: pos += s x v, the velocity's changes countlast, spin lin, countdown count"
340F1B,fixed,"cEnemyObj piece 340D00: pos += s x v, the velocity's changes countlast, spin lin, countdown count"
340F23,fixed,"cEnemyObj piece 340D00: pos += s x v, the velocity's changes countlast, spin lin, countdown count"
340FF2,fixed,"cEnemyObj piece 340D00: pos += s x v, the velocity's changes countlast, spin lin, countdown count"
3410A5,fixed,"cEnemyObj piece 340D00: pos += s x v, the velocity's changes countlast, spin lin, countdown count"
3410C0,fixed,"cEnemyObj piece 340D00: pos += s x v, the velocity's changes countlast, spin lin, countdown count"
3410C8,fixed,"cEnemyObj piece 340D00: pos += s x v, the velocity's changes countlast, spin lin, countdown count"
3410E3,fixed,"cEnemyObj piece 340D00: pos += s x v, the velocity's changes countlast, spin lin, countdown count"
3410EB,fixed,"cEnemyObj piece 340D00: pos += s x v, the velocity's changes countlast, spin lin, countdown count"
3410F3,fixed,"cEnemyObj piece 340D00: pos += s x v, the velocity's changes countlast, spin lin, countdown count"
3412BD,once,"cEnemyObj piece: the bounce, v x (0.5, -0.3, 0.5) when it reaches the ground (then set above it)"
3412D5,once,"cEnemyObj piece: the bounce, v x (0.5, -0.3, 0.5) when it reaches the ground (then set above it)"
3412DD,once,"cEnemyObj piece: the bounce, v x (0.5, -0.3, 0.5) when it reaches the ground (then set above it)"
3413EC,fixed,"cEnemyObj piece 340D00: pos += s x v, the velocity's changes countlast, spin lin, countdown count"
341D3A,fixed,cEnemyObj 341BE0: the two local blend rows at 341CFF and 341EA4 supply the gap factor used for all three material 4 channels in their respective state branches
341D6E,fixed,cEnemyObj 341BE0: the two local blend rows at 341CFF and 341EA4 supply the gap factor used for all three material 4 channels in their respective state branches
341D73,fixed,cEnemyObj 341BE0: the two local blend rows at 341CFF and 341EA4 supply the gap factor used for all three material 4 channels in their respective state branches
341EDC,fixed,cEnemyObj 341BE0: the two local blend rows at 341CFF and 341EA4 supply the gap factor used for all three material 4 channels in their respective state branches
341EE1,fixed,cEnemyObj 341BE0: the two local blend rows at 341CFF and 341EA4 supply the gap factor used for all three material 4 channels in their respective state branches
341EE6,fixed,cEnemyObj 341BE0: the two local blend rows at 341CFF and 341EA4 supply the gap factor used for all three material 4 channels in their respective state branches
342235,fixed,"cEnemyObj 341F10: the colour approach's factor, now blend 3421C9"
34223A,fixed,"cEnemyObj 341F10: the colour approach's factor, now blend 3421C9"
342571,fixed,"cEnemyObj 3423D0: the colour approach's factor, now blend 342537"
3425A1,fixed,"cEnemyObj 3423D0: the colour approach's factor, now blend 342537"
342941,fixed,cEnemyObj 3426A0: the two local 0.3 blend rows at 342909 and 3429DF supply all three material 4 gap multiplications on their respective branches
342946,fixed,cEnemyObj 3426A0: the two local 0.3 blend rows at 342909 and 3429DF supply all three material 4 gap multiplications on their respective branches
34294B,fixed,cEnemyObj 3426A0: the two local 0.3 blend rows at 342909 and 3429DF supply all three material 4 gap multiplications on their respective branches
342A17,fixed,cEnemyObj 3426A0: the two local 0.3 blend rows at 342909 and 3429DF supply all three material 4 gap multiplications on their respective branches
342A1C,fixed,cEnemyObj 3426A0: the two local 0.3 blend rows at 342909 and 3429DF supply all three material 4 gap multiplications on their respective branches
342A21,fixed,cEnemyObj 3426A0: the two local 0.3 blend rows at 342909 and 3429DF supply all three material 4 gap multiplications on their respective branches
342D28,fixed,cEnemyObj 342AC0: the local 0.3 blend row at 342CDE supplies all three material 4 gap multiplications
342D2D,fixed,cEnemyObj 342AC0: the local 0.3 blend row at 342CDE supplies all three material 4 gap multiplications
342D32,fixed,cEnemyObj 342AC0: the local 0.3 blend row at 342CDE supplies all three material 4 gap multiplications
34340C,fixed,"cEnemyObj: its hit shake and countdown count, its material scroll lin"
34341B,fixed,"cEnemyObj: its hit shake and countdown count, its material scroll lin"
34342B,fixed,"cEnemyObj: its hit shake and countdown count, its material scroll lin"
34343C,fixed,"cEnemyObj: its hit shake and countdown count, its material scroll lin"
34344C,fixed,"cEnemyObj: its hit shake and countdown count, its material scroll lin"
34345A,fixed,"cEnemyObj: its hit shake and countdown count, its material scroll lin"
343469,fixed,"cEnemyObj: its hit shake and countdown count, its material scroll lin"
359BA0,once,3599D0 creates an enemy and gives it the next id from 9C6A80.
35A211,stock,35A170 and 35A2A0 remove destroyed objects from pointer vectors via memmove and decrement the vectors' end pointers by one eight-byte element.
35A24D,stock,35A170 and 35A2A0 remove destroyed objects from pointer vectors via memmove and decrement the vectors' end pointers by one eight-byte element.
35A354,stock,35A170 and 35A2A0 remove destroyed objects from pointer vectors via memmove and decrement the vectors' end pointers by one eight-byte element.
35A385,stock,35A170 and 35A2A0 remove destroyed objects from pointer vectors via memmove and decrement the vectors' end pointers by one eight-byte element.
35A9AF,stock,"35A820 inserts a supplied number of elements into a vector, allocates or shifts data as needed, and reconstructs base/end/capacity pointers."
35A9B7,stock,"35A820 inserts a supplied number of elements into a vector, allocates or shifts data as needed, and reconstructs base/end/capacity pointers."
35A9BB,stock,"35A820 inserts a supplied number of elements into a vector, allocates or shifts data as needed, and reconstructs base/end/capacity pointers."
35AA4D,stock,"35A820 inserts a supplied number of elements into a vector, allocates or shifts data as needed, and reconstructs base/end/capacity pointers."
35AAD8,stock,"35A820 inserts a supplied number of elements into a vector, allocates or shifts data as needed, and reconstructs base/end/capacity pointers."
35AE90,stock,35AE10 appends to a vector (+8 is its end pointer).
35B547,stock,objScroll 35B1E0 at 35B547 reads B6B240 and compares the mode byte with 0x20 to select a branch; it does not advance state
35B901,stock,"objScroll 35B840 increments B65F50 only after a successful 1B9AB0 object query; the enclosing 4934D0 frame sweep clears B65F50 at 49351B before traversing objects, so these are per-sweep counts of successful objects"
35BAC5,stock,"objScroll 35B840 increments B65F50 only after a successful 1B9AB0 object query; the enclosing 4934D0 frame sweep clears B65F50 at 49351B before traversing objects, so these are per-sweep counts of successful objects"
35BB16,stock,"objScroll 35B840 increments B65F58 for an active object; a full direct and RIP-reference scan of main.dll found no read or address-taking reference to B65F58, so this write-only tally does not drive a timer or animation"
35C1CC,stock,"objScroll 35B840 at 35C1CC is add rsp,0x140 in the function epilogue; the inventory's frame-derived match is a false positive on a stack adjustment"
35C5E9,fixed,objScroll 35C520: C0 and C8 rise by the shared scaled 0.1 step before clamping at one
35C5F1,fixed,objScroll 35C520: C0 and C8 rise by the shared scaled 0.1 step before clamping at one
35C679,fixed,objScroll 35C520: D20/D24/D28 rise by the same shared scaled 0.1 step when C4 passes 0.5
35C681,fixed,objScroll 35C520: D20/D24/D28 rise by the same shared scaled 0.1 step when C4 passes 0.5
35C689,fixed,objScroll 35C520: D20/D24/D28 rise by the same shared scaled 0.1 step when C4 passes 0.5
35C862,fixed,objScroll 35C790: D20/D24/D28 rise together using the scaled shared 0.05 step in state five
35C86A,fixed,objScroll 35C790: D20/D24/D28 rise together using the scaled shared 0.05 step in state five
35C872,fixed,objScroll 35C790: D20/D24/D28 rise together using the scaled shared 0.05 step in state five
35C8D4,fixed,"objScroll falls: y += vy a tick, now rows 35C8CF, 35D001, 35D21A, 35D456 (gravity phase_steps.h, drag decay_factors.h)"
35C9F9,once,"objScroll 35C790: the +500 height placement runs only in state zero, which changes to state one before the next update"
35CE6F,follows,"objScroll 35CC30/35D0E0: the colour's G and B lerp toward 1 by xmm2, the 0.05 its R lerp loads through a world blend literal (35CE40, 35D346)"
35CE8B,follows,"objScroll 35CC30/35D0E0: the colour's G and B lerp toward 1 by xmm2, the 0.05 its R lerp loads through a world blend literal (35CE40, 35D346)"
35D009,fixed,"objScroll falls: y += vy a tick, now rows 35C8CF, 35D001, 35D21A, 35D456 (gravity phase_steps.h, drag decay_factors.h)"
35D222,fixed,"objScroll falls: y += vy a tick, now rows 35C8CF, 35D001, 35D21A, 35D456 (gravity phase_steps.h, drag decay_factors.h)"
35D388,follows,"objScroll 35CC30/35D0E0: the colour's G and B lerp toward 1 by xmm2, the 0.05 its R lerp loads through a world blend literal (35CE40, 35D346)"
35D398,follows,"objScroll 35CC30/35D0E0: the colour's G and B lerp toward 1 by xmm2, the 0.05 its R lerp loads through a world blend literal (35CE40, 35D346)"
35D45E,fixed,"objScroll falls: y += vy a tick, now rows 35C8CF, 35D001, 35D21A, 35D456 (gravity phase_steps.h, drag decay_factors.h)"
35DB2C,stock,"35DAF0..35DB40 has no direct external entry, aligned or unaligned actual code pointer, switch/LEA reference, export reference or physical fallthrough. Generator rechecks this complete range on the audited image; unwind frame descriptions cannot invoke it."
35E2F4,fixed,es17 35E290: each of its three mutually exclusive opacity increments uses its own scaled RIP rate
35E33A,fixed,es17 35E290: each of its three mutually exclusive opacity increments uses its own scaled RIP rate
35E37B,fixed,es17 35E290: each of its three mutually exclusive opacity increments uses its own scaled RIP rate
35E3B3,fixed,es17 35E290: the +107C yaw phase is advanced by its scaled 0.5 step before wrapping
35E571,fixed,em6a 2D48E0 and es18 35E5F0: their random U/V steps use a scaled 0.03 before calling the material wrap helpers
35E576,fixed,em6a 2D48E0 and es18 35E5F0: their random U/V steps use a scaled 0.03 before calling the material wrap helpers
35E589,follows,em6a/es18 U/V helper: these stores only normalize a U/V phase by an integral unit after adding the scaled random step
35E5A9,follows,em6a/es18 U/V helper: these stores only normalize a U/V phase by an integral unit after adding the scaled random step
35E5C9,follows,em6a/es18 U/V helper: these stores only normalize a U/V phase by an integral unit after adding the scaled random step
35E5DC,follows,em6a/es18 U/V helper: these stores only normalize a U/V phase by an integral unit after adding the scaled random step
35FBF9,fixed,es39 35FBC0: the +10E7 fade byte changes only on stock ticks; the material color is recomputed from its held value on every call
3609C4,fixed,es60 3608E0: the two 0.1 lin rows feed all three RGB additions or subtractions on their respective paths
3609D4,fixed,es60 3608E0: the two 0.1 lin rows feed all three RGB additions or subtractions on their respective paths
3609D9,fixed,es60 3608E0: the two 0.1 lin rows feed all three RGB additions or subtractions on their respective paths
360A13,fixed,es60 3608E0: the two 0.1 lin rows feed all three RGB additions or subtractions on their respective paths
360A18,fixed,es60 3608E0: the two 0.1 lin rows feed all three RGB additions or subtractions on their respective paths
360A1D,fixed,es60 3608E0: the two 0.1 lin rows feed all three RGB additions or subtractions on their respective paths
360B5D,stock,"es60 360AD0 copies a matrix, then iterates its child transforms and calls the stock wrap-angle helper on each existing +B0/+B4/+B8 angle without advancing any angle; these three stores are normalization only"
360B72,stock,"es60 360AD0 copies a matrix, then iterates its child transforms and calls the stock wrap-angle helper on each existing +B0/+B4/+B8 angle without advancing any angle; these three stores are normalization only"
360B9C,stock,"es60 360AD0 copies a matrix, then iterates its child transforms and calls the stock wrap-angle helper on each existing +B0/+B4/+B8 angle without advancing any angle; these three stores are normalization only"
3616FB,fixed,ese0 3615C0/361780/361D10: the +E35 phase increments run once per stock tick in each update handler
3618A0,fixed,ese0 3615C0/361780/361D10: the +E35 phase increments run once per stock tick in each update handler
361AD4,fixed,ese0 3619D0: two exclusive +E35 ramp increments and the shared +E36 trigger increment execute only on stock ticks
361B29,fixed,ese0 3619D0: two exclusive +E35 ramp increments and the shared +E36 trigger increment execute only on stock ticks
361B86,fixed,ese0 3619D0: two exclusive +E35 ramp increments and the shared +E36 trigger increment execute only on stock ticks
361DA7,fixed,ese0 3615C0/361780/361D10: the +E35 phase increments run once per stock tick in each update handler
36224C,stock,"esf7 vtable slot 9 (3621D0): helper 1BAF70 calls cMatrix::Inverse with +12F0 as destination and the model matrix as source, overwriting the sixteen +12F0..+132C floats every update before this function divides each by the constant 1.5; these stores are fresh transform values, not accumulated animation steps"
36225C,stock,"esf7 vtable slot 9 (3621D0): helper 1BAF70 calls cMatrix::Inverse with +12F0 as destination and the model matrix as source, overwriting the sixteen +12F0..+132C floats every update before this function divides each by the constant 1.5; these stores are fresh transform values, not accumulated animation steps"
362274,stock,"esf7 vtable slot 9 (3621D0): helper 1BAF70 calls cMatrix::Inverse with +12F0 as destination and the model matrix as source, overwriting the sixteen +12F0..+132C floats every update before this function divides each by the constant 1.5; these stores are fresh transform values, not accumulated animation steps"
36227C,stock,"esf7 vtable slot 9 (3621D0): helper 1BAF70 calls cMatrix::Inverse with +12F0 as destination and the model matrix as source, overwriting the sixteen +12F0..+132C floats every update before this function divides each by the constant 1.5; these stores are fresh transform values, not accumulated animation steps"
362290,stock,"esf7 vtable slot 9 (3621D0): helper 1BAF70 calls cMatrix::Inverse with +12F0 as destination and the model matrix as source, overwriting the sixteen +12F0..+132C floats every update before this function divides each by the constant 1.5; these stores are fresh transform values, not accumulated animation steps"
3622A4,stock,"esf7 vtable slot 9 (3621D0): helper 1BAF70 calls cMatrix::Inverse with +12F0 as destination and the model matrix as source, overwriting the sixteen +12F0..+132C floats every update before this function divides each by the constant 1.5; these stores are fresh transform values, not accumulated animation steps"
3622B8,stock,"esf7 vtable slot 9 (3621D0): helper 1BAF70 calls cMatrix::Inverse with +12F0 as destination and the model matrix as source, overwriting the sixteen +12F0..+132C floats every update before this function divides each by the constant 1.5; these stores are fresh transform values, not accumulated animation steps"
3622CC,stock,"esf7 vtable slot 9 (3621D0): helper 1BAF70 calls cMatrix::Inverse with +12F0 as destination and the model matrix as source, overwriting the sixteen +12F0..+132C floats every update before this function divides each by the constant 1.5; these stores are fresh transform values, not accumulated animation steps"
3622E0,stock,"esf7 vtable slot 9 (3621D0): helper 1BAF70 calls cMatrix::Inverse with +12F0 as destination and the model matrix as source, overwriting the sixteen +12F0..+132C floats every update before this function divides each by the constant 1.5; these stores are fresh transform values, not accumulated animation steps"
3622F4,stock,"esf7 vtable slot 9 (3621D0): helper 1BAF70 calls cMatrix::Inverse with +12F0 as destination and the model matrix as source, overwriting the sixteen +12F0..+132C floats every update before this function divides each by the constant 1.5; these stores are fresh transform values, not accumulated animation steps"
362308,stock,"esf7 vtable slot 9 (3621D0): helper 1BAF70 calls cMatrix::Inverse with +12F0 as destination and the model matrix as source, overwriting the sixteen +12F0..+132C floats every update before this function divides each by the constant 1.5; these stores are fresh transform values, not accumulated animation steps"
36231C,stock,"esf7 vtable slot 9 (3621D0): helper 1BAF70 calls cMatrix::Inverse with +12F0 as destination and the model matrix as source, overwriting the sixteen +12F0..+132C floats every update before this function divides each by the constant 1.5; these stores are fresh transform values, not accumulated animation steps"
362330,stock,"esf7 vtable slot 9 (3621D0): helper 1BAF70 calls cMatrix::Inverse with +12F0 as destination and the model matrix as source, overwriting the sixteen +12F0..+132C floats every update before this function divides each by the constant 1.5; these stores are fresh transform values, not accumulated animation steps"
362344,stock,"esf7 vtable slot 9 (3621D0): helper 1BAF70 calls cMatrix::Inverse with +12F0 as destination and the model matrix as source, overwriting the sixteen +12F0..+132C floats every update before this function divides each by the constant 1.5; these stores are fresh transform values, not accumulated animation steps"
362358,stock,"esf7 vtable slot 9 (3621D0): helper 1BAF70 calls cMatrix::Inverse with +12F0 as destination and the model matrix as source, overwriting the sixteen +12F0..+132C floats every update before this function divides each by the constant 1.5; these stores are fresh transform values, not accumulated animation steps"
362371,stock,"esf7 vtable slot 9 (3621D0): helper 1BAF70 calls cMatrix::Inverse with +12F0 as destination and the model matrix as source, overwriting the sixteen +12F0..+132C floats every update before this function divides each by the constant 1.5; these stores are fresh transform values, not accumulated animation steps"
362C56,once,esfd 362C40/362D10: +14D3 indexes a waypoint array and advances only when the distance and angle test at 362BA0 reaches a waypoint
362DDF,once,esfd 362C40/362D10: +14D3 indexes a waypoint array and advances only when the distance and angle test at 362BA0 reaches a waypoint
362F14,fixed,esfd 362E20/362F50: four separate 0.05 alpha approach additions/subtractions use scaled literals and then clamp to the target
363072,fixed,esfd 362E20/362F50: four separate 0.05 alpha approach additions/subtractions use scaled literals and then clamp to the target
3631E0,follows,"esfd 362F50/363790: +E36 steps when +14F0, stepped by phase_steps.h, reaches 0"
3633B8,fixed,esfd 363210 case 3: +E54's rise (lin 3633B0) and the count +E3C (count 3633B8)
3633C0,fixed,esfd 363210 case 3: +E54's rise (lin 3633B0) and the count +E3C (count 3633B8)
363680,once,esfd 363210: the 0.5 alpha multiplier follows PlayMotion while advancing to the next motion stage; it is a state event
3636E3,fixed,esfd 363210: both directions of its +14F0 alpha approach use scaled 0.05 literals
3638B7,follows,"esfd 362F50/363790: +E36 steps when +14F0, stepped by phase_steps.h, reaches 0"
3659A1,stock,"cKiType002 brush wobble stop: the below-threshold branch multiplies +1114 by exactly zero, clearing the angular impulse instead of applying a time-dependent decay."
36766D,fixed,Appearance alpha D20/D24/D28 channels consume the same 0.2 increment corrected at 36763A before the unit clamps.
367675,fixed,Appearance alpha D20/D24/D28 channels consume the same 0.2 increment corrected at 36763A before the unit clamps.
36767D,fixed,Appearance alpha D20/D24/D28 channels consume the same 0.2 increment corrected at 36763A before the unit clamps.
367C8D,fixed,cKiType012/vt0c 367C30: D20/D24/D28 rise together using the scaled shared 0.2 step in state two
367C95,fixed,cKiType012/vt0c 367C30: D20/D24/D28 rise together using the scaled shared 0.2 step in state two
367C9D,fixed,cKiType012/vt0c 367C30: D20/D24/D28 rise together using the scaled shared 0.2 step in state two
368853,fixed,"cKiType014/017/018/023: the falls y += +E54, now pre 36884E, 3690F6, 369AD6, 36AACC"
3690FB,fixed,"cKiType014/017/018/023: the falls y += +E54, now pre 36884E, 3690F6, 369AD6, 36AACC"
369ADB,fixed,"cKiType014/017/018/023: the falls y += +E54, now pre 36884E, 3690F6, 369AD6, 36AACC"
36A6AA,fixed,cKiType023 slot 46 update 36A600: the sole xmm6 load at 36A665 supplies every one of these addss/subss material channel steps and has no other use before its restore; its lin row scales the common step
36A6CB,fixed,cKiType023 slot 46 update 36A600: the sole xmm6 load at 36A665 supplies every one of these addss/subss material channel steps and has no other use before its restore; its lin row scales the common step
36A70A,fixed,cKiType023 slot 46 update 36A600: the sole xmm6 load at 36A665 supplies every one of these addss/subss material channel steps and has no other use before its restore; its lin row scales the common step
36A72A,fixed,cKiType023 slot 46 update 36A600: the sole xmm6 load at 36A665 supplies every one of these addss/subss material channel steps and has no other use before its restore; its lin row scales the common step
36A744,fixed,cKiType023 slot 46 update 36A600: the sole xmm6 load at 36A665 supplies every one of these addss/subss material channel steps and has no other use before its restore; its lin row scales the common step
36A777,fixed,cKiType023 slot 46 update 36A600: the sole xmm6 load at 36A665 supplies every one of these addss/subss material channel steps and has no other use before its restore; its lin row scales the common step
36A798,fixed,cKiType023 slot 46 update 36A600: the sole xmm6 load at 36A665 supplies every one of these addss/subss material channel steps and has no other use before its restore; its lin row scales the common step
36A7B3,fixed,cKiType023 slot 46 update 36A600: the sole xmm6 load at 36A665 supplies every one of these addss/subss material channel steps and has no other use before its restore; its lin row scales the common step
36A812,fixed,cKiType023 slot 46 update 36A600: the sole xmm6 load at 36A665 supplies every one of these addss/subss material channel steps and has no other use before its restore; its lin row scales the common step
36A832,fixed,cKiType023 slot 46 update 36A600: the sole xmm6 load at 36A665 supplies every one of these addss/subss material channel steps and has no other use before its restore; its lin row scales the common step
36A84C,fixed,cKiType023 slot 46 update 36A600: the sole xmm6 load at 36A665 supplies every one of these addss/subss material channel steps and has no other use before its restore; its lin row scales the common step
36A886,fixed,cKiType023 slot 46 update 36A600: the sole xmm6 load at 36A665 supplies every one of these addss/subss material channel steps and has no other use before its restore; its lin row scales the common step
36A8A6,fixed,cKiType023 slot 46 update 36A600: the sole xmm6 load at 36A665 supplies every one of these addss/subss material channel steps and has no other use before its restore; its lin row scales the common step
36A8C1,fixed,cKiType023 slot 46 update 36A600: the sole xmm6 load at 36A665 supplies every one of these addss/subss material channel steps and has no other use before its restore; its lin row scales the common step
36A8F9,fixed,cKiType023 slot 46 update 36A600: the sole xmm6 load at 36A665 supplies every one of these addss/subss material channel steps and has no other use before its restore; its lin row scales the common step
36A91B,fixed,cKiType023 slot 46 update 36A600: the sole xmm6 load at 36A665 supplies every one of these addss/subss material channel steps and has no other use before its restore; its lin row scales the common step
36AAD1,fixed,"cKiType014/017/018/023: the falls y += +E54, now pre 36884E, 3690F6, 369AD6, 36AACC"
36C350,once,"cKiType036 phase 2 adds the object's height to world Y and E50 once, then advances to phase 3 and plays the landing event."
36E42D,fixed,36E060: the tilt's x0.7 decay is countlast row 36E425.
36E441,once,36E060: the tilt is zeroed once it is below the threshold.
36EEC1,stock,"36EE50..36EEF0 has no direct external entry, aligned or unaligned actual code pointer, switch/LEA reference, export reference or physical fallthrough. Generator rechecks this complete range on the audited image; unwind frame descriptions cannot invoke it."
370DF0,stock,"370D50..370E40 has no direct external entry, aligned or unaligned actual code pointer, switch/LEA reference, export reference or physical fallthrough. Generator rechecks this complete range on the audited image; unwind frame descriptions cannot invoke it."
371F3A,fixed,"vt29 371DE0: its move and roll, now scaledadd 371F0E and lin 371F1C"
37613B,fixed,"vtca 375FF0: count rows on the countdown +E36 (37613B) and the phase +1070 (376141), a notyet on the end test (375FFA) and a void callgate on the phase's sound call (376136)"
376141,fixed,"vtca 375FF0: count rows on the countdown +E36 (37613B) and the phase +1070 (376141), a notyet on the end test (375FFA) and a void callgate on the phase's sound call (376136)"
3768BC,once,376630 object creation: each B0/B4/B8 angle is normalized after 359DE0 allocates a new object and before the sole 376A40 initializer call
3768D1,once,376630 object creation: each B0/B4/B8 angle is normalized after 359DE0 allocates a new object and before the sole 376A40 initializer call
3768E6,once,376630 object creation: each B0/B4/B8 angle is normalized after 359DE0 allocates a new object and before the sole 376A40 initializer call
3769F6,stock,Shared 3769D0 UV normalization subtracts the integral part of each supplied UV and adds one only for a negative fractional remainder. This is a modulo operation without a time increment.
376A00,stock,Shared 3769D0 UV normalization subtracts the integral part of each supplied UV and adds one only for a negative fractional remainder. This is a modulo operation without a time increment.
376A20,stock,Shared 3769D0 UV normalization subtracts the integral part of each supplied UV and adds one only for a negative fractional remainder. This is a modulo operation without a time increment.
376A2B,stock,Shared 3769D0 UV normalization subtracts the integral part of each supplied UV and adds one only for a negative fractional remainder. This is a modulo operation without a time increment.
37D07E,once,376A40 object creation: its only callers 376630 and 37E570 allocate a new object with 359DE0 then initialize it; the stores below apply model offsets only during that creation call
37D092,once,376A40 object creation: its only callers 376630 and 37E570 allocate a new object with 359DE0 then initialize it; the stores below apply model offsets only during that creation call
37D0A7,once,376A40 object creation: its only callers 376630 and 37E570 allocate a new object with 359DE0 then initialize it; the stores below apply model offsets only during that creation call
37D0D6,once,376A40 object creation: its only callers 376630 and 37E570 allocate a new object with 359DE0 then initialize it; the stores below apply model offsets only during that creation call
37D0E1,once,376A40 object creation: its only callers 376630 and 37E570 allocate a new object with 359DE0 then initialize it; the stores below apply model offsets only during that creation call
37D10D,once,376A40 object creation: its only callers 376630 and 37E570 allocate a new object with 359DE0 then initialize it; the stores below apply model offsets only during that creation call
37D119,once,376A40 object creation: its only callers 376630 and 37E570 allocate a new object with 359DE0 then initialize it; the stores below apply model offsets only during that creation call
37D14A,once,376A40 object creation: its only callers 376630 and 37E570 allocate a new object with 359DE0 then initialize it; the stores below apply model offsets only during that creation call
37D15E,once,376A40 object creation: its only callers 376630 and 37E570 allocate a new object with 359DE0 then initialize it; the stores below apply model offsets only during that creation call
37D173,once,376A40 object creation: its only callers 376630 and 37E570 allocate a new object with 359DE0 then initialize it; the stores below apply model offsets only during that creation call
37D1EA,once,376A40 object creation: its only callers 376630 and 37E570 allocate a new object with 359DE0 then initialize it; the stores below apply model offsets only during that creation call
37D1FF,once,376A40 object creation: its only callers 376630 and 37E570 allocate a new object with 359DE0 then initialize it; the stores below apply model offsets only during that creation call
37D215,once,376A40 object creation: its only callers 376630 and 37E570 allocate a new object with 359DE0 then initialize it; the stores below apply model offsets only during that creation call
37D284,once,376A40 object creation: its only callers 376630 and 37E570 allocate a new object with 359DE0 then initialize it; the stores below apply model offsets only during that creation call
37D299,once,376A40 object creation: its only callers 376630 and 37E570 allocate a new object with 359DE0 then initialize it; the stores below apply model offsets only during that creation call
37D2AF,once,376A40 object creation: its only callers 376630 and 37E570 allocate a new object with 359DE0 then initialize it; the stores below apply model offsets only during that creation call
37D2DF,once,376A40 object creation: its only callers 376630 and 37E570 allocate a new object with 359DE0 then initialize it; the stores below apply model offsets only during that creation call
37D2EA,once,376A40 object creation: its only callers 376630 and 37E570 allocate a new object with 359DE0 then initialize it; the stores below apply model offsets only during that creation call
37D312,once,376A40 object creation: its only callers 376630 and 37E570 allocate a new object with 359DE0 then initialize it; the stores below apply model offsets only during that creation call
37D31E,once,376A40 object creation: its only callers 376630 and 37E570 allocate a new object with 359DE0 then initialize it; the stores below apply model offsets only during that creation call
37D448,once,376A40 object creation: its only callers 376630 and 37E570 allocate a new object with 359DE0 then initialize it; the stores below apply model offsets only during that creation call
37D45C,once,376A40 object creation: its only callers 376630 and 37E570 allocate a new object with 359DE0 then initialize it; the stores below apply model offsets only during that creation call
37D471,once,376A40 object creation: its only callers 376630 and 37E570 allocate a new object with 359DE0 then initialize it; the stores below apply model offsets only during that creation call
37D4A0,once,376A40 object creation: its only callers 376630 and 37E570 allocate a new object with 359DE0 then initialize it; the stores below apply model offsets only during that creation call
37D4AB,once,376A40 object creation: its only callers 376630 and 37E570 allocate a new object with 359DE0 then initialize it; the stores below apply model offsets only during that creation call
37D4D7,once,376A40 object creation: its only callers 376630 and 37E570 allocate a new object with 359DE0 then initialize it; the stores below apply model offsets only during that creation call
37D4E7,once,376A40 object creation: its only callers 376630 and 37E570 allocate a new object with 359DE0 then initialize it; the stores below apply model offsets only during that creation call
37D52A,once,376A40 object creation: its only callers 376630 and 37E570 allocate a new object with 359DE0 then initialize it; the stores below apply model offsets only during that creation call
37D53E,once,376A40 object creation: its only callers 376630 and 37E570 allocate a new object with 359DE0 then initialize it; the stores below apply model offsets only during that creation call
37D553,once,376A40 object creation: its only callers 376630 and 37E570 allocate a new object with 359DE0 then initialize it; the stores below apply model offsets only during that creation call
37D664,once,376A40 object creation: its only callers 376630 and 37E570 allocate a new object with 359DE0 then initialize it; the stores below apply model offsets only during that creation call
37D679,once,376A40 object creation: its only callers 376630 and 37E570 allocate a new object with 359DE0 then initialize it; the stores below apply model offsets only during that creation call
37D68F,once,376A40 object creation: its only callers 376630 and 37E570 allocate a new object with 359DE0 then initialize it; the stores below apply model offsets only during that creation call
37D6BF,once,376A40 object creation: its only callers 376630 and 37E570 allocate a new object with 359DE0 then initialize it; the stores below apply model offsets only during that creation call
37D6CA,once,376A40 object creation: its only callers 376630 and 37E570 allocate a new object with 359DE0 then initialize it; the stores below apply model offsets only during that creation call
37D6F2,once,376A40 object creation: its only callers 376630 and 37E570 allocate a new object with 359DE0 then initialize it; the stores below apply model offsets only during that creation call
37D6FE,once,376A40 object creation: its only callers 376630 and 37E570 allocate a new object with 359DE0 then initialize it; the stores below apply model offsets only during that creation call
37E7AB,once,37E570 object creation: each B0/B4/B8 angle is normalized after 359DE0 allocates a new object and before the sole 376A40 initializer call
37E7C0,once,37E570 object creation: each B0/B4/B8 angle is normalized after 359DE0 allocates a new object and before the sole 376A40 initializer call
37E7D5,once,37E570 object creation: each B0/B4/B8 angle is normalized after 359DE0 allocates a new object and before the sole 376A40 initializer call
37F1A2,once,"a state's start: the sub-state +E36/+E37 steps once beside the motion's start, an effect or sound, or the timer +E3C's set (em7a 2D4BFE: once per animation end) (template substate_start)"
37F300,once,"wp00 state 37F1E0: state 0 performs one full-2pi target turn and immediately advances +E36, so the initial B4 write is a snap rather than a repeated rate"
37F3E1,once,wp00 state 37F1E0: the first successful collision latches +1100 and raises the accepted hit actor's +11B4 by 40 only on that event
37F4A1,fixed,"wp00 state 37F1E0: +B0's repeated 30-degree rising spin is scaled at lin 37F494, and +E3C's countdown is already stock-gated by memory_timers.h"
37F4B8,fixed,"wp00 state 37F1E0: +B0's repeated 30-degree rising spin is scaled at lin 37F494, and +E3C's countdown is already stock-gated by memory_timers.h"
37FB5A,fixed,"wp00 (37F9C0): +E28 loses the slow-motion dt each tick, scaled at xmm7's copy (dst 37F9EB)"
3800C0,fixed,wp00 (37FFC0): the hit radius +E18's +3/-6 per-tick steps are s-scaled at 3800B1 and 3800E5
3800F8,fixed,wp00 (37FFC0): the hit radius +E18's +3/-6 per-tick steps are s-scaled at 3800B1 and 3800E5
3801C1,fixed,"wp00 (37FFC0): +10FC's sound countdown loses the slow-motion dt, scaled at xmm6's copy (dst 37FFF0)"
38058D,fixed,"wp00 (3803A0): +10FC's sound countdown loses the slow-motion dt, scaled at xmm6's copy (dst 3803DF)"
380DE5,stock,"Dormant debris 3809D0-3822D0: 3809D0 runs 380A30 over eighteen slots, the second copy of the six-slot loop 3822D0/382340 (which is live, entered from 383510, and starts where this range ends); nothing enters the range, its three switch tables are its own, and the two data words that read as addresses in it straddle other data. Rechecked on every generation."
380ECF,stock,"Dormant debris 3809D0-3822D0: 3809D0 runs 380A30 over eighteen slots, the second copy of the six-slot loop 3822D0/382340 (which is live, entered from 383510, and starts where this range ends); nothing enters the range, its three switch tables are its own, and the two data words that read as addresses in it straddle other data. Rechecked on every generation."
380ED8,stock,"Dormant debris 3809D0-3822D0: 3809D0 runs 380A30 over eighteen slots, the second copy of the six-slot loop 3822D0/382340 (which is live, entered from 383510, and starts where this range ends); nothing enters the range, its three switch tables are its own, and the two data words that read as addresses in it straddle other data. Rechecked on every generation."
380EEB,stock,"Dormant debris 3809D0-3822D0: 3809D0 runs 380A30 over eighteen slots, the second copy of the six-slot loop 3822D0/382340 (which is live, entered from 383510, and starts where this range ends); nothing enters the range, its three switch tables are its own, and the two data words that read as addresses in it straddle other data. Rechecked on every generation."
380FE7,stock,"Dormant debris 3809D0-3822D0: 3809D0 runs 380A30 over eighteen slots, the second copy of the six-slot loop 3822D0/382340 (which is live, entered from 383510, and starts where this range ends); nothing enters the range, its three switch tables are its own, and the two data words that read as addresses in it straddle other data. Rechecked on every generation."
381016,stock,"Dormant debris 3809D0-3822D0: 3809D0 runs 380A30 over eighteen slots, the second copy of the six-slot loop 3822D0/382340 (which is live, entered from 383510, and starts where this range ends); nothing enters the range, its three switch tables are its own, and the two data words that read as addresses in it straddle other data. Rechecked on every generation."
38103D,stock,"Dormant debris 3809D0-3822D0: 3809D0 runs 380A30 over eighteen slots, the second copy of the six-slot loop 3822D0/382340 (which is live, entered from 383510, and starts where this range ends); nothing enters the range, its three switch tables are its own, and the two data words that read as addresses in it straddle other data. Rechecked on every generation."
3810E9,stock,"Dormant debris 3809D0-3822D0: 3809D0 runs 380A30 over eighteen slots, the second copy of the six-slot loop 3822D0/382340 (which is live, entered from 383510, and starts where this range ends); nothing enters the range, its three switch tables are its own, and the two data words that read as addresses in it straddle other data. Rechecked on every generation."
3810FF,stock,"Dormant debris 3809D0-3822D0: 3809D0 runs 380A30 over eighteen slots, the second copy of the six-slot loop 3822D0/382340 (which is live, entered from 383510, and starts where this range ends); nothing enters the range, its three switch tables are its own, and the two data words that read as addresses in it straddle other data. Rechecked on every generation."
38111A,stock,"Dormant debris 3809D0-3822D0: 3809D0 runs 380A30 over eighteen slots, the second copy of the six-slot loop 3822D0/382340 (which is live, entered from 383510, and starts where this range ends); nothing enters the range, its three switch tables are its own, and the two data words that read as addresses in it straddle other data. Rechecked on every generation."
381142,stock,"Dormant debris 3809D0-3822D0: 3809D0 runs 380A30 over eighteen slots, the second copy of the six-slot loop 3822D0/382340 (which is live, entered from 383510, and starts where this range ends); nothing enters the range, its three switch tables are its own, and the two data words that read as addresses in it straddle other data. Rechecked on every generation."
381159,stock,"Dormant debris 3809D0-3822D0: 3809D0 runs 380A30 over eighteen slots, the second copy of the six-slot loop 3822D0/382340 (which is live, entered from 383510, and starts where this range ends); nothing enters the range, its three switch tables are its own, and the two data words that read as addresses in it straddle other data. Rechecked on every generation."
381162,stock,"Dormant debris 3809D0-3822D0: 3809D0 runs 380A30 over eighteen slots, the second copy of the six-slot loop 3822D0/382340 (which is live, entered from 383510, and starts where this range ends); nothing enters the range, its three switch tables are its own, and the two data words that read as addresses in it straddle other data. Rechecked on every generation."
381185,stock,"Dormant debris 3809D0-3822D0: 3809D0 runs 380A30 over eighteen slots, the second copy of the six-slot loop 3822D0/382340 (which is live, entered from 383510, and starts where this range ends); nothing enters the range, its three switch tables are its own, and the two data words that read as addresses in it straddle other data. Rechecked on every generation."
381298,stock,"Dormant debris 3809D0-3822D0: 3809D0 runs 380A30 over eighteen slots, the second copy of the six-slot loop 3822D0/382340 (which is live, entered from 383510, and starts where this range ends); nothing enters the range, its three switch tables are its own, and the two data words that read as addresses in it straddle other data. Rechecked on every generation."
3812A1,stock,"Dormant debris 3809D0-3822D0: 3809D0 runs 380A30 over eighteen slots, the second copy of the six-slot loop 3822D0/382340 (which is live, entered from 383510, and starts where this range ends); nothing enters the range, its three switch tables are its own, and the two data words that read as addresses in it straddle other data. Rechecked on every generation."
3812B4,stock,"Dormant debris 3809D0-3822D0: 3809D0 runs 380A30 over eighteen slots, the second copy of the six-slot loop 3822D0/382340 (which is live, entered from 383510, and starts where this range ends); nothing enters the range, its three switch tables are its own, and the two data words that read as addresses in it straddle other data. Rechecked on every generation."
3812EF,stock,"Dormant debris 3809D0-3822D0: 3809D0 runs 380A30 over eighteen slots, the second copy of the six-slot loop 3822D0/382340 (which is live, entered from 383510, and starts where this range ends); nothing enters the range, its three switch tables are its own, and the two data words that read as addresses in it straddle other data. Rechecked on every generation."
3813E8,stock,"Dormant debris 3809D0-3822D0: 3809D0 runs 380A30 over eighteen slots, the second copy of the six-slot loop 3822D0/382340 (which is live, entered from 383510, and starts where this range ends); nothing enters the range, its three switch tables are its own, and the two data words that read as addresses in it straddle other data. Rechecked on every generation."
3813F9,stock,"Dormant debris 3809D0-3822D0: 3809D0 runs 380A30 over eighteen slots, the second copy of the six-slot loop 3822D0/382340 (which is live, entered from 383510, and starts where this range ends); nothing enters the range, its three switch tables are its own, and the two data words that read as addresses in it straddle other data. Rechecked on every generation."
381534,stock,"Dormant debris 3809D0-3822D0: 3809D0 runs 380A30 over eighteen slots, the second copy of the six-slot loop 3822D0/382340 (which is live, entered from 383510, and starts where this range ends); nothing enters the range, its three switch tables are its own, and the two data words that read as addresses in it straddle other data. Rechecked on every generation."
381543,stock,"Dormant debris 3809D0-3822D0: 3809D0 runs 380A30 over eighteen slots, the second copy of the six-slot loop 3822D0/382340 (which is live, entered from 383510, and starts where this range ends); nothing enters the range, its three switch tables are its own, and the two data words that read as addresses in it straddle other data. Rechecked on every generation."
3815EE,stock,"Dormant debris 3809D0-3822D0: 3809D0 runs 380A30 over eighteen slots, the second copy of the six-slot loop 3822D0/382340 (which is live, entered from 383510, and starts where this range ends); nothing enters the range, its three switch tables are its own, and the two data words that read as addresses in it straddle other data. Rechecked on every generation."
3815F7,stock,"Dormant debris 3809D0-3822D0: 3809D0 runs 380A30 over eighteen slots, the second copy of the six-slot loop 3822D0/382340 (which is live, entered from 383510, and starts where this range ends); nothing enters the range, its three switch tables are its own, and the two data words that read as addresses in it straddle other data. Rechecked on every generation."
38160A,stock,"Dormant debris 3809D0-3822D0: 3809D0 runs 380A30 over eighteen slots, the second copy of the six-slot loop 3822D0/382340 (which is live, entered from 383510, and starts where this range ends); nothing enters the range, its three switch tables are its own, and the two data words that read as addresses in it straddle other data. Rechecked on every generation."
381720,stock,"Dormant debris 3809D0-3822D0: 3809D0 runs 380A30 over eighteen slots, the second copy of the six-slot loop 3822D0/382340 (which is live, entered from 383510, and starts where this range ends); nothing enters the range, its three switch tables are its own, and the two data words that read as addresses in it straddle other data. Rechecked on every generation."
381BDD,stock,"Dormant debris 3809D0-3822D0: 3809D0 runs 380A30 over eighteen slots, the second copy of the six-slot loop 3822D0/382340 (which is live, entered from 383510, and starts where this range ends); nothing enters the range, its three switch tables are its own, and the two data words that read as addresses in it straddle other data. Rechecked on every generation."
381C1B,stock,"Dormant debris 3809D0-3822D0: 3809D0 runs 380A30 over eighteen slots, the second copy of the six-slot loop 3822D0/382340 (which is live, entered from 383510, and starts where this range ends); nothing enters the range, its three switch tables are its own, and the two data words that read as addresses in it straddle other data. Rechecked on every generation."
381C33,stock,"Dormant debris 3809D0-3822D0: 3809D0 runs 380A30 over eighteen slots, the second copy of the six-slot loop 3822D0/382340 (which is live, entered from 383510, and starts where this range ends); nothing enters the range, its three switch tables are its own, and the two data words that read as addresses in it straddle other data. Rechecked on every generation."
381CA9,stock,"Dormant debris 3809D0-3822D0: 3809D0 runs 380A30 over eighteen slots, the second copy of the six-slot loop 3822D0/382340 (which is live, entered from 383510, and starts where this range ends); nothing enters the range, its three switch tables are its own, and the two data words that read as addresses in it straddle other data. Rechecked on every generation."
381D3F,stock,"Dormant debris 3809D0-3822D0: 3809D0 runs 380A30 over eighteen slots, the second copy of the six-slot loop 3822D0/382340 (which is live, entered from 383510, and starts where this range ends); nothing enters the range, its three switch tables are its own, and the two data words that read as addresses in it straddle other data. Rechecked on every generation."
381D5A,stock,"Dormant debris 3809D0-3822D0: 3809D0 runs 380A30 over eighteen slots, the second copy of the six-slot loop 3822D0/382340 (which is live, entered from 383510, and starts where this range ends); nothing enters the range, its three switch tables are its own, and the two data words that read as addresses in it straddle other data. Rechecked on every generation."
381F7F,stock,"Dormant debris 3809D0-3822D0: 3809D0 runs 380A30 over eighteen slots, the second copy of the six-slot loop 3822D0/382340 (which is live, entered from 383510, and starts where this range ends); nothing enters the range, its three switch tables are its own, and the two data words that read as addresses in it straddle other data. Rechecked on every generation."
3821A5,stock,"Dormant debris 3809D0-3822D0: 3809D0 runs 380A30 over eighteen slots, the second copy of the six-slot loop 3822D0/382340 (which is live, entered from 383510, and starts where this range ends); nothing enters the range, its three switch tables are its own, and the two data words that read as addresses in it straddle other data. Rechecked on every generation."
3821F2,stock,"Dormant debris 3809D0-3822D0: 3809D0 runs 380A30 over eighteen slots, the second copy of the six-slot loop 3822D0/382340 (which is live, entered from 383510, and starts where this range ends); nothing enters the range, its three switch tables are its own, and the two data words that read as addresses in it straddle other data. Rechecked on every generation."
38220A,stock,"Dormant debris 3809D0-3822D0: 3809D0 runs 380A30 over eighteen slots, the second copy of the six-slot loop 3822D0/382340 (which is live, entered from 383510, and starts where this range ends); nothing enters the range, its three switch tables are its own, and the two data words that read as addresses in it straddle other data. Rechecked on every generation."
38227B,stock,"Dormant debris 3809D0-3822D0: 3809D0 runs 380A30 over eighteen slots, the second copy of the six-slot loop 3822D0/382340 (which is live, entered from 383510, and starts where this range ends); nothing enters the range, its three switch tables are its own, and the two data words that read as addresses in it straddle other data. Rechecked on every generation."
3825BF,stock,wp02 beads: +1110 counts the beads in state 1 this tick (3822D0 zeroes it every tick)
382806,fixed,wp02 bead: its rate +1938 += 0.8 (lin 3827F7)
3828D5,fixed,wp02 bead: the position's stores after the scaled step (pre rows)
3828EB,fixed,wp02 bead: the position's stores after the scaled step (pre rows)
3828F5,fixed,wp02 bead: the position's stores after the scaled step (pre rows)
382ABA,once,"wp02 bead, hit (state 4): the bounce v.x, v.z x -0.8 and v.y = 6, once as the state starts (then state 5)"
382AE1,once,"wp02 bead, hit (state 4): the bounce v.x, v.z x -0.8 and v.y = 6, once as the state starts (then state 5)"
382B7A,fixed,wp02 bead: the position's stores after the scaled step (pre rows)
382B93,fixed,wp02 bead: the position's stores after the scaled step (pre rows)
382BB0,fixed,wp02 bead: the position's stores after the scaled step (pre rows)
382BD8,fixed,wp02 bead: the dampings on the last tick of each stock period (countlast rows)
382BEE,fixed,wp02 bead: the dampings on the last tick of each stock period (countlast rows)
382BF7,fixed,wp02 bead: the dampings on the last tick of each stock period (countlast rows)
382CF5,fixed,wp02 bead: the position's stores after the scaled step (pre rows)
382D0B,fixed,wp02 bead: the position's stores after the scaled step (pre rows)
382D15,fixed,wp02 bead: the position's stores after the scaled step (pre rows)
382FAF,stock,"wp02 bead, homing again (state 10): the rate +1938 is set to 8 as the state starts (382F75) and += 0.8 is capped at 8: always 8"
382FBD,stock,"wp02 bead, homing again (state 10): the rate +1938 is set to 8 as the state starts (382F75) and += 0.8 is capped at 8: always 8"
383059,fixed,wp02 bead: the position's stores after the scaled step (pre rows)
38306F,fixed,wp02 bead: the position's stores after the scaled step (pre rows)
383079,fixed,wp02 bead: the position's stores after the scaled step (pre rows)
383319,fixed,wp02 bead: the position's stores after the scaled step (pre rows)
383332,fixed,wp02 bead: the position's stores after the scaled step (pre rows)
38334F,fixed,wp02 bead: the position's stores after the scaled step (pre rows)
38336F,fixed,wp02 bead: the dampings on the last tick of each stock period (countlast rows)
383385,fixed,wp02 bead: the dampings on the last tick of each stock period (countlast rows)
38338A,fixed,wp02 bead: the dampings on the last tick of each stock period (countlast rows)
383B87,stock,"wp03 (383AB0), state 0: +E28 is initialized once to owner distance divided by 23, 22 or 30 as a stock-valued forward speed; callscale 383D1F scales it only when 2DA460 moves position"
383BC7,stock,"wp03 (383AB0), state 0: +E28 is initialized once to owner distance divided by 23, 22 or 30 as a stock-valued forward speed; callscale 383D1F scales it only when 2DA460 moves position"
383C3E,stock,"wp03 (383AB0), state 0: +E28 is initialized once to owner distance divided by 23, 22 or 30 as a stock-valued forward speed; callscale 383D1F scales it only when 2DA460 moves position"
383D4F,fixed,"wp03 (383AB0), state 1: +B0's continuous 15-degree spin step is scaled by lin 383D2C"
383ED6,fixed,"wp03 (383AB0), state 4: +B0 commits its changing +E3C-degree spin once per stock tick through count 383ED6; count 383EDE and notyet 383EE5 pace the following countdown and terminal event"
3840BF,once,"wp03 (384010), launch: the normalized owner-relative direction is multiplied by 5.5 into persistent velocity +E10/+E14/+E18 once as sub-state 0 advances to 1"
3840D3,once,"wp03 (384010), launch: the normalized owner-relative direction is multiplied by 5.5 into persistent velocity +E10/+E14/+E18 once as sub-state 0 advances to 1"
3840DB,once,"wp03 (384010), launch: the normalized owner-relative direction is multiplied by 5.5 into persistent velocity +E10/+E14/+E18 once as sub-state 0 advances to 1"
3840F0,once,"wp03 (384010), launch: position.y gains 0.5 once during the sub-state-0 placement"
3841F0,fixed,"wp03 (384010, sub-state 1): position gains s of persistent stock-valued launch velocity +E10/+E14/+E18 through pre 3841E7/384203/38421C"
384208,fixed,"wp03 (384010, sub-state 1): position gains s of persistent stock-valued launch velocity +E10/+E14/+E18 through pre 3841E7/384203/38421C"
384221,fixed,"wp03 (384010, sub-state 1): position gains s of persistent stock-valued launch velocity +E10/+E14/+E18 through pre 3841E7/384203/38421C"
384A3C,once,wp04 384930/384A80: +E36 steps once at the state's start
384B7A,once,wp04 384930/384A80: +E36 steps once at the state's start
384D06,fixed,"wp04 (384BE0), state 3: +E37's optional three-tick post-motion wait is paced by count 384D06 and its old-value zero transition by notyet 384CFC"
384DB9,follows,"wp04 (384BE0): after motion advance refreshes root rotation, +B0/+B4/+B8 gain the full current-rate +EF0/+EF4/+EF8 rotation deltas"
384DD6,follows,"wp04 (384BE0): after motion advance refreshes root rotation, +B0/+B4/+B8 gain the full current-rate +EF0/+EF4/+EF8 rotation deltas"
384DF6,follows,"wp04 (384BE0): after motion advance refreshes root rotation, +B0/+B4/+B8 gain the full current-rate +EF0/+EF4/+EF8 rotation deltas"
384EB2,once,"wp04 384E30, wp07 386580/386620, wp0e 389A30: +E36 steps (and +B0 gains a random turn) once at the state's start"
385246,once,wp05 state 385190: +E36 increments only on state-0 setup after selecting and starting the motion
38533B,follows,"wp05 state 385190: after motion advance refreshes root motion, B4 gains the full freshly generated +EF4 root-yaw offset"
385B16,stock,wp06 (385A60): +E10/+E14/+E18 are refreshed as the normalized target direction times stock speed 9; keep that velocity stock-valued because its three position uses are scaled through pre 385B49/385B60/385B79
385B2A,stock,wp06 (385A60): +E10/+E14/+E18 are refreshed as the normalized target direction times stock speed 9; keep that velocity stock-valued because its three position uses are scaled through pre 385B49/385B60/385B79
385B32,stock,wp06 (385A60): +E10/+E14/+E18 are refreshed as the normalized target direction times stock speed 9; keep that velocity stock-valued because its three position uses are scaled through pre 385B49/385B60/385B79
385B4D,fixed,wp06 (385A60): position gains s of persistent stock-valued +E10/+E14/+E18 through pre 385B49/385B60/385B79
385B65,fixed,wp06 (385A60): position gains s of persistent stock-valued +E10/+E14/+E18 through pre 385B49/385B60/385B79
385B7E,fixed,wp06 (385A60): position gains s of persistent stock-valued +E10/+E14/+E18 through pre 385B49/385B60/385B79
385D93,once,"wp06 (385C50), launch: the normalized direction becomes the persistent velocity +E10/+E14/+E18 (x5, x10, x5) once as sub-state 0 starts; the per-tick moves are scaled separately"
385D9F,once,"wp06 (385C50), launch: the normalized direction becomes the persistent velocity +E10/+E14/+E18 (x5, x10, x5) once as sub-state 0 starts; the per-tick moves are scaled separately"
385DB7,once,"wp06 (385C50), launch: the normalized direction becomes the persistent velocity +E10/+E14/+E18 (x5, x10, x5) once as sub-state 0 starts; the per-tick moves are scaled separately"
385DC3,once,"wp06 (385C50), launch: position gains 10 times the three launch-velocity components and an 80-unit forward placement once, then +E36 advances to sub-state 1"
385DDF,once,"wp06 (385C50), launch: position gains 10 times the three launch-velocity components and an 80-unit forward placement once, then +E36 advances to sub-state 1"
385DFC,once,"wp06 (385C50), launch: position gains 10 times the three launch-velocity components and an 80-unit forward placement once, then +E36 advances to sub-state 1"
385E06,once,"wp06 (385C50), launch: position gains 10 times the three launch-velocity components and an 80-unit forward placement once, then +E36 advances to sub-state 1"
385E27,fixed,"wp06 (385C50), sub-state 1: position gains s of persistent velocity +E10/+E14/+E18 each tick (pre 385E23/385E3A/385E53)"
385E3F,fixed,"wp06 (385C50), sub-state 1: position gains s of persistent velocity +E10/+E14/+E18 each tick (pre 385E23/385E3A/385E53)"
385E58,fixed,"wp06 (385C50), sub-state 1: position gains s of persistent velocity +E10/+E14/+E18 each tick (pre 385E23/385E3A/385E53)"
385F2C,fixed,wp06 (385C50): the bob and its phase use the slow-motion dt scaled at xmm6's copy (dst 385C88)
3865E9,once,"wp04 384E30, wp07 386580/386620, wp0e 389A30: +E36 steps (and +B0 gains a random turn) once at the state's start"
386689,once,"wp04 384E30, wp07 386580/386620, wp0e 389A30: +E36 steps (and +B0 gains a random turn) once at the state's start"
387498,fixed,wp09 (387140): +E28 loses 0.1 x the slow-motion dt and the forward move uses +E28 x that dt; dst 38717B scales both readers
387685,once,"wp09 (3875B0), launch: the target offset (+7 y), normalized direction x 6.5 stored in +E10/+E14/+E18, and +0.5 y placement happen once as sub-state 0 advances to 1"
3876B2,once,"wp09 (3875B0), launch: the target offset (+7 y), normalized direction x 6.5 stored in +E10/+E14/+E18, and +0.5 y placement happen once as sub-state 0 advances to 1"
3876C6,once,"wp09 (3875B0), launch: the target offset (+7 y), normalized direction x 6.5 stored in +E10/+E14/+E18, and +0.5 y placement happen once as sub-state 0 advances to 1"
3876CE,once,"wp09 (3875B0), launch: the target offset (+7 y), normalized direction x 6.5 stored in +E10/+E14/+E18, and +0.5 y placement happen once as sub-state 0 advances to 1"
3876E3,once,"wp09 (3875B0), launch: the target offset (+7 y), normalized direction x 6.5 stored in +E10/+E14/+E18, and +0.5 y placement happen once as sub-state 0 advances to 1"
387810,fixed,"wp09 (3875B0), sub-state 1: position gains s of persistent launch velocity +E10/+E14/+E18 through pre 387802/387823/38783C"
387828,fixed,"wp09 (3875B0), sub-state 1: position gains s of persistent launch velocity +E10/+E14/+E18 through pre 387802/387823/38783C"
387841,fixed,"wp09 (3875B0), sub-state 1: position gains s of persistent launch velocity +E10/+E14/+E18 through pre 387802/387823/38783C"
3878F3,once,"wp09 state 387850: +E36 increments only during state-0 setup, immediately selecting state 1 for later updates"
387A36,fixed,wp09 state 387990: +1110 loses the slow-motion dt scaled at its xmm6 copy (dst 3879B7)
388C5C,once,"wp0d (388B50), sub-state 0: +B0/+B4 take the initial target-relative orientation once before +E36 advances to 1"
388C78,once,"wp0d (388B50), sub-state 0: +B0/+B4 take the initial target-relative orientation once before +E36 advances to 1"
388D63,fixed,wp0d (388B50): the +E3C colour-wave phase advances once per stock tick through count 388D63
388E1F,stock,"wp0d (388B50): the +B0/+B4 approaches use 2DA510, whose FixTurnRate entry converts their 0.2 coefficient for the current rate"
388E43,stock,"wp0d (388B50): the +B0/+B4 approaches use 2DA510, whose FixTurnRate entry converts their 0.2 coefficient for the current rate"
388F15,stock,"wp0d (388B50): the +B0/+B4 approaches use 2DA510, whose FixTurnRate entry converts their 0.2 coefficient for the current rate"
388F48,stock,"wp0d (388B50): the +B0/+B4 approaches use 2DA510, whose FixTurnRate entry converts their 0.2 coefficient for the current rate"
388FBE,stock,"wp0d (388B50): the owner transform is copied fresh at 388F99, then position.y gains the fixed 10-unit placement offset rather than accumulating motion"
3890C2,once,"wp0d (388FD0), state 0: the target-relative +B0/+B4 orientation correction runs only while initialization advances immediately to state 1; keep the full one-shot correction"
3890E0,once,"wp0d (388FD0), state 0: the target-relative +B0/+B4 orientation correction runs only while initialization advances immediately to state 1; keep the full one-shot correction"
3891A2,fixed,wp0d (388FD0): +E3C's two sine-scale waveform phase counts advance once per stock tick through count 3891A2
3892A9,stock,"wp0d (388FD0): both continuous +B0/+B4 approaches use 2DA510, whose FixTurnRate hook already converts the 0.2 factor"
3892CD,stock,"wp0d (388FD0): both continuous +B0/+B4 approaches use 2DA510, whose FixTurnRate hook already converts the 0.2 factor"
389A85,once,wp0e state 389A30: +E36 increments only after the state-0 position setup
389AC0,once,"wp04 384E30, wp07 386580/386620, wp0e 389A30: +E36 steps (and +B0 gains a random turn) once at the state's start"
38AAE2,fixed,wp0f (38A8F0): the +10FC sound cooldown loses the slow-motion dt scaled at dst 38A935
38AC7F,fixed,"wp0f (38ABD0): the +10F8 countdowns, clamped turn and +10FC sound cooldown use the slow-motion dt scaled at dst 38AC19"
38AD3B,fixed,"wp0f (38ABD0): the +10F8 countdowns, clamped turn and +10FC sound cooldown use the slow-motion dt scaled at dst 38AC19"
38AE78,stock,wp0f (38ABD0): +B0 is the result of 2DA510; FixTurnRate converts its 0.4 blend factor at the helper entry
38AE99,fixed,"wp0f (38ABD0): the +10F8 countdowns, clamped turn and +10FC sound cooldown use the slow-motion dt scaled at dst 38AC19"
38AF30,fixed,"wp0f (38ABD0): the +10F8 countdowns, clamped turn and +10FC sound cooldown use the slow-motion dt scaled at dst 38AC19"
38B594,once,"a state's start: the sub-state +E36/+E37 steps once beside the motion's start, an effect or sound, or the timer +E3C's set (em7a 2D4BFE: once per animation end) (template substate_start)"
38BA9D,once,"wp10 (38BA10), launch: +E14 gains 125 once before the owner-relative direction is normalized"
38BAD0,once,"wp10 (38BA10), launch: the normalized direction is multiplied by 25 into persistent velocity +E10/+E14/+E18 once as sub-state 0 advances to 1"
38BAE4,once,"wp10 (38BA10), launch: the normalized direction is multiplied by 25 into persistent velocity +E10/+E14/+E18 once as sub-state 0 advances to 1"
38BAEC,once,"wp10 (38BA10), launch: the normalized direction is multiplied by 25 into persistent velocity +E10/+E14/+E18 once as sub-state 0 advances to 1"
38BC0F,fixed,"wp10 (38BA10, sub-state 1): position gains s of persistent stock-valued launch velocity +E10/+E14/+E18 through pre 38BC06/38BC22/38BC3B"
38BC27,fixed,"wp10 (38BA10, sub-state 1): position gains s of persistent stock-valued launch velocity +E10/+E14/+E18 through pre 38BC06/38BC22/38BC3B"
38BC40,fixed,"wp10 (38BA10, sub-state 1): position gains s of persistent stock-valued launch velocity +E10/+E14/+E18 through pre 38BC06/38BC22/38BC3B"
38C308,fixed,"wp11 38C160: the spin +1078, now lin 38C2E2"
38C387,once,wp11 38C160: +E24 and +E28 x 0.95 once per bounce off the floor
38C3A6,once,wp11 38C160: +E24 and +E28 x 0.95 once per bounce off the floor
38C4C9,once,"wp11 (38C430), state 0: +7 biases the launch direction before normalization, the normalized vector is multiplied by 8 into +E10/+E14/+E18, and +E36 advances once"
38C4F7,once,"wp11 (38C430), state 0: +7 biases the launch direction before normalization, the normalized vector is multiplied by 8 into +E10/+E14/+E18, and +E36 advances once"
38C50B,once,"wp11 (38C430), state 0: +7 biases the launch direction before normalization, the normalized vector is multiplied by 8 into +E10/+E14/+E18, and +E36 advances once"
38C513,once,"wp11 (38C430), state 0: +7 biases the launch direction before normalization, the normalized vector is multiplied by 8 into +E10/+E14/+E18, and +E36 advances once"
38C527,once,"wp11 (38C430), state 0: +7 biases the launch direction before normalization, the normalized vector is multiplied by 8 into +E10/+E14/+E18, and +E36 advances once"
38C553,fixed,wp11 (38C430): lower +E3C counts the 30-tick interval on stock ticks through count 38C553; the intervening +E54 zero store may harmlessly repeat
38C621,fixed,"wp11 (38C430), flight: position gains s of persistent stock-valued +E10/+E14/+E18 via pre 38C613/38C634/38C64D"
38C639,fixed,"wp11 (38C430), flight: position gains s of persistent stock-valued +E10/+E14/+E18 via pre 38C613/38C634/38C64D"
38C652,fixed,"wp11 (38C430), flight: position gains s of persistent stock-valued +E10/+E14/+E18 via pre 38C613/38C634/38C64D"
38CB27,fixed,wp12 helper 38CB10: +D2C loses s of 0.1 through srcx 38CB20 while its terminal comparison keeps the stock 0.1 threshold
38CF9D,once,"wp12 (38CF10), launch: +E14 gains 7 once before the owner-relative direction is normalized"
38CFCB,once,"wp12 (38CF10), launch: the normalized direction is multiplied by 6 into persistent velocity +E10/+E14/+E18, then +E36 advances once"
38CFDF,once,"wp12 (38CF10), launch: the normalized direction is multiplied by 6 into persistent velocity +E10/+E14/+E18, then +E36 advances once"
38CFE7,once,"wp12 (38CF10), launch: the normalized direction is multiplied by 6 into persistent velocity +E10/+E14/+E18, then +E36 advances once"
38CFFB,once,"wp12 (38CF10), launch: the normalized direction is multiplied by 6 into persistent velocity +E10/+E14/+E18, then +E36 advances once"
38D0E5,fixed,"wp12 (38CF10, sub-state 1): position gains s of persistent stock-valued launch velocity +E10/+E14/+E18 through pre 38D0E1/38D0F8/38D111"
38D0FD,fixed,"wp12 (38CF10, sub-state 1): position gains s of persistent stock-valued launch velocity +E10/+E14/+E18 through pre 38D0E1/38D0F8/38D111"
38D116,fixed,"wp12 (38CF10, sub-state 1): position gains s of persistent stock-valued launch velocity +E10/+E14/+E18 through pre 38D0E1/38D0F8/38D111"
38D5AE,fixed,wp1a common update 38D490: position.y gains s of stock-valued +E54 through srcx 38D5A6
38D94E,fixed,"wp1a piece: position x/y/z uses a scaled copy of the old velocity (pre 38D931, 38D959, 38D980)"
38D965,fixed,"wp1a piece: velocity damping and gravity run on the last tick of each stock period (countlast 38D939, 38D961, 38D978)"
38D96D,fixed,"wp1a piece: position x/y/z uses a scaled copy of the old velocity (pre 38D931, 38D959, 38D980)"
38D988,fixed,"wp1a piece: velocity damping and gravity run on the last tick of each stock period (countlast 38D939, 38D961, 38D978)"
38D990,fixed,"wp1a piece: velocity damping and gravity run on the last tick of each stock period (countlast 38D939, 38D961, 38D978)"
38D9A0,fixed,"wp1a piece: position x/y/z uses a scaled copy of the old velocity (pre 38D931, 38D959, 38D980)"
38DA10,once,"wp1a piece: when it hits the floor, the y velocity rebounds by -0.2 and the horizontal velocity halves, once per collision"
38DA28,once,"wp1a piece: when it hits the floor, the y velocity rebounds by -0.2 and the horizontal velocity halves, once per collision"
38DA30,once,"wp1a piece: when it hits the floor, the y velocity rebounds by -0.2 and the horizontal velocity halves, once per collision"
38DBC2,fixed,"wp1a 38DB30/38DCB0: the slides, now src/pre rows 38DBBA, 38DBD2, 38DD7E, 38DD95"
38DBDA,fixed,"wp1a 38DB30/38DCB0: the slides, now src/pre rows 38DBBA, 38DBD2, 38DD7E, 38DD95"
38DD32,once,"wp1a (38DCB0, sub-state 1): +E54 gains twice +E48 times +E14 once, clamps at zero, then +E36 advances immediately to 2"
38DD82,fixed,"wp1a 38DB30/38DCB0: the slides, now src/pre rows 38DBBA, 38DBD2, 38DD7E, 38DD95"
38DD9A,fixed,"wp1a 38DB30/38DCB0: the slides, now src/pre rows 38DBBA, 38DBD2, 38DD7E, 38DD95"
38DF99,once,"wp1a (38DCB0), launch: the owner-speed-derived scalar initializes +E10/+E18 and accumulates them into +E20/+E28 once; owner +E48 already carries this rate's per-tick scale"
38DFAD,once,"wp1a (38DCB0), launch: the owner-speed-derived scalar initializes +E10/+E18 and accumulates them into +E20/+E28 once; owner +E48 already carries this rate's per-tick scale"
38DFB5,once,"wp1a (38DCB0), launch: the owner-speed-derived scalar initializes +E10/+E18 and accumulates them into +E20/+E28 once; owner +E48 already carries this rate's per-tick scale"
38DFBD,once,"wp1a (38DCB0), launch: the owner-speed-derived scalar initializes +E10/+E18 and accumulates them into +E20/+E28 once; owner +E48 already carries this rate's per-tick scale"
38E545,fixed,wp1b common update 38E400: position.y gains s of stock-valued +E54 through pre 38E540
38E7B2,fixed,wp1b helper 38E720: grounded slope changes persistent per-current-rate +E20/+E28 velocity by s^2 through the paired dst/pre rows
38E7BA,fixed,wp1b helper 38E720: grounded slope changes persistent per-current-rate +E20/+E28 velocity by s^2 through the paired dst/pre rows
38E7D6,stock,"wp1b helper 38E720: position.x/z directly gains +E20/+E28, which already stores displacement for the current-rate tick"
38E7EE,stock,"wp1b helper 38E720: position.x/z directly gains +E20/+E28, which already stores displacement for the current-rate tick"
38E81B,fixed,wp1b helper 38E720: persistent +E20/+E28 damping uses decay_factors.h's 0.97^s conversion
38E82A,fixed,wp1b helper 38E720: persistent +E20/+E28 damping uses decay_factors.h's 0.97^s conversion
38EA9A,once,"wp1b (38E8D0), launch: the owner-speed-derived direction initializes +E10/+E18 and is accumulated into +E20/+E28 once; owner +E48 already carries this rate's per-tick scale"
38EAAA,once,"wp1b (38E8D0), launch: the owner-speed-derived direction initializes +E10/+E18 and is accumulated into +E20/+E28 once; owner +E48 already carries this rate's per-tick scale"
38EABA,once,"wp1b (38E8D0), launch: the owner-speed-derived direction initializes +E10/+E18 and is accumulated into +E20/+E28 once; owner +E48 already carries this rate's per-tick scale"
38EAC2,once,"wp1b (38E8D0), launch: the owner-speed-derived direction initializes +E10/+E18 and is accumulated into +E20/+E28 once; owner +E48 already carries this rate's per-tick scale"
38EAE0,fixed,"wp1b (38E8D0), launch: grounded slope contributes s of +FE0/+FE8 through srcx 38EAD0/38EAD8"
38EAE8,fixed,"wp1b (38E8D0), launch: grounded slope contributes s of +FE0/+FE8 through srcx 38EAD0/38EAD8"
38EB20,once,"wp1b (38E8D0), launch: +E54 is assembled once from the launch direction, owner rise and existing rise"
38EB44,once,"wp1b (38E8D0), launch: the vector returned by the same 671248 helper used in wp1c is the last move, already per-rate; 0.2 of it is accumulated once into +E20/+E28"
38EB62,once,"wp1b (38E8D0), launch: the vector returned by the same 671248 helper used in wp1c is the last move, already per-rate; 0.2 of it is accumulated once into +E20/+E28"
38EBAE,fixed,"wp1b (38E8D0), flight: grounded slope changes the per-tick-at-this-rate +E20/+E28 velocity by s^2 through dst/pre pairs"
38EBB6,fixed,"wp1b (38E8D0), flight: grounded slope changes the per-tick-at-this-rate +E20/+E28 velocity by s^2 through dst/pre pairs"
38EBD2,stock,"wp1b (38E8D0), flight: position gains +E20/+E28 directly; those velocities are already per tick at the current rate"
38EBEA,stock,"wp1b (38E8D0), flight: position gains +E20/+E28 directly; those velocities are already per tick at the current rate"
38EC17,fixed,"wp1b (38E8D0), flight: +E20/+E28 damping is already 0.97^s through decay_factors.h"
38EC26,fixed,"wp1b (38E8D0), flight: +E20/+E28 damping is already 0.97^s through decay_factors.h"
38F047,fixed,wp1c common update 38EEE0: position.y gains s of stock-valued +E54 through srcx 38F03F; the later 0.94^s damping remains decay_factors.h's job
38F2CA,fixed,wp1c helper 38F240: grounded half-slope changes persistent per-current-rate +E20/+E28 velocity by s^2 through the paired dst/pre rows
38F2EA,fixed,wp1c helper 38F240: grounded half-slope changes persistent per-current-rate +E20/+E28 velocity by s^2 through the paired dst/pre rows
38F306,stock,"wp1c helper 38F240: position.x/z directly gains +E20/+E28, which already stores displacement for the current-rate tick"
38F31E,stock,"wp1c helper 38F240: position.x/z directly gains +E20/+E28, which already stores displacement for the current-rate tick"
38F34B,fixed,wp1c helper 38F240: persistent +E20/+E28 damping uses decay_factors.h's 0.94^s conversion
38F35A,fixed,wp1c helper 38F240: persistent +E20/+E28 damping uses decay_factors.h's 0.94^s conversion
38F5EA,once,"wp1c (38F400), sub-state 0: the throw (direction x the owner's speed, the slope push, 0.2 of the last move, the rise), once, then sub-state 1"
38F5F2,once,"wp1c (38F400), sub-state 0: the throw (direction x the owner's speed, the slope push, 0.2 of the last move, the rise), once, then sub-state 1"
38F5FA,once,"wp1c (38F400), sub-state 0: the throw (direction x the owner's speed, the slope push, 0.2 of the last move, the rise), once, then sub-state 1"
38F602,once,"wp1c (38F400), sub-state 0: the throw (direction x the owner's speed, the slope push, 0.2 of the last move, the rise), once, then sub-state 1"
38F630,once,"wp1c (38F400), sub-state 0: the throw (direction x the owner's speed, the slope push, 0.2 of the last move, the rise), once, then sub-state 1"
38F638,once,"wp1c (38F400), sub-state 0: the throw (direction x the owner's speed, the slope push, 0.2 of the last move, the rise), once, then sub-state 1"
38F674,once,"wp1c (38F400), sub-state 0: the throw (direction x the owner's speed, the slope push, 0.2 of the last move, the rise), once, then sub-state 1"
38F6AE,once,"wp1c (38F400), sub-state 0: the throw (direction x the owner's speed, the slope push, 0.2 of the last move, the rise), once, then sub-state 1"
38F6C0,once,"wp1c (38F400), sub-state 0: the throw (direction x the owner's speed, the slope push, 0.2 of the last move, the rise), once, then sub-state 1"
38F6D0,once,"wp1c (38F400), sub-state 0: the throw (direction x the owner's speed, the slope push, 0.2 of the last move, the rise), once, then sub-state 1"
38F724,fixed,"wp1c rolling: the slope push s^2 (lin 38F438, pre 38F714/38F71C)"
38F72C,fixed,"wp1c rolling: the slope push s^2 (lin 38F438, pre 38F714/38F71C)"
38F748,fixed,"wp1c 38F400: position += velocity a tick, now pre 38F741/38F75B"
38F760,fixed,"wp1c 38F400: position += velocity a tick, now pre 38F741/38F75B"
38FFC6,once,"wp1d (38FE50), state 0: position.y += 1.5 once while the flight is initialized, then the state advances"
39003A,fixed,wp1d (38FE50): +B0's rotation step is scaled by lin 390021 and +E28 loses the slow-motion dt scaled at dst 38FE84
390048,fixed,wp1d (38FE50): +B0's rotation step is scaled by lin 390021 and +E28 loses the slow-motion dt scaled at dst 38FE84
3900B7,fixed,wp1d (38FE50): the flight position gains s of its stock-valued +E10/+E14/+E18 velocity through pre 3900B3/3900CA/3900E3
3900CF,fixed,wp1d (38FE50): the flight position gains s of its stock-valued +E10/+E14/+E18 velocity through pre 3900B3/3900CA/3900E3
3900E8,fixed,wp1d (38FE50): the flight position gains s of its stock-valued +E10/+E14/+E18 velocity through pre 3900B3/3900CA/3900E3
390222,once,"wp1d state 390110: state 0 adds the full 20-unit vertical aiming bias before normalizing the launch direction, then immediately advances +E36"
39031D,fixed,"wp1d 390110: the spin +B0, now lin 390309"
390503,fixed,wp1d (390490): +D2C's 0.05 fade-in and fade-out steps are scaled at srcx 3904F7 and 390AE2
390720,stock,wp1d (390490): +B0 is the result of 2DA510; FixTurnRate converts its 0.05 and 0.2 blend factors at the helper entry
39074E,fixed,"wp1d (390490): the +1078 countdown, bob, +1110 phase, flight acceleration, +E28 countdown and clamped turn all use the slow-motion dt scaled at dst 3904C5"
39078E,fixed,"wp1d (390490): the +1078 countdown, bob, +1110 phase, flight acceleration, +E28 countdown and clamped turn all use the slow-motion dt scaled at dst 3904C5"
3907A4,fixed,"wp1d (390490): the +1078 countdown, bob, +1110 phase, flight acceleration, +E28 countdown and clamped turn all use the slow-motion dt scaled at dst 3904C5"
390820,fixed,"wp1d (390490): the +1078 countdown, bob, +1110 phase, flight acceleration, +E28 countdown and clamped turn all use the slow-motion dt scaled at dst 3904C5"
3908AC,fixed,"wp1d (390490): the +1078 countdown, bob, +1110 phase, flight acceleration, +E28 countdown and clamped turn all use the slow-motion dt scaled at dst 3904C5"
3909EC,stock,wp1d (390490): +B0 is the result of 2DA510; FixTurnRate converts its 0.05 and 0.2 blend factors at the helper entry
390A12,fixed,"wp1d (390490): the +1078 countdown, bob, +1110 phase, flight acceleration, +E28 countdown and clamped turn all use the slow-motion dt scaled at dst 3904C5"
390AEA,fixed,wp1d (390490): +D2C's 0.05 fade-in and fade-out steps are scaled at srcx 3904F7 and 390AE2
390D19,fixed,"wp1d (390C00): +E18 growth, +E28/+1078 countdowns, both +B4 turns, the y move and +1110 phase all use the slow-motion dt scaled at its xmm7 copy (dst 390C2F)"
390DA0,fixed,"wp1d (390C00): +E18 growth, +E28/+1078 countdowns, both +B4 turns, the y move and +1110 phase all use the slow-motion dt scaled at its xmm7 copy (dst 390C2F)"
390ED5,stock,wp1d (390C00): +B0 is the result of 2DA510; FixTurnRate converts its approach factor at the helper entry
390EF9,fixed,"wp1d (390C00): +E18 growth, +E28/+1078 countdowns, both +B4 turns, the y move and +1110 phase all use the slow-motion dt scaled at its xmm7 copy (dst 390C2F)"
391132,fixed,"wp1d (390C00): +E18 growth, +E28/+1078 countdowns, both +B4 turns, the y move and +1110 phase all use the slow-motion dt scaled at its xmm7 copy (dst 390C2F)"
391167,fixed,"wp1d (390C00): +E18 growth, +E28/+1078 countdowns, both +B4 turns, the y move and +1110 phase all use the slow-motion dt scaled at its xmm7 copy (dst 390C2F)"
39119B,fixed,"wp1d (390C00): +E18 growth, +E28/+1078 countdowns, both +B4 turns, the y move and +1110 phase all use the slow-motion dt scaled at its xmm7 copy (dst 390C2F)"
3911BF,fixed,"wp1d (390C00): +E18 growth, +E28/+1078 countdowns, both +B4 turns, the y move and +1110 phase all use the slow-motion dt scaled at its xmm7 copy (dst 390C2F)"
3914A1,fixed,wp1d (391290): +E18 grows and +E28 counts down by the slow-motion dt scaled at its xmm7 copy (dst 3912C3)
3914C7,fixed,wp1d (391290): +E18 grows and +E28 counts down by the slow-motion dt scaled at its xmm7 copy (dst 3912C3)
391527,fixed,wp1d (391290): collision radius +E24 gains s of its 1.4-per-tick growth at lin 39151F before the collision query
391707,fixed,"wp1d (3915E0): +E18 growth, +E28/+1078 countdowns, both +B4 turns, +1090 growth, the y move and +1110 phase all use the slow-motion dt scaled at its xmm7 copy (dst 391643)"
39177D,fixed,"wp1d (3915E0): +E18 growth, +E28/+1078 countdowns, both +B4 turns, +1090 growth, the y move and +1110 phase all use the slow-motion dt scaled at its xmm7 copy (dst 391643)"
3918BD,stock,wp1d (3915E0): +B0 is the result of 2DA510; FixTurnRate converts its approach factor at the helper entry
3918E3,fixed,"wp1d (3915E0): +E18 growth, +E28/+1078 countdowns, both +B4 turns, +1090 growth, the y move and +1110 phase all use the slow-motion dt scaled at its xmm7 copy (dst 391643)"
391AEC,fixed,"wp1d (3915E0): +E18 growth, +E28/+1078 countdowns, both +B4 turns, +1090 growth, the y move and +1110 phase all use the slow-motion dt scaled at its xmm7 copy (dst 391643)"
391B42,fixed,"wp1d (3915E0): +E18 growth, +E28/+1078 countdowns, both +B4 turns, +1090 growth, the y move and +1110 phase all use the slow-motion dt scaled at its xmm7 copy (dst 391643)"
391B9F,fixed,"wp1d (3915E0): +E18 growth, +E28/+1078 countdowns, both +B4 turns, +1090 growth, the y move and +1110 phase all use the slow-motion dt scaled at its xmm7 copy (dst 391643)"
391BCF,fixed,"wp1d (3915E0): +E18 growth, +E28/+1078 countdowns, both +B4 turns, +1090 growth, the y move and +1110 phase all use the slow-motion dt scaled at its xmm7 copy (dst 391643)"
391BE5,fixed,"wp1d (3915E0): +E18 growth, +E28/+1078 countdowns, both +B4 turns, +1090 growth, the y move and +1110 phase all use the slow-motion dt scaled at its xmm7 copy (dst 391643)"
391FE4,fixed,"wp1d (391D60): its steps by the slow-motion factor xmm7, scaled at the copy (dst 391DD3)"
392041,fixed,"wp1d (391D60): its steps by the slow-motion factor xmm7, scaled at the copy (dst 391DD3)"
392067,fixed,"wp1d (391D60): its steps by the slow-motion factor xmm7, scaled at the copy (dst 391DD3)"
392084,fixed,"wp1d (391D60): its steps by the slow-motion factor xmm7, scaled at the copy (dst 391DD3)"
3920A2,fixed,"wp1d (391D60): its steps by the slow-motion factor xmm7, scaled at the copy (dst 391DD3)"
3920F3,fixed,"wp1d (391D60): its steps by the slow-motion factor xmm7, scaled at the copy (dst 391DD3)"
392157,fixed,"wp1d (391D60): its steps by the slow-motion factor xmm7, scaled at the copy (dst 391DD3)"
3921CF,fixed,"wp1d (391D60): its steps by the slow-motion factor xmm7, scaled at the copy (dst 391DD3)"
3921E4,fixed,"wp1d (391D60): its steps by the slow-motion factor xmm7, scaled at the copy (dst 391DD3)"
39225D,fixed,"wp1d (391D60): its steps by the slow-motion factor xmm7, scaled at the copy (dst 391DD3)"
3922CB,fixed,"wp1d (391D60): its steps by the slow-motion factor xmm7, scaled at the copy (dst 391DD3)"
3923F3,stock,wp1d (391D60): 2DA510 (FixTurnRate converts k at its entry for every caller)
392A75,fixed,wp1e: material 1's U scroll (lin 392A55) and its wraps; the fade-in count (count 392E3F)
392A80,fixed,wp1e: material 1's U scroll (lin 392A55) and its wraps; the fade-in count (count 392E3F)
392A93,fixed,wp1e: material 1's U scroll (lin 392A55) and its wraps; the fade-in count (count 392E3F)
392E3F,fixed,wp1e: material 1's U scroll (lin 392A55) and its wraps; the fade-in count (count 392E3F)
3930CE,fixed,"392FE0/396EA0 case 5: the counter, now count 3930CE/396F8E with notyet 3930D0/396F90"
393299,follows,"wp20 393210: materials 1 and 2's U scroll by xmm7, the 0.02 that lin 39325C loads for material 0, and their wraps"
3932A4,follows,"wp20 393210: materials 1 and 2's U scroll by xmm7, the 0.02 that lin 39325C loads for material 0, and their wraps"
3932C5,follows,"wp20 393210: materials 1 and 2's U scroll by xmm7, the 0.02 that lin 39325C loads for material 0, and their wraps"
3932D0,follows,"wp20 393210: materials 1 and 2's U scroll by xmm7, the 0.02 that lin 39325C loads for material 0, and their wraps"
39332B,follows,"wp20 393210: the glow's B channel +58 steps by xmm2, the 0.1 that lin rows 3932F3/39333B load for +50/+54"
39336F,follows,"wp20 393210: the glow's B channel +58 steps by xmm2, the 0.1 that lin rows 3932F3/39333B load for +50/+54"
3933F0,fixed,"wp20 393210: each material +60 subtraction uses the stock 0.05 in xmm8, scaled separately at 3933E8, 393412, 39343C and 393466"
3933FB,follows,wp20: these stores add 1 only after the scaled U offset crosses -1
39341A,fixed,"wp20 393210: each material +60 subtraction uses the stock 0.05 in xmm8, scaled separately at 3933E8, 393412, 39343C and 393466"
393425,follows,wp20: these stores add 1 only after the scaled U offset crosses -1
393444,fixed,"wp20 393210: each material +60 subtraction uses the stock 0.05 in xmm8, scaled separately at 3933E8, 393412, 39343C and 393466"
39344F,follows,wp20: these stores add 1 only after the scaled U offset crosses -1
39346E,fixed,"wp20 393210: each material +60 subtraction uses the stock 0.05 in xmm8, scaled separately at 3933E8, 393412, 39343C and 393466"
393479,follows,wp20: these stores add 1 only after the scaled U offset crosses -1
3934DF,follows,wp20 visual update 393210: submodel 1 counters the wrapped change from the previous sampled player yaw; the full current-frame yaw delta already follows its source
39350F,fixed,"wp20 0x624 / utbd 22E430: the parts' springs, now zfirst on the pull and pre/src on the joint's move (near_rows01)"
393537,fixed,"wp20 0x624 / utbd 22E430: the parts' springs, now zfirst on the pull and pre/src on the joint's move (near_rows01)"
39358B,follows,"utbd 22E430 / wp20 0x624: the joint gives back 0.8 of the parent's turn since the last tick (+110C/+1C64 keep the last), whatever the rate"
3935BB,fixed,"wp20 0x624 / utbd 22E430: the parts' springs, now zfirst on the pull and pre/src on the joint's move (near_rows01)"
3935E1,fixed,"wp20 0x624 / utbd 22E430: the parts' springs, now zfirst on the pull and pre/src on the joint's move (near_rows01)"
3942F6,stock,"Dormant debris 393F50-395850: 393F50 runs 393FB0 over eighteen slots, a copy of the live six-slot loop 3822D0/382340 and of the dormant six-slot 395850; no call, jump, lea, code pointer or fallthrough enters the range, its three switch tables are dispatched only from inside it (dormant_internal_tables), and the two data words that read as addresses in it straddle other data (DORMANT_DATA_COINCIDENCES). Rechecked on every generation."
394375,stock,"Dormant debris 393F50-395850: 393F50 runs 393FB0 over eighteen slots, a copy of the live six-slot loop 3822D0/382340 and of the dormant six-slot 395850; no call, jump, lea, code pointer or fallthrough enters the range, its three switch tables are dispatched only from inside it (dormant_internal_tables), and the two data words that read as addresses in it straddle other data (DORMANT_DATA_COINCIDENCES). Rechecked on every generation."
39445B,stock,"Dormant debris 393F50-395850: 393F50 runs 393FB0 over eighteen slots, a copy of the live six-slot loop 3822D0/382340 and of the dormant six-slot 395850; no call, jump, lea, code pointer or fallthrough enters the range, its three switch tables are dispatched only from inside it (dormant_internal_tables), and the two data words that read as addresses in it straddle other data (DORMANT_DATA_COINCIDENCES). Rechecked on every generation."
394464,stock,"Dormant debris 393F50-395850: 393F50 runs 393FB0 over eighteen slots, a copy of the live six-slot loop 3822D0/382340 and of the dormant six-slot 395850; no call, jump, lea, code pointer or fallthrough enters the range, its three switch tables are dispatched only from inside it (dormant_internal_tables), and the two data words that read as addresses in it straddle other data (DORMANT_DATA_COINCIDENCES). Rechecked on every generation."
394477,stock,"Dormant debris 393F50-395850: 393F50 runs 393FB0 over eighteen slots, a copy of the live six-slot loop 3822D0/382340 and of the dormant six-slot 395850; no call, jump, lea, code pointer or fallthrough enters the range, its three switch tables are dispatched only from inside it (dormant_internal_tables), and the two data words that read as addresses in it straddle other data (DORMANT_DATA_COINCIDENCES). Rechecked on every generation."
394573,stock,"Dormant debris 393F50-395850: 393F50 runs 393FB0 over eighteen slots, a copy of the live six-slot loop 3822D0/382340 and of the dormant six-slot 395850; no call, jump, lea, code pointer or fallthrough enters the range, its three switch tables are dispatched only from inside it (dormant_internal_tables), and the two data words that read as addresses in it straddle other data (DORMANT_DATA_COINCIDENCES). Rechecked on every generation."
3945A2,stock,"Dormant debris 393F50-395850: 393F50 runs 393FB0 over eighteen slots, a copy of the live six-slot loop 3822D0/382340 and of the dormant six-slot 395850; no call, jump, lea, code pointer or fallthrough enters the range, its three switch tables are dispatched only from inside it (dormant_internal_tables), and the two data words that read as addresses in it straddle other data (DORMANT_DATA_COINCIDENCES). Rechecked on every generation."
3945C9,stock,"Dormant debris 393F50-395850: 393F50 runs 393FB0 over eighteen slots, a copy of the live six-slot loop 3822D0/382340 and of the dormant six-slot 395850; no call, jump, lea, code pointer or fallthrough enters the range, its three switch tables are dispatched only from inside it (dormant_internal_tables), and the two data words that read as addresses in it straddle other data (DORMANT_DATA_COINCIDENCES). Rechecked on every generation."
394675,stock,"Dormant debris 393F50-395850: 393F50 runs 393FB0 over eighteen slots, a copy of the live six-slot loop 3822D0/382340 and of the dormant six-slot 395850; no call, jump, lea, code pointer or fallthrough enters the range, its three switch tables are dispatched only from inside it (dormant_internal_tables), and the two data words that read as addresses in it straddle other data (DORMANT_DATA_COINCIDENCES). Rechecked on every generation."
39468B,stock,"Dormant debris 393F50-395850: 393F50 runs 393FB0 over eighteen slots, a copy of the live six-slot loop 3822D0/382340 and of the dormant six-slot 395850; no call, jump, lea, code pointer or fallthrough enters the range, its three switch tables are dispatched only from inside it (dormant_internal_tables), and the two data words that read as addresses in it straddle other data (DORMANT_DATA_COINCIDENCES). Rechecked on every generation."
3946A6,stock,"Dormant debris 393F50-395850: 393F50 runs 393FB0 over eighteen slots, a copy of the live six-slot loop 3822D0/382340 and of the dormant six-slot 395850; no call, jump, lea, code pointer or fallthrough enters the range, its three switch tables are dispatched only from inside it (dormant_internal_tables), and the two data words that read as addresses in it straddle other data (DORMANT_DATA_COINCIDENCES). Rechecked on every generation."
3946CE,stock,"Dormant debris 393F50-395850: 393F50 runs 393FB0 over eighteen slots, a copy of the live six-slot loop 3822D0/382340 and of the dormant six-slot 395850; no call, jump, lea, code pointer or fallthrough enters the range, its three switch tables are dispatched only from inside it (dormant_internal_tables), and the two data words that read as addresses in it straddle other data (DORMANT_DATA_COINCIDENCES). Rechecked on every generation."
3946E5,stock,"Dormant debris 393F50-395850: 393F50 runs 393FB0 over eighteen slots, a copy of the live six-slot loop 3822D0/382340 and of the dormant six-slot 395850; no call, jump, lea, code pointer or fallthrough enters the range, its three switch tables are dispatched only from inside it (dormant_internal_tables), and the two data words that read as addresses in it straddle other data (DORMANT_DATA_COINCIDENCES). Rechecked on every generation."
3946EE,stock,"Dormant debris 393F50-395850: 393F50 runs 393FB0 over eighteen slots, a copy of the live six-slot loop 3822D0/382340 and of the dormant six-slot 395850; no call, jump, lea, code pointer or fallthrough enters the range, its three switch tables are dispatched only from inside it (dormant_internal_tables), and the two data words that read as addresses in it straddle other data (DORMANT_DATA_COINCIDENCES). Rechecked on every generation."
394711,stock,"Dormant debris 393F50-395850: 393F50 runs 393FB0 over eighteen slots, a copy of the live six-slot loop 3822D0/382340 and of the dormant six-slot 395850; no call, jump, lea, code pointer or fallthrough enters the range, its three switch tables are dispatched only from inside it (dormant_internal_tables), and the two data words that read as addresses in it straddle other data (DORMANT_DATA_COINCIDENCES). Rechecked on every generation."
394824,stock,"Dormant debris 393F50-395850: 393F50 runs 393FB0 over eighteen slots, a copy of the live six-slot loop 3822D0/382340 and of the dormant six-slot 395850; no call, jump, lea, code pointer or fallthrough enters the range, its three switch tables are dispatched only from inside it (dormant_internal_tables), and the two data words that read as addresses in it straddle other data (DORMANT_DATA_COINCIDENCES). Rechecked on every generation."
39482D,stock,"Dormant debris 393F50-395850: 393F50 runs 393FB0 over eighteen slots, a copy of the live six-slot loop 3822D0/382340 and of the dormant six-slot 395850; no call, jump, lea, code pointer or fallthrough enters the range, its three switch tables are dispatched only from inside it (dormant_internal_tables), and the two data words that read as addresses in it straddle other data (DORMANT_DATA_COINCIDENCES). Rechecked on every generation."
394840,stock,"Dormant debris 393F50-395850: 393F50 runs 393FB0 over eighteen slots, a copy of the live six-slot loop 3822D0/382340 and of the dormant six-slot 395850; no call, jump, lea, code pointer or fallthrough enters the range, its three switch tables are dispatched only from inside it (dormant_internal_tables), and the two data words that read as addresses in it straddle other data (DORMANT_DATA_COINCIDENCES). Rechecked on every generation."
39487B,stock,"Dormant debris 393F50-395850: 393F50 runs 393FB0 over eighteen slots, a copy of the live six-slot loop 3822D0/382340 and of the dormant six-slot 395850; no call, jump, lea, code pointer or fallthrough enters the range, its three switch tables are dispatched only from inside it (dormant_internal_tables), and the two data words that read as addresses in it straddle other data (DORMANT_DATA_COINCIDENCES). Rechecked on every generation."
394974,stock,"Dormant debris 393F50-395850: 393F50 runs 393FB0 over eighteen slots, a copy of the live six-slot loop 3822D0/382340 and of the dormant six-slot 395850; no call, jump, lea, code pointer or fallthrough enters the range, its three switch tables are dispatched only from inside it (dormant_internal_tables), and the two data words that read as addresses in it straddle other data (DORMANT_DATA_COINCIDENCES). Rechecked on every generation."
394985,stock,"Dormant debris 393F50-395850: 393F50 runs 393FB0 over eighteen slots, a copy of the live six-slot loop 3822D0/382340 and of the dormant six-slot 395850; no call, jump, lea, code pointer or fallthrough enters the range, its three switch tables are dispatched only from inside it (dormant_internal_tables), and the two data words that read as addresses in it straddle other data (DORMANT_DATA_COINCIDENCES). Rechecked on every generation."
394AC0,stock,"Dormant debris 393F50-395850: 393F50 runs 393FB0 over eighteen slots, a copy of the live six-slot loop 3822D0/382340 and of the dormant six-slot 395850; no call, jump, lea, code pointer or fallthrough enters the range, its three switch tables are dispatched only from inside it (dormant_internal_tables), and the two data words that read as addresses in it straddle other data (DORMANT_DATA_COINCIDENCES). Rechecked on every generation."
394ACF,stock,"Dormant debris 393F50-395850: 393F50 runs 393FB0 over eighteen slots, a copy of the live six-slot loop 3822D0/382340 and of the dormant six-slot 395850; no call, jump, lea, code pointer or fallthrough enters the range, its three switch tables are dispatched only from inside it (dormant_internal_tables), and the two data words that read as addresses in it straddle other data (DORMANT_DATA_COINCIDENCES). Rechecked on every generation."
394B84,stock,"Dormant debris 393F50-395850: 393F50 runs 393FB0 over eighteen slots, a copy of the live six-slot loop 3822D0/382340 and of the dormant six-slot 395850; no call, jump, lea, code pointer or fallthrough enters the range, its three switch tables are dispatched only from inside it (dormant_internal_tables), and the two data words that read as addresses in it straddle other data (DORMANT_DATA_COINCIDENCES). Rechecked on every generation."
394B8D,stock,"Dormant debris 393F50-395850: 393F50 runs 393FB0 over eighteen slots, a copy of the live six-slot loop 3822D0/382340 and of the dormant six-slot 395850; no call, jump, lea, code pointer or fallthrough enters the range, its three switch tables are dispatched only from inside it (dormant_internal_tables), and the two data words that read as addresses in it straddle other data (DORMANT_DATA_COINCIDENCES). Rechecked on every generation."
394BA0,stock,"Dormant debris 393F50-395850: 393F50 runs 393FB0 over eighteen slots, a copy of the live six-slot loop 3822D0/382340 and of the dormant six-slot 395850; no call, jump, lea, code pointer or fallthrough enters the range, its three switch tables are dispatched only from inside it (dormant_internal_tables), and the two data words that read as addresses in it straddle other data (DORMANT_DATA_COINCIDENCES). Rechecked on every generation."
394CA2,stock,"Dormant debris 393F50-395850: 393F50 runs 393FB0 over eighteen slots, a copy of the live six-slot loop 3822D0/382340 and of the dormant six-slot 395850; no call, jump, lea, code pointer or fallthrough enters the range, its three switch tables are dispatched only from inside it (dormant_internal_tables), and the two data words that read as addresses in it straddle other data (DORMANT_DATA_COINCIDENCES). Rechecked on every generation."
39515D,stock,"Dormant debris 393F50-395850: 393F50 runs 393FB0 over eighteen slots, a copy of the live six-slot loop 3822D0/382340 and of the dormant six-slot 395850; no call, jump, lea, code pointer or fallthrough enters the range, its three switch tables are dispatched only from inside it (dormant_internal_tables), and the two data words that read as addresses in it straddle other data (DORMANT_DATA_COINCIDENCES). Rechecked on every generation."
39519B,stock,"Dormant debris 393F50-395850: 393F50 runs 393FB0 over eighteen slots, a copy of the live six-slot loop 3822D0/382340 and of the dormant six-slot 395850; no call, jump, lea, code pointer or fallthrough enters the range, its three switch tables are dispatched only from inside it (dormant_internal_tables), and the two data words that read as addresses in it straddle other data (DORMANT_DATA_COINCIDENCES). Rechecked on every generation."
3951B3,stock,"Dormant debris 393F50-395850: 393F50 runs 393FB0 over eighteen slots, a copy of the live six-slot loop 3822D0/382340 and of the dormant six-slot 395850; no call, jump, lea, code pointer or fallthrough enters the range, its three switch tables are dispatched only from inside it (dormant_internal_tables), and the two data words that read as addresses in it straddle other data (DORMANT_DATA_COINCIDENCES). Rechecked on every generation."
395229,stock,"Dormant debris 393F50-395850: 393F50 runs 393FB0 over eighteen slots, a copy of the live six-slot loop 3822D0/382340 and of the dormant six-slot 395850; no call, jump, lea, code pointer or fallthrough enters the range, its three switch tables are dispatched only from inside it (dormant_internal_tables), and the two data words that read as addresses in it straddle other data (DORMANT_DATA_COINCIDENCES). Rechecked on every generation."
3952BF,stock,"Dormant debris 393F50-395850: 393F50 runs 393FB0 over eighteen slots, a copy of the live six-slot loop 3822D0/382340 and of the dormant six-slot 395850; no call, jump, lea, code pointer or fallthrough enters the range, its three switch tables are dispatched only from inside it (dormant_internal_tables), and the two data words that read as addresses in it straddle other data (DORMANT_DATA_COINCIDENCES). Rechecked on every generation."
3952DA,stock,"Dormant debris 393F50-395850: 393F50 runs 393FB0 over eighteen slots, a copy of the live six-slot loop 3822D0/382340 and of the dormant six-slot 395850; no call, jump, lea, code pointer or fallthrough enters the range, its three switch tables are dispatched only from inside it (dormant_internal_tables), and the two data words that read as addresses in it straddle other data (DORMANT_DATA_COINCIDENCES). Rechecked on every generation."
3954FF,stock,"Dormant debris 393F50-395850: 393F50 runs 393FB0 over eighteen slots, a copy of the live six-slot loop 3822D0/382340 and of the dormant six-slot 395850; no call, jump, lea, code pointer or fallthrough enters the range, its three switch tables are dispatched only from inside it (dormant_internal_tables), and the two data words that read as addresses in it straddle other data (DORMANT_DATA_COINCIDENCES). Rechecked on every generation."
395725,stock,"Dormant debris 393F50-395850: 393F50 runs 393FB0 over eighteen slots, a copy of the live six-slot loop 3822D0/382340 and of the dormant six-slot 395850; no call, jump, lea, code pointer or fallthrough enters the range, its three switch tables are dispatched only from inside it (dormant_internal_tables), and the two data words that read as addresses in it straddle other data (DORMANT_DATA_COINCIDENCES). Rechecked on every generation."
395772,stock,"Dormant debris 393F50-395850: 393F50 runs 393FB0 over eighteen slots, a copy of the live six-slot loop 3822D0/382340 and of the dormant six-slot 395850; no call, jump, lea, code pointer or fallthrough enters the range, its three switch tables are dispatched only from inside it (dormant_internal_tables), and the two data words that read as addresses in it straddle other data (DORMANT_DATA_COINCIDENCES). Rechecked on every generation."
39578A,stock,"Dormant debris 393F50-395850: 393F50 runs 393FB0 over eighteen slots, a copy of the live six-slot loop 3822D0/382340 and of the dormant six-slot 395850; no call, jump, lea, code pointer or fallthrough enters the range, its three switch tables are dispatched only from inside it (dormant_internal_tables), and the two data words that read as addresses in it straddle other data (DORMANT_DATA_COINCIDENCES). Rechecked on every generation."
3957FB,stock,"Dormant debris 393F50-395850: 393F50 runs 393FB0 over eighteen slots, a copy of the live six-slot loop 3822D0/382340 and of the dormant six-slot 395850; no call, jump, lea, code pointer or fallthrough enters the range, its three switch tables are dispatched only from inside it (dormant_internal_tables), and the two data words that read as addresses in it straddle other data (DORMANT_DATA_COINCIDENCES). Rechecked on every generation."
395B42,stock,"Retained six-slot state loop 395850..396BE0: no external call/branch, aligned or unaligned actual data/code pointer, export/LEA reference or physical fallthrough. Its private bounded 14-case switch is internal control flow; generator proves its exact bound, load, dispatcher and destinations before rechecking the complete dormant range."
395CC5,stock,"Retained six-slot state loop 395850..396BE0: no external call/branch, aligned or unaligned actual data/code pointer, export/LEA reference or physical fallthrough. Its private bounded 14-case switch is internal control flow; generator proves its exact bound, load, dispatcher and destinations before rechecking the complete dormant range."
395CDB,stock,"Retained six-slot state loop 395850..396BE0: no external call/branch, aligned or unaligned actual data/code pointer, export/LEA reference or physical fallthrough. Its private bounded 14-case switch is internal control flow; generator proves its exact bound, load, dispatcher and destinations before rechecking the complete dormant range."
395CE5,stock,"Retained six-slot state loop 395850..396BE0: no external call/branch, aligned or unaligned actual data/code pointer, export/LEA reference or physical fallthrough. Its private bounded 14-case switch is internal control flow; generator proves its exact bound, load, dispatcher and destinations before rechecking the complete dormant range."
395FFC,stock,"Retained six-slot state loop 395850..396BE0: no external call/branch, aligned or unaligned actual data/code pointer, export/LEA reference or physical fallthrough. Its private bounded 14-case switch is internal control flow; generator proves its exact bound, load, dispatcher and destinations before rechecking the complete dormant range."
3960CF,stock,"Retained six-slot state loop 395850..396BE0: no external call/branch, aligned or unaligned actual data/code pointer, export/LEA reference or physical fallthrough. Its private bounded 14-case switch is internal control flow; generator proves its exact bound, load, dispatcher and destinations before rechecking the complete dormant range."
3960E5,stock,"Retained six-slot state loop 395850..396BE0: no external call/branch, aligned or unaligned actual data/code pointer, export/LEA reference or physical fallthrough. Its private bounded 14-case switch is internal control flow; generator proves its exact bound, load, dispatcher and destinations before rechecking the complete dormant range."
3960EF,stock,"Retained six-slot state loop 395850..396BE0: no external call/branch, aligned or unaligned actual data/code pointer, export/LEA reference or physical fallthrough. Its private bounded 14-case switch is internal control flow; generator proves its exact bound, load, dispatcher and destinations before rechecking the complete dormant range."
39623F,stock,"Retained six-slot state loop 395850..396BE0: no external call/branch, aligned or unaligned actual data/code pointer, export/LEA reference or physical fallthrough. Its private bounded 14-case switch is internal control flow; generator proves its exact bound, load, dispatcher and destinations before rechecking the complete dormant range."
396276,stock,"Retained six-slot state loop 395850..396BE0: no external call/branch, aligned or unaligned actual data/code pointer, export/LEA reference or physical fallthrough. Its private bounded 14-case switch is internal control flow; generator proves its exact bound, load, dispatcher and destinations before rechecking the complete dormant range."
39629D,stock,"Retained six-slot state loop 395850..396BE0: no external call/branch, aligned or unaligned actual data/code pointer, export/LEA reference or physical fallthrough. Its private bounded 14-case switch is internal control flow; generator proves its exact bound, load, dispatcher and destinations before rechecking the complete dormant range."
396336,stock,"Retained six-slot state loop 395850..396BE0: no external call/branch, aligned or unaligned actual data/code pointer, export/LEA reference or physical fallthrough. Its private bounded 14-case switch is internal control flow; generator proves its exact bound, load, dispatcher and destinations before rechecking the complete dormant range."
39634F,stock,"Retained six-slot state loop 395850..396BE0: no external call/branch, aligned or unaligned actual data/code pointer, export/LEA reference or physical fallthrough. Its private bounded 14-case switch is internal control flow; generator proves its exact bound, load, dispatcher and destinations before rechecking the complete dormant range."
39636C,stock,"Retained six-slot state loop 395850..396BE0: no external call/branch, aligned or unaligned actual data/code pointer, export/LEA reference or physical fallthrough. Its private bounded 14-case switch is internal control flow; generator proves its exact bound, load, dispatcher and destinations before rechecking the complete dormant range."
396394,stock,"Retained six-slot state loop 395850..396BE0: no external call/branch, aligned or unaligned actual data/code pointer, export/LEA reference or physical fallthrough. Its private bounded 14-case switch is internal control flow; generator proves its exact bound, load, dispatcher and destinations before rechecking the complete dormant range."
3963AA,stock,"Retained six-slot state loop 395850..396BE0: no external call/branch, aligned or unaligned actual data/code pointer, export/LEA reference or physical fallthrough. Its private bounded 14-case switch is internal control flow; generator proves its exact bound, load, dispatcher and destinations before rechecking the complete dormant range."
3963B3,stock,"Retained six-slot state loop 395850..396BE0: no external call/branch, aligned or unaligned actual data/code pointer, export/LEA reference or physical fallthrough. Its private bounded 14-case switch is internal control flow; generator proves its exact bound, load, dispatcher and destinations before rechecking the complete dormant range."
3963D7,stock,"Retained six-slot state loop 395850..396BE0: no external call/branch, aligned or unaligned actual data/code pointer, export/LEA reference or physical fallthrough. Its private bounded 14-case switch is internal control flow; generator proves its exact bound, load, dispatcher and destinations before rechecking the complete dormant range."
3964A0,stock,"Retained six-slot state loop 395850..396BE0: no external call/branch, aligned or unaligned actual data/code pointer, export/LEA reference or physical fallthrough. Its private bounded 14-case switch is internal control flow; generator proves its exact bound, load, dispatcher and destinations before rechecking the complete dormant range."
3964B6,stock,"Retained six-slot state loop 395850..396BE0: no external call/branch, aligned or unaligned actual data/code pointer, export/LEA reference or physical fallthrough. Its private bounded 14-case switch is internal control flow; generator proves its exact bound, load, dispatcher and destinations before rechecking the complete dormant range."
3964C0,stock,"Retained six-slot state loop 395850..396BE0: no external call/branch, aligned or unaligned actual data/code pointer, export/LEA reference or physical fallthrough. Its private bounded 14-case switch is internal control flow; generator proves its exact bound, load, dispatcher and destinations before rechecking the complete dormant range."
3964D0,stock,"Retained six-slot state loop 395850..396BE0: no external call/branch, aligned or unaligned actual data/code pointer, export/LEA reference or physical fallthrough. Its private bounded 14-case switch is internal control flow; generator proves its exact bound, load, dispatcher and destinations before rechecking the complete dormant range."
396624,stock,"Retained six-slot state loop 395850..396BE0: no external call/branch, aligned or unaligned actual data/code pointer, export/LEA reference or physical fallthrough. Its private bounded 14-case switch is internal control flow; generator proves its exact bound, load, dispatcher and destinations before rechecking the complete dormant range."
396634,stock,"Retained six-slot state loop 395850..396BE0: no external call/branch, aligned or unaligned actual data/code pointer, export/LEA reference or physical fallthrough. Its private bounded 14-case switch is internal control flow; generator proves its exact bound, load, dispatcher and destinations before rechecking the complete dormant range."
39679A,stock,"Retained six-slot state loop 395850..396BE0: no external call/branch, aligned or unaligned actual data/code pointer, export/LEA reference or physical fallthrough. Its private bounded 14-case switch is internal control flow; generator proves its exact bound, load, dispatcher and destinations before rechecking the complete dormant range."
3967AD,stock,"Retained six-slot state loop 395850..396BE0: no external call/branch, aligned or unaligned actual data/code pointer, export/LEA reference or physical fallthrough. Its private bounded 14-case switch is internal control flow; generator proves its exact bound, load, dispatcher and destinations before rechecking the complete dormant range."
396849,stock,"Retained six-slot state loop 395850..396BE0: no external call/branch, aligned or unaligned actual data/code pointer, export/LEA reference or physical fallthrough. Its private bounded 14-case switch is internal control flow; generator proves its exact bound, load, dispatcher and destinations before rechecking the complete dormant range."
39685F,stock,"Retained six-slot state loop 395850..396BE0: no external call/branch, aligned or unaligned actual data/code pointer, export/LEA reference or physical fallthrough. Its private bounded 14-case switch is internal control flow; generator proves its exact bound, load, dispatcher and destinations before rechecking the complete dormant range."
396869,stock,"Retained six-slot state loop 395850..396BE0: no external call/branch, aligned or unaligned actual data/code pointer, export/LEA reference or physical fallthrough. Its private bounded 14-case switch is internal control flow; generator proves its exact bound, load, dispatcher and destinations before rechecking the complete dormant range."
3968CB,stock,"Retained six-slot state loop 395850..396BE0: no external call/branch, aligned or unaligned actual data/code pointer, export/LEA reference or physical fallthrough. Its private bounded 14-case switch is internal control flow; generator proves its exact bound, load, dispatcher and destinations before rechecking the complete dormant range."
396A67,stock,"Retained six-slot state loop 395850..396BE0: no external call/branch, aligned or unaligned actual data/code pointer, export/LEA reference or physical fallthrough. Its private bounded 14-case switch is internal control flow; generator proves its exact bound, load, dispatcher and destinations before rechecking the complete dormant range."
396A80,stock,"Retained six-slot state loop 395850..396BE0: no external call/branch, aligned or unaligned actual data/code pointer, export/LEA reference or physical fallthrough. Its private bounded 14-case switch is internal control flow; generator proves its exact bound, load, dispatcher and destinations before rechecking the complete dormant range."
396A9D,stock,"Retained six-slot state loop 395850..396BE0: no external call/branch, aligned or unaligned actual data/code pointer, export/LEA reference or physical fallthrough. Its private bounded 14-case switch is internal control flow; generator proves its exact bound, load, dispatcher and destinations before rechecking the complete dormant range."
396ABD,stock,"Retained six-slot state loop 395850..396BE0: no external call/branch, aligned or unaligned actual data/code pointer, export/LEA reference or physical fallthrough. Its private bounded 14-case switch is internal control flow; generator proves its exact bound, load, dispatcher and destinations before rechecking the complete dormant range."
396AD3,stock,"Retained six-slot state loop 395850..396BE0: no external call/branch, aligned or unaligned actual data/code pointer, export/LEA reference or physical fallthrough. Its private bounded 14-case switch is internal control flow; generator proves its exact bound, load, dispatcher and destinations before rechecking the complete dormant range."
396AD8,stock,"Retained six-slot state loop 395850..396BE0: no external call/branch, aligned or unaligned actual data/code pointer, export/LEA reference or physical fallthrough. Its private bounded 14-case switch is internal control flow; generator proves its exact bound, load, dispatcher and destinations before rechecking the complete dormant range."
396B85,stock,"Retained six-slot state loop 395850..396BE0: no external call/branch, aligned or unaligned actual data/code pointer, export/LEA reference or physical fallthrough. Its private bounded 14-case switch is internal control flow; generator proves its exact bound, load, dispatcher and destinations before rechecking the complete dormant range."
396D6B,fixed,wp2a 396C70: the two 0.1 lin rows feed all three RGB additions or subtractions on their respective paths
396D7B,fixed,wp2a 396C70: the two 0.1 lin rows feed all three RGB additions or subtractions on their respective paths
396D80,fixed,wp2a 396C70: the two 0.1 lin rows feed all three RGB additions or subtractions on their respective paths
396DBA,fixed,wp2a 396C70: the two 0.1 lin rows feed all three RGB additions or subtractions on their respective paths
396DBF,fixed,wp2a 396C70: the two 0.1 lin rows feed all three RGB additions or subtractions on their respective paths
396DC4,fixed,wp2a 396C70: the two 0.1 lin rows feed all three RGB additions or subtractions on their respective paths
396F8E,fixed,"392FE0/396EA0 case 5: the counter, now count 3930CE/396F8E with notyet 3930D0/396F90"
3970ED,stock,"wp30 (397050): +1C64 is replaced with the current target heading at the end of every update, so the next heading difference is already a per-update delta; 0.4 and 0.2 only distribute that delta across the two joints"
397120,fixed,"wp30 (397050), two-joint spring: pull, angular move, and post-move damping are rate-corrected by dst/srcx/countlast at 39710A/397140/397158 and 3971BA/3971ED/397205"
397148,fixed,"wp30 (397050), two-joint spring: pull, angular move, and post-move damping are rate-corrected by dst/srcx/countlast at 39710A/397140/397158 and 3971BA/3971ED/397205"
397160,fixed,"wp30 (397050), two-joint spring: pull, angular move, and post-move damping are rate-corrected by dst/srcx/countlast at 39710A/397140/397158 and 3971BA/3971ED/397205"
39719D,stock,"wp30 (397050): +1C64 is replaced with the current target heading at the end of every update, so the next heading difference is already a per-update delta; 0.4 and 0.2 only distribute that delta across the two joints"
3971D0,fixed,"wp30 (397050), two-joint spring: pull, angular move, and post-move damping are rate-corrected by dst/srcx/countlast at 39710A/397140/397158 and 3971BA/3971ED/397205"
3971F5,fixed,"wp30 (397050), two-joint spring: pull, angular move, and post-move damping are rate-corrected by dst/srcx/countlast at 39710A/397140/397158 and 3971BA/3971ED/397205"
39720D,fixed,"wp30 (397050), two-joint spring: pull, angular move, and post-move damping are rate-corrected by dst/srcx/countlast at 39710A/397140/397158 and 3971BA/3971ED/397205"
3973FA,fixed,"wp35 397310: each material +60 addition uses the stock 0.05 in xmm8, scaled separately at 3973F2, 39741C, 397558 and 397582"
397405,follows,wp35: these stores subtract 1 only after the scaled U offset crosses +1
397424,fixed,"wp35 397310: each material +60 addition uses the stock 0.05 in xmm8, scaled separately at 3973F2, 39741C, 397558 and 397582"
39742F,follows,wp35: these stores subtract 1 only after the scaled U offset crosses +1
397560,fixed,"wp35 397310: each material +60 addition uses the stock 0.05 in xmm8, scaled separately at 3973F2, 39741C, 397558 and 397582"
39756B,follows,wp35: these stores subtract 1 only after the scaled U offset crosses +1
39758A,fixed,"wp35 397310: each material +60 addition uses the stock 0.05 in xmm8, scaled separately at 3973F2, 39741C, 397558 and 397582"
397595,follows,wp35: these stores subtract 1 only after the scaled U offset crosses +1
397EDE,stock,wp3a beads: +1110 counts the beads in state 1 this tick (397B70 zeroes it every tick)
398141,stock,"wp3a bead, homing (state 3): the rate +1938 is set to 18 as the state starts (398116) and += 0.8 is capped at 18: always 18"
3981CE,fixed,wp3a bead: the position's stores after the scaled step (pre/srcx rows)
3981D7,fixed,wp3a bead: the position's stores after the scaled step (pre/srcx rows)
3981EA,fixed,wp3a bead: the position's stores after the scaled step (pre/srcx rows)
398366,once,"wp3a bead, hit (state 4): the bounce v.x, v.z x -0.8 and v.y = 6, once as the state starts"
39838D,once,"wp3a bead, hit (state 4): the bounce v.x, v.z x -0.8 and v.y = 6, once as the state starts"
39843A,fixed,wp3a bead: the position's stores after the scaled step (pre/srcx rows)
398450,fixed,wp3a bead: the position's stores after the scaled step (pre/srcx rows)
39846B,fixed,wp3a bead: the position's stores after the scaled step (pre/srcx rows)
398493,fixed,wp3a bead: the dampings on the last tick of each stock period (countlast rows)
3984AA,fixed,wp3a bead: the dampings on the last tick of each stock period (countlast rows)
3984B3,fixed,wp3a bead: the dampings on the last tick of each stock period (countlast rows)
3986B3,fixed,wp3a bead: the position's stores after the scaled step (pre/srcx rows)
3986C9,fixed,wp3a bead: the position's stores after the scaled step (pre/srcx rows)
3986E4,fixed,wp3a bead: the position's stores after the scaled step (pre/srcx rows)
398BBD,stock,wp3a beads: +1110 counts the beads in state 1 this tick (397B70 zeroes it every tick)
398D4C,fixed,"wp3a bead kinds 2, 3: the speed +1938 += 20 (lin 398D3D, 3999AD)"
398DE1,fixed,"wp3a bead kinds 2, 3: the position's stores after the scaled step (pre/srcx rows)"
398DEA,fixed,"wp3a bead kinds 2, 3: the position's stores after the scaled step (pre/srcx rows)"
398DFF,fixed,"wp3a bead kinds 2, 3: the position's stores after the scaled step (pre/srcx rows)"
398FCD,once,"wp3a bead kinds 2, 3, hit (state 4): the bounce v.x, v.z x -0.1 and v.y = 6, once as the state starts"
398FF4,once,"wp3a bead kinds 2, 3, hit (state 4): the bounce v.x, v.z x -0.1 and v.y = 6, once as the state starts"
39909E,fixed,"wp3a bead kinds 2, 3: the position's stores after the scaled step (pre/srcx rows)"
3990B4,fixed,"wp3a bead kinds 2, 3: the position's stores after the scaled step (pre/srcx rows)"
3990CF,fixed,"wp3a bead kinds 2, 3: the position's stores after the scaled step (pre/srcx rows)"
3990F7,fixed,"wp3a bead kinds 2, 3: the dampings on the last tick of each stock period (countlast rows)"
39910E,fixed,"wp3a bead kinds 2, 3: the dampings on the last tick of each stock period (countlast rows)"
399117,fixed,"wp3a bead kinds 2, 3: the dampings on the last tick of each stock period (countlast rows)"
3992DD,fixed,"wp3a bead kinds 2, 3: the position's stores after the scaled step (pre/srcx rows)"
3992F5,fixed,"wp3a bead kinds 2, 3: the position's stores after the scaled step (pre/srcx rows)"
399310,fixed,"wp3a bead kinds 2, 3: the position's stores after the scaled step (pre/srcx rows)"
39982D,stock,wp3a beads: +1110 counts the beads in state 1 this tick (397B70 zeroes it every tick)
3999BC,fixed,"wp3a bead kinds 2, 3: the speed +1938 += 20 (lin 398D3D, 3999AD)"
399A51,fixed,"wp3a bead kinds 2, 3: the position's stores after the scaled step (pre/srcx rows)"
399A5A,fixed,"wp3a bead kinds 2, 3: the position's stores after the scaled step (pre/srcx rows)"
399A6F,fixed,"wp3a bead kinds 2, 3: the position's stores after the scaled step (pre/srcx rows)"
399C06,once,"wp3a bead kinds 2, 3, hit (state 4): the bounce v.x, v.z x -0.1 and v.y = 6, once as the state starts"
399C2D,once,"wp3a bead kinds 2, 3, hit (state 4): the bounce v.x, v.z x -0.1 and v.y = 6, once as the state starts"
399CD7,fixed,"wp3a bead kinds 2, 3: the position's stores after the scaled step (pre/srcx rows)"
399CED,fixed,"wp3a bead kinds 2, 3: the position's stores after the scaled step (pre/srcx rows)"
399D08,fixed,"wp3a bead kinds 2, 3: the position's stores after the scaled step (pre/srcx rows)"
399D30,fixed,"wp3a bead kinds 2, 3: the dampings on the last tick of each stock period (countlast rows)"
399D47,fixed,"wp3a bead kinds 2, 3: the dampings on the last tick of each stock period (countlast rows)"
399D50,fixed,"wp3a bead kinds 2, 3: the dampings on the last tick of each stock period (countlast rows)"
399F16,fixed,"wp3a bead kinds 2, 3: the position's stores after the scaled step (pre/srcx rows)"
399F2E,fixed,"wp3a bead kinds 2, 3: the position's stores after the scaled step (pre/srcx rows)"
399F49,fixed,"wp3a bead kinds 2, 3: the position's stores after the scaled step (pre/srcx rows)"
39A2FB,fixed,wp3a 39A200: the two 0.1 lin rows feed all three RGB additions or subtractions on their respective paths
39A30B,fixed,wp3a 39A200: the two 0.1 lin rows feed all three RGB additions or subtractions on their respective paths
39A310,fixed,wp3a 39A200: the two 0.1 lin rows feed all three RGB additions or subtractions on their respective paths
39A34A,fixed,wp3a 39A200: the two 0.1 lin rows feed all three RGB additions or subtractions on their respective paths
39A34F,fixed,wp3a 39A200: the two 0.1 lin rows feed all three RGB additions or subtractions on their respective paths
39A354,fixed,wp3a 39A200: the two 0.1 lin rows feed all three RGB additions or subtractions on their respective paths
39A89F,fixed,wp47 state 39A840: its normal path's two +10F6 decrements both commit on stock ticks; the special global path retains its immediate zero assignment
39A8C5,fixed,wp47 state 39A840: its normal path's two +10F6 decrements both commit on stock ticks; the special global path retains its immediate zero assignment
39AE7C,once,"a state's start: the sub-state +E36/+E37 steps once beside the motion's start, an effect or sound, or the timer +E3C's set (em7a 2D4BFE: once per animation end) (template substate_start)"
39B092,fixed,"wp47 39AEB0/39B170: the repeat timer +10F8, now count rows 39B092/39B2B0"
39B2B0,fixed,"wp47 39AEB0/39B170: the repeat timer +10F8, now count rows 39B092/39B2B0"
39B6A6,fixed,wp47 (39B3D0): +10F0 and +10EC lose the slow-motion dt scaled at its xmm7 copy (dst 39B409)
39B6EF,fixed,wp47 (39B3D0): +10F0 and +10EC lose the slow-motion dt scaled at its xmm7 copy (dst 39B409)
39BA24,stock,"wp47 (39B950): +E10/+E18 multiply the normalized origin-to-target vector by the fixed +E28 length to construct the collision-probe endpoint passed to 2DC7B0; these are geometry, not displacement"
39BA28,stock,"wp47 (39B950): +E10/+E18 multiply the normalized origin-to-target vector by the fixed +E28 length to construct the collision-probe endpoint passed to 2DC7B0; these are geometry, not displacement"
39BABB,follows,"wp47 39B950: +10EC -= xmm6, the slow-motion dt the world row on 39B98A scales"
39BD00,once,wp47 39BB10: +E54 loses a random 0..3 once as the state starts
39C3BC,fixed,wp47 (39C0B0): +E18 is a continuously updated collision radius; scale its +3/-6 ramp steps while preserving the 53/21 spatial thresholds
39C3F4,fixed,wp47 (39C0B0): +E18 is a continuously updated collision radius; scale its +3/-6 ramp steps while preserving the 53/21 spatial thresholds
39C79E,fixed,wp47 (39C540): +E18 is a continuously updated collision radius; scale its +3/-6 ramp steps while preserving the 53/21 spatial thresholds
39C832,fixed,wp47 (39C540): +E18 is a continuously updated collision radius; scale its +3/-6 ramp steps while preserving the 53/21 spatial thresholds
39C8C5,fixed,wp47 (39C540): +E3C is a 10-tick terminal-state countdown; count-gate its decrement so the zero test transitions on stock cadence
39CDF9,once,"wp48 state 39CD20: +E36 increments only after state-0 motion, effect, and linked-object setup"
39D14A,once,wp48 state 39D0B0: +E36 increments only after state-0 motion and effect setup
39D5CF,once,wp49 state 39D560: +E36 increments only after state-0 motion setup
39D656,once,"wp49 (39D600): +E36 increments only during the state-0 initialization path; it is a one-shot state/event count, not elapsed time"
39D69F,fixed,wp49 (39D600): +B0/+B8 receive random perturbations every update; scale each draw before accumulation so higher update rates produce proportionally smaller steps
39D6D1,fixed,wp49 (39D600): +B0/+B8 receive random perturbations every update; scale each draw before accumulation so higher update rates produce proportionally smaller steps
39D76B,fixed,wp49 (39D600): +B0/+B8 receive random perturbations every update; scale each draw before accumulation so higher update rates produce proportionally smaller steps
39DC41,once,"wp4c state 39DB30: state 2 writes each of ten radial spawn angles in one setup loop, then immediately advances +E36"
39DE72,fixed,"wp4c 39DDB0: the spin and forward step, now lin 39DE46/39DE4E and callscale 39DE7A"
39E07F,once,"wp51 (39E020): +E44 loses 60 times byte +109B when the bit-25 hit flag is present; this is event/damage magnitude, not elapsed ticks"
39E0E3,once,"wp51 (39E020): +E44 loses 600 once when +1088 reports its event; this is event/damage magnitude, not a clock"
39E558,once,wp51 state 39E4F0: +E36 increments only after starting the state-0 motion
39E83F,once,"wp51 (39E790), state 0: +E36 advances once after initialization, then dispatches state 1 on later updates"
39E94C,fixed,wp51 (39E790): +1110's two four-degree orbit-phase steps are scaled at lin 39E935/39E93F
39EA0A,fixed,wp51 (39E790): +10F0 loses the slow-motion dt scaled at its xmm9 copy (dst 39E7C5)
39EB60,fixed,"wp51 (39EAC0): +10F0 loses the slow-motion dt in sub-states 3 and 1, scaled at xmm6's copy (dst 39EAFC)"
39EC43,fixed,"wp51 (39EAC0): +10F0 loses the slow-motion dt in sub-states 3 and 1, scaled at xmm6's copy (dst 39EAFC)"
39EF81,fixed,"wp51 (39EE30): +10F0, +E18, and +E28 lose their slow-motion-dt steps, scaled at xmm6's copy (dst 39EE66)"
39F07D,fixed,"wp51 (39EE30): +10F0, +E18, and +E28 lose their slow-motion-dt steps, scaled at xmm6's copy (dst 39EE66)"
39F156,fixed,"wp51 (39EE30): +10F0, +E18, and +E28 lose their slow-motion-dt steps, scaled at xmm6's copy (dst 39EE66)"
39F24C,fixed,"wp51 (39EE30): +10F0, +E18, and +E28 lose their slow-motion-dt steps, scaled at xmm6's copy (dst 39EE66)"
39F4CC,fixed,"wp51 (39F2B0): both +10F0 countdowns lose dt and +E18 gains 0.3 x dt, scaled at xmm8's copy (dst 39F2E8)"
39F5E9,fixed,"wp51 (39F2B0): both +10F0 countdowns lose dt and +E18 gains 0.3 x dt, scaled at xmm8's copy (dst 39F2E8)"
39F633,fixed,"wp51 (39F2B0): both +10F0 countdowns lose dt and +E18 gains 0.3 x dt, scaled at xmm8's copy (dst 39F2E8)"
39F860,fixed,Weapon aim 39F770: its approaches are callblend row 39F848 and callscale row 39F86F.
39F896,fixed,"wp51 steering helper (39F770): +B4 keeps the stock 50-degree limit at one-shot call 39EC09, while per-tick callers scale their 4-degree arguments at 39E872 and 39EE6F"
3A0210,once,"wp55 (3A0160), launch: +E14 gains 7 once before the launch direction is normalized"
3A023D,once,"wp55 (3A0160), launch: the normalized direction is multiplied by 6.5 and stored as the persistent velocity +E10/+E14/+E18 once as sub-state 0 starts"
3A0251,once,"wp55 (3A0160), launch: the normalized direction is multiplied by 6.5 and stored as the persistent velocity +E10/+E14/+E18 once as sub-state 0 starts"
3A0259,once,"wp55 (3A0160), launch: the normalized direction is multiplied by 6.5 and stored as the persistent velocity +E10/+E14/+E18 once as sub-state 0 starts"
3A026E,once,"wp55 (3A0160), launch: position.y gains 0.5 once during the sub-state-0 placement"
3A0360,fixed,"wp55 (3A0160), sub-state 1: position gains s of persistent velocity +E10/+E14/+E18 each tick (pre 3A0352/3A0373/3A038C)"
3A0378,fixed,"wp55 (3A0160), sub-state 1: position gains s of persistent velocity +E10/+E14/+E18 each tick (pre 3A0352/3A0373/3A038C)"
3A0391,fixed,"wp55 (3A0160), sub-state 1: position gains s of persistent velocity +E10/+E14/+E18 each tick (pre 3A0352/3A0373/3A038C)"
3A03D2,once,"a state's start: the sub-state +E36/+E37 steps once beside the motion's start, an effect or sound, or the timer +E3C's set (em7a 2D4BFE: once per animation end) (template substate_start)"
3A05F9,fixed,"wp55 3A0410: its dt, now dst slowmo 3A0440"
3A0C1E,once,"a state's start: the sub-state +E36/+E37 steps once beside the motion's start, an effect or sound, or the timer +E3C's set (em7a 2D4BFE: once per animation end) (template substate_start)"
3A0CA2,once,"a state's start: the sub-state +E36/+E37 steps once beside the motion's start, an effect or sound, or the timer +E3C's set (em7a 2D4BFE: once per animation end) (template substate_start)"
3A0E91,fixed,wp5a state 3A0D00: +10F0 loses the slow-motion dt scaled at its xmm6 copy (dst 3A0D44)
3A10DF,fixed,wp5a (3A0FE0): the hit radius +E18's +3/-6 per-tick steps are s-scaled at 3A10D0 and 3A1104
3A1117,fixed,wp5a (3A0FE0): the hit radius +E18's +3/-6 per-tick steps are s-scaled at 3A10D0 and 3A1104
3A11A8,fixed,"wp5a (3A0FE0): +10F0's sound countdown loses the slow-motion dt, scaled at xmm6's copy (dst 3A100B)"
3A1B1F,fixed,"wp5e (3A1A30): +D2C loses 0.03 x the slow-motion dt, scaled at xmm6's copy (dst 3A1A51)"
3A1D24,once,"wp5e (3A1B50), sub-state 0: +B4 turns toward Amaterasu with a 120-degree limit once, then +E36 advances to sub-state 1"
3A1EAA,fixed,"wp5e (3A1DF0): lifetime +1108 loses the slow-motion dt, scaled at xmm7's copy (dst 3A1E16)"
3A1F9D,fixed,"wp5e (3A1EF0): +D2C loses 0.03 x the slow-motion dt, scaled at xmm6's copy (dst 3A1F11)"
3A25B2,fixed,wp5f (3A2530): +1108's two slow-motion-dt decrements are scaled at xmm7's copy (dst 3A2551)
3A26D2,fixed,wp5f (3A2530): +1108's two slow-motion-dt decrements are scaled at xmm7's copy (dst 3A2551)
3A2783,once,"wp5f (3A2700), launch: +E14 gains 15 once before the direction to the owner is normalized"
3A27B8,once,"wp5f (3A2700), launch: the normalized direction is multiplied by 15.5 and stored as persistent velocity +E10/+E14/+E18 once as sub-state 0 starts"
3A27CC,once,"wp5f (3A2700), launch: the normalized direction is multiplied by 15.5 and stored as persistent velocity +E10/+E14/+E18 once as sub-state 0 starts"
3A27D4,once,"wp5f (3A2700), launch: the normalized direction is multiplied by 15.5 and stored as persistent velocity +E10/+E14/+E18 once as sub-state 0 starts"
3A27E9,once,"wp5f (3A2700), launch: position.y gains 0.5 once during the sub-state-0 placement"
3A2FF1,fixed,"pl02 (3A2C70), states 5 and 9: all three position coordinates use +E10 as a repeated approach factor converted by srcblend"
3A3013,fixed,"pl02 (3A2C70), states 5 and 9: all three position coordinates use +E10 as a repeated approach factor converted by srcblend"
3A3036,fixed,"pl02 (3A2C70), states 5 and 9: all three position coordinates use +E10 as a repeated approach factor converted by srcblend"
3A30AA,stock,pl02 (3A2C70): y += 40 before each 45FC40 ground query and y -= 40 immediately after; these are temporary query offsets with no elapsed-time meaning
3A30C4,stock,pl02 (3A2C70): y += 40 before each 45FC40 ground query and y -= 40 immediately after; these are temporary query offsets with no elapsed-time meaning
3A31EB,stock,pl02 (3A2C70): y += 40 before each 45FC40 ground query and y -= 40 immediately after; these are temporary query offsets with no elapsed-time meaning
3A3205,stock,pl02 (3A2C70): y += 40 before each 45FC40 ground query and y -= 40 immediately after; these are temporary query offsets with no elapsed-time meaning
3A3330,fixed,"pl02 (3A2C70), states 5 and 9: all three position coordinates use +E10 as a repeated approach factor converted by srcblend"
3A3352,fixed,"pl02 (3A2C70), states 5 and 9: all three position coordinates use +E10 as a repeated approach factor converted by srcblend"
3A3375,fixed,"pl02 (3A2C70), states 5 and 9: all three position coordinates use +E10 as a repeated approach factor converted by srcblend"
3A33B7,stock,pl02 (3A2C70): y += 40 before each 45FC40 ground query and y -= 40 immediately after; these are temporary query offsets with no elapsed-time meaning
3A33D1,stock,pl02 (3A2C70): y += 40 before each 45FC40 ground query and y -= 40 immediately after; these are temporary query offsets with no elapsed-time meaning
3A379B,fixed,"pl02 (3A3550), first steering path: +E20/+E24/+E28 gain s of their acceleration, keep the 0.95 damping for the last tick, and move position by s of the resulting persistent velocity"
3A379F,fixed,"pl02 (3A3550), first steering path: +E20/+E24/+E28 gain s of their acceleration, keep the 0.95 damping for the last tick, and move position by s of the resulting persistent velocity"
3A37A7,fixed,"pl02 (3A3550), first steering path: +E20/+E24/+E28 gain s of their acceleration, keep the 0.95 damping for the last tick, and move position by s of the resulting persistent velocity"
3A3981,fixed,"pl02 (3A3550), second steering path: +E20/+E24/+E28 gain s of their acceleration, keep the 0.95 damping for the last tick, and move position by s of the resulting persistent velocity"
3A3985,fixed,"pl02 (3A3550), second steering path: +E20/+E24/+E28 gain s of their acceleration, keep the 0.95 damping for the last tick, and move position by s of the resulting persistent velocity"
3A398D,fixed,"pl02 (3A3550), second steering path: +E20/+E24/+E28 gain s of their acceleration, keep the 0.95 damping for the last tick, and move position by s of the resulting persistent velocity"
3A3F69,once,"pl02 (3A3CA0): the selected target's +1147 byte increments only when it is still zero, as the terminal path-point event is processed; it is not an elapsed-tick counter"
3A4190,fixed,"pl02 (3A3CA0, sub-states 2/3): +B4's per-tick turn limit is s-scaled at the 2DDF90 call 3A4179"
3A41C4,fixed,"pl02 (3A3CA0, sub-state 3): all three position coordinates use dynamic approach factor +E10, converted independently at 3A41B8/3A41E9/3A421C to 1-(1-k)^s"
3A41F6,fixed,"pl02 (3A3CA0, sub-state 3): all three position coordinates use dynamic approach factor +E10, converted independently at 3A41B8/3A41E9/3A421C to 1-(1-k)^s"
3A4229,fixed,"pl02 (3A3CA0, sub-state 3): all three position coordinates use dynamic approach factor +E10, converted independently at 3A41B8/3A41E9/3A421C to 1-(1-k)^s"
3A441C,fixed,"pl02 (3A3CA0, sub-state 5): +B4's per-tick turn limit is s-scaled at the 2DDF90 call 3A440A"
3A46B9,fixed,pl02 (3A4480): +2110/+2114/+2118 use the shared 0.05 approach factor converted at blend 3A4676
3A46D9,fixed,pl02 (3A4480): +2110/+2114/+2118 use the shared 0.05 approach factor converted at blend 3A4676
3A46F5,fixed,pl02 (3A4480): +2110/+2114/+2118 use the shared 0.05 approach factor converted at blend 3A4676
3A4741,fixed,"pl02 (3A4480): horizontal position gains s of direction times +2108, while +2108 gains 2 on the last tick after the period's moves"
3A475F,fixed,"pl02 (3A4480): horizontal position gains s of direction times +2108, while +2108 gains 2 on the last tick after the period's moves"
3A477D,fixed,"pl02 (3A4480): horizontal position gains s of direction times +2108, while +2108 gains 2 on the last tick after the period's moves"
3A48B4,stock,pl02 (3A4480): y += 40 before 45FC40 and -= 40 immediately after; this is a temporary ground-query offset
3A48CE,stock,pl02 (3A4480): y += 40 before 45FC40 and -= 40 immediately after; this is a temporary ground-query offset
3A494D,fixed,pl02 (3A4480): vertical ground following converts branch factors 0.6 and 0.1 with blend rows
3A4E60,fixed,pl03 (3A4DF0): +D20/+D24/+D28 approach 1 with their shared rate-converted 0.05 factor from blend 3A4E3C
3A4E88,fixed,pl03 (3A4DF0): +D20/+D24/+D28 approach 1 with their shared rate-converted 0.05 factor from blend 3A4E3C
3A4E98,fixed,pl03 (3A4DF0): +D20/+D24/+D28 approach 1 with their shared rate-converted 0.05 factor from blend 3A4E3C
3A4EE4,fixed,"pl03 (3A4DF0): +2250 advances once per stock tick through count 3A4EE4, and AND-capable notyet 3A4EEA preserves cl's masked old value while suppressing sound 0x40B between stock ticks"
3A5473,once,"pl03 (3A51F0): the selected target's +1147 byte increments only when still zero, as the terminal path-point event is processed; it is not an elapsed-tick counter"
3A57B9,fixed,"pl03 (3A51F0, sub-state 3): +B4's per-tick turn limit is s-scaled at the 2DDF90 call 3A57A2"
3A57ED,fixed,"pl03 (3A51F0, sub-state 3): all three position coordinates use dynamic approach factor +E10, converted independently at 3A57E1/3A5812/3A5845 to 1-(1-k)^s"
3A581F,fixed,"pl03 (3A51F0, sub-state 3): all three position coordinates use dynamic approach factor +E10, converted independently at 3A57E1/3A5812/3A5845 to 1-(1-k)^s"
3A5852,fixed,"pl03 (3A51F0, sub-state 3): all three position coordinates use dynamic approach factor +E10, converted independently at 3A57E1/3A5812/3A5845 to 1-(1-k)^s"
3A5959,fixed,"pl03 (3A51F0, sub-state 3): +E10 gains s of 0.02 a tick at 3A5937"
3A5AD8,fixed,"pl03 (3A51F0, sub-state 5): +B4's per-tick turn limit is s-scaled at the 2DDF90 call 3A5AC6"
3A62A9,fixed,pl04 appendage: +414C[part] advances along the preset path once each stock tick (count 3A62A9)
3A65A7,fixed,pl04 appendage: +414C[part] counts down the 90-tick target follow once each stock tick; the old-value zero test is gated between ticks
3A6671,fixed,"pl04 appendage: all six return-to-anchor approaches use xmm7's 0.3, adjusted at its 3A6661 load to 1-(1-0.3)^s"
3A6692,fixed,"pl04 appendage: all six return-to-anchor approaches use xmm7's 0.3, adjusted at its 3A6661 load to 1-(1-0.3)^s"
3A66B4,fixed,"pl04 appendage: all six return-to-anchor approaches use xmm7's 0.3, adjusted at its 3A6661 load to 1-(1-0.3)^s"
3A671E,fixed,"pl04 appendage: all six return-to-anchor approaches use xmm7's 0.3, adjusted at its 3A6661 load to 1-(1-0.3)^s"
3A6740,fixed,"pl04 appendage: all six return-to-anchor approaches use xmm7's 0.3, adjusted at its 3A6661 load to 1-(1-0.3)^s"
3A6762,fixed,"pl04 appendage: all six return-to-anchor approaches use xmm7's 0.3, adjusted at its 3A6661 load to 1-(1-0.3)^s"
3A7011,stock,"pl05 dispatcher 3A6FE0: the inactive-mode branch's full +1000 y displacement is an offscreen hiding correction, not elapsed-time movement"
3A7395,fixed,pl05 state 3A7280: FixTurnRate converts the repeated 0.6 approach factor at the 2DA510 helper entry
3A73CB,stock,"pl05 state 3A7280: +EC8 is freshly generated by motion advance, and multiplying that tick's root-motion component by 0.5 is a spatial shape rather than persistent damping"
3A7683,fixed,"pl00 ground offsets (3A75C0): +10A0/+10A8/+10A4 approach the rotated +E48 target with rate-correct blend factors (blend 3A766F, 3A7695, 3A76C4, 3A76EA, 3A7716)"
3A76A1,fixed,"pl00 ground offsets (3A75C0): +10A0/+10A8/+10A4 approach the rotated +E48 target with rate-correct blend factors (blend 3A766F, 3A7695, 3A76C4, 3A76EA, 3A7716)"
3A76D8,fixed,"pl00 ground offsets (3A75C0): +10A0/+10A8/+10A4 approach the rotated +E48 target with rate-correct blend factors (blend 3A766F, 3A7695, 3A76C4, 3A76EA, 3A7716)"
3A76F6,fixed,"pl00 ground offsets (3A75C0): +10A0/+10A8/+10A4 approach the rotated +E48 target with rate-correct blend factors (blend 3A766F, 3A7695, 3A76C4, 3A76EA, 3A7716)"
3A7722,fixed,"pl00 ground offsets (3A75C0): +10A0/+10A8/+10A4 approach the rotated +E48 target with rate-correct blend factors (blend 3A766F, 3A7695, 3A76C4, 3A76EA, 3A7716)"
3A7788,stock,"pl00 ground offsets (3A75C0): +10A0/+10A8 are per-tick displacements at the current rate because their target is rotated +E48, which already carries timeScale; adding them, or 0.1 of them, straight to the transform needs no second scale"
3A77A8,stock,"pl00 ground offsets (3A75C0): +10A0/+10A8 are per-tick displacements at the current rate because their target is rotated +E48, which already carries timeScale; adding them, or 0.1 of them, straight to the transform needs no second scale"
3A77CC,stock,"pl00 ground offsets (3A75C0): +10A0/+10A8 are per-tick displacements at the current rate because their target is rotated +E48, which already carries timeScale; adding them, or 0.1 of them, straight to the transform needs no second scale"
3A77E4,stock,"pl00 ground offsets (3A75C0): +10A0/+10A8 are per-tick displacements at the current rate because their target is rotated +E48, which already carries timeScale; adding them, or 0.1 of them, straight to the transform needs no second scale"
3A783B,stock,"pl00 ground offsets (3A75C0): +10A0/+10A8 are per-tick displacements at the current rate because their target is rotated +E48, which already carries timeScale; adding them, or 0.1 of them, straight to the transform needs no second scale"
3A7857,stock,"pl00 ground offsets (3A75C0): +10A0/+10A8 are per-tick displacements at the current rate because their target is rotated +E48, which already carries timeScale; adding them, or 0.1 of them, straight to the transform needs no second scale"
3A78A2,fixed,"pl00 3A75C0: the push's vertical part into +E54 or y, now pre 3A789A/3A78B3"
3A78B8,fixed,"pl00 3A75C0: the push's vertical part into +E54 or y, now pre 3A789A/3A78B3"
3A79C1,fixed,pl00 helper 3A7950: +1170 advances through its cyclic submodel-angle table on stock ticks through count 3A79C1
3A7BDA,once,"3A79F0 is the player's damage handler (returns at once for zero damage; called from the two hit paths of 2DC7B0/2DD1A0's caller): per hit it snaps the heading +B4 to the attacker (2DDF90 with limit pi), spends one of the hit shields +11E8, sets 60 ticks of invulnerability +E76 and rumbles."
3A7D80,once,"3A79F0 is the player's damage handler (returns at once for zero damage; called from the two hit paths of 2DC7B0/2DD1A0's caller): per hit it snaps the heading +B4 to the attacker (2DDF90 with limit pi), spends one of the hit shields +11E8, sets 60 ticks of invulnerability +E76 and rumbles."
3A7E99,once,"3A79F0 is the player's damage handler (returns at once for zero damage; called from the two hit paths of 2DC7B0/2DD1A0's caller): per hit it snaps the heading +B4 to the attacker (2DDF90 with limit pi), spends one of the hit shields +11E8, sets 60 ticks of invulnerability +E76 and rumbles."
3A7FB7,once,"3A79F0 is the player's damage handler (returns at once for zero damage; called from the two hit paths of 2DC7B0/2DD1A0's caller): per hit it snaps the heading +B4 to the attacker (2DDF90 with limit pi), spends one of the hit shields +11E8, sets 60 ticks of invulnerability +E76 and rumbles."
3A81C5,fixed,"pl00 (3A80F0, first path): +D20/+D24/+D28 approach 1 with the shared factor converted at 3A81AB to 1-(1-0.05)^s"
3A81ED,fixed,"pl00 (3A80F0, first path): +D20/+D24/+D28 approach 1 with the shared factor converted at 3A81AB to 1-(1-0.05)^s"
3A81FD,fixed,"pl00 (3A80F0, first path): +D20/+D24/+D28 approach 1 with the shared factor converted at 3A81AB to 1-(1-0.05)^s"
3A82B0,fixed,"pl00 (3A80F0, fallback path): +D20/+D24/+D28 approach 1 with the shared factor converted at 3A8296 to 1-(1-0.05)^s"
3A82D8,fixed,"pl00 (3A80F0, fallback path): +D20/+D24/+D28 approach 1 with the shared factor converted at 3A8296 to 1-(1-0.05)^s"
3A82E8,fixed,"pl00 (3A80F0, fallback path): +D20/+D24/+D28 approach 1 with the shared factor converted at 3A8296 to 1-(1-0.05)^s"
3A835F,fixed,pl00 (3A80F0): +115A's ordinary -1 and conditional extra -5 countdown steps commit only on stock ticks
3A8378,fixed,pl00 (3A80F0): +115A's ordinary -1 and conditional extra -5 countdown steps commit only on stock ticks
3A8DC2,once,"pl00 event helper 3A8CD0: an accepted collision changes state, copies its hit point, and adjusts E14 by plus or minus 25 once for that event"
3A8DEC,once,"pl00 event helper 3A8CD0: an accepted collision changes state, copies its hit point, and adjusts E14 by plus or minus 25 once for that event"
3A953C,once,pl00 collision helper 3A9390: +1450 increments only after either collision query reports an accepted hit event
3A9E9B,fixed,"pl00 update: the slide-off push, on stock ticks by notyet at 3A9E07 (its velocity changes once a stock tick)"
3A9EA3,fixed,"pl00 update: the slide-off push, on stock ticks by notyet at 3A9E07 (its velocity changes once a stock tick)"
3A9EBA,fixed,"pl00 update: the slide-off push, on stock ticks by notyet at 3A9E07 (its velocity changes once a stock tick)"
3A9EC2,fixed,"pl00 update: the slide-off push, on stock ticks by notyet at 3A9E07 (its velocity changes once a stock tick)"
3A9EDD,fixed,"pl00 update: the slide's move, s of the velocity a tick (srcx 3A9ED5, pre 3A9F09)"
3A9EF5,stock,pl00 update: the slide's y component +10C4 is never written (0): pos.y += 0
3A9F0E,fixed,"pl00 update: the slide's move, s of the velocity a tick (srcx 3A9ED5, pre 3A9F09)"
3A9F3F,fixed,pl00 update: the slide's damping on the last tick of each stock period (countlast 3A9F37..3A9F5A)
3A9F47,fixed,pl00 update: the slide's damping on the last tick of each stock period (countlast 3A9F37..3A9F5A)
3A9F5F,fixed,pl00 update: the slide's damping on the last tick of each stock period (countlast 3A9F37..3A9F5A)
3A9F67,fixed,pl00 update: the slide's damping on the last tick of each stock period (countlast 3A9F37..3A9F5A)
3AA1B5,follows,"pl00 update: B4DFBA's zero test, a timer the count row at 3AA0D1 paces"
3AAE43,fixed,"pl00 update (3A9630): after a lock-on change resets +1140 to 1, its 0.97-per-update fade is now converted to 0.97^s by the narrowly opted-in decay_factors.h site 3AAE2C; the long load-to-store path remains the same"
3AB468,stock,"pl00 update: y - 450 (950) for the ground query 45FC40, undone right after"
3AB486,stock,"pl00 update: y - 450 (950) for the ground query 45FC40, undone right after"
3AB4C0,stock,"pl00 update: y - 450 (950) for the ground query 45FC40, undone right after"
3AB4DE,stock,"pl00 update: y - 450 (950) for the ground query 45FC40, undone right after"
3AB582,stock,"pl00 update: +FF8 is the ground query's height (45FC40 writes it, 46063C) plus 0.5 each tick, an offset after a fresh copy"
3AB710,fixed,"pl00 3A9630: +E54 x 0.2 while riding, now root 3AAEE9"
3AB89C,follows,"pl00 update: on a moving platform, her local offset +FD0/+FD8 gains this tick's own move (already scaled) in the platform's frame"
3AB8A4,follows,"pl00 update: on a moving platform, her local offset +FD0/+FD8 gains this tick's own move (already scaled) in the platform's frame"
3AB903,follows,"pl00 update: on a moving platform, heading += the platform's turn since last tick (+1028): follows the platform"
3AED43,stock,"Dormant debris: 3AECC0 is called only from 3AE320 and 3AE880, and 4752F0, 481810 and 4829A0 only from the dormant 478EF0-4797A0; gen_world_anims.DORMANT_DEBRIS proves each range has no entry from outside the dormant ranges (their union has none). Rechecked on every generation."
3AF68B,stock,"pl00 dispatcher 3AF020: fallback +B8 damping uses port mode table 7A8240, already rewritten for the current rate by mode_constants.h"
3AFD95,once,"pl00 state 3AFA90, sub-state 0: a counter in B205C8 (+0x40) bumped once as the state starts"
3AFDA2,fixed,"the same instruction is 3AFA90's too (the decompile gives it two heads), where lea_timers/memory_timers/action_timers/phase_steps cover it"
3AFEAD,fixed,"pl00 state 3AFA90, sub-state 2: +E3E's count on stock ticks (count 3AFEAD, notyet on its two sound ticks)"
3AFEDF,fixed,"the same instruction is 3AFA90's too (the decompile gives it two heads), where lea_timers/memory_timers/action_timers/phase_steps cover it"
3B0082,fixed,"the same instruction is 3AFA90's too (the decompile gives it two heads), where lea_timers/memory_timers/action_timers/phase_steps cover it"
3B008C,fixed,"the same instruction is 3AFA90's too (the decompile gives it two heads), where lea_timers/memory_timers/action_timers/phase_steps cover it"
3B012D,fixed,"the same instruction is 3AFA90's too (the decompile gives it two heads), where lea_timers/memory_timers/action_timers/phase_steps cover it"
3B01E8,fixed,"the same instruction is 3AFA90's too (the decompile gives it two heads), where lea_timers/memory_timers/action_timers/phase_steps cover it"
3B02AF,fixed,"the same instruction is 3AFA90's too (the decompile gives it two heads), where lea_timers/memory_timers/action_timers/phase_steps cover it"
3B02EE,fixed,"the same instruction is 3AFA90's too (the decompile gives it two heads), where lea_timers/memory_timers/action_timers/phase_steps cover it"
3B036A,fixed,"the same instruction is 3AFA90's too (the decompile gives it two heads), where lea_timers/memory_timers/action_timers/phase_steps cover it"
3B04B7,fixed,"the same instruction is 3AFA90's too (the decompile gives it two heads), where lea_timers/memory_timers/action_timers/phase_steps cover it"
3B04C1,fixed,"the same instruction is 3AFA90's too (the decompile gives it two heads), where lea_timers/memory_timers/action_timers/phase_steps cover it"
3B0A30,stock,"pl00 sub-handler 3B06F0: position.x/z first gain the rotated +E48 forward step; +E48 is already the displacement for the current-rate tick, so these spatial additions remain unscaled"
3B0A49,stock,"pl00 sub-handler 3B06F0: position.x/z first gain the rotated +E48 forward step; +E48 is already the displacement for the current-rate tick, so these spatial additions remain unscaled"
3B0A61,fixed,pl00 sub-handler 3B06F0: position.x/z then gain s of the persistent stock-valued +E10/+E18 launch/recoil velocity through pre 3B0A5D and srcx 3B0A71
3B0A79,fixed,pl00 sub-handler 3B06F0: position.x/z then gain s of the persistent stock-valued +E10/+E18 launch/recoil velocity through pre 3B0A5D and srcx 3B0A71
3B0A9B,stock,"pl00 sub-handler 3B06F0: +E10/+E18 damping uses port mode table 7A8248, already rewritten from stock 0.5 to 0.5^s by mode_constants.h"
3B0AC0,stock,"pl00 sub-handler 3B06F0: +E10/+E18 damping uses port mode table 7A8248, already rewritten from stock 0.5 to 0.5^s by mode_constants.h"
3B0CDD,once,"pl00 sub-handler 3B0AF0, state-start path: the pi-limited 2DDF90 target turn executes only in +E36 state 0; the same path changes +E36 to 1 before the call"
3B175B,stock,"pl00 sub-handler 3B1560: +E48 damping uses port mode tables 7A8160 and, for equipment kind 0F, 7A8170; both tables are already rewritten as k^s by mode_constants.h"
3B177C,stock,"pl00 sub-handler 3B1560: +E48 damping uses port mode tables 7A8160 and, for equipment kind 0F, 7A8170; both tables are already rewritten as k^s by mode_constants.h"
3B17A9,stock,"pl00: +B8 x the port's mode-table pairs (7A81E8, 7A8240), which mode_constants.h rewrites to k^timeScale"
3B185B,fixed,pl00 sub-handler 3B1560: +10B0/+10B8 receive s of the ground-vector acceleration and contribute s of their stock-valued velocity to position; their later 0.9^s decay remains covered by decay_factors.h
3B208E,stock,"pl00 state 0 (3B18D0), equipment kind 8: +E48 damping uses port mode table 7A8238, already rewritten as k^s by mode_constants.h"
3B20A2,fixed,"pl00 states 0 and 1: position += the push +10A0/+10A8 a tick, now pre/src rows 3B209E, 3B20B5, 3B297F, 3B2993"
3B20BA,fixed,"pl00 states 0 and 1: position += the push +10A0/+10A8 a tick, now pre/src rows 3B209E, 3B20B5, 3B297F, 3B2993"
3B212B,fixed,"pl00 state 0 (3B18D0), other equipment kinds: +E48 damping uses rewritten mode table 7A8238, and its current-rate displacement is compared against the s-scaled 0.05 cutoff loaded at lin 3B210A"
3B216B,stock,"pl00 3B18D0: +B8 *= the port's mode-table pair at 7A8240, which mode_constants.h rewrites to k^timeScale"
3B2292,fixed,pl00 state 0 (3B18D0): +10B0/+10B8 receive s of the ground-vector acceleration and contribute s of their stock-valued velocity to position; their later 0.9^s decay remains covered by decay_factors.h
3B2824,stock,"pl00 state 1 (3B2620): +B8 damping uses port mode table 7A8240, already rewritten as k^s by mode_constants.h"
3B296F,stock,"pl00 state 1 (3B2620), equipment kind 8: +E48 damping uses port mode table 7A8238, already rewritten as k^s by mode_constants.h"
3B2983,fixed,"pl00 states 0 and 1: position += the push +10A0/+10A8 a tick, now pre/src rows 3B209E, 3B20B5, 3B297F, 3B2993"
3B299B,fixed,"pl00 states 0 and 1: position += the push +10A0/+10A8 a tick, now pre/src rows 3B209E, 3B20B5, 3B297F, 3B2993"
3B2A7F,fixed,pl00 state 1 (3B2620): +10B0/+10B8 receive s of the ground-vector acceleration and contribute s of their stock-valued velocity to position; their later 0.9^s decay remains covered by decay_factors.h
3B2FCC,fixed,"pl00 3B2CF0, her ground movement: the run fix's jog parameters (kJogParams in dinput8_proxy.cpp, written to .data) carry the acceleration 7A8148 (ts^2), the charge threshold 7A8350 and divisor 7A8360 (ts) and the charge frames 7A8354 (/ts), so the speed and the charge +1174 are already in real time; rows here doubled them (removed 10-02)"
3B3139,follows,"pl00 3B2CF0: +E48 x xmm7, the 0.94 whose load hoisted_decay.h converts (3B2FF7)"
3B31C4,fixed,"pl00 3B2CF0, her ground movement: the run fix's jog parameters (kJogParams in dinput8_proxy.cpp, written to .data) carry the acceleration 7A8148 (ts^2), the charge threshold 7A8350 and divisor 7A8360 (ts) and the charge frames 7A8354 (/ts), so the speed and the charge +1174 are already in real time; rows here doubled them (removed 10-02)"
3B31E5,fixed,"pl00 3B2CF0, her ground movement: the run fix's jog parameters (kJogParams in dinput8_proxy.cpp, written to .data) carry the acceleration 7A8148 (ts^2), the charge threshold 7A8350 and divisor 7A8360 (ts) and the charge frames 7A8354 (/ts), so the speed and the charge +1174 are already in real time; rows here doubled them (removed 10-02)"
3B333F,fixed,pl01 (3B2CF0): the mode-8 +E48 damping of 0.94 runs once at the start of each stock period through count 3B3318; other modes use the rewritten 7A81B8 table
3B335C,fixed,"pl01 (3B2CF0): global B6B2AC bit 30 is held through the UI/load operation, so the extra 0.4 +E48 damping runs on the first stock-period tick through count 3B3354"
3B358B,fixed,"pl00 3B2CF0, her ground movement: the run fix's jog parameters (kJogParams in dinput8_proxy.cpp, written to .data) carry the acceleration 7A8148 (ts^2), the charge threshold 7A8350 and divisor 7A8360 (ts) and the charge frames 7A8354 (/ts), so the speed and the charge +1174 are already in real time; rows here doubled them (removed 10-02)"
3B36CB,stock,"pl01 (3B2CF0): state 7 damps +E48 with mode table 7A8198, already rewritten for this rate"
3B3990,once,pl01 (3B2CF0): state 9 multiplies +E48 by 0.4 only when +10E0 bit 0x10 triggers an immediate transition back to state 0
3B3B9B,fixed,pl01 (3B2CF0): the conditional +10B8 acceleration and x/z moves are s-scaled through pre 3B3B8B/3B3B93/3B3BAB/3B3BC2; subsequent 0.9 damping is already rewritten by decay_factors.h
3B4079,stock,"pl00: +B8 x the port's mode-table pairs (7A81E8, 7A8240), which mode_constants.h rewrites to k^timeScale"
3B4544,stock,"pl00 jump (3B3FF0): the +B4 stores are results of 2DA510 with coefficient 1, a snap that FixTurnRate correctly leaves at 1"
3B46E7,stock,"pl00 jump (3B3FF0): the +B4 stores are results of 2DA510 with coefficient 1, a snap that FixTurnRate correctly leaves at 1"
3B47D7,once,"pl00 jump (3B3FF0), sub-state 2: variant 30 adds launch +E14 to +E54 once (other variants assign +E54), then +E36 advances immediately to 3"
3B48F5,once,"pl00 jump (3B3FF0): +1145 increments only on a successful collision/input gate while below 2 and simultaneously requests state 0x301; it is an event count, not elapsed time"
3B4B0E,once,pl00 3B3FF0: +1145 steps once per combo step (a state change in the same branch)
3B4CB4,once,"pl00 jump (3B3FF0): +1145 increments only on a successful collision/input gate while below 2 and simultaneously requests state 0x301; it is an event count, not elapsed time"
3B4EE8,once,"pl00 jump (3B3FF0): +1145 increments only on a successful collision/input gate while below 2 and simultaneously requests state 0x301; it is an event count, not elapsed time"
3B50BE,once,"pl00 jump (3B3FF0): +1145 increments only on a successful collision/input gate while below 2 and simultaneously requests state 0x301; it is an event count, not elapsed time"
3B54E2,stock,"pl00 jump (3B3FF0): +E48 damping reads mode table 7A81B8, rewritten by mode_constants.h for the current rate"
3B564C,fixed,"pl00 3B3FF0: position += the push +10A0/+10A8, now pre 3B5648/3B565F"
3B5664,fixed,"pl00 3B3FF0: position += the push +10A0/+10A8, now pre 3B5648/3B565F"
3B580A,once,"pl00 3B5710: +1145 is a discrete input-command counter gated by sampled 0x80000000 event flags and action state 2..7, not an elapsed-time clock"
3B5B80,stock,"pl00 state helpers 3B71B0/3B5B50/3BE480: +B8 damping is selected by the current mode-byte lookup of the port's 7A8240 table, which mode_constants.h already rewrites for the current rate"
3B5E40,once,"pl00 3B5D40: +B4 heading is changed toward +1110 only on a successful input-event query at 3B5DFA, immediately followed by setting +10E0 bit 0x400; the ordinary update path bypasses it"
3B60C0,stock,"pl00 states 6-8 (3B6090/3B6630/3B6BF0): +B8 damping uses port mode table 7A8240, already rewritten for the current rate by mode_constants.h"
3B629E,stock,"pl00 states 6-8 (3B6090/3B6630/3B6BF0): +EC0/+EC8 are fresh root-motion components already produced for the current-rate motion step; branch factors 0.6 (state 6) or 0.8 (states 7/8), followed by 0.2 on the other condition, spatially shape that one step immediately before 2DA3D0 applies it and are not persistent decay"
3B62B6,stock,"pl00 states 6-8 (3B6090/3B6630/3B6BF0): +EC0/+EC8 are fresh root-motion components already produced for the current-rate motion step; branch factors 0.6 (state 6) or 0.8 (states 7/8), followed by 0.2 on the other condition, spatially shape that one step immediately before 2DA3D0 applies it and are not persistent decay"
3B62DA,stock,"pl00 states 6-8 (3B6090/3B6630/3B6BF0): +EC0/+EC8 are fresh root-motion components already produced for the current-rate motion step; branch factors 0.6 (state 6) or 0.8 (states 7/8), followed by 0.2 on the other condition, spatially shape that one step immediately before 2DA3D0 applies it and are not persistent decay"
3B62F2,stock,"pl00 states 6-8 (3B6090/3B6630/3B6BF0): +EC0/+EC8 are fresh root-motion components already produced for the current-rate motion step; branch factors 0.6 (state 6) or 0.8 (states 7/8), followed by 0.2 on the other condition, spatially shape that one step immediately before 2DA3D0 applies it and are not persistent decay"
3B65FE,once,"3B6310/3B68C0/3B6E80 pl00 input handlers: these three +B4 heading stores are reached only when their sampled input event flags at 3B63D1/3B63DC, 3B6984/3B698F, or 3B6F44/3B6F4F are nonzero. Each computes one facing change toward +1110, wraps it, sets the +10E0 0x400 event bit and exits. The branches do not integrate an angular rate on ordinary update ticks"
3B6670,stock,"pl00 states 6-8 (3B6090/3B6630/3B6BF0): +B8 damping uses port mode table 7A8240, already rewritten for the current rate by mode_constants.h"
3B6853,stock,"pl00 states 6-8 (3B6090/3B6630/3B6BF0): +EC0/+EC8 are fresh root-motion components already produced for the current-rate motion step; branch factors 0.6 (state 6) or 0.8 (states 7/8), followed by 0.2 on the other condition, spatially shape that one step immediately before 2DA3D0 applies it and are not persistent decay"
3B685B,stock,"pl00 states 6-8 (3B6090/3B6630/3B6BF0): +EC0/+EC8 are fresh root-motion components already produced for the current-rate motion step; branch factors 0.6 (state 6) or 0.8 (states 7/8), followed by 0.2 on the other condition, spatially shape that one step immediately before 2DA3D0 applies it and are not persistent decay"
3B687F,stock,"pl00 states 6-8 (3B6090/3B6630/3B6BF0): +EC0/+EC8 are fresh root-motion components already produced for the current-rate motion step; branch factors 0.6 (state 6) or 0.8 (states 7/8), followed by 0.2 on the other condition, spatially shape that one step immediately before 2DA3D0 applies it and are not persistent decay"
3B6897,stock,"pl00 states 6-8 (3B6090/3B6630/3B6BF0): +EC0/+EC8 are fresh root-motion components already produced for the current-rate motion step; branch factors 0.6 (state 6) or 0.8 (states 7/8), followed by 0.2 on the other condition, spatially shape that one step immediately before 2DA3D0 applies it and are not persistent decay"
3B6BB9,once,"3B6310/3B68C0/3B6E80 pl00 input handlers: these three +B4 heading stores are reached only when their sampled input event flags at 3B63D1/3B63DC, 3B6984/3B698F, or 3B6F44/3B6F4F are nonzero. Each computes one facing change toward +1110, wraps it, sets the +10E0 0x400 event bit and exits. The branches do not integrate an angular rate on ordinary update ticks"
3B6C30,stock,"pl00 states 6-8 (3B6090/3B6630/3B6BF0): +B8 damping uses port mode table 7A8240, already rewritten for the current rate by mode_constants.h"
3B6E1A,stock,"pl00 states 6-8 (3B6090/3B6630/3B6BF0): +EC0/+EC8 are fresh root-motion components already produced for the current-rate motion step; branch factors 0.6 (state 6) or 0.8 (states 7/8), followed by 0.2 on the other condition, spatially shape that one step immediately before 2DA3D0 applies it and are not persistent decay"
3B6E22,stock,"pl00 states 6-8 (3B6090/3B6630/3B6BF0): +EC0/+EC8 are fresh root-motion components already produced for the current-rate motion step; branch factors 0.6 (state 6) or 0.8 (states 7/8), followed by 0.2 on the other condition, spatially shape that one step immediately before 2DA3D0 applies it and are not persistent decay"
3B6E46,stock,"pl00 states 6-8 (3B6090/3B6630/3B6BF0): +EC0/+EC8 are fresh root-motion components already produced for the current-rate motion step; branch factors 0.6 (state 6) or 0.8 (states 7/8), followed by 0.2 on the other condition, spatially shape that one step immediately before 2DA3D0 applies it and are not persistent decay"
3B6E5E,stock,"pl00 states 6-8 (3B6090/3B6630/3B6BF0): +EC0/+EC8 are fresh root-motion components already produced for the current-rate motion step; branch factors 0.6 (state 6) or 0.8 (states 7/8), followed by 0.2 on the other condition, spatially shape that one step immediately before 2DA3D0 applies it and are not persistent decay"
3B7179,once,"3B6310/3B68C0/3B6E80 pl00 input handlers: these three +B4 heading stores are reached only when their sampled input event flags at 3B63D1/3B63DC, 3B6984/3B698F, or 3B6F44/3B6F4F are nonzero. Each computes one facing change toward +1110, wraps it, sets the +10E0 0x400 event bit and exits. The branches do not integrate an angular rate on ordinary update ticks"
3B72B4,stock,"pl00 state helpers 3B71B0/3B5B50/3BE480: +B8 damping is selected by the current mode-byte lookup of the port's 7A8240 table, which mode_constants.h already rewrites for the current rate"
3B7379,stock,"pl00 attack combo (3B7320): +B8 is multiplied by port mode table 7A8240, already rewritten for the current mode"
3B7552,once,pl00 attack combo (3B7320): state-start target turns occur once; the pi turn also clears its 0x400 trigger bit in the same invocation
3B75A6,once,pl00 attack combo (3B7320): state-start target turns occur once; the pi turn also clears its 0x400 trigger bit in the same invocation
3B75CF,fixed,"pl00 attack combo (3B7320), state 0: lin 3B75C0, srcx 3B75C8 and immstore 3B75D9 jointly compute min(+E48 + 2*s, 3*s), preserving the current-rate displacement and the stock acceleration/cap; the compound verifier exercises both sides of the cap"
3B78D7,once,"pl00 3B7320/3B9A70: a turn toward the lock-on target within 32..60 degrees, once at each attack step's start (with its motion and sounds)"
3B7BA4,once,"pl00 3B7320/3B9A70: a turn toward the lock-on target within 32..60 degrees, once at each attack step's start (with its motion and sounds)"
3B7E56,once,pl00 attack combo (3B7320): state-start target turns occur once; the pi turn also clears its 0x400 trigger bit in the same invocation
3B7EC7,fixed,"pl00 attack combo (3B7320), states 7 and 9: only the continuous 0.279253-radian 2DDF90 calls have their limit scaled at their call sites"
3B8134,once,pl00 attack combo (3B7320): state-start target turns occur once; the pi turn also clears its 0x400 trigger bit in the same invocation
3B81EC,fixed,"pl00 attack combo (3B7320), states 7 and 9: only the continuous 0.279253-radian 2DDF90 calls have their limit scaled at their call sites"
3B8482,stock,"pl00 attack combo (3B7320): fresh root-motion +EC8/+EC0 x 0.2 is per-current-step shaping, and +E48 already carries the current-rate displacement when added to +EC8"
3B849A,fixed,pl00 attack combo (3B7320): conditional +E48 factors 0.5 and 0.1 are committed once per stock tick by count rows
3B84A2,stock,"pl00 attack combo (3B7320): fresh root-motion +EC8/+EC0 x 0.2 is per-current-step shaping, and +E48 already carries the current-rate displacement when added to +EC8"
3B84BD,stock,"pl00 attack combo (3B7320): fresh root-motion +EC8/+EC0 x 0.2 is per-current-step shaping, and +E48 already carries the current-rate displacement when added to +EC8"
3B84E3,fixed,pl00 attack combo (3B7320): conditional +E48 factors 0.5 and 0.1 are committed once per stock tick by count rows
3B85BB,stock,"pl00 lunge (3B8540): +B8 x the port's mode table 7A8240 (0.6 at 30), which mode_constants.h sets for the rate"
3B86A5,once,pl00 lunge (3B8540): a turn toward the locked-on target by at most 60 degrees (2DDF90) as an attack starts
3B8B2C,once,pl00 lunge (3B8540): a turn toward the locked-on target by at most 60 degrees (2DDF90) as an attack starts
3B8F47,once,pl00 lunge (3B8540): +E10 x 0.5 on the tick an attack connects (3A9390)
3B8FB3,fixed,pl00 lunge (3B8540): +E48 x 0.75 on the last tick of each stock period (countlast 3B8FA3)
3B9074,once,pl00 lunge (3B8540): a turn toward the locked-on target by at most 60 degrees (2DDF90) as an attack starts
3B9258,once,pl00 lunge (3B8540): a turn toward the locked-on target by at most 60 degrees (2DDF90) as an attack starts
3B9552,once,pl00 lunge (3B8540): a turn toward the locked-on target by at most 60 degrees (2DDF90) as an attack starts
3B9709,once,pl00 lunge (3B8540): a turn toward the locked-on target by at most 60 degrees (2DDF90) as an attack starts
3B988A,stock,"pl00 lunge (3B8540): the root-motion step +EC0..+EC8, which the motion advance rewrites every tick at this rate, zeroed (+F90 bit 7) or halved on a moving platform before 2DA3D0 applies it; +EC8 += +E48, a per-tick-at-this-rate speed"
3B989F,stock,"pl00 lunge (3B8540): the root-motion step +EC0..+EC8, which the motion advance rewrites every tick at this rate, zeroed (+F90 bit 7) or halved on a moving platform before 2DA3D0 applies it; +EC8 += +E48, a per-tick-at-this-rate speed"
3B98A7,stock,"pl00 lunge (3B8540): the root-motion step +EC0..+EC8, which the motion advance rewrites every tick at this rate, zeroed (+F90 bit 7) or halved on a moving platform before 2DA3D0 applies it; +EC8 += +E48, a per-tick-at-this-rate speed"
3B98F2,stock,"pl00 lunge (3B8540): the root-motion step +EC0..+EC8, which the motion advance rewrites every tick at this rate, zeroed (+F90 bit 7) or halved on a moving platform before 2DA3D0 applies it; +EC8 += +E48, a per-tick-at-this-rate speed"
3B9906,stock,"pl00 lunge (3B8540): the root-motion step +EC0..+EC8, which the motion advance rewrites every tick at this rate, zeroed (+F90 bit 7) or halved on a moving platform before 2DA3D0 applies it; +EC8 += +E48, a per-tick-at-this-rate speed"
3B990E,stock,"pl00 lunge (3B8540): the root-motion step +EC0..+EC8, which the motion advance rewrites every tick at this rate, zeroed (+F90 bit 7) or halved on a moving platform before 2DA3D0 applies it; +EC8 += +E48, a per-tick-at-this-rate speed"
3B9AEB,stock,"pl00 linked attack: +B8 damping uses mode table 7A8240, rewritten for this rate by mode_constants.h"
3B9B95,fixed,pl00 linked attack: +11E9 cooldown loses one only on stock ticks (count 3B9B95)
3B9BEF,once,pl00 linked attack: the connected hit adds the input-built +11EA to +11E9 and increments the hit count +11EB; these happen per successful collision
3B9C13,once,pl00 linked attack: the connected hit adds the input-built +11EA to +11E9 and increments the hit count +11EB; these happen per successful collision
3B9CCF,once,"pl00 linked attack: the 0.279253-radian turn toward the target happens after 3BBC90 reports a connected hit, the same event that adds +11EA to the cooldown and increments +11EB"
3B9D51,once,"pl00 linked attack: the pad's press bits B6B0D0/A0 add 3 or 2 to +11EA per press; this is part of the hit cooldown built from inputs, not an elapsed-tick count"
3B9E01,fixed,pl00 linked attack: her +F48 loses s of 1 per tick through srcx 3B9DFD while in the target-speed window
3B9E7D,once,"pl00 linked attack: the pad's press bits B6B0D0/A0 add 3 or 2 to +11EA per press; this is part of the hit cooldown built from inputs, not an elapsed-tick count"
3B9EA0,fixed,pl00 linked attack: the partner's +F48 loses s of 2 per tick through lin 3B9E98
3BA00F,once,"pl00 3B7320/3B9A70: a turn toward the lock-on target within 32..60 degrees, once at each attack step's start (with its motion and sounds)"
3BA32E,once,"pl00 3B7320/3B9A70: a turn toward the lock-on target within 32..60 degrees, once at each attack step's start (with its motion and sounds)"
3BA661,once,"pl00 3B7320/3B9A70: a turn toward the lock-on target within 32..60 degrees, once at each attack step's start (with its motion and sounds)"
3BA949,once,"pl00 3B7320/3B9A70: a turn toward the lock-on target within 32..60 degrees, once at each attack step's start (with its motion and sounds)"
3BAC24,once,"pl00 3B7320/3B9A70: a turn toward the lock-on target within 32..60 degrees, once at each attack step's start (with its motion and sounds)"
3BAF04,once,"pl00 3B7320/3B9A70: a turn toward the lock-on target within 32..60 degrees, once at each attack step's start (with its motion and sounds)"
3BB17F,once,"pl00 3B7320/3B9A70: a turn toward the lock-on target within 32..60 degrees, once at each attack step's start (with its motion and sounds)"
3BB441,once,"pl00 3B7320/3B9A70: a turn toward the lock-on target within 32..60 degrees, once at each attack step's start (with its motion and sounds)"
3BB677,fixed,pl00 linked attack: +E3C's countdown is paced by count 3BB677 and its zero-time effect check by notyet 3BB625
3BB84C,fixed,"pl00 3B9A70: the forward drive into the root motion step, now pre 3BB844"
3BBE55,fixed,pl00 collision helper 3BBC90: both successful overlap queries feed a sustained-contact path that executed on all 30 of 30 traced update ticks; +E48's 0.7 damping is now converted to 0.7^s by the narrowly opted-in decay_factors.h site 3BBE4D
3BC34B,stock,"pl00 state 3BC300: +B8 and +E48 damping use port mode tables 7A8240 and 7A8218, already rewritten for the current rate by mode_constants.h"
3BC42F,stock,"pl00 state 3BC300: +B8 and +E48 damping use port mode tables 7A8240 and 7A8218, already rewritten for the current rate by mode_constants.h"
3BC4BD,fixed,"pl00 state 3BC300, state 3: +E3C is stock-gated by lea_timers.h and its old-value zero transition is held between stock ticks; +E3E is stock-gated by memory_timers.h"
3BC4D0,fixed,"pl00 state 3BC300, state 3: +E3C is stock-gated by lea_timers.h and its old-value zero transition is held between stock ticks; +E3E is stock-gated by memory_timers.h"
3BC788,stock,"pl00 (3BC710): +B8 damping uses port mode table 7A8240, already rewritten for the current rate by mode_constants.h"
3BC8E3,once,"pl00 (3BC710, sub-state 0): +B4/+B0 receive 2DE0A0's pi/pi-over-two turn once as the state advances to 1"
3BC8FF,once,"pl00 (3BC710, sub-state 0): +B4/+B0 receive 2DE0A0's pi/pi-over-two turn once as the state advances to 1"
3BC9E3,fixed,"pl00 3BC710 case 1: +E54 += 0.525 a tick, now lin 3BC9DB"
3BCA8A,fixed,"pl00 (3BC710, sub-state 1): +B4/+B0 receive 2DE0A0's continuous changes with the caller-local 9/16-degree limits s-scaled at 3BCA39/3BCA47"
3BCAA6,fixed,"pl00 (3BC710, sub-state 1): +B4/+B0 receive 2DE0A0's continuous changes with the caller-local 9/16-degree limits s-scaled at 3BCA39/3BCA47"
3BCBDE,once,"pl00 (3BC710, transition from sub-state 1): +B4/+B0 receive 2DE0A0's pi/pi-over-two turn once as the state advances to 2"
3BCBFA,once,"pl00 (3BC710, transition from sub-state 1): +B4/+B0 receive 2DE0A0's pi/pi-over-two turn once as the state advances to 2"
3BCCBD,fixed,pl00 (3BC710): +1152 advances on stock ticks; its zero and every-eighth-tick sound/effect tests are gated between them
3BD8C4,stock,"pl00 state 3BD890: +B8 damping uses port mode table 7A8240, already rewritten for the current rate by mode_constants.h"
3BD9F6,once,pl00 state 3BD890: state 0 performs one pi-limited target turn and immediately advances +E36 to 2
3BDA28,stock,pl00 state 3BD890: +E54's repeated acceleration already includes the port time-scale global B6AC38
3BDAF2,fixed,pl00 state 3BD890: +E48 uses decay_factors.h's 0.89^s conversion and then contributes its already-current-rate displacement directly to freshly generated root motion +EC8
3BDB02,fixed,pl00 state 3BD890: +E48 uses decay_factors.h's 0.89^s conversion and then contributes its already-current-rate displacement directly to freshly generated root motion +EC8
3BDD19,stock,"pl00 state handler 3BDCB0: +B8 damping uses port mode table 7A8240, already rewritten for the current rate by mode_constants.h"
3BDDF2,fixed,"pl00 state handler 3BDCB0, sub-state 3: +E3C advances on stock ticks through memory_timers.h and +F80 gains the phase_steps.h-scaled 0.5 step"
3BDE09,fixed,"pl00 state handler 3BDCB0, sub-state 3: +E3C advances on stock ticks through memory_timers.h and +F80 gains the phase_steps.h-scaled 0.5 step"
3BDE53,fixed,"pl00 state 3BDCB0, sub-state 3: vertical speed +E54's conditional stock 0.119 decrease and 0.255 increase are both converted to current-rate steps at lin 3BDE41/3BDE4B before the common store"
3BE196,fixed,"pl00 state handler 3BDCB0, sub-state 1: +E3C advances on stock ticks through memory_timers.h and +F80 gains the phase_steps.h-scaled 0.5 step"
3BE1AD,fixed,"pl00 state handler 3BDCB0, sub-state 1: +E3C advances on stock ticks through memory_timers.h and +F80 gains the phase_steps.h-scaled 0.5 step"
3BE1EF,fixed,"pl00 state handler 3BDCB0, sub-state 1: position.y gains s of 0.68 and vertical speed +E54 gains s of 0.306 through lin 3BE1E7/3BE1FC"
3BE204,fixed,"pl00 state handler 3BDCB0, sub-state 1: position.y gains s of 0.68 and vertical speed +E54 gains s of 0.306 through lin 3BE1E7/3BE1FC"
3BE22A,stock,"pl00 state handler 3BDCB0: +E48 damping uses port mode table 7A8218, already rewritten for the current rate by mode_constants.h"
3BE279,stock,pl00 state handler 3BDCB0: the input-built acceleration added to +E48 already carries the port time scale
3BE2E1,stock,pl00 state handler 3BDCB0: the rotated +E48 vector is already a current-rate displacement when added to position.x/y/z
3BE2F7,stock,pl00 state handler 3BDCB0: the rotated +E48 vector is already a current-rate displacement when added to position.x/y/z
3BE30E,stock,pl00 state handler 3BDCB0: the rotated +E48 vector is already a current-rate displacement when added to position.x/y/z
3BE838,stock,"pl00 state helpers 3B71B0/3B5B50/3BE480: +B8 damping is selected by the current mode-byte lookup of the port's 7A8240 table, which mode_constants.h already rewrites for the current rate"
3BE9DF,stock,"pl00: +B8 and +E48 x the port's mode-table pairs (7A8160, 7A8170, 7A81E8, 7A8240), which mode_constants.h rewrites to k^timeScale"
3BEC93,fixed,pl00 3BEB40: +E48 approaches the held +E18 speed with the 0.2 gap factor transformed at 3BEC87 into its current-rate equivalent
3BEF3B,stock,"pl00 (3BEEE0): +B8 damping uses port mode table 7A8240, already rewritten for the current rate by mode_constants.h"
3BF2B2,once,"pl00 (3BEEE0): +11EB increments only after a successful 2DC7B0 collision query; it is a connected-hit count, not elapsed time"
3BF35C,once,"pl00 (3BEEE0): +11EB increments only after a successful 2DC7B0 collision query; it is a connected-hit count, not elapsed time"
3BF3D7,fixed,pl00 (3BEEE0): +E54 halves once per stock tick while the five-tick hit cooldown +11E9 is active
3BF4EC,once,"pl00 (3BEEE0, sub-state 0): +B4 turns toward the target with a pi-radian limit once as the state advances to 1"
3BFB9C,fixed,"pl00 (3BEEE0, sub-state 7): +E3E loses one on stock ticks and its zero-time transition is held between them"
3BFBC9,stock,"pl00 (3BEEE0): +E48 damping uses port mode table 7A8218, already rewritten for the current rate by mode_constants.h"
3BFC61,fixed,pl00 (3BEEE0): the common-tail 2DDF90 turn's 16-degree per-tick limit is s-scaled at call 3BFC4E
3BFEF8,fixed,"3BFEC0 damps +B8 and +E48 by the port's mode tables (7A8240 and 7A8218, by the mode byte), which mode_constants.h rewrites for the running rate."
3C0091,fixed,"3BFEC0 damps +B8 and +E48 by the port's mode tables (7A8240 and 7A8218, by the mode byte), which mode_constants.h rewrites for the running rate."
3C037A,stock,"pl00 state 21 (3C0340): +B8 damping uses port mode table 7A8240, already rewritten as k^s by mode_constants.h"
3C048C,stock,pl00 state 21 (3C0340): the area-specific branch deliberately zeroes the freshly generated +EC0/+EC4/+EC8 root-motion step before the conditional 2DA3D0 application; multiplying a current-rate spatial step by zero needs no cadence conversion
3C04A0,stock,pl00 state 21 (3C0340): the area-specific branch deliberately zeroes the freshly generated +EC0/+EC4/+EC8 root-motion step before the conditional 2DA3D0 application; multiplying a current-rate spatial step by zero needs no cadence conversion
3C04A8,stock,pl00 state 21 (3C0340): the area-specific branch deliberately zeroes the freshly generated +EC0/+EC4/+EC8 root-motion step before the conditional 2DA3D0 application; multiplying a current-rate spatial step by zero needs no cadence conversion
3C0619,stock,"pl00 (3C05C0): +B8 damping uses port mode table 7A8240, already rewritten for the current rate by mode_constants.h"
3C06D0,once,"pl00 (3C05C0, sub-states 0/2/4): +B4 turns toward the target with a pi-radian limit once as each state advances"
3C083D,once,"pl00 (3C05C0, sub-states 0/2/4): +B4 turns toward the target with a pi-radian limit once as each state advances"
3C09A3,once,"pl00 (3C05C0, sub-states 0/2/4): +B4 turns toward the target with a pi-radian limit once as each state advances"
3C0B47,stock,"pl00 (3C05C0): +E48 damping uses port mode table 7A8218, already rewritten for the current rate by mode_constants.h"
3C0BE1,fixed,pl00 (3C05C0): the common-tail 2DDF90 turn's 16-degree per-tick limit is s-scaled at call 3C0BCF
3C0E04,stock,pl00 state 3C0DA0: +B8 damping uses the port's current-rate mode table 7A8240 through the mode-byte lookup
3C1041,stock,"pl00 state 3C1010: +B8 damping uses port mode table 7A8240, already rewritten for the current rate by mode_constants.h"
3C112D,fixed,pl00 state 3C1010: the repeated B4 target turn uses the s-scaled 10-degree limit at lin 3C10FD
3C12D4,once,pl00 states 3C11F0 and 3C3470: both +B4 heading stores belong to state-0 initialization; each changes +E36 to 1 immediately beforehand and no ordinary state-1 update repeats the turn
3C1690,once,"pl00 state 3C13F0: +B4 heading store occurs only after the state-0 target-contact query succeeds and advances +E36 to 1; it is a contact acquisition turn, not a per-update rotation"
3C19D4,once,pl00 3C18B0: the motion factor +F54 gains 0.5 once per press of the button
3C2136,stock,"pl00 wall recoil (3C20E0): +B8 damping uses port mode table 7A8240, already rewritten for the current rate by mode_constants.h"
3C222D,once,"pl00 wall recoil (3C20E0): +1145 increments once per accepted input event, capped at 2; it is not an elapsed-tick counter"
3C22AE,once,"pl00 wall recoil (3C20E0), sub-state 0: position.y gains 3 once during the initial placement"
3C22F0,stock,"pl00 wall recoil (3C20E0): +E48 and +10E8 use port mode table 7A81B8, whose decay is already rewritten for the current rate; the stick term added to +10E8 is separately fixed by kStickDriftSites"
3C231A,stock,"pl00 wall recoil (3C20E0): +E48 and +10E8 use port mode table 7A81B8, whose decay is already rewritten for the current rate; the stick term added to +10E8 is separately fixed by kStickDriftSites"
3C23C4,stock,"pl00 wall recoil (3C20E0): position.x/z gain the rotated +10E8 step, already a current-rate displacement through mode_constants.h and the verified stick-drift gain"
3C23F1,stock,"pl00 wall recoil (3C20E0): position.x/z gain the rotated +10E8 step, already a current-rate displacement through mode_constants.h and the verified stick-drift gain"
3C249A,stock,"pl00 state 2C (3C2430): +B8 uses mode table 7A8240 and +E48/+10E8 use mode table 7A81B8, both rewritten by mode_constants.h for the current rate"
3C2841,once,pl00 3C2430: +1145 steps once per combo step or once +E3E passes 300 (a state change in the same branch)
3C2865,once,pl00 3C2430: +1145 steps once per combo step or once +E3E passes 300 (a state change in the same branch)
3C28AA,stock,"pl00 state 2C (3C2430): +B8 uses mode table 7A8240 and +E48/+10E8 use mode table 7A81B8, both rewritten by mode_constants.h for the current rate"
3C28D0,stock,"pl00 state 2C (3C2430): +B8 uses mode table 7A8240 and +E48/+10E8 use mode table 7A81B8, both rewritten by mode_constants.h for the current rate"
3C2992,fixed,pl00 state 2C (3C2430): +10E8 is a per-tick displacement at the current rate through the existing stick-drift gain fix at 3C2913; rotating it and adding it directly to the transform needs no second scale
3C29BD,fixed,pl00 state 2C (3C2430): +10E8 is a per-tick displacement at the current rate through the existing stick-drift gain fix at 3C2913; rotating it and adding it directly to the transform needs no second scale
3C2A3C,fixed,pl00 state 2C (3C2430): the conditional rotated two-unit forward push is scaled at pre 3C2A38/3C2A4C/3C2A62
3C2A51,fixed,pl00 state 2C (3C2430): the conditional rotated two-unit forward push is scaled at pre 3C2A38/3C2A4C/3C2A62
3C2A67,fixed,pl00 state 2C (3C2430): the conditional rotated two-unit forward push is scaled at pre 3C2A38/3C2A4C/3C2A62
3C2EEB,stock,"pl00 (3C2E80): +B8 damping uses port mode table 7A8240, already rewritten for the current rate by mode_constants.h"
3C2FE0,once,"pl00 (3C2E80): +1145 increments only after an accepted input/event gate while below 2 and requests state 0x301; it is an event count, not elapsed time"
3C3090,once,"pl00 (3C2E80): +1145 increments only after an accepted input/event gate while below 2 and requests state 0x301; it is an event count, not elapsed time"
3C335C,stock,"pl00 (3C2E80): +E48 damping reads port mode table 7A81B8, already rewritten for the current rate by mode_constants.h"
3C355E,once,pl00 states 3C11F0 and 3C3470: both +B4 heading stores belong to state-0 initialization; each changes +E36 to 1 immediately beforehand and no ordinary state-1 update repeats the turn
3C3763,stock,"pl00: +B8 and +E48 x the port's mode-table pairs (7A8160, 7A8170, 7A81E8, 7A8240), which mode_constants.h rewrites to k^timeScale"
3C3A06,fixed,pl00 state 3C38C0: +E48 approaches held +E18 with its 0.2 gap factor rate-converted at 3C39FA
3C3F36,follows,"pl00 state 3C3C70: after motion advance refreshes the pose, submodel 0 y gets the full sin(+E3C degrees) x 0.8 pose offset; its phase is paced by count 3C3F3B"
3C3F3B,fixed,pl00 state 3C3C70: +E3C's eight-degree sine-wobble phase step advances once per stock tick
3C3FED,stock,"pl00 state 3C3C70: +E48 and +B8 damping use port mode tables 7A8160 and 7A8240, already rewritten for the current rate by mode_constants.h"
3C4012,stock,"pl00 state 3C3C70: +E48 and +B8 damping use port mode tables 7A8160 and 7A8240, already rewritten for the current rate by mode_constants.h"
3C402E,stock,pl00 state 3C3C70: both acceleration terms added to +E48 already carry the port time scale
3C405C,stock,pl00 state 3C3C70: both acceleration terms added to +E48 already carry the port time scale
3C4092,fixed,pl00 state 3C3C70: both 2DA510 approaches use caller table factors converted by turn_callers.h
3C40C8,fixed,pl00 state 3C3C70: both 2DA510 approaches use caller table factors converted by turn_callers.h
3C412A,fixed,pl00 state 3C3C70: +10B0/+10B8 gain s of ground-vector acceleration and position gains s of the resulting stock-valued velocities; their subsequent 0.9 damping is already rewritten by decay_factors.h
3C4148,fixed,pl00 state 3C3C70: +10B0/+10B8 gain s of ground-vector acceleration and position gains s of the resulting stock-valued velocities; their subsequent 0.9 damping is already rewritten by decay_factors.h
3C415B,fixed,pl00 state 3C3C70: +10B0/+10B8 gain s of ground-vector acceleration and position gains s of the resulting stock-valued velocities; their subsequent 0.9 damping is already rewritten by decay_factors.h
3C4173,fixed,pl00 state 3C3C70: +10B0/+10B8 gain s of ground-vector acceleration and position gains s of the resulting stock-valued velocities; their subsequent 0.9 damping is already rewritten by decay_factors.h
3C4188,fixed,pl00 state 3C3C70: +10B0/+10B8 gain s of ground-vector acceleration and position gains s of the resulting stock-valued velocities; their subsequent 0.9 damping is already rewritten by decay_factors.h
3C41A0,fixed,pl00 state 3C3C70: +10B0/+10B8 gain s of ground-vector acceleration and position gains s of the resulting stock-valued velocities; their subsequent 0.9 damping is already rewritten by decay_factors.h
3C422F,fixed,"pl00 action clocks: +1156 advances on stock ticks in state handlers 3C41F0/3C4A30/3C51E0/3C9E30 and helper 3CD950, so their existing 0x1C2/0x1C3 timeout readers keep stock-tick elapsed time"
3C4656,follows,"pl00 (3C43C0): after motion advance refreshes the pose, submodel 0 y gets the full sin(+E3C degrees) x 0.8 pose offset; its phase is paced by count 3C465B"
3C465B,fixed,pl00 (3C43C0): +E3C's eight-degree sine-wobble phase step runs once per stock tick through count 3C465B
3C481A,stock,"pl00: +B8 and +E48 x the port's mode-table pairs (7A8160, 7A8170, 7A81E8, 7A8240), which mode_constants.h rewrites to k^timeScale"
3C4844,stock,"pl00: +B8 and +E48 x the port's mode-table pairs (7A8160, 7A8170, 7A81E8, 7A8240), which mode_constants.h rewrites to k^timeScale"
3C4869,stock,"pl00: +B8 and +E48 x the port's mode-table pairs (7A8160, 7A8170, 7A81E8, 7A8240), which mode_constants.h rewrites to k^timeScale"
3C48EF,fixed,"pl00 3C43C0/3C4D90/3C9940/3C5350: +E48 x 0.6 (or 0.5) a tick while a flag holds, now find_decay_factors.HAND (decay_factors.h)"
3C4987,fixed,pl00 (3C43C0): +10B0/+10B8 gain s of ground-vector acceleration and position gains s of the resulting stock-valued velocities through pre 3C497F/3C499D/3C49B4/3C49CB; their subsequent 0.9 damping is already rewritten
3C4A78,fixed,"pl00 action clocks: +1156 advances on stock ticks in state handlers 3C41F0/3C4A30/3C51E0/3C9E30 and helper 3CD950, so their existing 0x1C2/0x1C3 timeout readers keep stock-tick elapsed time"
3C4F2C,once,"pl00 (3C4D90), sub-state 0: +E48 is reduced to 0.6 of its incoming speed once while the state initializes and advances immediately to sub-state 1"
3C4FDD,stock,"pl00 (3C4D90): +E48 damping uses mode table 7A8178 and, on terrain type 0xF, the additional mode table 7A8198; both are rewritten by mode_constants.h"
3C4FFE,stock,"pl00 (3C4D90): +E48 damping uses mode table 7A8178 and, on terrain type 0xF, the additional mode table 7A8198; both are rewritten by mode_constants.h"
3C5023,stock,"pl00: +B8 and +E48 x the port's mode-table pairs (7A8158, 7A8160, 7A8170, 7A81E8, 7A8240), which mode_constants.h rewrites to k^timeScale"
3C50CD,fixed,"pl00 3C43C0/3C4D90/3C9940/3C5350: +E48 x 0.6 (or 0.5) a tick while a flag holds, now find_decay_factors.HAND (decay_factors.h)"
3C521F,fixed,"pl00 action clocks: +1156 advances on stock ticks in state handlers 3C41F0/3C4A30/3C51E0/3C9E30 and helper 3CD950, so their existing 0x1C2/0x1C3 timeout readers keep stock-tick elapsed time"
3C5389,stock,"pl00 (3C5350): +B8 damping uses mode table 7A8240, rewritten by mode_constants.h"
3C545C,fixed,"pl00 3C43C0/3C4D90/3C9940/3C5350: +E48 x 0.6 (or 0.5) a tick while a flag holds, now find_decay_factors.HAND (decay_factors.h)"
3C5684,fixed,"pl00 (3C5350): while held UI-state global B6B2AC bit 30 is set, the conditional +E48 x 0.1 damping runs on the first stock-period tick through count 3C567C"
3C56BE,stock,pl00 (3C5350): +E48 damping selects mode table 7A8170 when +E3E is zero and 7A8158 otherwise; both are rewritten by mode_constants.h
3C57FF,stock,"pl00 (3C57A0): +B8 damping uses mode table 7A8240, rewritten by mode_constants.h"
3C5AED,stock,"pl00: +B8 and +E48 x the port's mode-table pairs (7A8158, 7A8160, 7A8170, 7A81E8, 7A8240), which mode_constants.h rewrites to k^timeScale"
3C5C45,fixed,pl00 3C57A0: +B4 is 2DA510's blend (FixTurnRate)
3C5CAF,once,"pl00 (3C57A0), sub-state 0: the linked-actor turn at 3C5C9D runs once after advancing immediately to sub-state 1; keep its full 0.279253-radian limit"
3C5DD3,stock,"pl00 (3C57A0), terrain type 8: +E48 damping uses mode table 7A8238, rewritten by mode_constants.h"
3C5DE7,fixed,"pl00 3C57A0: position += the push, now pre 3C5DE3 / src 3C5DF7"
3C5DFF,fixed,"pl00 3C57A0: position += the push, now pre 3C5DE3 / src 3C5DF7"
3C5E7A,fixed,"pl00 (3C57A0): while held UI-state global B6B2AC bit 30 is set, the conditional +E48 x 0.1 damping runs on the first stock-period tick through count 3C5E72"
3C60B4,stock,"pl00 (3C6080): +B8 damping uses port mode table 7A8240, already rewritten for the current rate by mode_constants.h"
3C61CB,fixed,"pl00 (3C6080, sub-states 2/3): +B4 and +B0 receive 2DE0A0's changes with the caller-local 8/4-degree limits s-scaled at 3C615C/3C616C"
3C6203,fixed,"pl00 (3C6080, sub-states 2/3): +B4 and +B0 receive 2DE0A0's changes with the caller-local 8/4-degree limits s-scaled at 3C615C/3C616C"
3C6563,fixed,"pl00 (3C6080, sub-state 1): +B4 and +B0 receive 2DE0A0's changes with the caller-local 8/4-degree limits s-scaled at 3C64F4/3C6504"
3C659B,fixed,"pl00 (3C6080, sub-state 1): +B4 and +B0 receive 2DE0A0's changes with the caller-local 8/4-degree limits s-scaled at 3C64F4/3C6504"
3C66C9,fixed,"pl00 (3C6080, sub-state 0): +11F0 advances only on stock ticks and the transition at 10 is held between them"
3C678F,stock,pl00 state 3C6750: +B8 damping is looked up from the port's already rate-adjusted mode table 7A8240
3C67F6,fixed,"pl00 state 3C6750: the 2DA510 angular approach uses the existing FixTurnRate hook, which converts its caller factor for the current rate"
3C6989,fixed,"pl00 3C68C0: the rise y += +E42 + 1, now pre 3C6984"
3C71CB,once,"pl00 state 48 (3C70C0, state-start path): the 30-degree 2DDF90 turn runs only while +E36 is zero and the same path sets +E36 to 1"
3C7221,stock,"pl00 3C70C0: +10E8 x the engine's own mode table at 7A81B8 (0.86 / 0.9274), which mode_constants.h rewrites"
3C731F,fixed,"pl00 state 48 (3C70C0, continuous path): +B4's 8-degree per-tick turn limit is s-scaled at the 2DDF90 call 3C72F9"
3C732B,stock,"pl00 state 48 (3C70C0): position.x/z gain the rotated +10E8 step, already a current-rate displacement through mode table 7A81B8 and the existing kStickDriftSites correction"
3C7340,stock,"pl00 state 48 (3C70C0): position.x/z gain the rotated +10E8 step, already a current-rate displacement through mode table 7A81B8 and the existing kStickDriftSites correction"
3C73E0,stock,pl00 action handlers 3C73B0/3C7480/3C7590/3C77B0: +B8 is multiplied by the port's mode table 7A8240 on every update; mode_constants.h already rewrites that damping for the current rate
3C74B0,stock,pl00 action handlers 3C73B0/3C7480/3C7590/3C77B0: +B8 is multiplied by the port's mode table 7A8240 on every update; mode_constants.h already rewrites that damping for the current rate
3C75C8,stock,pl00 action handlers 3C73B0/3C7480/3C7590/3C77B0: +B8 is multiplied by the port's mode table 7A8240 on every update; mode_constants.h already rewrites that damping for the current rate
3C77E0,stock,pl00 action handlers 3C73B0/3C7480/3C7590/3C77B0: +B8 is multiplied by the port's mode table 7A8240 on every update; mode_constants.h already rewrites that damping for the current rate
3C78F5,stock,"pl00 charge: +B8 damping uses mode table 7A8240, which mode_constants.h rewrites for this frame rate"
3C79E6,once,"pl00 charge, sub-state 0: first face the target by at most pi radians as the charge starts"
3C7A4C,fixed,"pl00 charge, sub-state 1: turn limit of eight degrees scaled at its load 3C7A20"
3C7BBE,fixed,pl00 charge: +1152 increments on stock ticks; its sound and effect tests are gated between them
3C7E9D,fixed,"pl00 charge, sub-state 3: turn limit of two degrees scaled at its load 3C7E71"
3C80AE,stock,"pl00 charge: +E48 damping uses mode table 7A81E8, which mode_constants.h rewrites for this frame rate"
3C8100,stock,pl00 charge: root-motion step +EC0..+EC8 is written by the rate-adjusted motion advance each tick and conditionally zeroed or halved before it is applied
3C8114,stock,pl00 charge: root-motion step +EC0..+EC8 is written by the rate-adjusted motion advance each tick and conditionally zeroed or halved before it is applied
3C811C,stock,pl00 charge: root-motion step +EC0..+EC8 is written by the rate-adjusted motion advance each tick and conditionally zeroed or halved before it is applied
3C816D,stock,pl00 charge: root-motion step +EC0..+EC8 is written by the rate-adjusted motion advance each tick and conditionally zeroed or halved before it is applied
3C8181,stock,pl00 charge: root-motion step +EC0..+EC8 is written by the rate-adjusted motion advance each tick and conditionally zeroed or halved before it is applied
3C8189,stock,pl00 charge: root-motion step +EC0..+EC8 is written by the rate-adjusted motion advance each tick and conditionally zeroed or halved before it is applied
3C8534,stock,"pl00 (3C84B0): +B8 damping uses port mode table 7A8240, already rewritten for the current rate by mode_constants.h"
3C876B,fixed,"pl00 (3C84B0): +1152 advances on stock ticks; its zero, threshold and every-eighth-tick sound/effect tests are gated between them"
3C8FF4,fixed,pl00 (3C84B0): +B4's 32-degree per-tick turn limit is s-scaled at the 2DDF90 call 3C8FE1
3C945D,stock,"pl00 (3C84B0): root-motion step +EC0/+EC8 is rewritten by the rate-adjusted motion advance every tick, then conditionally zeroed or halved before 2DA3F0 applies it"
3C9466,stock,"pl00 (3C84B0): root-motion step +EC0/+EC8 is rewritten by the rate-adjusted motion advance every tick, then conditionally zeroed or halved before 2DA3F0 applies it"
3C94AA,stock,"pl00 (3C84B0): root-motion step +EC0/+EC8 is rewritten by the rate-adjusted motion advance every tick, then conditionally zeroed or halved before 2DA3F0 applies it"
3C94C4,stock,"pl00 (3C84B0): root-motion step +EC0/+EC8 is rewritten by the rate-adjusted motion advance every tick, then conditionally zeroed or halved before 2DA3F0 applies it"
3C9BC3,fixed,"pl00 3C9940: the bob, now lin 3C9BB6 and count 3C9BC8"
3C9BC8,fixed,"pl00 3C9940: the bob, now lin 3C9BB6 and count 3C9BC8"
3C9C1C,stock,"pl00: +B8 and +E48 x the port's mode-table pairs (7A8158, 7A8160, 7A8170, 7A81E8, 7A8240), which mode_constants.h rewrites to k^timeScale"
3C9C46,stock,"pl00: +B8 and +E48 x the port's mode-table pairs (7A8158, 7A8160, 7A8170, 7A81E8, 7A8240), which mode_constants.h rewrites to k^timeScale"
3C9C6B,stock,"pl00: +B8 and +E48 x the port's mode-table pairs (7A8158, 7A8160, 7A8170, 7A81E8, 7A8240), which mode_constants.h rewrites to k^timeScale"
3C9D27,fixed,"pl00 3C43C0/3C4D90/3C9940/3C5350: +E48 x 0.6 (or 0.5) a tick while a flag holds, now find_decay_factors.HAND (decay_factors.h)"
3C9D89,fixed,pl00 state 3C9940: +10B0/+10B8 gain s of ground-vector acceleration and position gains s of the resulting stock-valued velocities; their later 0.9 damping is already 0.9^s
3C9E82,fixed,"pl00 action clocks: +1156 advances on stock ticks in state handlers 3C41F0/3C4A30/3C51E0/3C9E30 and helper 3CD950, so their existing 0x1C2/0x1C3 timeout readers keep stock-tick elapsed time"
3CA235,fixed,pl00 state 3CA160: the two continuously executed target-heading turns use their callsite-scaled 0.279253-radian limits
3CA2E8,fixed,pl00 state 3CA160: the two continuously executed target-heading turns use their callsite-scaled 0.279253-radian limits
3CA399,stock,"pl00 (3CA320): +B8 damping uses port mode table 7A8240, already rewritten for the current rate by mode_constants.h"
3CA44F,fixed,"+B4 is 2DA510's blend toward a target heading, whose factor FixTurnRate converts at 2DA510's entry for every caller (template turn_blend)"
3CA4D0,once,"pl00 (3CA320, sub-state 0): +B4's conditional 16-degree 2DDF90 turn happens once as the state advances to 1"
3CA567,fixed,"pl00 3CA320 cases 1 and 3: the homing turns, now callscale 3CA555/3CA6F4"
3CA706,fixed,"pl00 3CA320 cases 1 and 3: the homing turns, now callscale 3CA555/3CA6F4"
3CA750,stock,pl00 3CA320: +E48 x the mode-table pair at 7A8158 (mode_constants.h)
3CA762,fixed,"pl00 3CA320 case 3: +E48 x 0.6 a tick while +E58 bit 1 holds, now countlast 3CA75A"
3CA8D6,once,"pl00 (3CA320, sub-state 4): +B4 turns toward the target with a 60-degree limit once as the state advances to 5"
3CA9B9,fixed,"pl00 (3CA320, sub-state 5): +E48 is multiplied by 0.1 only on stock ticks before the current-rate move"
3CAA58,once,"pl00 (3CA320, sub-state 6): +B4 turns toward the target with a 60-degree limit once as the state advances to 7"
3CACCF,once,"pl00 (3CA320): +E48 is multiplied by 0.7 only in the successful-hit block after 2DC7B0, as a connected-hit response"
3CACEA,stock,"pl00 (3CA320): root-motion step +EC8 gains +E48, which is already a per-tick displacement at the current rate, before 2DA3D0 applies it"
3CB575,once,"pl00 (3CB300), state 3: +1155 increments only on the +E72 bit-12 event after +E36 is changed to state 6, so it cannot repeat on the next update"
3CB908,once,"pl00 (3CB300), state 6: +E37 increments after +E36 has already advanced to state 7 at 3CB6A2"
3CBA29,once,"pl00 (3CB300), state 7: +1155 increments only on the +E72 bit-12 event after +E36 is changed back to state 6"
3CC2AB,stock,"pl00 state 3CC270: +B8 damping uses port mode table 7A8240, already rewritten for the current rate by mode_constants.h"
3CC401,once,"pl00 state 3CC270, state-start path: +B4 turns toward the linked actor with a pi-radian limit once after +E36 advances immediately to 1"
3CC466,fixed,pl00 state 3CC270: persistent +E48 damping by 0.4 runs once per stock tick through count 3CC466
3CC481,stock,"pl00 state 3CC270: root-motion +EC8 gains +E48, already a displacement for the current-rate tick, immediately before 2DA3D0 applies it"
3CC87A,stock,"3CC870: hit-combo score +118C increments on a newly accepted collision, capped at 99 with high score +118E; callers 2DC7B0 and 2DD1A0 first mark the target contact E72 bit 7 and contact record bit 1 before awarding the hit"
3CCDCD,fixed,"pl00 all-slot auxiliary update (3CCC50): +1470/+1474/+1478 position gains s of persistent stock-valued +14F0/+14F4/+14F8 velocity, then vertical velocity loses 0.6 on the last tick of each stock period"
3CCDE2,fixed,"pl00 all-slot auxiliary update (3CCC50): +1470/+1474/+1478 position gains s of persistent stock-valued +14F0/+14F4/+14F8 velocity, then vertical velocity loses 0.6 on the last tick of each stock period"
3CCDEB,fixed,"pl00 all-slot auxiliary update (3CCC50): +1470/+1474/+1478 position gains s of persistent stock-valued +14F0/+14F4/+14F8 velocity, then vertical velocity loses 0.6 on the last tick of each stock period"
3CCDF4,fixed,"pl00 all-slot auxiliary update (3CCC50): +1470/+1474/+1478 position gains s of persistent stock-valued +14F0/+14F4/+14F8 velocity, then vertical velocity loses 0.6 on the last tick of each stock period"
3CCE52,fixed,pl00 all-slot auxiliary update (3CCC50): +15B8[slot] lifetime advances on stock ticks and its old-value zero transition is held between them
3CCFCE,fixed,"pl00 dormant single-slot auxiliary update (3CCEA0): +1470/+1474/+1478 position gains s of persistent stock-valued +14F0/+14F4/+14F8 velocity, then vertical velocity loses 0.6 on the last tick of each stock period"
3CCFE8,fixed,"pl00 dormant single-slot auxiliary update (3CCEA0): +1470/+1474/+1478 position gains s of persistent stock-valued +14F0/+14F4/+14F8 velocity, then vertical velocity loses 0.6 on the last tick of each stock period"
3CCFF2,fixed,"pl00 dormant single-slot auxiliary update (3CCEA0): +1470/+1474/+1478 position gains s of persistent stock-valued +14F0/+14F4/+14F8 velocity, then vertical velocity loses 0.6 on the last tick of each stock period"
3CCFFC,fixed,"pl00 dormant single-slot auxiliary update (3CCEA0): +1470/+1474/+1478 position gains s of persistent stock-valued +14F0/+14F4/+14F8 velocity, then vertical velocity loses 0.6 on the last tick of each stock period"
3CD076,fixed,pl00 dormant single-slot auxiliary update (3CCEA0): +15B8[slot] lifetime advances on stock ticks and its old-value zero transition is held between them
3CD1DF,fixed,pl00 timer helper 3CD1A0: both +115C countdown paths advance on stock ticks and hold their old-value zero transitions between them
3CD2D9,fixed,pl00 timer helper 3CD1A0: both +115C countdown paths advance on stock ticks and hold their old-value zero transitions between them
3CD583,fixed,pl00 sequencer 3CD460: +114A advances on stock ticks; its first-tick and two helper-derived threshold effects are held between them
3CD5CF,fixed,pl00 sequencer 3CD460: +1150 advances on stock ticks; its every-eighth-tick effect and threshold-path reset are held between them
3CD97D,fixed,"pl00 action clocks: +1156 advances on stock ticks in state handlers 3C41F0/3C4A30/3C51E0/3C9E30 and helper 3CD950, so their existing 0x1C2/0x1C3 timeout readers keep stock-tick elapsed time"
3CD9DD,fixed,"pl00 action helper 3CD9B0: +1158 advances on stock ticks, preserving its comparison with +1156 and its later 0x12C event threshold"
3CE0D0,stock,"3CE0D0: hit-combo score +118C capped at 99 and high score +118E; this is the same score award as 3CC870, not the separately initialized +1188 decay clock"
3CEC2F,stock,"pl00 initializer 3CEBB0: both divisions normalize fixed arrays of 64 and 32 generated random weights to sum to one; the function initializes lookup probabilities, and no elapsed-time quantity is involved"
3CEC8F,stock,"pl00 initializer 3CEBB0: both divisions normalize fixed arrays of 64 and 32 generated random weights to sum to one; the function initializes lookup probabilities, and no elapsed-time quantity is involved"
3CF018,once,pl00 event helper 3CEF70: +1131 increments only after the accepted actor-range event spawns its effect; the nonzero latch prevents repeats
3CF3DE,stock,"3CF340..3CF440 has no direct external entry, aligned or unaligned actual code pointer, switch/LEA reference, export reference or physical fallthrough. Generator rechecks this complete range on the audited image; unwind frame descriptions cannot invoke it."
3D0426,fixed,pl00 state 3D01F0: +E3C decrements on stock ticks and its old-value zero effect/completion path is held between them
3D06ED,once,pl00 (3D0440): position target +E24 gains its initial vertical offset once in state 0
3D0788,fixed,"pl00 (3D0440): +E10/+E14/+E18 hold the normalized target-direction step at stock value for the arrival distance check, while pre 3D07A0/3D07B7/3D07D0 scale only their movement"
3D0794,fixed,"pl00 (3D0440): +E10/+E14/+E18 hold the normalized target-direction step at stock value for the arrival distance check, while pre 3D07A0/3D07B7/3D07D0 scale only their movement"
3D0798,fixed,"pl00 (3D0440): +E10/+E14/+E18 hold the normalized target-direction step at stock value for the arrival distance check, while pre 3D07A0/3D07B7/3D07D0 scale only their movement"
3D07A4,fixed,"pl00 (3D0440): +E10/+E14/+E18 hold the normalized target-direction step at stock value for the arrival distance check, while pre 3D07A0/3D07B7/3D07D0 scale only their movement"
3D07BC,fixed,"pl00 (3D0440): +E10/+E14/+E18 hold the normalized target-direction step at stock value for the arrival distance check, while pre 3D07A0/3D07B7/3D07D0 scale only their movement"
3D07D5,fixed,"pl00 (3D0440): +E10/+E14/+E18 hold the normalized target-direction step at stock value for the arrival distance check, while pre 3D07A0/3D07B7/3D07D0 scale only their movement"
3D08A7,fixed,pl00 (3D0440): the +E3C active-state countdown decrements on stock ticks at count 3D08A7 and its zero-time exit waits at notyet 3D0895
3D0A2F,once,"pl00 3D08E0: +E3C = 120 less the word B6B13C, once as the state starts"
3D0C23,once,"pl00 state 3D0AA0: state 0 applies the full three-unit ground-separation nudge once, after advancing +E36 to state 1"
3D0F9A,once,pl00 (3D0EC0): the target +E24 gains its 100-unit vertical offset once in state 0
3D101A,fixed,pl00 (3D0EC0): position gains s of the target-direction vector +E10/+E14/+E18 through pre 3D1016/3D102D/3D1046
3D1032,fixed,pl00 (3D0EC0): position gains s of the target-direction vector +E10/+E14/+E18 through pre 3D1016/3D102D/3D1046
3D104B,fixed,pl00 (3D0EC0): position gains s of the target-direction vector +E10/+E14/+E18 through pre 3D1016/3D102D/3D1046
3D10D5,once,pl00 (3D0EC0): the 40-unit y bias happens once when the +E3C countdown expires and the target handoff runs
3D111F,fixed,pl00 (3D0EC0): +E3C counts down on stock ticks and its zero-time handoff waits for one
3D1209,once,pl00 (3D1140): the target +E24 gains its 100-unit vertical offset once in state 0
3D1289,fixed,pl00 (3D1140): position gains s of the target-direction vector +E10/+E14/+E18 through srcx 3D1281 and pre 3D129C/3D12B5
3D12A1,fixed,pl00 (3D1140): position gains s of the target-direction vector +E10/+E14/+E18 through srcx 3D1281 and pre 3D129C/3D12B5
3D12BA,fixed,pl00 (3D1140): position gains s of the target-direction vector +E10/+E14/+E18 through srcx 3D1281 and pre 3D129C/3D12B5
3D1301,fixed,pl00 (3D1140): +E3C counts down on stock ticks and its zero-time exit waits for one
3D13F4,fixed,"pl00 state 3D1330: the optional held-input two-count +E3C decrease and ordinary one-count decrease both commit on stock ticks, and the zero-time cleanup waits at notyet 3D145C"
3D1492,fixed,"pl00 state 3D1330: the optional held-input two-count +E3C decrease and ordinary one-count decrease both commit on stock ticks, and the zero-time cleanup waits at notyet 3D145C"
3D163D,fixed,pl00 state 3D14B0: +E3C decrements on stock ticks and its old-value zero cleanup is held between them
3D1789,fixed,pl00 state 3D1670: +E3C decrements on stock ticks and its old-value zero state transition is held between them
3D18A5,fixed,pl00 state 3D1820: +E3C decrements on stock ticks and its old-value zero state transition is held between them
3D1D76,follows,"the player's weapon 3D1CB0: +D2C x the fade byte +1070 / 255, +1070 a count row (3D1D49)"
3D2863,fixed,pl weapon sub-object update (3D27F0): material fade byte +1070 changes by 10 once per stock tick through count 3D2863/3D2878
3D2878,fixed,pl weapon sub-object update (3D27F0): material fade byte +1070 changes by 10 once per stock tick through count 3D2863/3D2878
3D28A5,follows,"pl weapon sub-object update (3D27F0): +D2C is copied fresh from the owner, then multiplied by the rate-correct held +1070/255 fade rather than accumulated"
3D34E6,fixed,"Whole-function gate 3D3400 runs every ballistic slot's position, acceleration, completion flags and age together at stock cadence. The generator proves the frame-dispatcher call discards the result, and the focused gate window checks passed."
3D34EB,fixed,"Whole-function gate 3D3400 runs every ballistic slot's position, acceleration, completion flags and age together at stock cadence. The generator proves the frame-dispatcher call discards the result, and the focused gate window checks passed."
3D34FA,fixed,"Whole-function gate 3D3400 runs every ballistic slot's position, acceleration, completion flags and age together at stock cadence. The generator proves the frame-dispatcher call discards the result, and the focused gate window checks passed."
3D9C8F,follows,3D9C10 wraps an angle +C that is set elsewhere.
3DCD7F,stock,"objScroll 3DCB90: these nine color and height interpolations are computed from the camera distance to a world point and a spatial width passed by the caller; the fraction is distance divided by width, not a per-tick blend"
3DCDA1,stock,"objScroll 3DCB90: these nine color and height interpolations are computed from the camera distance to a world point and a spatial width passed by the caller; the fraction is distance divided by width, not a per-tick blend"
3DCDC2,stock,"objScroll 3DCB90: these nine color and height interpolations are computed from the camera distance to a world point and a spatial width passed by the caller; the fraction is distance divided by width, not a per-tick blend"
3DCDE0,stock,"objScroll 3DCB90: these nine color and height interpolations are computed from the camera distance to a world point and a spatial width passed by the caller; the fraction is distance divided by width, not a per-tick blend"
3DCE2D,stock,"objScroll 3DCB90: these nine color and height interpolations are computed from the camera distance to a world point and a spatial width passed by the caller; the fraction is distance divided by width, not a per-tick blend"
3DCE59,stock,"objScroll 3DCB90: these nine color and height interpolations are computed from the camera distance to a world point and a spatial width passed by the caller; the fraction is distance divided by width, not a per-tick blend"
3DCE83,stock,"objScroll 3DCB90: these nine color and height interpolations are computed from the camera distance to a world point and a spatial width passed by the caller; the fraction is distance divided by width, not a per-tick blend"
3DCEAE,stock,"objScroll 3DCB90: these nine color and height interpolations are computed from the camera distance to a world point and a spatial width passed by the caller; the fraction is distance divided by width, not a per-tick blend"
3DCEE8,stock,"objScroll 3DCB90: these nine color and height interpolations are computed from the camera distance to a world point and a spatial width passed by the caller; the fraction is distance divided by width, not a per-tick blend"
3DF2CA,stock,"3DF2C0/3DF370/3DF460: definite-heap available-block counts and low-water mark accompany allocation or freeing of one model, not elapsed updates"
3DF39A,stock,"3DF2C0/3DF370/3DF460: definite-heap available-block counts and low-water mark accompany allocation or freeing of one model, not elapsed updates"
3DF46F,stock,"3DF2C0/3DF370/3DF460: definite-heap available-block counts and low-water mark accompany allocation or freeing of one model, not elapsed updates"
3E26FF,stock,"3E22D0 constructs quad vertices from the current parameters and param_14, then scales their coordinates for rendering; each call overwrites the output quad before the eight apparent lerp and multiplier writes"
3E271C,stock,"3E22D0 constructs quad vertices from the current parameters and param_14, then scales their coordinates for rendering; each call overwrites the output quad before the eight apparent lerp and multiplier writes"
3E2724,stock,"3E22D0 constructs quad vertices from the current parameters and param_14, then scales their coordinates for rendering; each call overwrites the output quad before the eight apparent lerp and multiplier writes"
3E2747,stock,"3E22D0 constructs quad vertices from the current parameters and param_14, then scales their coordinates for rendering; each call overwrites the output quad before the eight apparent lerp and multiplier writes"
3E2750,stock,"3E22D0 constructs quad vertices from the current parameters and param_14, then scales their coordinates for rendering; each call overwrites the output quad before the eight apparent lerp and multiplier writes"
3E275D,stock,"3E22D0 constructs quad vertices from the current parameters and param_14, then scales their coordinates for rendering; each call overwrites the output quad before the eight apparent lerp and multiplier writes"
3E2789,stock,"3E22D0 constructs quad vertices from the current parameters and param_14, then scales their coordinates for rendering; each call overwrites the output quad before the eight apparent lerp and multiplier writes"
3E27CC,stock,"3E22D0 constructs quad vertices from the current parameters and param_14, then scales their coordinates for rendering; each call overwrites the output quad before the eight apparent lerp and multiplier writes"
3E2C38,follows,"3E2B60 screen colour fade (68 callers: logos, title, every load's fade out and in): its length +C is (1 << flag) x n x N already (3E2ACE, flag group), so +E stepping once a tick reaches it in stock time; pacing +E as well made every fade 4x long (the 18:06 boot reached the title at 91 s, stock 27 s, a0a27259 29 s)"
3E3026,stock,3E2E00 clears +84/+88 then builds model vertex and index buffers in bounded loops; +84 and +A4 count vertices while +88 and +AC count one or two emitted indices per vertex
3E3030,stock,3E2E00 clears +84/+88 then builds model vertex and index buffers in bounded loops; +84 and +A4 count vertices while +88 and +AC count one or two emitted indices per vertex
3E303B,stock,3E2E00 clears +84/+88 then builds model vertex and index buffers in bounded loops; +84 and +A4 count vertices while +88 and +AC count one or two emitted indices per vertex
3E3041,stock,3E2E00 clears +84/+88 then builds model vertex and index buffers in bounded loops; +84 and +A4 count vertices while +88 and +AC count one or two emitted indices per vertex
3E3370,stock,3E3130 is the corresponding model vertex/index buffer builder with a forty-eight-byte vertex stride; it clears +84/+88 and each per-submodel +A4/+AC before counting emitted vertices and indices
3E3379,stock,3E3130 is the corresponding model vertex/index buffer builder with a forty-eight-byte vertex stride; it clears +84/+88 and each per-submodel +A4/+AC before counting emitted vertices and indices
3E3383,stock,3E3130 is the corresponding model vertex/index buffer builder with a forty-eight-byte vertex stride; it clears +84/+88 and each per-submodel +A4/+AC before counting emitted vertices and indices
3E3389,stock,3E3130 is the corresponding model vertex/index buffer builder with a forty-eight-byte vertex stride; it clears +84/+88 and each per-submodel +A4/+AC before counting emitted vertices and indices
3E34B1,stock,"3E3440 sums model resource counts and high-bit transitions inside bounded loops over the model's subresources. The outputs count resource elements, not elapsed frames."
3E34BD,stock,"3E3440 sums model resource counts and high-bit transitions inside bounded loops over the model's subresources. The outputs count resource elements, not elapsed frames."
3E34F2,stock,"3E3440 sums model resource counts and high-bit transitions inside bounded loops over the model's subresources. The outputs count resource elements, not elapsed frames."
3E55AF,stock,3E5590 is a bump allocator (+10 advances by 0x60 per allocation).
3E5AC8,stock,"3E5A80 copies the input pair of screen-space vertices into param_2 then offsets, transforms, and projects that copy; all eight stores build the current output geometry"
3E5AEE,stock,"3E5A80 copies the input pair of screen-space vertices into param_2 then offsets, transforms, and projects that copy; all eight stores build the current output geometry"
3E5B03,stock,"3E5A80 copies the input pair of screen-space vertices into param_2 then offsets, transforms, and projects that copy; all eight stores build the current output geometry"
3E5B18,stock,"3E5A80 copies the input pair of screen-space vertices into param_2 then offsets, transforms, and projects that copy; all eight stores build the current output geometry"
3E5B9F,stock,"3E5A80 copies the input pair of screen-space vertices into param_2 then offsets, transforms, and projects that copy; all eight stores build the current output geometry"
3E5BB0,stock,"3E5A80 copies the input pair of screen-space vertices into param_2 then offsets, transforms, and projects that copy; all eight stores build the current output geometry"
3E5BC0,stock,"3E5A80 copies the input pair of screen-space vertices into param_2 then offsets, transforms, and projects that copy; all eight stores build the current output geometry"
3E5BC5,stock,"3E5A80 copies the input pair of screen-space vertices into param_2 then offsets, transforms, and projects that copy; all eight stores build the current output geometry"
3ECA47,fixed,UI event iterator 3EC840: +F8 waits while the conditional event is active and is now decremented on stock ticks
3EDD54,stock,Resource list construction traverses bounded 0xB0-byte records and adds distinct 0x400/0x600/0x800 namespace tags while linking their lists.
3EDDD4,stock,Resource list construction traverses bounded 0xB0-byte records and adds distinct 0x400/0x600/0x800 namespace tags while linking their lists.
3EDE54,stock,Resource list construction traverses bounded 0xB0-byte records and adds distinct 0x400/0x600/0x800 namespace tags while linking their lists.
3F12A4,stock,"3F1280..3F12C0 has no direct external entry, aligned or unaligned actual code pointer, switch/LEA reference, export reference or physical fallthrough. Generator rechecks this complete range on the audited image; unwind frame descriptions cannot invoke it."
3F1ED9,stock,"3F1E60 grows an eight-byte-element vector, moves the old allocation, frees it, and reconstructs the end pointer using the old element count and new base."
3F394D,follows,"3F3820: a step of the loop whose wait(1) at 3F395E task_waits.h makes a stock tick's, so one step a stock tick"
3F3B19,fixed,UI event manager 3F3A10: +340 is an active wait decremented on stock ticks
3F5416,stock,"3F53F0: +350 counts 80-byte records in a bounded sentinel walk during table setup; it is a record count, not elapsed updates"
3F656C,stock,"cCockAirGauge 3F64B0 copies all four color channels from the +138 source to +1C4..+1D0 immediately before multiplying by the input color bytes, so these are derived color values on each call"
3F6574,stock,"cCockAirGauge 3F64B0 copies all four color channels from the +138 source to +1C4..+1D0 immediately before multiplying by the input color bytes, so these are derived color values on each call"
3F6593,stock,"cCockAirGauge 3F64B0 copies all four color channels from the +138 source to +1C4..+1D0 immediately before multiplying by the input color bytes, so these are derived color values on each call"
3F65AE,stock,"cCockAirGauge 3F64B0 copies all four color channels from the +138 source to +1C4..+1D0 immediately before multiplying by the input color bytes, so these are derived color values on each call"
3F6875,stock,Reward accounting records one defeated-actor ID and adds its two data-table reward values per 403AF0 notification from 239810; these are event totals rather than elapsed time.
3F68B7,stock,Reward accounting records one defeated-actor ID and adds its two data-table reward values per 403AF0 notification from 239810; these are event totals rather than elapsed time.
3F68BE,stock,Reward accounting records one defeated-actor ID and adds its two data-table reward values per 403AF0 notification from 239810; these are event totals rather than elapsed time.
3F68D0,stock,3F68D0/403B20: add the caller-supplied amount to a numeric total and saturate to 0..999999999; these setters keep amounts in stock units and contain no autonomous step
3F6B62,stock,"cCockBattleResult 3F69F0: +168 is a sum of result entries traversed in this call, using each entry's score once during tally recomputation"
3F877A,fixed,cCockBattleResult 3F8740: both the +194 result transition wait and +198 post-result wait now change on stock ticks
3F896C,fixed,cCockBattleResult 3F8740: both the +194 result transition wait and +198 post-result wait now change on stock ticks
3F98AE,fixed,cCockBattleResult 3F9800: the +198 result wait now decrements on stock ticks in this input branch
3FA3DE,stock,"3FA2F0: +16C +17C and +180 are cleared at function entry, then these five checks tally matching records into those fields during this one pass; the increments and sums are counts of records, not elapsed ticks"
3FA42C,stock,"3FA2F0: +16C +17C and +180 are cleared at function entry, then these five checks tally matching records into those fields during this one pass; the increments and sums are counts of records, not elapsed ticks"
3FA433,stock,"3FA2F0: +16C +17C and +180 are cleared at function entry, then these five checks tally matching records into those fields during this one pass; the increments and sums are counts of records, not elapsed ticks"
3FA44A,stock,"3FA2F0: +16C +17C and +180 are cleared at function entry, then these five checks tally matching records into those fields during this one pass; the increments and sums are counts of records, not elapsed ticks"
3FA498,stock,"3FA2F0: +16C +17C and +180 are cleared at function entry, then these five checks tally matching records into those fields during this one pass; the increments and sums are counts of records, not elapsed ticks"
3FA49F,stock,"3FA2F0: +16C +17C and +180 are cleared at function entry, then these five checks tally matching records into those fields during this one pass; the increments and sums are counts of records, not elapsed ticks"
3FA4B6,stock,"3FA2F0: +16C +17C and +180 are cleared at function entry, then these five checks tally matching records into those fields during this one pass; the increments and sums are counts of records, not elapsed ticks"
3FA506,stock,"3FA2F0: +16C +17C and +180 are cleared at function entry, then these five checks tally matching records into those fields during this one pass; the increments and sums are counts of records, not elapsed ticks"
3FA50D,stock,"3FA2F0: +16C +17C and +180 are cleared at function entry, then these five checks tally matching records into those fields during this one pass; the increments and sums are counts of records, not elapsed ticks"
3FA524,stock,"3FA2F0: +16C +17C and +180 are cleared at function entry, then these five checks tally matching records into those fields during this one pass; the increments and sums are counts of records, not elapsed ticks"
3FA576,stock,"3FA2F0: +16C +17C and +180 are cleared at function entry, then these five checks tally matching records into those fields during this one pass; the increments and sums are counts of records, not elapsed ticks"
3FA57D,stock,"3FA2F0: +16C +17C and +180 are cleared at function entry, then these five checks tally matching records into those fields during this one pass; the increments and sums are counts of records, not elapsed ticks"
3FA590,stock,"3FA2F0: +16C +17C and +180 are cleared at function entry, then these five checks tally matching records into those fields during this one pass; the increments and sums are counts of records, not elapsed ticks"
3FA5D6,stock,"3FA2F0: +16C +17C and +180 are cleared at function entry, then these five checks tally matching records into those fields during this one pass; the increments and sums are counts of records, not elapsed ticks"
3FA5DD,stock,"3FA2F0: +16C +17C and +180 are cleared at function entry, then these five checks tally matching records into those fields during this one pass; the increments and sums are counts of records, not elapsed ticks"
3FAA23,once,cCockCombo 3FA8A0: the selected view changes only when global screen-mode byte B6AC5C differs from its cached +7D value; the sprite x offset is then moved by 76 once for that transition
3FAA40,once,cCockCombo 3FA8A0: the selected view changes only when global screen-mode byte B6AC5C differs from its cached +7D value; the sprite x offset is then moved by 76 once for that transition
3FAB2D,follows,"cCockCombo 3FAB00: +71 and +78 change once each time the phase +74, stepped by phase_steps.h, passes pi"
3FAB45,follows,"cCockCombo 3FAB00: +71 and +78 change once each time the phase +74, stepped by phase_steps.h, passes pi"
3FC12F,once,cCockEmLifeGauge 3FBE70: the global screen-mode byte B6AC5C changes the cached +8B value and moves the sprite x offset by 60 once per mode transition
3FC14C,once,cCockEmLifeGauge 3FBE70: the global screen-mode byte B6AC5C changes the cached +8B value and moves the sprite x offset by 60 once per mode transition
3FC45B,fixed,"cCockEventEdge 3FC430: the +68 HUD edge counter changes at stock cadence in each of its three branches, retaining the zero-to-six clamp"
3FC467,fixed,"cCockEventEdge 3FC430: the +68 HUD edge counter changes at stock cadence in each of its three branches, retaining the zero-to-six clamp"
3FC46D,fixed,"cCockEventEdge 3FC430: the +68 HUD edge counter changes at stock cadence in each of its three branches, retaining the zero-to-six clamp"
3FCBDC,once,"cCockFudeWnd 3FCB00: +61 advances its stage after initializing the new popup and its sound, then this stage cannot execute again"
3FCC05,stock,"3FCBF0..3FCC10 has no direct external entry, aligned or unaligned actual code pointer, switch/LEA reference, export reference or physical fallthrough. Generator rechecks this complete range on the audited image; unwind frame descriptions cannot invoke it."
3FCE4E,fixed,cCockGameOver 3FCC40: the +7E and +7C transition waits now count down once per stock HUD tick before advancing to the next game-over state
3FCE9C,fixed,cCockGameOver 3FCC40: the +7E and +7C transition waits now count down once per stock HUD tick before advancing to the next game-over state
3FCED3,fixed,cCockGameOver 3FCC40: the +7E and +7C transition waits now count down once per stock HUD tick before advancing to the next game-over state
3FCF50,fixed,"cCockGameOver 3FCF50: the countdown +7C, now count 3FCF50, and the step after it"
3FCF57,fixed,"cCockGameOver 3FCF50: the countdown +7C, now count 3FCF50, and the step after it"
3FCFDB,follows,"cCockGameOver 3FCFC0: +61 steps when +78, stepped by phase_steps.h, passes 1"
3FD0E6,fixed,cCockGameOver 3FD0E0: +7E counts up to 30 only on stock ticks before changing the game-over stage
3FD11C,once,cCockGameOver 3FD0E0: +61 advances only after the +7E counter exceeds 30 and this stage hands off to the next state
3FD1C4,fixed,cCockGameOver 3FD160: the +7C repeating flash wait now decrements on stock ticks
3FD3F3,fixed,"cCockGetItemInfo 3FD370: slot 3 decrements the item timer on stock ticks, scales its 1.5 acceleration, then scales updated velocity before adding it to position"
3FD400,fixed,"cCockGetItemInfo 3FD370: slot 3 decrements the item timer on stock ticks, scales its 1.5 acceleration, then scales updated velocity before adding it to position"
3FD409,fixed,"cCockGetItemInfo 3FD370: slot 3 decrements the item timer on stock ticks, scales its 1.5 acceleration, then scales updated velocity before adding it to position"
3FD52E,stock,"cCockGetItemInfo 3FD370: +4 velocity receives -0.45 restitution only when position exceeds a bound, after position is clamped; it is a collision response rather than a continuous per-tick factor"
3FD55B,stock,"cCockGetItemInfo 3FD370: +4 velocity receives -0.45 restitution only when position exceeds a bound, after position is clamped; it is a collision response rather than a continuous per-tick factor"
3FD686,once,cCockGetItemInfo 3FD370: +20 layout offset of 52 is applied only when the observed mode byte changes from the saved +D8 value
3FD6A8,once,cCockGetItemInfo 3FD370: +20 layout offset of 52 is applied only when the observed mode byte changes from the saved +D8 value
3FD753,once,cCockGetItemInfo 3FD6F0: +C8 is the number of occupied reward slots and decreases only when this call removes one entry
3FD8BD,once,cCock reward display 3FD760: +C8 is the occupied entry count in a four-slot pickup list; insertion comes from the item acquisition callback 499950 through 404450
3FD8E8,once,cCock reward display 3FD760: +C8 is the occupied entry count in a four-slot pickup list; insertion comes from the item acquisition callback 499950 through 404450
3FDB53,fixed,cCockHappyPoint 3FDB40: its +168 tally and +16C remaining count advance together on stock ticks while +16C is positive
3FDB5D,fixed,cCockHappyPoint 3FDB40: its +168 tally and +16C remaining count advance together on stock ticks while +16C is positive
3FE1F0,fixed,cCockHappyPoint 3FE1C0: the +68 reward delay now decrements on stock ticks; its later helper 3FDB40 is separately gated for the tally update
3FE52A,fixed,"cCockInkGauge 3FE260: +7C ink recovery cooldown now decrements once per stock tick, with its threshold and refill call following the stored value"
3FE5A7,once,cCockInkGauge 3FE260: the sprite Y offset changes by 62 only when the observed global ink mode changes from the value cached at +91
3FE5C4,once,cCockInkGauge 3FE260: the sprite Y offset changes by 62 only when the observed global ink mode changes from the value cached at +91
3FE9BC,fixed,"cCockInkGauge 3FE5D0: the whole visual-state update runs only on stock gameplay ticks, so each +15 color-byte step retains its original cadence"
3FE9EC,fixed,"cCockInkGauge 3FE5D0: the whole visual-state update runs only on stock gameplay ticks, so each +15 color-byte step retains its original cadence"
3FEA21,fixed,"cCockInkGauge 3FE5D0: the whole visual-state update runs only on stock gameplay ticks, so each +15 color-byte step retains its original cadence"
3FEA4E,fixed,"cCockInkGauge 3FE5D0: the whole visual-state update runs only on stock gameplay ticks, so each +15 color-byte step retains its original cadence"
3FEA7D,fixed,"cCockInkGauge 3FE5D0: the whole visual-state update runs only on stock gameplay ticks, so each +15 color-byte step retains its original cadence"
3FEAA7,fixed,"cCockInkGauge 3FE5D0: the whole visual-state update runs only on stock gameplay ticks, so each +15 color-byte step retains its original cadence"
3FEC77,fixed,cCockInkGauge 3FE5D0: the nine-tick +80 visual counter runs in the same gated update
3FF7C7,fixed,cCockLifeGauge 3FF720: the active life pulse counter now advances at its stock one- or two-step rate
3FF869,fixed,cCockLifeGauge 3FF720: the active life pulse counter now advances at its stock one- or two-step rate
3FF9C2,once,cCockLifeGauge 3FF720: sprite +20 gets a one-time 62-pixel offset when the life state changes and the branch returns immediately after saving +70
3FF9E5,once,cCockLifeGauge 3FF720: sprite +20 gets a one-time 62-pixel offset when the life state changes and the branch returns immediately after saving +70
3FFC39,fixed,cCockLifeGauge 3FFA00: the +78 life display wait is decremented on stock ticks by the hook at 3FFC36
4004F1,fixed,"cCockLoading 4003D0: +39C and +70 advance only on stock ticks, retaining their respective limit checks"
40059A,fixed,"cCockLoading 4003D0: +39C and +70 advance only on stock ticks, retaining their respective limit checks"
4006E5,once,"cCockLoading 4005E0: +39C increments only after its 60-element loading array has been filled, then a loading stage changes"
400824,once,cCockLoading 400710: the global screen-mode byte B6AC5C changes the cached +3A8 value and moves the sprite x offset by 64 once per mode transition
400846,once,cCockLoading 400710: the global screen-mode byte B6AC5C changes the cached +3A8 value and moves the sprite x offset by 64 once per mode transition
4009C7,once,"cCockLoading 400980: its sprite x offset is shifted by 64 during virtual slot 1 setup, called by initializer 400920"
4022BA,fixed,cCockMapTitle 4022A0: the +68 title countdown's decrement and jns continuation now occur on stock ticks
402C8B,once,cCockMoney 402B00: the +70/+74 sign randomization and +7C 0.8 spin kick occur only in the money-change branch after the HUD value increases; +70/+74 are freshly seeded from RNG immediately before the sign flips
402CA6,once,cCockMoney 402B00: the +70/+74 sign randomization and +7C 0.8 spin kick occur only in the money-change branch after the HUD value increases; +70/+74 are freshly seeded from RNG immediately before the sign flips
402CBD,once,cCockMoney 402B00: the +70/+74 sign randomization and +7C 0.8 spin kick occur only in the money-change branch after the HUD value increases; +70/+74 are freshly seeded from RNG immediately before the sign flips
403B20,stock,3F68D0/403B20: add the caller-supplied amount to a numeric total and saturate to 0..999999999; these setters keep amounts in stock units and contain no autonomous step
40524C,fixed,cCockRemain 405210: the +68 remainder countdown now decrements on stock ticks; skipped ticks preserve a nonzero cmove condition
405EF8,fixed,"cCockSgStmcGauge and cCockStomachGauge: one scaled 0.5 angle step advances both +68 and +6C phases in each helper, retaining their angle thresholds"
405F21,fixed,"cCockSgStmcGauge and cCockStomachGauge: one scaled 0.5 angle step advances both +68 and +6C phases in each helper, retaining their angle thresholds"
406D0E,fixed,"cCockStamp 406BC0: the slot-3 update now runs on stock ticks, keeping the +7C countdown and +6C exponential scale together"
406D2D,fixed,"cCockStamp 406BC0: the slot-3 update now runs on stock ticks, keeping the +7C countdown and +6C exponential scale together"
407188,fixed,"cCockSgStmcGauge and cCockStomachGauge: one scaled 0.5 angle step advances both +68 and +6C phases in each helper, retaining their angle thresholds"
4071B1,fixed,"cCockSgStmcGauge and cCockStomachGauge: one scaled 0.5 angle step advances both +68 and +6C phases in each helper, retaining their angle thresholds"
407AD0,once,HUD reward total 407AD0: +84 is a clamped accumulation of the edx amount passed by pickup and reward event callers
407B92,fixed,"cCockTimer 407B00: the count-up timer +84, now count 407B92"
409182,stock,"cOption/cOptionEx 409070: +78 is a selected options row changed only by controller navigation action bits, with wrap against three rows"
409192,stock,"cOption/cOptionEx 409070: +78 is a selected options row changed only by controller navigation action bits, with wrap against three rows"
409A93,once,"cOption/cOptionEx 409280: +54 is a navigation selection index, decremented only after a fresh controller action, with wrap at the start of the list"
40B2F0,once,40B1E0 constructs/reloads the menu resource through 1B5380 before applying the mode-3 layout offsets to four fresh element positions; each offset is a spatial layout adjustment.
40B30B,once,40B1E0 constructs/reloads the menu resource through 1B5380 before applying the mode-3 layout offsets to four fresh element positions; each offset is a spatial layout adjustment.
40B326,once,40B1E0 constructs/reloads the menu resource through 1B5380 before applying the mode-3 layout offsets to four fresh element positions; each offset is a spatial layout adjustment.
40B33E,once,40B1E0 constructs/reloads the menu resource through 1B5380 before applying the mode-3 layout offsets to four fresh element positions; each offset is a spatial layout adjustment.
40BFD2,stock,"40BFB0..40BFF0 has no direct external entry, aligned or unaligned actual code pointer, switch/LEA reference, export reference or physical fallthrough. Generator rechecks this complete range on the audited image; unwind frame descriptions cannot invoke it."
40C0C3,stock,40BFF0 input handler: +AA and +AB are bounded row/column selection indices in a five-by-three grid; arrow actions move them and the bounded reverse scan skips disabled cells
40C197,stock,40BFF0 input handler: +AA and +AB are bounded row/column selection indices in a five-by-three grid; arrow actions move them and the bounded reverse scan skips disabled cells
40C27F,stock,40BFF0 input handler: +AA and +AB are bounded row/column selection indices in a five-by-three grid; arrow actions move them and the bounded reverse scan skips disabled cells
40C2F7,stock,40BFF0 input handler: +AA and +AB are bounded row/column selection indices in a five-by-three grid; arrow actions move them and the bounded reverse scan skips disabled cells
40C400,stock,40BFF0 input handler: +AA and +AB are bounded row/column selection indices in a five-by-three grid; arrow actions move them and the bounded reverse scan skips disabled cells
40CD48,once,Page-transition entry changes +A9 from zero to one before selecting the adjacent page index; +AC decrements exactly once during that entry.
40D76E,fixed,cPictureBook 40D6F0: the +51 close-state sequence now progresses on stock ticks after starting the close action
40D98D,fixed,cSubScrItem 40D910: sprites 13 and 14 now retain their previous +53 alpha on held ticks and multiply by the current factor once per stock period
40D9D8,fixed,cSubScrItem 40D910: sprites 13 and 14 now retain their previous +53 alpha on held ticks and multiply by the current factor once per stock period
40DA2A,fixed,"cSubScrItem 40D9F0: while state 1 is active, the selected sprite alpha now rises by 16 only on stock UI ticks before the 0x80 threshold test"
40DB64,stock,cSubScrItem 40D9F0: +39 is the selected item row and increments only after the controller action test and its associated navigation sound
40DCCB,fixed,cSubScrItem 40D9F0: the cursor sprite's +24 x offset now advances at scaled ten-unit steps while selection remains open
40E07E,fixed,cSubScrItem 40DFD0: each of the seven +16 RGB/alpha menu fade steps is executed once per stock 60 Hz menu tick
40E090,fixed,cSubScrItem 40DFD0: each of the seven +16 RGB/alpha menu fade steps is executed once per stock 60 Hz menu tick
40E0A2,fixed,cSubScrItem 40DFD0: each of the seven +16 RGB/alpha menu fade steps is executed once per stock 60 Hz menu tick
40E0C9,fixed,cSubScrItem 40DFD0: each of the seven +16 RGB/alpha menu fade steps is executed once per stock 60 Hz menu tick
40E0DB,fixed,cSubScrItem 40DFD0: each of the seven +16 RGB/alpha menu fade steps is executed once per stock 60 Hz menu tick
40E0ED,fixed,cSubScrItem 40DFD0: each of the seven +16 RGB/alpha menu fade steps is executed once per stock 60 Hz menu tick
40E0FB,fixed,cSubScrItem 40DFD0: each of the seven +16 RGB/alpha menu fade steps is executed once per stock 60 Hz menu tick
40E537,once,cSubScrItem 40DFD0: the +10 sprite offset is applied in the one-time item-selection setup after assigning the sprite's RGB values
40F560,stock,"40F470 (UI pages 423EE0, 425A20, 425B20) adds the offset between two layout nodes to an element after the layout sets it each update."
40F859,once,40F820 runs from 40F5D0's mode-initialization setter when mode 2 is selected; it selects frame 0 and applies the three 25-pixel layout offsets.
40F887,once,40F820 runs from 40F5D0's mode-initialization setter when mode 2 is selected; it selects frame 0 and applies the three 25-pixel layout offsets.
40F8B1,once,40F820 runs from 40F5D0's mode-initialization setter when mode 2 is selected; it selects frame 0 and applies the three 25-pixel layout offsets.
40F989,once,"Menu row offsets change by five only under a new B6AD58 command to select the adjacent row; they encode row spacing, not an animation clock."
40FA7F,once,"Menu row offsets change by five only under a new B6AD58 command to select the adjacent row; they encode row spacing, not an animation clock."
40FEB7,stock,"40FE90..40FEF0 has no direct external entry, aligned or unaligned actual code pointer, switch/LEA reference, export reference or physical fallthrough. Generator rechecks this complete range on the audited image; unwind frame descriptions cannot invoke it."
410739,fixed,cSSScroll opening 410540: its existing function-entry gate paces the +D0 fade count and the five row shifts together
410796,fixed,cSSScroll opening 410540: its existing function-entry gate paces the +D0 fade count and the five row shifts together
411299,fixed,cSSScroll up 4111D0: its existing function-entry gate paces both the row movement and +D0 step count
4112AD,fixed,cSSScroll up 4111D0: its existing function-entry gate paces both the row movement and +D0 step count
411465,fixed,cSSScroll down 4113A0: its existing function-entry gate paces both the row movement and +D0 step count
411479,fixed,cSSScroll down 4113A0: its existing function-entry gate paces both the row movement and +D0 step count
4116EF,fixed,cSSScroll closing 411570: its existing function-entry gate paces the +D0 fade count and row movement together
41177B,fixed,cSSScroll closing 411570: its existing function-entry gate paces the +D0 fade count and row movement together
411D43,stock,"cSSScroll/cSubScrFiles input handler 411C40: the +D2 page/selection byte and +D1 row byte change only after controller LargeBitElement action tests, one selection event at a time"
411D83,stock,"cSSScroll/cSubScrFiles input handler 411C40: the +D2 page/selection byte and +D1 row byte change only after controller LargeBitElement action tests, one selection event at a time"
411D92,stock,"cSSScroll/cSubScrFiles input handler 411C40: the +24 sprite Y offset changes by one fixed menu row only in the same button-action branches that change +D1; it is menu navigation, not a per-tick movement"
411E0A,stock,"cSSScroll/cSubScrFiles input handler 411C40: the +D2 page/selection byte and +D1 row byte change only after controller LargeBitElement action tests, one selection event at a time"
411E4A,stock,"cSSScroll/cSubScrFiles input handler 411C40: the +D2 page/selection byte and +D1 row byte change only after controller LargeBitElement action tests, one selection event at a time"
413FB2,once,"cSubScrFile stage dispatcher 413F70: +99 changes from setup stage after calling 414720, which creates the screen's child controls"
4140F4,fixed,"cSSScroll 414080: the state helper is called by the per-frame scroll update and now runs once per stock UI tick, including its velocity, position and pause timer"
414103,fixed,"cSSScroll 414080: the state helper is called by the per-frame scroll update and now runs once per stock UI tick, including its velocity, position and pause timer"
414111,fixed,"cSSScroll 414080: the state helper is called by the per-frame scroll update and now runs once per stock UI tick, including its velocity, position and pause timer"
414138,fixed,"cSSScroll 414080: the state helper is called by the per-frame scroll update and now runs once per stock UI tick, including its velocity, position and pause timer"
4142FD,once,"cSubScrFile stage helper 4141E0: +99 changes stage after the branch's completion work, with +9A reset to zero"
414378,once,"cSubScrFile stage helper 414320: +99 changes stage when device and language selections remain stable, with +9A reset to zero"
4146FD,once,"cSubScrFile stage helper 414690: +99 changes stage after the resource check branch, with +9A reset to zero"
4147C2,once,"cSubScrFile stage setup 414720: +99 changes stage after all child UI controls have been initialized, with +9A reset to zero"
414964,once,"cSubScrFile stage helper 4147F0: +99 changes stage after the scene effect or completion branch, with +9A reset to zero"
414C58,stock,"4149C0 status submenu: +9F is a selected row, produced by 415410 after controller navigation flag tests; that helper bounds the row and plays the navigation sound"
414FB2,stock,"4149C0 status submenu: +9F is a selected row, produced by 415410 after controller navigation flag tests; that helper bounds the row and plays the navigation sound"
41506F,stock,"4149C0 status submenu: +9F is a selected row, produced by 415410 after controller navigation flag tests; that helper bounds the row and plays the navigation sound"
41590B,once,"cSubScrFile scene closing 4158A0: +99 advances stage after calls to deactivate all child UI controls, with +9A reset for the next stage"
415BB3,fixed,UI opening drop 415B30: menu_transitions.h already gates the complete +90 acceleration and +8C displacement helper on stock UI ticks; the distant sites escaped the coverage report's eight-byte check
415BCA,fixed,UI opening drop 415B30: menu_transitions.h already gates the complete +90 acceleration and +8C displacement helper on stock UI ticks; the distant sites escaped the coverage report's eight-byte check
415BE7,once,415B30: a bounce: +90 x -0.43 and +99's step once per bounce
415C3A,once,415B30: a bounce: +90 x -0.43 and +99's step once per bounce
415CA4,once,"UI sub-screen stage helper 415C50: +9A advances from state zero after the stage-entry sound and callback; +99 advances after state two is completed, resets +9A to zero, and pushes the saved row"
415D0C,once,"UI sub-screen stage helper 415C50: +9A advances from state zero after the stage-entry sound and callback; +99 advances after state two is completed, resets +9A to zero, and pushes the saved row"
417CD0,once,417C90: B1F5F0 counts a newly posted loader notification; +58 becomes one in the same call and prevents a second count while that notification remains active
41BBC4,fixed,cSubScrFilesEnemy 41BB00/41BDB0: both sprite Y coordinates slide by a rate-scaled 32 in either direction until the destination comparison succeeds
41BBD7,fixed,cSubScrFilesEnemy 41BB00/41BDB0: both sprite Y coordinates slide by a rate-scaled 32 in either direction until the destination comparison succeeds
41BC72,once,cSubScrFilesEnemy 41BB00/41BDB0: +7A changes to the next enemy row only after a sprite reaches its target Y and both sprites are snapped into place
41BE5C,fixed,cSubScrFilesEnemy 41BB00/41BDB0: both sprite Y coordinates slide by a rate-scaled 32 in either direction until the destination comparison succeeds
41BE6F,fixed,cSubScrFilesEnemy 41BB00/41BDB0: both sprite Y coordinates slide by a rate-scaled 32 in either direction until the destination comparison succeeds
41BF04,once,cSubScrFilesEnemy 41BB00/41BDB0: +7A changes to the next enemy row only after a sprite reaches its target Y and both sprites are snapped into place
41C2FF,fixed,cSubScrFilesEnemy 41C090: 41C2EE scales the joystick-derived carousel step shared by these slot and texture phases
41C34B,fixed,cSubScrFilesEnemy 41C090: 41C2EE scales the joystick-derived carousel step shared by these slot and texture phases
41C366,fixed,cSubScrFilesEnemy 41C090: 41C2EE scales the joystick-derived carousel step shared by these slot and texture phases
41C381,fixed,cSubScrFilesEnemy 41C090: 41C2EE scales the joystick-derived carousel step shared by these slot and texture phases
41C3A4,fixed,cSubScrFilesEnemy 41C090: 41C2EE scales the joystick-derived carousel step shared by these slot and texture phases
41C3BF,fixed,cSubScrFilesEnemy 41C090: 41C2EE scales the joystick-derived carousel step shared by these slot and texture phases
41C3DA,fixed,cSubScrFilesEnemy 41C090: 41C2EE scales the joystick-derived carousel step shared by these slot and texture phases
41C41F,follows,cSubScrFilesEnemy: these four +/-1 stores normalize the already-scaled U/V carousel phases after crossing a unit boundary
41C460,follows,cSubScrFilesEnemy: these four +/-1 stores normalize the already-scaled U/V carousel phases after crossing a unit boundary
41C497,fixed,cSubScrFilesEnemy 41C090: 41C2EE scales the joystick-derived carousel step shared by these slot and texture phases
41C4AF,fixed,cSubScrFilesEnemy 41C090: 41C2EE scales the joystick-derived carousel step shared by these slot and texture phases
41C4EB,follows,cSubScrFilesEnemy: these four +/-1 stores normalize the already-scaled U/V carousel phases after crossing a unit boundary
41C52C,follows,cSubScrFilesEnemy: these four +/-1 stores normalize the already-scaled U/V carousel phases after crossing a unit boundary
41C588,once,cSubScrFilesEnemy: these byte indices advance only on a carousel slot transition after the scaled phase reaches its frame-independent boundary
41C6B7,once,cSubScrFilesEnemy: these byte indices advance only on a carousel slot transition after the scaled phase reaches its frame-independent boundary
41E1E4,fixed,"cSubScrFilesInfo 41E170/41EE90: each complete transition helper now runs on stock UI ticks, pacing its sprite offset and +334 countdown together; the +51 state change occurs only after the 15-tick wait"
41E1F2,fixed,"cSubScrFilesInfo 41E170/41EE90: each complete transition helper now runs on stock UI ticks, pacing its sprite offset and +334 countdown together; the +51 state change occurs only after the 15-tick wait"
41EEFE,fixed,"cSubScrFilesInfo 41E170/41EE90: each complete transition helper now runs on stock UI ticks, pacing its sprite offset and +334 countdown together; the +51 state change occurs only after the 15-tick wait"
41EF0C,fixed,"cSubScrFilesInfo 41E170/41EE90: each complete transition helper now runs on stock UI ticks, pacing its sprite offset and +334 countdown together; the +51 state change occurs only after the 15-tick wait"
41EF7D,once,"cSubScrFilesInfo 41EE90: +51 goes from 0 to 1 once, when the transition starts (and +334 is set to 15); the transition's own steps are rows 41EEFE, 41EF0C and 41EF12"
41F62B,fixed,cSubScrFilesInfoMess 41F5B0/4202F0: the +D4 opening and closing transition counts now decrement on stock ticks
42036F,fixed,cSubScrFilesInfoMess 41F5B0/4202F0: the +D4 opening and closing transition counts now decrement on stock ticks
4207FD,fixed,cSubScrFilesInfoWanted 4207D0: +7B in state 1 now counts down only on stock UI ticks
420937,stock,"cSubScrFilesInfoWanted 4207D0: +64 is the selected file row and changes only after controller LargeBitElement action tests, one row at a time"
4209C0,stock,"cSubScrFilesInfoWanted 4207D0: +64 is the selected file row and changes only after controller LargeBitElement action tests, one row at a time"
420D64,fixed,cSubScrFilesInfoWanted 420BE0: +7A is the per-tick visibility countdown and now decrements on stock ticks
421377,once,cSubScrFilesJuzu 4212C0: +69 selects the next juzu entry only after an input action and updates the highlighted sprites in that navigation branch
421842,once,"cSubScrFilesSinan 421810: virtual slot 9 calls the screen setup helper 410C70, then offsets sprite 6E by 138 for the selected screen mode once"
4234D4,fixed,cSubScrFude 423360: the two queued brush sprite branches now pace their ten-step countdown and 8.5 vertical displacement together
4234DA,fixed,cSubScrFude 423360: the two queued brush sprite branches now pace their ten-step countdown and 8.5 vertical displacement together
423554,fixed,cSubScrFude 423360: the two queued brush sprite branches now pace their ten-step countdown and 8.5 vertical displacement together
42355A,fixed,cSubScrFude 423360: the two queued brush sprite branches now pace their ten-step countdown and 8.5 vertical displacement together
424CEC,once,cSubScrItem 424C30: +14 advances the texture-loading stage after the texture load and assignment have completed
424D9D,fixed,"cSubScrItem 424D40: the +3B image alpha now rises or falls by eight on stock ticks, retaining its old byte on held ticks"
424DF5,fixed,"cSubScrItem 424D40: the +3B image alpha now rises or falls by eight on stock ticks, retaining its old byte on held ticks"
425475,once,"cSubScrItem 425070: +50 advances the initialization stage after the image and child sprite setup completes, with +51/+53 reset for the following stage"
42592F,fixed,cSubScrItem 425650: the active item's sprite x offset now changes by a scaled 40-unit step
426EC3,stock,"cSubScrMap 426DD0: +D4 is an OR of map-state flag words from two entries, so these writes combine masks during a merge"
426ECF,stock,"cSubScrMap 426DD0: +D4 is an OR of map-state flag words from two entries, so these writes combine masks during a merge"
432A87,stock,Menu resource shutdown 432A70's +34 countdown: 4110F0 spins `while (!432A70())` on it
432C06,stock,Menu +32 is the bounded row selection changed by directional command bits at B6AD20; its increment and decrement select records and refresh layout data.
432CAB,stock,Menu +32 is the bounded row selection changed by directional command bits at B6AD20; its increment and decrement select records and refresh layout data.
432F19,once,"Menu +33 advances zero to one after its asynchronous request completes, then one to two after constructing the screen; subsequent updates select case two."
432F41,once,"Menu +33 advances zero to one after its asynchronous request completes, then one to two after constructing the screen; subsequent updates select case two."
4331E4,fixed,"cSubScrStatus 4331D0 433250 4332E0 433360: each resource meter helper has one caller, a newly gated call from 434A60, so its internal transfer and stage counters now share the stock UI cadence"
433219,fixed,"cSubScrStatus 4331D0 433250 4332E0 433360: each resource meter helper has one caller, a newly gated call from 434A60, so its internal transfer and stage counters now share the stock UI cadence"
433221,fixed,"cSubScrStatus 4331D0 433250 4332E0 433360: each resource meter helper has one caller, a newly gated call from 434A60, so its internal transfer and stage counters now share the stock UI cadence"
433269,fixed,"cSubScrStatus 4331D0 433250 4332E0 433360: each resource meter helper has one caller, a newly gated call from 434A60, so its internal transfer and stage counters now share the stock UI cadence"
433292,fixed,"cSubScrStatus 4331D0 433250 4332E0 433360: each resource meter helper has one caller, a newly gated call from 434A60, so its internal transfer and stage counters now share the stock UI cadence"
4332F4,fixed,"cSubScrStatus 4331D0 433250 4332E0 433360: each resource meter helper has one caller, a newly gated call from 434A60, so its internal transfer and stage counters now share the stock UI cadence"
433329,fixed,"cSubScrStatus 4331D0 433250 4332E0 433360: each resource meter helper has one caller, a newly gated call from 434A60, so its internal transfer and stage counters now share the stock UI cadence"
433331,fixed,"cSubScrStatus 4331D0 433250 4332E0 433360: each resource meter helper has one caller, a newly gated call from 434A60, so its internal transfer and stage counters now share the stock UI cadence"
433372,fixed,"cSubScrStatus 4331D0 433250 4332E0 433360: each resource meter helper has one caller, a newly gated call from 434A60, so its internal transfer and stage counters now share the stock UI cadence"
4333AA,fixed,"cSubScrStatus 4331D0 433250 4332E0 433360: each resource meter helper has one caller, a newly gated call from 434A60, so its internal transfer and stage counters now share the stock UI cadence"
4333B1,fixed,"cSubScrStatus 4331D0 433250 4332E0 433360: each resource meter helper has one caller, a newly gated call from 434A60, so its internal transfer and stage counters now share the stock UI cadence"
4338BC,stock,"4337C0: save-state +14 receives the difference between the newly purchased upgrade level +299 and its previous level +29D, then +29D is overwritten with +299 in the same call"
434108,stock,cSubScrStatus 433AD0: +5C is computed afresh from an integer status byte +7F and a scale factor in xmm1; it does not multiply an earlier +5C value
434481,once,"cSubScrStatus 434160: +50 advances the opening stage after the screen and controller glyphs are initialized, with +51/+53 reset"
43497F,once,"cSubScrStatus 4348A0: +52 advances after 435DE0 finishes the current status-screen action, with +53 reset"
434E71,stock,"cSubScrStatus 434A60: +29E changes only after the controller action test and caps at 3, selecting one of the four resource meters; this is an input event"
434F19,fixed,cSubScrStatus 434A60: the resource transfer progress and four wait flags now advance only on stock UI ticks
434FD5,fixed,"cSubScrStatus 434A60: the four transfer helper calls now run only on stock UI ticks and return false between them, so their matching +284 resource subtraction also occurs only on stock ticks"
43500D,fixed,cSubScrStatus 434A60: the resource transfer progress and four wait flags now advance only on stock UI ticks
435178,fixed,"cSubScrStatus 434A60: the four transfer helper calls now run only on stock UI ticks and return false between them, so their matching +284 resource subtraction also occurs only on stock ticks"
4351B0,fixed,cSubScrStatus 434A60: the resource transfer progress and four wait flags now advance only on stock UI ticks
43531A,fixed,"cSubScrStatus 434A60: the four transfer helper calls now run only on stock UI ticks and return false between them, so their matching +284 resource subtraction also occurs only on stock ticks"
435352,fixed,cSubScrStatus 434A60: the resource transfer progress and four wait flags now advance only on stock UI ticks
4354BE,fixed,"cSubScrStatus 434A60: the four transfer helper calls now run only on stock UI ticks and return false between them, so their matching +284 resource subtraction also occurs only on stock ticks"
4354F6,fixed,cSubScrStatus 434A60: the resource transfer progress and four wait flags now advance only on stock UI ticks
4362F3,stock,"4362E0: persistent per-kind collection counts at DFC, capped at 999, increment only after 416880/416B10/416CB0 accept and record a new collectible with 436810"
438367,stock,"Confirmation menu +6 is a bounded selection index changed by directional command bits at B6AD58, with explicit two- or three-choice wrapping."
438551,stock,"Confirmation menu +6 is a bounded selection index changed by directional command bits at B6AD58, with explicit two- or three-choice wrapping."
43986E,follows,4397B0: +29 steps when the count +20 (menu_transitions.h) passes 27
439A38,once,HUD value animation 439910/439A50: +29 advances stage after its sound/effect setup and again when the value reaches the 25-unit threshold
439AC4,once,HUD value animation 439910/439A50: +29 advances stage after its sound/effect setup and again when the value reaches the 25-unit threshold
439B2D,follows,"439AD0: +29 steps when +C or +10, stepped by phase_steps.h, pass their bounds"
439B5A,follows,"439AD0: +29 steps when +C or +10, stepped by phase_steps.h, pass their bounds"
43C02F,fixed,"The shop panels' drop-in bounces are gatefn rows 43C010, 43F6B0, 442790 (each the tail-jump target of its panel update)."
43C046,fixed,"The shop panels' drop-in bounces are gatefn rows 43C010, 43F6B0, 442790 (each the tail-jump target of its panel update)."
43C063,fixed,"The shop panels' drop-in bounces are gatefn rows 43C010, 43F6B0, 442790 (each the tail-jump target of its panel update)."
43E1E5,fixed,The shop panel's exit 43E1B0: its x1.7 speed is countlast row 43E1D1 and its step srcx row 43E1E1.
43E1F4,fixed,The shop panel's exit 43E1B0: its x1.7 speed is countlast row 43E1D1 and its step srcx row 43E1E1.
43E6BD,stock,"43E650/43E9A0/43ED00: clear +C0 to zero, count eligible entries in a bounded 256-item inventory scan, then build the displayed record list and set its row/page bounds"
43EA0E,stock,"43E650/43E9A0/43ED00: clear +C0 to zero, count eligible entries in a bounded 256-item inventory scan, then build the displayed record list and set its row/page bounds"
43ED6D,stock,"43E650/43E9A0/43ED00: clear +C0 to zero, count eligible entries in a bounded 256-item inventory scan, then build the displayed record list and set its row/page bounds"
43F6CF,fixed,"The shop panels' drop-in bounces are gatefn rows 43C010, 43F6B0, 442790 (each the tail-jump target of its panel update)."
43F6E6,fixed,"The shop panels' drop-in bounces are gatefn rows 43C010, 43F6B0, 442790 (each the tail-jump target of its panel update)."
43F703,fixed,"The shop panels' drop-in bounces are gatefn rows 43C010, 43F6B0, 442790 (each the tail-jump target of its panel update)."
440E7C,stock,"440DE0 input handler: +8A is the list offset and +8B the visible selected row, clamped to the item count +88 and displayed-row count +89; they advance only on directional actions"
440E8A,stock,"440DE0 input handler: +8A is the list offset and +8B the visible selected row, clamped to the item count +88 and displayed-row count +89; they advance only on directional actions"
44109F,stock,"440DE0 input handler: +8A is the list offset and +8B the visible selected row, clamped to the item count +88 and displayed-row count +89; they advance only on directional actions"
4410AA,stock,"440DE0 input handler: +8A is the list offset and +8B the visible selected row, clamped to the item count +88 and displayed-row count +89; they advance only on directional actions"
441114,stock,"440DE0 input handler: +8A is the list offset and +8B the visible selected row, clamped to the item count +88 and displayed-row count +89; they advance only on directional actions"
441626,stock,"Quantity selector +86 changes on directional command bits at B6AD58: one item or ten bounded item operations per command, followed by price and quantity display. It is not an elapsed-frame counter."
4416C3,stock,"Quantity selector +86 changes on directional command bits at B6AD58: one item or ten bounded item operations per command, followed by price and quantity display. It is not an elapsed-frame counter."
441781,stock,"Quantity selector +86 changes on directional command bits at B6AD58: one item or ten bounded item operations per command, followed by price and quantity display. It is not an elapsed-frame counter."
4418E2,stock,"Quantity selector +86 changes on directional command bits at B6AD58: one item or ten bounded item operations per command, followed by price and quantity display. It is not an elapsed-frame counter."
4427AF,fixed,"The shop panels' drop-in bounces are gatefn rows 43C010, 43F6B0, 442790 (each the tail-jump target of its panel update)."
4427C6,fixed,"The shop panels' drop-in bounces are gatefn rows 43C010, 43F6B0, 442790 (each the tail-jump target of its panel update)."
4427E3,fixed,"The shop panels' drop-in bounces are gatefn rows 43C010, 43F6B0, 442790 (each the tail-jump target of its panel update)."
444EB0,fixed,"Whole-function gate 444DE0 paces the sound instance delay, duration age and state transitions together. Its callers discard the return; focused entry-window checks passed."
445001,fixed,"Whole-function gate 444DE0 paces the sound instance delay, duration age and state transitions together. Its callers discard the return; focused entry-window checks passed."
4455CE,once,"445540 counts a looping sound's plays (+28 of its voice, against its limit) as each starts."
445690,stock,445540 applies the fixed pitch offset to a temporary record freshly copied by caller 444DE0 through 454F00. The record is not persistent state.
445A82,once,4457C0 lowers a voice's volume +1C by 0x500 once with its stop request (flag 2).
445B74,stock,4457C0 normalizes an angle relative to the previous angle by whole 360-degree turns in bounded-value while loops before its separate angular limit is applied.
445BB4,stock,4457C0 normalizes an angle relative to the previous angle by whole 360-degree turns in bounded-value while loops before its separate angular limit is applied.
445D1A,stock,445CE0 changes short intensity fields in the current light record; 444DE0 first fills its stack local_48 with 454F00 before passing that fresh record through either 445540 or 4457C0 to this helper
445D42,stock,445CE0 changes short intensity fields in the current light record; 444DE0 first fills its stack local_48 with 454F00 before passing that fresh record through either 445540 or 4457C0 to this helper
445D67,stock,445CE0 changes short intensity fields in the current light record; 444DE0 first fills its stack local_48 with 454F00 before passing that fresh record through either 445540 or 4457C0 to this helper
445D87,stock,445CE0 changes short intensity fields in the current light record; 444DE0 first fills its stack local_48 with 454F00 before passing that fresh record through either 445540 or 4457C0 to this helper
445DAC,stock,445CE0 changes short intensity fields in the current light record; 444DE0 first fills its stack local_48 with 454F00 before passing that fresh record through either 445540 or 4457C0 to this helper
445DCC,stock,445CE0 changes short intensity fields in the current light record; 444DE0 first fills its stack local_48 with 454F00 before passing that fresh record through either 445540 or 4457C0 to this helper
445E19,stock,445CE0 changes short intensity fields in the current light record; 444DE0 first fills its stack local_48 with 454F00 before passing that fresh record through either 445540 or 4457C0 to this helper
445E39,stock,445CE0 changes short intensity fields in the current light record; 444DE0 first fills its stack local_48 with 454F00 before passing that fresh record through either 445540 or 4457C0 to this helper
445E61,stock,445CE0 changes short intensity fields in the current light record; 444DE0 first fills its stack local_48 with 454F00 before passing that fresh record through either 445540 or 4457C0 to this helper
445E81,stock,445CE0 changes short intensity fields in the current light record; 444DE0 first fills its stack local_48 with 454F00 before passing that fresh record through either 445540 or 4457C0 to this helper
445EA9,stock,445CE0 changes short intensity fields in the current light record; 444DE0 first fills its stack local_48 with 454F00 before passing that fresh record through either 445540 or 4457C0 to this helper
445EC9,stock,445CE0 changes short intensity fields in the current light record; 444DE0 first fills its stack local_48 with 454F00 before passing that fresh record through either 445540 or 4457C0 to this helper
445EF1,stock,445CE0 changes short intensity fields in the current light record; 444DE0 first fills its stack local_48 with 454F00 before passing that fresh record through either 445540 or 4457C0 to this helper
445F11,stock,445CE0 changes short intensity fields in the current light record; 444DE0 first fills its stack local_48 with 454F00 before passing that fresh record through either 445540 or 4457C0 to this helper
44870C,stock,4486D0 deferred cleanup (+C98 delay) in the scene path 4BA500 -> 4934D0 -> 492B40: resource release latency
448A8C,fixed,"4487E0 audio approaches scale both signed branches of each stock-unit rate through srcx at 448A74/448A81, 448ABA/448AC7, 448B00/448B0D, 448B46/448B53, 448B8C/448B99, 448BD2/448BDF, 448C18/448C25, 448C5E/448C6B and 448CA9/448CB3; the resulting values are clamped to their unscaled target before these stores"
448AD2,fixed,"4487E0 audio approaches scale both signed branches of each stock-unit rate through srcx at 448A74/448A81, 448ABA/448AC7, 448B00/448B0D, 448B46/448B53, 448B8C/448B99, 448BD2/448BDF, 448C18/448C25, 448C5E/448C6B and 448CA9/448CB3; the resulting values are clamped to their unscaled target before these stores"
448B18,fixed,"4487E0 audio approaches scale both signed branches of each stock-unit rate through srcx at 448A74/448A81, 448ABA/448AC7, 448B00/448B0D, 448B46/448B53, 448B8C/448B99, 448BD2/448BDF, 448C18/448C25, 448C5E/448C6B and 448CA9/448CB3; the resulting values are clamped to their unscaled target before these stores"
448B5E,fixed,"4487E0 audio approaches scale both signed branches of each stock-unit rate through srcx at 448A74/448A81, 448ABA/448AC7, 448B00/448B0D, 448B46/448B53, 448B8C/448B99, 448BD2/448BDF, 448C18/448C25, 448C5E/448C6B and 448CA9/448CB3; the resulting values are clamped to their unscaled target before these stores"
448BA4,fixed,"4487E0 audio approaches scale both signed branches of each stock-unit rate through srcx at 448A74/448A81, 448ABA/448AC7, 448B00/448B0D, 448B46/448B53, 448B8C/448B99, 448BD2/448BDF, 448C18/448C25, 448C5E/448C6B and 448CA9/448CB3; the resulting values are clamped to their unscaled target before these stores"
448BEA,fixed,"4487E0 audio approaches scale both signed branches of each stock-unit rate through srcx at 448A74/448A81, 448ABA/448AC7, 448B00/448B0D, 448B46/448B53, 448B8C/448B99, 448BD2/448BDF, 448C18/448C25, 448C5E/448C6B and 448CA9/448CB3; the resulting values are clamped to their unscaled target before these stores"
448C30,fixed,"4487E0 audio approaches scale both signed branches of each stock-unit rate through srcx at 448A74/448A81, 448ABA/448AC7, 448B00/448B0D, 448B46/448B53, 448B8C/448B99, 448BD2/448BDF, 448C18/448C25, 448C5E/448C6B and 448CA9/448CB3; the resulting values are clamped to their unscaled target before these stores"
448C76,fixed,"4487E0 audio approaches scale both signed branches of each stock-unit rate through srcx at 448A74/448A81, 448ABA/448AC7, 448B00/448B0D, 448B46/448B53, 448B8C/448B99, 448BD2/448BDF, 448C18/448C25, 448C5E/448C6B and 448CA9/448CB3; the resulting values are clamped to their unscaled target before these stores"
448CBB,fixed,"4487E0 audio approaches scale both signed branches of each stock-unit rate through srcx at 448A74/448A81, 448ABA/448AC7, 448B00/448B0D, 448B46/448B53, 448B8C/448B99, 448BD2/448BDF, 448C18/448C25, 448C5E/448C6B and 448CA9/448CB3; the resulting values are clamped to their unscaled target before these stores"
44DDF5,once,44DC20 counts a sound's references (+60) as it is requested.
44DEE9,stock,Sound resource +60 is a reference total decremented on releasing a resource slot. 44DE40 immediately detaches its aliases with 44F1B0 and 44F460; reaching zero releases the remaining aliases.
44DF36,stock,Sound resource +60 is a reference total decremented on releasing a resource slot. 44DE40 immediately detaches its aliases with 44F1B0 and 44F460; reaching zero releases the remaining aliases.
450637,once,"Sound resource +60 counts completion of initialization: after the masked resource flags reach F3 each path writes state 2, leaving the initialization state 0/1. It is a resource completion total."
4507DA,once,"Sound resource +60 counts completion of initialization: after the masked resource flags reach F3 each path writes state 2, leaving the initialization state 0/1. It is a resource completion total."
450867,once,"Sound resource +60 counts completion of initialization: after the masked resource flags reach F3 each path writes state 2, leaving the initialization state 0/1. It is a resource completion total."
4508BB,once,"Sound resource +60 counts completion of initialization: after the masked resource flags reach F3 each path writes state 2, leaving the initialization state 0/1. It is a resource completion total."
450D85,once,"Sound resource +60 counts completion of initialization: after the masked resource flags reach F3 each path writes state 2, leaving the initialization state 0/1. It is a resource completion total."
450E43,once,"Sound resource +60 counts completion of initialization: after the masked resource flags reach F3 each path writes state 2, leaving the initialization state 0/1. It is a resource completion total."
451A79,fixed,"451A30 whole audio-channel update runs only on stock ticks; its entry gate keeps remaining count, remaining-count-divisor easing, all pan approaches and lifecycle callbacks at stock cadence. Tail caller 4437A0 resolves through its chained unwind fragment 4438CB, and its direct callers and both 455A60 calls ignore RAX"
451B59,fixed,"451A30 whole audio-channel update runs only on stock ticks; its entry gate keeps remaining count, remaining-count-divisor easing, all pan approaches and lifecycle callbacks at stock cadence. Tail caller 4437A0 resolves through its chained unwind fragment 4438CB, and its direct callers and both 455A60 calls ignore RAX"
451B68,fixed,"451A30 whole audio-channel update runs only on stock ticks; its entry gate keeps remaining count, remaining-count-divisor easing, all pan approaches and lifecycle callbacks at stock cadence. Tail caller 4437A0 resolves through its chained unwind fragment 4438CB, and its direct callers and both 455A60 calls ignore RAX"
451B8C,fixed,"451A30 whole audio-channel update runs only on stock ticks; its entry gate keeps remaining count, remaining-count-divisor easing, all pan approaches and lifecycle callbacks at stock cadence. Tail caller 4437A0 resolves through its chained unwind fragment 4438CB, and its direct callers and both 455A60 calls ignore RAX"
451B9C,fixed,"451A30 whole audio-channel update runs only on stock ticks; its entry gate keeps remaining count, remaining-count-divisor easing, all pan approaches and lifecycle callbacks at stock cadence. Tail caller 4437A0 resolves through its chained unwind fragment 4438CB, and its direct callers and both 455A60 calls ignore RAX"
451BD6,fixed,"451A30 whole audio-channel update runs only on stock ticks; its entry gate keeps remaining count, remaining-count-divisor easing, all pan approaches and lifecycle callbacks at stock cadence. Tail caller 4437A0 resolves through its chained unwind fragment 4438CB, and its direct callers and both 455A60 calls ignore RAX"
451BE7,fixed,"451A30 whole audio-channel update runs only on stock ticks; its entry gate keeps remaining count, remaining-count-divisor easing, all pan approaches and lifecycle callbacks at stock cadence. Tail caller 4437A0 resolves through its chained unwind fragment 4438CB, and its direct callers and both 455A60 calls ignore RAX"
451CCA,fixed,"451A30 whole audio-channel update runs only on stock ticks; its entry gate keeps remaining count, remaining-count-divisor easing, all pan approaches and lifecycle callbacks at stock cadence. Tail caller 4437A0 resolves through its chained unwind fragment 4438CB, and its direct callers and both 455A60 calls ignore RAX"
451CFC,fixed,"451A30 whole audio-channel update runs only on stock ticks; its entry gate keeps remaining count, remaining-count-divisor easing, all pan approaches and lifecycle callbacks at stock cadence. Tail caller 4437A0 resolves through its chained unwind fragment 4438CB, and its direct callers and both 455A60 calls ignore RAX"
451D0F,fixed,"451A30 whole audio-channel update runs only on stock ticks; its entry gate keeps remaining count, remaining-count-divisor easing, all pan approaches and lifecycle callbacks at stock cadence. Tail caller 4437A0 resolves through its chained unwind fragment 4438CB, and its direct callers and both 455A60 calls ignore RAX"
451D60,fixed,"451A30 whole audio-channel update runs only on stock ticks; its entry gate keeps remaining count, remaining-count-divisor easing, all pan approaches and lifecycle callbacks at stock cadence. Tail caller 4437A0 resolves through its chained unwind fragment 4438CB, and its direct callers and both 455A60 calls ignore RAX"
451D68,fixed,"451A30 whole audio-channel update runs only on stock ticks; its entry gate keeps remaining count, remaining-count-divisor easing, all pan approaches and lifecycle callbacks at stock cadence. Tail caller 4437A0 resolves through its chained unwind fragment 4438CB, and its direct callers and both 455A60 calls ignore RAX"
4526BC,stock,"452650 traverses sound handles backward and removes completed/null handles. The decrement updates the last occupied handle index when a slot is removed, rather than measuring elapsed time."
454013,stock,"453F30: +354 counts streamed-audio loops when the sample playhead read through 451640/009724 crosses the stream's next loop boundary; duration and position are derived from backend samples and sample rate, not update count"
4549C7,stock,454940 maps the freshly supplied sound record's volume through a request-dependent bank volume/127. 445540 and 4457C0 receive that record from 444DE0's fresh 454F00 copy; it is not a persistent fade.
4559DA,stock,"Both 455980 callers first copy new requested volume values into a mixer slot: 454B80 replaces them from param2+10/+12; 454C70 initializes them from the new play record. Multiplying by bank volume/127 converts those fresh values, not a fade."
4559F8,stock,"Both 455980 callers first copy new requested volume values into a mixer slot: 454B80 replaces them from param2+10/+12; 454C70 initializes them from the new play record. Multiplying by bank volume/127 converts those fresh values, not a fade."
4566CB,stock,"456600 is the task manager's own wait counter (+12), decremented once a tick; task_waits.h scales the waits' lengths."
45897A,once,"458840 increments the outer scene stage only in inner phase 2 after camera setup, then resets inner phase to zero."
459080,once,"458F70 increments the outer scene stage on either camera-completion path, then resets the inner phase; its inner phase-zero increment follows successful scene readiness and switches to phase one."
4590CF,once,"458F70 increments the outer scene stage on either camera-completion path, then resets the inner phase; its inner phase-zero increment follows successful scene readiness and switches to phase one."
459106,once,"458F70 increments the outer scene stage on either camera-completion path, then resets the inner phase; its inner phase-zero increment follows successful scene readiness and switches to phase one."
45917F,fixed,459120: the wait +68 (count 45917F) and the element's move (pre 4591C7)
4591CF,fixed,459120: the wait +68 (count 45917F) and the element's move (pre 4591C7)
459C2D,stock,459C10: +80 is occupancy of an eight-entry request queue; append one 80-byte record and link it to the caller's selected bucket
459DA1,fixed,"pl00's held-input selected-subactor helper 459D90: +E3E gains state-derived 2 or 6 and +E3C gains 20 times that step on stock ticks; the helper executed on all 372 of 372 traced updates, and its 0x384 clamp remains active"
459DBE,fixed,"pl00's held-input selected-subactor helper 459D90: +E3E gains state-derived 2 or 6 and +E3C gains 20 times that step on stock ticks; the helper executed on all 372 of 372 traced updates, and its 0x384 clamp remains active"
45AEDE,stock,"45AE60 resource allocation relocates five file offsets by the resource base, guarded by bit 4 in +64 so each source resource is relocated once."
45AEE2,stock,"45AE60 resource allocation relocates five file offsets by the resource base, guarded by bit 4 in +64 so each source resource is relocated once."
45AEE6,stock,"45AE60 resource allocation relocates five file offsets by the resource base, guarded by bit 4 in +64 so each source resource is relocated once."
45AEEA,stock,"45AE60 resource allocation relocates five file offsets by the resource base, guarded by bit 4 in +64 so each source resource is relocated once."
45AEEE,stock,"45AE60 resource allocation relocates five file offsets by the resource base, guarded by bit 4 in +64 so each source resource is relocated once."
464859,stock,"Shared 4643B0 resolves the current geometric overlap of collision shapes by placing their centers at the separation boundary; its displacement is the measured penetration, independent of elapsed frames."
46486E,stock,"Shared 4643B0 resolves the current geometric overlap of collision shapes by placing their centers at the separation boundary; its displacement is the measured penetration, independent of elapsed frames."
4648F5,stock,"Shared 4643B0 resolves the current geometric overlap of collision shapes by placing their centers at the separation boundary; its displacement is the measured penetration, independent of elapsed frames."
46490D,stock,"Shared 4643B0 resolves the current geometric overlap of collision shapes by placing their centers at the separation boundary; its displacement is the measured penetration, independent of elapsed frames."
464E7D,stock,Shared 464A80 projects the supplied point out of the current overlapping collision shape. It computes the separation boundary from the supplied radius and normalized center difference; these stores are geometric corrections.
464F01,stock,Shared 464A80 projects the supplied point out of the current overlapping collision shape. It computes the separation boundary from the supplied radius and normalized center difference; these stores are geometric corrections.
464F05,stock,Shared 464A80 projects the supplied point out of the current overlapping collision shape. It computes the separation boundary from the supplied radius and normalized center difference; these stores are geometric corrections.
464F0E,stock,Shared 464A80 projects the supplied point out of the current overlapping collision shape. It computes the separation boundary from the supplied radius and normalized center difference; these stores are geometric corrections.
465481,stock,"shared pl00/et6b collision resolution (464FE0): the x/z stores separate overlapping shapes by their current geometric penetration, using the contact radii and positions; this is a full spatial correction on each collision query, not a displacement integrated over elapsed ticks"
465496,stock,"shared pl00/et6b collision resolution (464FE0): the x/z stores separate overlapping shapes by their current geometric penetration, using the contact radii and positions; this is a full spatial correction on each collision query, not a displacement integrated over elapsed ticks"
46551D,stock,"shared pl00/et6b collision resolution (464FE0): the x/z stores separate overlapping shapes by their current geometric penetration, using the contact radii and positions; this is a full spatial correction on each collision query, not a displacement integrated over elapsed ticks"
4655C2,stock,"shared pl00/et6b collision resolution (464FE0): the x/z stores separate overlapping shapes by their current geometric penetration, using the contact radii and positions; this is a full spatial correction on each collision query, not a displacement integrated over elapsed ticks"
4655E6,stock,"shared pl00/et6b collision resolution (464FE0): the x/z stores separate overlapping shapes by their current geometric penetration, using the contact radii and positions; this is a full spatial correction on each collision query, not a displacement integrated over elapsed ticks"
467D23,fixed,467CA0's countdown is count row 467D23 with notyet 467D25.
46847C,stock,camera 468420: +3B4 x the mode-table pair at 7A8178 (mode_constants.h)
46881C,stock,"468750..468AA0 has no direct external entry, aligned or unaligned actual code pointer, switch/LEA reference, export reference or physical fallthrough. Generator rechecks this complete range on the audited image; unwind frame descriptions cannot invoke it."
4689DD,stock,"468750..468AA0 has no direct external entry, aligned or unaligned actual code pointer, switch/LEA reference, export reference or physical fallthrough. Generator rechecks this complete range on the audited image; unwind frame descriptions cannot invoke it."
4689F5,stock,"468750..468AA0 has no direct external entry, aligned or unaligned actual code pointer, switch/LEA reference, export reference or physical fallthrough. Generator rechecks this complete range on the audited image; unwind frame descriptions cannot invoke it."
469062,fixed,468FF0 (the camera's stick velocities): its 0.9 and 0.96 dampings are root rows 468FFF and 469007 on their loads.
4690BB,follows,"camera 468FF0: +25C x xmm4, the 0.96 a world row on its load converts (469007)"
469516,stock,"469490..4697B0 has no direct external entry, aligned or unaligned actual code pointer, switch/LEA reference, export reference or physical fallthrough. Generator rechecks this complete range on the audited image; unwind frame descriptions cannot invoke it."
469577,stock,"469490..4697B0 has no direct external entry, aligned or unaligned actual code pointer, switch/LEA reference, export reference or physical fallthrough. Generator rechecks this complete range on the audited image; unwind frame descriptions cannot invoke it."
46958F,stock,"469490..4697B0 has no direct external entry, aligned or unaligned actual code pointer, switch/LEA reference, export reference or physical fallthrough. Generator rechecks this complete range on the audited image; unwind frame descriptions cannot invoke it."
4695A7,stock,"469490..4697B0 has no direct external entry, aligned or unaligned actual code pointer, switch/LEA reference, export reference or physical fallthrough. Generator rechecks this complete range on the audited image; unwind frame descriptions cannot invoke it."
469BF8,fixed,"Camera modes 4697B0, 46BCD0, 46C370: the speeding-up approach factor +260 steps by lin rows 469BEC, 46BF1C, 46C796 and is blended at its use by srcblend rows 469BE8, 46BF18, 46C792."
469D40,follows,Camera modes 4697B0/46A090/46BCD0/46C370: yaw and pitch are recomputed from the eye and view points (atan2) and wrapped to +-pi; the wrap adds or removes whole turns.
469D87,follows,Camera modes 4697B0/46A090/46BCD0/46C370: yaw and pitch are recomputed from the eye and view points (atan2) and wrapped to +-pi; the wrap adds or removes whole turns.
46A699,follows,Camera modes 4697B0/46A090/46BCD0/46C370: yaw and pitch are recomputed from the eye and view points (atan2) and wrapped to +-pi; the wrap adds or removes whole turns.
46A6AE,follows,Camera modes 4697B0/46A090/46BCD0/46C370: yaw and pitch are recomputed from the eye and view points (atan2) and wrapped to +-pi; the wrap adds or removes whole turns.
46AD59,follows,"Camera modes 46AA00, 46CC50, 46F2D0: yaw and pitch +1B0/+1B4 are recomputed from the eye and view points (atan2) and wrapped to +-pi; the wrap adds or removes whole turns."
46ADA0,follows,"Camera modes 46AA00, 46CC50, 46F2D0: yaw and pitch +1B0/+1B4 are recomputed from the eye and view points (atan2) and wrapped to +-pi; the wrap adds or removes whole turns."
46B403,stock,"Camera mode 46B080: +3B0 is reseeded every tick (46B377, then 46B3B4 from the target's distance) before 46B403 subtracts the height term: a target recomputed each tick, not an accumulation. 2DA510 then approaches it (FixTurnRate)."
46B808,follows,"Camera modes: the yaw +1B4, pitch +1B0 and roll +1B8 are wrapped to +-pi by 13F2E0 after their approaches (now blended and limited per tick) have moved them; the wrap adds or removes whole turns only."
46B81C,follows,"Camera modes: the yaw +1B4, pitch +1B0 and roll +1B8 are wrapped to +-pi by 13F2E0 after their approaches (now blended and limited per tick) have moved them; the wrap adds or removes whole turns only."
46BF35,fixed,"Camera modes 4697B0, 46BCD0, 46C370: the speeding-up approach factor +260 steps by lin rows 469BEC, 46BF1C, 46C796 and is blended at its use by srcblend rows 469BE8, 46BF18, 46C792."
46C043,follows,Camera modes 4697B0/46A090/46BCD0/46C370: yaw and pitch are recomputed from the eye and view points (atan2) and wrapped to +-pi; the wrap adds or removes whole turns.
46C08A,follows,Camera modes 4697B0/46A090/46BCD0/46C370: yaw and pitch are recomputed from the eye and view points (atan2) and wrapped to +-pi; the wrap adds or removes whole turns.
46C7A2,fixed,"Camera modes 4697B0, 46BCD0, 46C370: the speeding-up approach factor +260 steps by lin rows 469BEC, 46BF1C, 46C796 and is blended at its use by srcblend rows 469BE8, 46BF18, 46C792."
46C8E8,follows,Camera modes 4697B0/46A090/46BCD0/46C370: yaw and pitch are recomputed from the eye and view points (atan2) and wrapped to +-pi; the wrap adds or removes whole turns.
46C902,follows,Camera modes 4697B0/46A090/46BCD0/46C370: yaw and pitch are recomputed from the eye and view points (atan2) and wrapped to +-pi; the wrap adds or removes whole turns.
46CE36,follows,"Camera modes 46AA00, 46CC50, 46F2D0: yaw and pitch +1B0/+1B4 are recomputed from the eye and view points (atan2) and wrapped to +-pi; the wrap adds or removes whole turns."
46CE63,follows,"Camera modes 46AA00, 46CC50, 46F2D0: yaw and pitch +1B0/+1B4 are recomputed from the eye and view points (atan2) and wrapped to +-pi; the wrap adds or removes whole turns."
46CF5D,fixed,Camera six-coordinate approach consumes the shared 0.2 coefficient corrected at 46CF46.
46CF89,fixed,Camera six-coordinate approach consumes the shared 0.2 coefficient corrected at 46CF46.
46CFA5,fixed,Camera six-coordinate approach consumes the shared 0.2 coefficient corrected at 46CF46.
46D033,fixed,Camera six-coordinate approach consumes the shared 0.2 coefficient corrected at 46CF46.
46D052,fixed,Camera six-coordinate approach consumes the shared 0.2 coefficient corrected at 46CF46.
46D06C,fixed,Camera six-coordinate approach consumes the shared 0.2 coefficient corrected at 46CF46.
46D096,stock,"Camera orientation is recomputed by 472CC0 from current target and camera positions, copied into B0/B4, and normalized with 13F2E0. These stores normalize a fresh spatial direction rather than accumulating an angular clock."
46D0AE,stock,"Camera orientation is recomputed by 472CC0 from current target and camera positions, copied into B0/B4, and normalized with 13F2E0. These stores normalize a fresh spatial direction rather than accumulating an angular clock."
46D1A7,fixed,Camera target XYZ approach consumes the shared 0.2 coefficient corrected at 46D174.
46D1D3,fixed,Camera target XYZ approach consumes the shared 0.2 coefficient corrected at 46D174.
46D1EF,fixed,Camera target XYZ approach consumes the shared 0.2 coefficient corrected at 46D174.
46D219,stock,"Camera orientation is recomputed by 472CC0 from current target and camera positions, copied into B0/B4, and normalized with 13F2E0. These stores normalize a fresh spatial direction rather than accumulating an angular clock."
46D22E,stock,"Camera orientation is recomputed by 472CC0 from current target and camera positions, copied into B0/B4, and normalized with 13F2E0. These stores normalize a fresh spatial direction rather than accumulating an angular clock."
46D38C,fixed,Camera target XYZ and camera XY consume the shared 0.2 coefficient corrected at 46D378; camera Z consumes the 0.3 coefficient corrected at 46D507.
46D3B4,fixed,Camera target XYZ and camera XY consume the shared 0.2 coefficient corrected at 46D378; camera Z consumes the 0.3 coefficient corrected at 46D507.
46D3D4,fixed,Camera target XYZ and camera XY consume the shared 0.2 coefficient corrected at 46D378; camera Z consumes the 0.3 coefficient corrected at 46D507.
46D3FE,stock,"Camera orientation is recomputed by 472CC0 from current target and camera positions, copied into B0/B4, and normalized with 13F2E0. These stores normalize a fresh spatial direction rather than accumulating an angular clock."
46D41A,stock,"Camera orientation is recomputed by 472CC0 from current target and camera positions, copied into B0/B4, and normalized with 13F2E0. These stores normalize a fresh spatial direction rather than accumulating an angular clock."
46D4D1,fixed,Camera target XYZ and camera XY consume the shared 0.2 coefficient corrected at 46D378; camera Z consumes the 0.3 coefficient corrected at 46D507.
46D4FF,fixed,Camera target XYZ and camera XY consume the shared 0.2 coefficient corrected at 46D378; camera Z consumes the 0.3 coefficient corrected at 46D507.
46D513,fixed,Camera target XYZ and camera XY consume the shared 0.2 coefficient corrected at 46D378; camera Z consumes the 0.3 coefficient corrected at 46D507.
46D748,stock,"46D680..46DA70 has no direct external entry, aligned or unaligned actual code pointer, switch/LEA reference, export reference or physical fallthrough. Generator rechecks this complete range on the audited image; unwind frame descriptions cannot invoke it."
46D7A2,stock,"46D680..46DA70 has no direct external entry, aligned or unaligned actual code pointer, switch/LEA reference, export reference or physical fallthrough. Generator rechecks this complete range on the audited image; unwind frame descriptions cannot invoke it."
46D853,stock,"46D680..46DA70 has no direct external entry, aligned or unaligned actual code pointer, switch/LEA reference, export reference or physical fallthrough. Generator rechecks this complete range on the audited image; unwind frame descriptions cannot invoke it."
46D870,stock,"46D680..46DA70 has no direct external entry, aligned or unaligned actual code pointer, switch/LEA reference, export reference or physical fallthrough. Generator rechecks this complete range on the audited image; unwind frame descriptions cannot invoke it."
46D888,stock,"46D680..46DA70 has no direct external entry, aligned or unaligned actual code pointer, switch/LEA reference, export reference or physical fallthrough. Generator rechecks this complete range on the audited image; unwind frame descriptions cannot invoke it."
46DBAF,stock,"46DA70..46DCF0 has no direct external entry, aligned or unaligned actual code pointer, switch/LEA reference, export reference or physical fallthrough. Generator rechecks this complete range on the audited image; unwind frame descriptions cannot invoke it."
46DBC7,stock,"46DA70..46DCF0 has no direct external entry, aligned or unaligned actual code pointer, switch/LEA reference, export reference or physical fallthrough. Generator rechecks this complete range on the audited image; unwind frame descriptions cannot invoke it."
46DD99,stock,"46DCF0..46E890 has no direct external entry, aligned or unaligned actual code pointer, switch/LEA reference, export reference or physical fallthrough. Generator rechecks this complete range on the audited image; unwind frame descriptions cannot invoke it."
46E1A6,stock,"46DCF0..46E890 has no direct external entry, aligned or unaligned actual code pointer, switch/LEA reference, export reference or physical fallthrough. Generator rechecks this complete range on the audited image; unwind frame descriptions cannot invoke it."
46E235,stock,"46DCF0..46E890 has no direct external entry, aligned or unaligned actual code pointer, switch/LEA reference, export reference or physical fallthrough. Generator rechecks this complete range on the audited image; unwind frame descriptions cannot invoke it."
46EC3E,follows,"Camera modes 46E890 and 474350: the wraps of +1B0/+1B4 after 468070, whose stick-driven turn is already patched (468224..46836D)."
46EC56,follows,"Camera modes 46E890 and 474350: the wraps of +1B0/+1B4 after 468070, whose stick-driven turn is already patched (468224..46836D)."
46EE6B,fixed,"camera 46E890: +244 x 0.8 a tick beside +240's, now find_decay_factors.HAND"
46F0E1,follows,"Camera mode 46EF40: +1B0/+1B4 are copied from the camera state B65C00, then wrapped."
46F0F9,follows,"Camera mode 46EF40: +1B0/+1B4 are copied from the camera state B65C00, then wrapped."
46F5CC,follows,"Camera modes 46AA00, 46CC50, 46F2D0: yaw and pitch +1B0/+1B4 are recomputed from the eye and view points (atan2) and wrapped to +-pi; the wrap adds or removes whole turns."
46F5E4,follows,"Camera modes 46AA00, 46CC50, 46F2D0: yaw and pitch +1B0/+1B4 are recomputed from the eye and view points (atan2) and wrapped to +-pi; the wrap adds or removes whole turns."
4700CD,stock,"470020 is a free-flying debug camera (stick bits B6AE5C/B6AE5D turn +1B0/+1B4 by 0.06 a tick, x5 with a button) that never runs, proven by hand: no call, jump, lea or qword pointer names it or any address in it, and the dwords that read as addresses in it are 0x0047xxxx id pairs (about 45 in .data; the same ids are passed as `mov ecx` immediates, e.g. at 610C41). It sits beside the dormant 470550-470AE0, but unlike that range the generator cannot recheck it (the id pairs would each need pinning)."
4700F2,stock,"470020 is a free-flying debug camera (stick bits B6AE5C/B6AE5D turn +1B0/+1B4 by 0.06 a tick, x5 with a button) that never runs, proven by hand: no call, jump, lea or qword pointer names it or any address in it, and the dwords that read as addresses in it are 0x0047xxxx id pairs (about 45 in .data; the same ids are passed as `mov ecx` immediates, e.g. at 610C41). It sits beside the dormant 470550-470AE0, but unlike that range the generator cannot recheck it (the id pairs would each need pinning)."
47013B,stock,"470020 is a free-flying debug camera (stick bits B6AE5C/B6AE5D turn +1B0/+1B4 by 0.06 a tick, x5 with a button) that never runs, proven by hand: no call, jump, lea or qword pointer names it or any address in it, and the dwords that read as addresses in it are 0x0047xxxx id pairs (about 45 in .data; the same ids are passed as `mov ecx` immediates, e.g. at 610C41). It sits beside the dormant 470550-470AE0, but unlike that range the generator cannot recheck it (the id pairs would each need pinning)."
470150,stock,"470020 is a free-flying debug camera (stick bits B6AE5C/B6AE5D turn +1B0/+1B4 by 0.06 a tick, x5 with a button) that never runs, proven by hand: no call, jump, lea or qword pointer names it or any address in it, and the dwords that read as addresses in it are 0x0047xxxx id pairs (about 45 in .data; the same ids are passed as `mov ecx` immediates, e.g. at 610C41). It sits beside the dormant 470550-470AE0, but unlike that range the generator cannot recheck it (the id pairs would each need pinning)."
470168,stock,"470020 is a free-flying debug camera (stick bits B6AE5C/B6AE5D turn +1B0/+1B4 by 0.06 a tick, x5 with a button) that never runs, proven by hand: no call, jump, lea or qword pointer names it or any address in it, and the dwords that read as addresses in it are 0x0047xxxx id pairs (about 45 in .data; the same ids are passed as `mov ecx` immediates, e.g. at 610C41). It sits beside the dormant 470550-470AE0, but unlike that range the generator cannot recheck it (the id pairs would each need pinning)."
47064E,stock,"470550..470AE0 has no direct external entry, aligned or unaligned actual code pointer, switch/LEA reference, export reference or physical fallthrough. Generator rechecks this complete range on the audited image; unwind frame descriptions cannot invoke it."
47066C,stock,"470550..470AE0 has no direct external entry, aligned or unaligned actual code pointer, switch/LEA reference, export reference or physical fallthrough. Generator rechecks this complete range on the audited image; unwind frame descriptions cannot invoke it."
4706AB,stock,"470550..470AE0 has no direct external entry, aligned or unaligned actual code pointer, switch/LEA reference, export reference or physical fallthrough. Generator rechecks this complete range on the audited image; unwind frame descriptions cannot invoke it."
4706C0,stock,"470550..470AE0 has no direct external entry, aligned or unaligned actual code pointer, switch/LEA reference, export reference or physical fallthrough. Generator rechecks this complete range on the audited image; unwind frame descriptions cannot invoke it."
4706D8,stock,"470550..470AE0 has no direct external entry, aligned or unaligned actual code pointer, switch/LEA reference, export reference or physical fallthrough. Generator rechecks this complete range on the audited image; unwind frame descriptions cannot invoke it."
470F31,fixed,"Camera modes: the stores of 2DA570's results, whose calls are callblend/callscale rows (un_camera_rows01.spec)."
470F6B,fixed,"Camera modes: the stores of 2DA570's results, whose calls are callblend/callscale rows (un_camera_rows01.spec)."
470F9B,follows,"Camera modes: the yaw +1B4, pitch +1B0 and roll +1B8 are wrapped to +-pi by 13F2E0 after their approaches (now blended and limited per tick) have moved them; the wrap adds or removes whole turns only."
470FAF,follows,"Camera modes: the yaw +1B4, pitch +1B0 and roll +1B8 are wrapped to +-pi by 13F2E0 after their approaches (now blended and limited per tick) have moved them; the wrap adds or removes whole turns only."
47175C,stock,"471660..471C00 has no direct external entry, aligned or unaligned actual code pointer, switch/LEA reference, export reference or physical fallthrough. Generator rechecks this complete range on the audited image; unwind frame descriptions cannot invoke it."
47177B,stock,"471660..471C00 has no direct external entry, aligned or unaligned actual code pointer, switch/LEA reference, export reference or physical fallthrough. Generator rechecks this complete range on the audited image; unwind frame descriptions cannot invoke it."
4717C1,stock,"471660..471C00 has no direct external entry, aligned or unaligned actual code pointer, switch/LEA reference, export reference or physical fallthrough. Generator rechecks this complete range on the audited image; unwind frame descriptions cannot invoke it."
4717D6,stock,"471660..471C00 has no direct external entry, aligned or unaligned actual code pointer, switch/LEA reference, export reference or physical fallthrough. Generator rechecks this complete range on the audited image; unwind frame descriptions cannot invoke it."
4717EE,stock,"471660..471C00 has no direct external entry, aligned or unaligned actual code pointer, switch/LEA reference, export reference or physical fallthrough. Generator rechecks this complete range on the audited image; unwind frame descriptions cannot invoke it."
471C9D,stock,"471C00..472140 has no direct external entry, aligned or unaligned actual code pointer, switch/LEA reference, export reference or physical fallthrough. Generator rechecks this complete range on the audited image; unwind frame descriptions cannot invoke it."
471CBC,stock,"471C00..472140 has no direct external entry, aligned or unaligned actual code pointer, switch/LEA reference, export reference or physical fallthrough. Generator rechecks this complete range on the audited image; unwind frame descriptions cannot invoke it."
471D02,stock,"471C00..472140 has no direct external entry, aligned or unaligned actual code pointer, switch/LEA reference, export reference or physical fallthrough. Generator rechecks this complete range on the audited image; unwind frame descriptions cannot invoke it."
471D17,stock,"471C00..472140 has no direct external entry, aligned or unaligned actual code pointer, switch/LEA reference, export reference or physical fallthrough. Generator rechecks this complete range on the audited image; unwind frame descriptions cannot invoke it."
471D2F,stock,"471C00..472140 has no direct external entry, aligned or unaligned actual code pointer, switch/LEA reference, export reference or physical fallthrough. Generator rechecks this complete range on the audited image; unwind frame descriptions cannot invoke it."
472803,stock,"472330..472CC0 has no direct external entry, aligned or unaligned actual code pointer, switch/LEA reference, export reference or physical fallthrough. Generator rechecks this complete range on the audited image; unwind frame descriptions cannot invoke it."
47280A,stock,"472330..472CC0 has no direct external entry, aligned or unaligned actual code pointer, switch/LEA reference, export reference or physical fallthrough. Generator rechecks this complete range on the audited image; unwind frame descriptions cannot invoke it."
47283D,stock,"472330..472CC0 has no direct external entry, aligned or unaligned actual code pointer, switch/LEA reference, export reference or physical fallthrough. Generator rechecks this complete range on the audited image; unwind frame descriptions cannot invoke it."
472F4F,fixed,"472E80's camera drop: +290's steps are count rows 472F4F, 472F83, 472F90."
472F83,fixed,"472E80's camera drop: +290's steps are count rows 472F4F, 472F83, 472F90."
472F90,fixed,"472E80's camera drop: +290's steps are count rows 472F4F, 472F83, 472F90."
4746E4,follows,"Camera modes 46E890 and 474350: the wraps of +1B0/+1B4 after 468070, whose stick-driven turn is already patched (468224..46836D)."
4746F9,follows,"Camera modes 46E890 and 474350: the wraps of +1B0/+1B4 after 468070, whose stick-driven turn is already patched (468224..46836D)."
475398,stock,"Dormant debris: 3AECC0 is called only from 3AE320 and 3AE880, and 4752F0, 481810 and 4829A0 only from the dormant 478EF0-4797A0; gen_world_anims.DORMANT_DEBRIS proves each range has no entry from outside the dormant ranges (their union has none). Rechecked on every generation."
47544A,stock,"4753C0 constructs the output vector from a constant every call, scales its fresh Z by collision-distance ratios, and rotates it by the player's matrix. These are geometric offsets."
4754A2,stock,"4753C0 constructs the output vector from a constant every call, scales its fresh Z by collision-distance ratios, and rotates it by the player's matrix. These are geometric offsets."
47552B,stock,"4754E0 constructs and transforms the output vector, divides by its fresh homogeneous W, then adds the viewport origin. These stores are projection calculations."
47552F,stock,"4754E0 constructs and transforms the output vector, divides by its fresh homogeneous W, then adds the viewport origin. These stores are projection calculations."
47554F,stock,"4754E0 constructs and transforms the output vector, divides by its fresh homogeneous W, then adds the viewport origin. These stores are projection calculations."
475576,stock,"4754E0 constructs and transforms the output vector, divides by its fresh homogeneous W, then adds the viewport origin. These stores are projection calculations."
475ECF,fixed,"Camera 32-sample transition: entire coupled update is paced by the stock-cadence gate at 475E60. Caller return-value proof, patch overlap audit, installed DLL checks and N=1/2/4 focused window emulation pass."
475EE3,fixed,"Camera 32-sample transition: entire coupled update is paced by the stock-cadence gate at 475E60. Caller return-value proof, patch overlap audit, installed DLL checks and N=1/2/4 focused window emulation pass."
475F04,fixed,"Camera 32-sample transition: entire coupled update is paced by the stock-cadence gate at 475E60. Caller return-value proof, patch overlap audit, installed DLL checks and N=1/2/4 focused window emulation pass."
475F28,fixed,"Camera 32-sample transition: entire coupled update is paced by the stock-cadence gate at 475E60. Caller return-value proof, patch overlap audit, installed DLL checks and N=1/2/4 focused window emulation pass."
475F46,fixed,"Camera 32-sample transition: entire coupled update is paced by the stock-cadence gate at 475E60. Caller return-value proof, patch overlap audit, installed DLL checks and N=1/2/4 focused window emulation pass."
475F67,fixed,"Camera 32-sample transition: entire coupled update is paced by the stock-cadence gate at 475E60. Caller return-value proof, patch overlap audit, installed DLL checks and N=1/2/4 focused window emulation pass."
475F8B,fixed,"Camera 32-sample transition: entire coupled update is paced by the stock-cadence gate at 475E60. Caller return-value proof, patch overlap audit, installed DLL checks and N=1/2/4 focused window emulation pass."
475FA7,fixed,"Camera 32-sample transition: entire coupled update is paced by the stock-cadence gate at 475E60. Caller return-value proof, patch overlap audit, installed DLL checks and N=1/2/4 focused window emulation pass."
475FB4,fixed,"Camera 32-sample transition: entire coupled update is paced by the stock-cadence gate at 475E60. Caller return-value proof, patch overlap audit, installed DLL checks and N=1/2/4 focused window emulation pass."
476059,fixed,"476030 (camera shake) is a gatefn row: its amplitude decays, phase advances and wraps and its integer durations run once a stock tick."
476079,fixed,"476030 (camera shake) is a gatefn row: its amplitude decays, phase advances and wraps and its integer durations run once a stock tick."
4760A4,fixed,"476030 (camera shake) is a gatefn row: its amplitude decays, phase advances and wraps and its integer durations run once a stock tick."
4760C4,fixed,"476030 (camera shake) is a gatefn row: its amplitude decays, phase advances and wraps and its integer durations run once a stock tick."
4760CC,fixed,"476030 (camera shake) is a gatefn row: its amplitude decays, phase advances and wraps and its integer durations run once a stock tick."
4761B1,fixed,Camera 4760E0: the held-button count +47C is count row 4761B1.
476808,fixed,"Camera 4763F0: the transition count +290 is count row 476805 and its blend factor blendr 47683D. 4A0900's call of 4763F0 follows 481A10 with a length of 0 (r13d), so that pass never reaches the count"
4769C0,stock,"Camera 4763F0: the field of view +1D0 is blended from the old and new modes by +290 / +292 each tick, from the paced count."
476D07,once,Camera dispatcher 476B00: +39A cycles the camera mode once per accepted press.
4772F6,stock,"Two-player camera 477130, while +182 < 15: the eye X/Y/Z are set from the two players' midpoint and the view point is moved by the same offset: a snap to current positions each tick, not a rate."
47730A,stock,"Two-player camera 477130, while +182 < 15: the eye X/Y/Z are set from the two players' midpoint and the view point is moved by the same offset: a snap to current positions each tick, not a rate."
47730F,stock,"Two-player camera 477130, while +182 < 15: the eye X/Y/Z are set from the two players' midpoint and the view point is moved by the same offset: a snap to current positions each tick, not a rate."
477326,stock,"Two-player camera 477130, while +182 < 15: the eye X/Y/Z are set from the two players' midpoint and the view point is moved by the same offset: a snap to current positions each tick, not a rate."
47732E,stock,"Two-player camera 477130, while +182 < 15: the eye X/Y/Z are set from the two players' midpoint and the view point is moved by the same offset: a snap to current positions each tick, not a rate."
477336,stock,"Two-player camera 477130, while +182 < 15: the eye X/Y/Z are set from the two players' midpoint and the view point is moved by the same offset: a snap to current positions each tick, not a rate."
477D20,follows,"camera 477820: +190 lerps by xmm2, the factor blendr 477CE9 converts"
477D65,fixed,"Two-player camera 477820: all six eye/view coordinates and the field of view approach their targets by xmm2 = min(k, 0.04 + 0.01 x count), which blendr 477CE9 compounds for the running rate; count 477CC1 paces the count."
477D83,fixed,"Two-player camera 477820: all six eye/view coordinates and the field of view approach their targets by xmm2 = min(k, 0.04 + 0.01 x count), which blendr 477CE9 compounds for the running rate; count 477CC1 paces the count."
477DA4,fixed,"Two-player camera 477820: all six eye/view coordinates and the field of view approach their targets by xmm2 = min(k, 0.04 + 0.01 x count), which blendr 477CE9 compounds for the running rate; count 477CC1 paces the count."
477DC8,fixed,"Two-player camera 477820: all six eye/view coordinates and the field of view approach their targets by xmm2 = min(k, 0.04 + 0.01 x count), which blendr 477CE9 compounds for the running rate; count 477CC1 paces the count."
477DE4,fixed,"Two-player camera 477820: all six eye/view coordinates and the field of view approach their targets by xmm2 = min(k, 0.04 + 0.01 x count), which blendr 477CE9 compounds for the running rate; count 477CC1 paces the count."
47809F,follows,"Camera modes: the yaw +1B4, pitch +1B0 and roll +1B8 are wrapped to +-pi by 13F2E0 after their approaches (now blended and limited per tick) have moved them; the wrap adds or removes whole turns only."
4780B1,follows,"Camera modes: the yaw +1B4, pitch +1B0 and roll +1B8 are wrapped to +-pi by 13F2E0 after their approaches (now blended and limited per tick) have moved them; the wrap adds or removes whole turns only."
4780D7,follows,"Camera modes: the yaw +1B4, pitch +1B0 and roll +1B8 are wrapped to +-pi by 13F2E0 after their approaches (now blended and limited per tick) have moved them; the wrap adds or removes whole turns only."
47810C,fixed,"Camera modes: the stores of 2DA570's results, whose calls are callblend/callscale rows (un_camera_rows01.spec)."
478128,fixed,"Camera modes: the stores of 2DA570's results, whose calls are callblend/callscale rows (un_camera_rows01.spec)."
478A78,fixed,"Camera modes: the stores of 2DA570's results, whose calls are callblend/callscale rows (un_camera_rows01.spec)."
478B25,fixed,"Camera modes: the stores of 2DA570's results, whose calls are callblend/callscale rows (un_camera_rows01.spec)."
478B5F,fixed,"Camera modes: the stores of 2DA570's results, whose calls are callblend/callscale rows (un_camera_rows01.spec)."
478B8F,fixed,"Camera modes: the stores of 2DA570's results, whose calls are callblend/callscale rows (un_camera_rows01.spec)."
478BC1,follows,"Camera modes: the yaw +1B4, pitch +1B0 and roll +1B8 are wrapped to +-pi by 13F2E0 after their approaches (now blended and limited per tick) have moved them; the wrap adds or removes whole turns only."
478BD6,follows,"Camera modes: the yaw +1B4, pitch +1B0 and roll +1B8 are wrapped to +-pi by 13F2E0 after their approaches (now blended and limited per tick) have moved them; the wrap adds or removes whole turns only."
478FA0,stock,"478EF0..4797A0 has no direct external entry, aligned or unaligned actual code pointer, switch/LEA reference, export reference or physical fallthrough. Generator rechecks this complete range on the audited image; unwind frame descriptions cannot invoke it."
479106,stock,"478EF0..4797A0 has no direct external entry, aligned or unaligned actual code pointer, switch/LEA reference, export reference or physical fallthrough. Generator rechecks this complete range on the audited image; unwind frame descriptions cannot invoke it."
479127,stock,"478EF0..4797A0 has no direct external entry, aligned or unaligned actual code pointer, switch/LEA reference, export reference or physical fallthrough. Generator rechecks this complete range on the audited image; unwind frame descriptions cannot invoke it."
4792A3,stock,"478EF0..4797A0 has no direct external entry, aligned or unaligned actual code pointer, switch/LEA reference, export reference or physical fallthrough. Generator rechecks this complete range on the audited image; unwind frame descriptions cannot invoke it."
4792C7,stock,"478EF0..4797A0 has no direct external entry, aligned or unaligned actual code pointer, switch/LEA reference, export reference or physical fallthrough. Generator rechecks this complete range on the audited image; unwind frame descriptions cannot invoke it."
4794B5,stock,"478EF0..4797A0 has no direct external entry, aligned or unaligned actual code pointer, switch/LEA reference, export reference or physical fallthrough. Generator rechecks this complete range on the audited image; unwind frame descriptions cannot invoke it."
4794BC,stock,"478EF0..4797A0 has no direct external entry, aligned or unaligned actual code pointer, switch/LEA reference, export reference or physical fallthrough. Generator rechecks this complete range on the audited image; unwind frame descriptions cannot invoke it."
4794D9,stock,"478EF0..4797A0 has no direct external entry, aligned or unaligned actual code pointer, switch/LEA reference, export reference or physical fallthrough. Generator rechecks this complete range on the audited image; unwind frame descriptions cannot invoke it."
4794ED,stock,"478EF0..4797A0 has no direct external entry, aligned or unaligned actual code pointer, switch/LEA reference, export reference or physical fallthrough. Generator rechecks this complete range on the audited image; unwind frame descriptions cannot invoke it."
479849,fixed,"Camera mode 4797A0: +1D0 and +200 approach by the constants 0.2 and 0.1 (blend rows 47983D, 479A1B); the yaw and pitch steps from 9C8718/9C8714 are dst rows 479C99 and 479D2A; the wraps follow."
479A06,fixed,"Camera mode 4797A0: +1FC approaches by the 7A82C0 mode-table value minus one, which mode_constants.h rewrites for the running rate."
479A27,fixed,"Camera mode 4797A0: +1D0 and +200 approach by the constants 0.2 and 0.1 (blend rows 47983D, 479A1B); the yaw and pitch steps from 9C8718/9C8714 are dst rows 479C99 and 479D2A; the wraps follow."
479CB1,fixed,"Camera mode 4797A0: +1D0 and +200 approach by the constants 0.2 and 0.1 (blend rows 47983D, 479A1B); the yaw and pitch steps from 9C8718/9C8714 are dst rows 479C99 and 479D2A; the wraps follow."
479D46,fixed,"Camera mode 4797A0: +1D0 and +200 approach by the constants 0.2 and 0.1 (blend rows 47983D, 479A1B); the yaw and pitch steps from 9C8718/9C8714 are dst rows 479C99 and 479D2A; the wraps follow."
47A447,fixed,"Camera mode 47A3A0: +1D0 and +200 approach 65 and 7A7C0C by the constants 0.15 and 0.1, blend rows 47A43B and 47A677 (loaded 12 bytes before the stores)."
47A662,fixed,Camera mode 47A3A0: +1FC approaches its target by the 7A82C0 mode-table value minus one; mode_constants.h rewrites that indexed slot for the running rate.
47A683,fixed,"Camera mode 47A3A0: +1D0 and +200 approach 65 and 7A7C0C by the constants 0.15 and 0.1, blend rows 47A43B and 47A677 (loaded 12 bytes before the stores)."
47ACE5,follows,"Camera modes: the yaw +1B4, pitch +1B0 and roll +1B8 are wrapped to +-pi by 13F2E0 after their approaches (now blended and limited per tick) have moved them; the wrap adds or removes whole turns only."
47ACFA,follows,"Camera modes: the yaw +1B4, pitch +1B0 and roll +1B8 are wrapped to +-pi by 13F2E0 after their approaches (now blended and limited per tick) have moved them; the wrap adds or removes whole turns only."
47BB73,stock,"47BAE0..47C9D0 has no direct external entry, aligned or unaligned actual code pointer, switch/LEA reference, export reference or physical fallthrough. Generator rechecks this complete range on the audited image; unwind frame descriptions cannot invoke it."
47BD13,stock,"47BAE0..47C9D0 has no direct external entry, aligned or unaligned actual code pointer, switch/LEA reference, export reference or physical fallthrough. Generator rechecks this complete range on the audited image; unwind frame descriptions cannot invoke it."
47BD34,stock,"47BAE0..47C9D0 has no direct external entry, aligned or unaligned actual code pointer, switch/LEA reference, export reference or physical fallthrough. Generator rechecks this complete range on the audited image; unwind frame descriptions cannot invoke it."
47C03A,stock,"47BAE0..47C9D0 has no direct external entry, aligned or unaligned actual code pointer, switch/LEA reference, export reference or physical fallthrough. Generator rechecks this complete range on the audited image; unwind frame descriptions cannot invoke it."
47C05F,stock,"47BAE0..47C9D0 has no direct external entry, aligned or unaligned actual code pointer, switch/LEA reference, export reference or physical fallthrough. Generator rechecks this complete range on the audited image; unwind frame descriptions cannot invoke it."
47C074,stock,"47BAE0..47C9D0 has no direct external entry, aligned or unaligned actual code pointer, switch/LEA reference, export reference or physical fallthrough. Generator rechecks this complete range on the audited image; unwind frame descriptions cannot invoke it."
47D144,follows,"Camera modes: the yaw +1B4, pitch +1B0 and roll +1B8 are wrapped to +-pi by 13F2E0 after their approaches (now blended and limited per tick) have moved them; the wrap adds or removes whole turns only."
47D158,follows,"Camera modes: the yaw +1B4, pitch +1B0 and roll +1B8 are wrapped to +-pi by 13F2E0 after their approaches (now blended and limited per tick) have moved them; the wrap adds or removes whole turns only."
47D4FA,stock,"Camera modes 47C9D0/47DAB0: when the target's bearing from 2DE0A0 leaves +-0.436 (or +-0.401) rad, yaw or pitch moves by exactly the excess and is wrapped: a clamp that keeps the target in view, with the same result at any tick rate."
47D587,stock,"Camera modes 47C9D0/47DAB0: when the target's bearing from 2DE0A0 leaves +-0.436 (or +-0.401) rad, yaw or pitch moves by exactly the excess and is wrapped: a clamp that keeps the target in view, with the same result at any tick rate."
47D60C,stock,"Camera modes 47C9D0/47DAB0: when the target's bearing from 2DE0A0 leaves +-0.436 (or +-0.401) rad, yaw or pitch moves by exactly the excess and is wrapped: a clamp that keeps the target in view, with the same result at any tick rate."
47D6A1,stock,"Camera modes 47C9D0/47DAB0: when the target's bearing from 2DE0A0 leaves +-0.436 (or +-0.401) rad, yaw or pitch moves by exactly the excess and is wrapped: a clamp that keeps the target in view, with the same result at any tick rate."
47E2AA,follows,"Camera modes: the yaw +1B4, pitch +1B0 and roll +1B8 are wrapped to +-pi by 13F2E0 after their approaches (now blended and limited per tick) have moved them; the wrap adds or removes whole turns only."
47E2BE,follows,"Camera modes: the yaw +1B4, pitch +1B0 and roll +1B8 are wrapped to +-pi by 13F2E0 after their approaches (now blended and limited per tick) have moved them; the wrap adds or removes whole turns only."
47E660,stock,"Camera modes 47C9D0/47DAB0: when the target's bearing from 2DE0A0 leaves +-0.436 (or +-0.401) rad, yaw or pitch moves by exactly the excess and is wrapped: a clamp that keeps the target in view, with the same result at any tick rate."
47E6EF,stock,"Camera modes 47C9D0/47DAB0: when the target's bearing from 2DE0A0 leaves +-0.436 (or +-0.401) rad, yaw or pitch moves by exactly the excess and is wrapped: a clamp that keeps the target in view, with the same result at any tick rate."
47E77F,stock,"Camera modes 47C9D0/47DAB0: when the target's bearing from 2DE0A0 leaves +-0.436 (or +-0.401) rad, yaw or pitch moves by exactly the excess and is wrapped: a clamp that keeps the target in view, with the same result at any tick rate."
47E80B,stock,"Camera modes 47C9D0/47DAB0: when the target's bearing from 2DE0A0 leaves +-0.436 (or +-0.401) rad, yaw or pitch moves by exactly the excess and is wrapped: a clamp that keeps the target in view, with the same result at any tick rate."
47F0E3,stock,"47EC10..47F5F0 has no direct external entry, aligned or unaligned actual code pointer, switch/LEA reference, export reference or physical fallthrough. Generator rechecks this complete range on the audited image; unwind frame descriptions cannot invoke it."
47F0EA,stock,"47EC10..47F5F0 has no direct external entry, aligned or unaligned actual code pointer, switch/LEA reference, export reference or physical fallthrough. Generator rechecks this complete range on the audited image; unwind frame descriptions cannot invoke it."
47F11D,stock,"47EC10..47F5F0 has no direct external entry, aligned or unaligned actual code pointer, switch/LEA reference, export reference or physical fallthrough. Generator rechecks this complete range on the audited image; unwind frame descriptions cannot invoke it."
480408,fixed,Camera mode 47FF90: its approaches are callblend rows 4803FC/480436 and its request durations count rows 480401/48043B.
4818C5,stock,"Dormant debris: 3AECC0 is called only from 3AE320 and 3AE880, and 4752F0, 481810 and 4829A0 only from the dormant 478EF0-4797A0; gen_world_anims.DORMANT_DEBRIS proves each range has no entry from outside the dormant ranges (their union has none). Rechecked on every generation."
481995,fixed,"4818E0: +3AC approaches by the 7A82C0 mode-table value minus one, which mode_constants.h rewrites for the running rate."
482B1F,stock,"Dormant debris: 3AECC0 is called only from 3AE320 and 3AE880, and 4752F0, 481810 and 4829A0 only from the dormant 478EF0-4797A0; gen_world_anims.DORMANT_DEBRIS proves each range has no entry from outside the dormant ranges (their union has none). Rechecked on every generation."
482E98,fixed,Camera pitch velocity threshold branches consume the shared damping factor corrected at 482E83 before their magnitude comparisons.
482EC2,fixed,Camera pitch velocity threshold branches consume the shared damping factor corrected at 482E83 before their magnitude comparisons.
482EE6,fixed,Camera pitch velocity threshold branches consume the shared damping factor corrected at 482E83 before their magnitude comparisons.
4832D2,stock,"Camera finish 4831B0: the sine shake offsets go into +170/+174 of the view matrix +140, which 472D90 rebuilds from the eye and view points every tick."
483300,stock,"Camera finish 4831B0: the sine shake offsets go into +170/+174 of the view matrix +140, which 472D90 rebuilds from the eye and view points every tick."
484799,fixed,cDogLikeHm 484610: +120A effect window and +120B effect cooldown now count stock ticks
4847D7,fixed,cDogLikeHm 484610: +120A effect window and +120B effect cooldown now count stock ticks
484B91,stock,"Animal Y probe helpers 202A30 and 484A20: +20 temporarily raises the actor Y for a collision probe, and -20 restores it immediately after the probe; these two writes are balanced offsets within one call"
484BAF,stock,"Animal Y probe helpers 202A30 and 484A20: +20 temporarily raises the actor Y for a collision probe, and -20 restores it immediately after the probe; these two writes are balanced offsets within one call"
484BDB,fixed,cDogLikeHm 484A20: the current +E54 vertical velocity is scaled before adding to actor Y
484CD8,fixed,cDogLikeHm 484C70: +1200 effect cooldown now decrements on stock ticks
484DAE,fixed,cDogLikeHm 484D40: +120C active behavior counter now increments on stock ticks
48530B,once,cDogLikeHm 4850C0: this +E36 increment follows the effect spawn while entering a new behavior state; its countdown elsewhere is separate
4855A2,fixed,cDogLikeHm 485390: +E36 action countdown now decrements on stock ticks
485745,fixed,"the animals' launch and knockback slides (an00..an20, cAnimal 202DC0/206000, cDogLikeHm 485390): position += velocity a tick, now src/pre/lin/dst rows (un_rows51)"
48575D,fixed,"the animals' launch and knockback slides (an00..an20, cAnimal 202DC0/206000, cDogLikeHm 485390): position += velocity a tick, now src/pre/lin/dst rows (un_rows51)"
48583D,once,"cDogLikeHm 485390: +E10 and +E18 are fresh target-relative vector components set in this state setup, each multiplied by 0.1 once before motion starts"
485855,once,"cDogLikeHm 485390: +E10 and +E18 are fresh target-relative vector components set in this state setup, each multiplied by 0.1 once before motion starts"
485D0B,once,cDogLikeHm 485AC0: +E36 advances after effect 2D is emitted and hands off to a new action stage
486041,once,cDogLikeHm 485D90: +E36 moves back from stage 37 to the previous action after testing for the stage 8 branch
48616A,fixed,"Animal heading approach: each angle store takes the result of its immediately preceding FixTurnRate call, whose per-tick blend is converted at entry and whose caller is audited in turn_callers.csv"
48620D,fixed,cDogLikeHm 4860D0: +E36 action-step counter now increments on stock ticks while below ten
4868EA,fixed,"Animal heading approach: each angle store takes the result of its immediately preceding FixTurnRate call, whose per-tick blend is converted at entry and whose caller is audited in turn_callers.csv"
486950,fixed,cDogLikeHm 4867F0: actor X and Z motion now use scaled sine and cosine displacements in both steering branches
486975,fixed,cDogLikeHm 4867F0: actor X and Z motion now use scaled sine and cosine displacements in both steering branches
486A70,fixed,cDogLikeHm 4867F0: E36 steering-stage count now advances on stock ticks before ten
486B3D,fixed,cDogLikeHm 4867F0: actor X and Z motion now use scaled sine and cosine displacements in both steering branches
486BA8,fixed,cDogLikeHm 4867F0: E36 count now advances on stock ticks and its zero-triggered effects run once at the start of the stage
486D73,fixed,cDogLikeHm 4867F0: actor X and Z motion now use scaled sine and cosine displacements in both steering branches
486D8C,fixed,cDogLikeHm 4867F0: actor X and Z motion now use scaled sine and cosine displacements in both steering branches
4870A9,follows,"cDogLikeHm 486DE0: +E36 is assigned from the motion playhead returned by 4B9C70, which follows the scaled motion advance"
48752C,fixed,"cDogLikeHm 4873A0, state 4: the heading's spin is pre 4875AB with its decay countlast 4875B8, the approach toward +1234 lin 4874B6 (step and snap bound), +E36 count 4875FB with its sounds' callgate 48762A; the root motion (2DA3D0) and sub-states 0..3's motion advance (4B9B70) run every tick"
4875C0,fixed,"cDogLikeHm 4873A0, state 4: the heading's spin is pre 4875AB with its decay countlast 4875B8, the approach toward +1234 lin 4874B6 (step and snap bound), +E36 count 4875FB with its sounds' callgate 48762A; the root motion (2DA3D0) and sub-states 0..3's motion advance (4B9B70) run every tick"
4875C8,fixed,"cDogLikeHm 4873A0, state 4: the heading's spin is pre 4875AB with its decay countlast 4875B8, the approach toward +1234 lin 4874B6 (step and snap bound), +E36 count 4875FB with its sounds' callgate 48762A; the root motion (2DA3D0) and sub-states 0..3's motion advance (4B9B70) run every tick"
4875FB,fixed,"cDogLikeHm 4873A0, state 4: the heading's spin is pre 4875AB with its decay countlast 4875B8, the approach toward +1234 lin 4874B6 (step and snap bound), +E36 count 4875FB with its sounds' callgate 48762A; the root motion (2DA3D0) and sub-states 0..3's motion advance (4B9B70) run every tick"
48782B,fixed,"Animal heading approach: each angle store takes the result of its immediately preceding FixTurnRate call, whose per-tick blend is converted at entry and whose caller is audited in turn_callers.csv"
48783C,fixed,"Animal heading approach: each angle store takes the result of its immediately preceding FixTurnRate call, whose per-tick blend is converted at entry and whose caller is audited in turn_callers.csv"
487898,fixed,"Animal heading approach: each angle store takes the result of its immediately preceding FixTurnRate call, whose per-tick blend is converted at entry and whose caller is audited in turn_callers.csv"
4884FB,fixed,"Animal heading approach: each angle store takes the result of its immediately preceding FixTurnRate call, whose per-tick blend is converted at entry and whose caller is audited in turn_callers.csv"
48884C,fixed,cDogMakimono 4887F0: +1070 now descends by a scaled one-unit step while positive
489D93,fixed,"The moving platforms: the 5-tick shakes +10A0 are count rows 489D93/489F8F, the move by the speed is pre/src rows 489E36/489E4E, and 0x82E's speed ramp and pause are lin rows 48A017/48A080 and count row 48A05B with notyet 48A061."
489EBE,once,Platform state 489DD0: +10A4 advances once when the platform reaches an end of its travel (with a sound and the 10-tick wait +10A0).
489F8F,fixed,"The moving platforms: the 5-tick shakes +10A0 are count rows 489D93/489F8F, the move by the speed is pre/src rows 489E36/489E4E, and 0x82E's speed ramp and pause are lin rows 48A017/48A080 and count row 48A05B with notyet 48A061."
48A01F,fixed,"The moving platforms: the 5-tick shakes +10A0 are count rows 489D93/489F8F, the move by the speed is pre/src rows 489E36/489E4E, and 0x82E's speed ramp and pause are lin rows 48A017/48A080 and count row 48A05B with notyet 48A061."
48A05B,fixed,"The moving platforms: the 5-tick shakes +10A0 are count rows 489D93/489F8F, the move by the speed is pre/src rows 489E36/489E4E, and 0x82E's speed ramp and pause are lin rows 48A017/48A080 and count row 48A05B with notyet 48A061."
48A088,fixed,"The moving platforms: the 5-tick shakes +10A0 are count rows 489D93/489F8F, the move by the speed is pre/src rows 489E36/489E4E, and 0x82E's speed ramp and pause are lin rows 48A017/48A080 and count row 48A05B with notyet 48A061."
48AB1B,once,"Screen transition 48A920: B65E88 is cleared with the rest of the transition's state when it ends (mode 3, its last step)."
48AD5B,fixed,Screen transition 48AD20: the 6-tick count +1C is count row 48AD2C.
48BEEE,fixed,"48BEB0 startup entry is gated at stock cadence, keeping the eight-update wait and its loader start/completion together; the tail caller 48BE20 is a real unwind entry rather than an address-taken callback and its 4BA500 caller ignores RAX"
48C0A6,once,48C080/48C0D0/48C120: byte +1 changes zero to one immediately after initialization or starting an asynchronous operation; later calls only poll its completion
48C0FC,once,48C080/48C0D0/48C120: byte +1 changes zero to one immediately after initialization or starting an asynchronous operation; later calls only poll its completion
48C146,once,48C080/48C0D0/48C120: byte +1 changes zero to one immediately after initialization or starting an asynchronous operation; later calls only poll its completion
48D476,fixed,cFish 48D450: +10F8 countdown now decreases by one on stock ticks while in stage one
48D8A6,once,"cFish 48D740: +E44 loses 100 only during the stage-one hit transition, which advances E36 to the next state"
48D99E,fixed,cFish 48D740: the configured vertical step is scaled before adding to actor Y in stage four
48DAE0,once,"48DA90 (from 48ECA0): +8C drops once when its message closes (guarded by +157, set at once)."
48DDA6,fixed,48DCE0: the approach of +EC by a third a tick is srcblend row 48DD9A.
48DE43,fixed,48DE00 is a gatefn row: its counter and the value it derives run once a stock tick.
48DE49,fixed,48DE00 is a gatefn row: its counter and the value it derives run once a stock tick.
48E00D,fixed,"48DED0, the treasure fanfare, is gatefn row 48DED0: its count-up +8F, the fade of 18EB20's +1D0 and the collected count +E2 run at stock cadence."
48E07A,fixed,"48DED0, the treasure fanfare, is gatefn row 48DED0: its count-up +8F, the fade of 18EB20's +1D0 and the collected count +E2 run at stock cadence."
48E227,fixed,"48DED0, the treasure fanfare, is gatefn row 48DED0: its count-up +8F, the fade of 18EB20's +1D0 and the collected count +E2 run at stock cadence."
48F4E1,once,48F3A0 (the menu pages 6097E0..60A220) shifts a layout element by 64 when the page is built.
48FC5D,once,"48FAA0 increments inner phase 159 only on phase-zero setup. E0 counts failed completed attempts only after 48D710 reports completion, then the 156 dispatcher state is changed to 202 or 3."
48FCE1,once,"48FAA0 increments inner phase 159 only on phase-zero setup. E0 counts failed completed attempts only after 48D710 reports completion, then the 156 dispatcher state is changed to 202 or 3."
4904A1,once,"4902F0 (called by 4900B0): the selected entry +2 changes on an accepted press and starts the 16-tick slide (state 2 or 3); state 1, the only one that reads the pad, runs again only after the slide."
4905A8,once,"4902F0 (called by 4900B0): the selected entry +2 changes on an accepted press and starts the 16-tick slide (state 2 or 3); state 1, the only one that reads the pad, runs again only after the slide."
490978,once,490840 (from 4900F0): +31 changes once per accepted press.
491851,once,"491800 changes dialogue phase 159 from one to two only after the request completion byte 1A becomes nonzero, then starts the next dialogue request."
493564,stock,"4934D0 subtracts the real time elapsed since a stamp (OSGetTick/OSDiffTick) from B6C47C: wall-clock time, not ticks."
49415F,once,Scene teardown increments B661D1 from phase zero after setup and from phase two only after every resource readiness check succeeds. The empty phase-three/four barriers are separately paced.
49430B,stock,"Scene teardown 494120's two empty update barriers (B661D1 cases three and four): the exit spin 4B69A0 runs 494120 until B661D8 clears, inside one tick"
495704,once,cGear initialization vtable slot 6 adds the fixed initial yaw for types 8C0/8D5 while creating attachments and initializing phase fields.
49597D,fixed,"cGear 495950: the slot-3 update now runs on stock ticks, pacing its +E35/+E36 waits and all +B4/+B8 gear-angle advances together"
495A25,fixed,"cGear 495950: the slot-3 update now runs on stock ticks, pacing its +E35/+E36 waits and all +B4/+B8 gear-angle advances together"
495A8B,fixed,"cGear 495950: the slot-3 update now runs on stock ticks, pacing its +E35/+E36 waits and all +B4/+B8 gear-angle advances together"
495B42,fixed,"cGear 495950: the slot-3 update now runs on stock ticks, pacing its +E35/+E36 waits and all +B4/+B8 gear-angle advances together"
495B8C,fixed,"cGear 495950: the slot-3 update now runs on stock ticks, pacing its +E35/+E36 waits and all +B4/+B8 gear-angle advances together"
495BCA,fixed,"cGear 495950: the slot-3 update now runs on stock ticks, pacing its +E35/+E36 waits and all +B4/+B8 gear-angle advances together"
495C1A,fixed,"cGear 495950: the slot-3 update now runs on stock ticks, pacing its +E35/+E36 waits and all +B4/+B8 gear-angle advances together"
495C47,fixed,"cGear 495950: the conditional +/- 6.28 stores only wrap angles after a stock-tick gear advance, which now occurs in the gated update"
495C6C,fixed,"cGear 495950: the conditional +/- 6.28 stores only wrap angles after a stock-tick gear advance, which now occurs in the gated update"
495C89,fixed,"cGear 495950: the conditional +/- 6.28 stores only wrap angles after a stock-tick gear advance, which now occurs in the gated update"
495CA6,fixed,"cGear 495950: the conditional +/- 6.28 stores only wrap angles after a stock-tick gear advance, which now occurs in the gated update"
496521,stock,"496500/496530: apply caller-supplied health and maximum-health amounts to save-state +8 and +C; health clamps to current maximum and maximum health clamps to zero, with no autonomous tick step"
496542,stock,"496500/496530: apply caller-supplied health and maximum-health amounts to save-state +8 and +C; health clamps to current maximum and maximum health clamps to zero, with no autonomous tick step"
496587,stock,"496550 applies a supplied resource/reward delta, clamps the resulting total to capacity, and records positive earned amounts; changes are tied to the caller's award or consumption."
4965B9,stock,"496550 applies a supplied resource/reward delta, clamps the resulting total to capacity, and records positive earned amounts; changes are tied to the caller's award or consumption."
496706,once,"4965D0 adds an amount to an item or resource count in the save data (B205C0), capped: called when something is collected or bought."
49671A,once,"4965D0 adds an amount to an item or resource count in the save data (B205C0), capped: called when something is collected or bought."
4967DD,once,"4965D0 adds an amount to an item or resource count in the save data (B205C0), capped: called when something is collected or bought."
49867D,once,"cItemObj 498640 498AF0 4991F0 4992F0 4995A0: these +E36 increments enter the next item action stage after initial vector setup, helper success, or obtaining the target; the new stage does not repeat the same setup branch"
498B7C,once,"cItemObj 498640 498AF0 4991F0 4992F0 4995A0: these +E36 increments enter the next item action stage after initial vector setup, helper success, or obtaining the target; the new stage does not repeat the same setup branch"
498D3C,fixed,498D00 is a gatefn row: its float steps run once a stock tick.
498D49,fixed,498D00 is a gatefn row: its float steps run once a stock tick.
498DB0,fixed,"cItemObj 498D00 complete stock-cadence gate couples XYZ integration, gravity and contact restitution."
498E49,stock,"498E30..498E70 has no direct external entry, aligned or unaligned actual code pointer, switch/LEA reference, export reference or physical fallthrough. Generator rechecks this complete range on the audited image; unwind frame descriptions cannot invoke it."
498F07,once,"cItemObj impact restitution: 498D00 invokes 498E70 after 499C30 reports wall/ground contact, and 498F70 for the wall-contact bit. The helpers reflect the incoming direction or reverse/halve its speed for that contact."
498F27,once,"cItemObj impact restitution: 498D00 invokes 498E70 after 499C30 reports wall/ground contact, and 498F70 for the wall-contact bit. The helpers reflect the incoming direction or reverse/halve its speed for that contact."
499070,once,"cItemObj impact restitution: 498D00 invokes 498E70 after 499C30 reports wall/ground contact, and 498F70 for the wall-contact bit. The helpers reflect the incoming direction or reverse/halve its speed for that contact."
499084,once,"cItemObj impact restitution: 498D00 invokes 498E70 after 499C30 reports wall/ground contact, and 498F70 for the wall-contact bit. The helpers reflect the incoming direction or reverse/halve its speed for that contact."
499173,fixed,"cItemObj 4990A0 complete stock-cadence gate couples height-dependent acceleration, clamped damping, Y integration and pickup collision."
499192,fixed,"cItemObj 4990A0 complete stock-cadence gate couples height-dependent acceleration, clamped damping, Y integration and pickup collision."
4991A7,fixed,"cItemObj 4990A0 complete stock-cadence gate couples height-dependent acceleration, clamped damping, Y integration and pickup collision."
499228,once,"cItemObj 498640 498AF0 4991F0 4992F0 4995A0: these +E36 increments enter the next item action stage after initial vector setup, helper success, or obtaining the target; the new stage does not repeat the same setup branch"
4993B2,once,"cItemObj 498640 498AF0 4991F0 4992F0 4995A0: these +E36 increments enter the next item action stage after initial vector setup, helper success, or obtaining the target; the new stage does not repeat the same setup branch"
499495,fixed,"cItemObj 499410/4995A0: x and z move by (target - x) / +E3C, now srcblend rows"
4995F5,once,"cItemObj 498640 498AF0 4991F0 4992F0 4995A0: these +E36 increments enter the next item action stage after initial vector setup, helper success, or obtaining the target; the new stage does not repeat the same setup branch"
499640,fixed,"cItemObj 499410/4995A0: x and z move by (target - x) / +E3C, now srcblend rows"
499880,fixed,"cItemObj 4997D0: y += 0.8 a tick, now src 499878"
499C94,stock,"cItemObj 499C30 subtracts +E54 and a fixed 0.5 from object Y before 45E610 and 45FC40 collision queries, then adds back the same two values before testing and clamping the resolved Y; these four stores only move the query coordinate frame"
499CA9,stock,"cItemObj 499C30 subtracts +E54 and a fixed 0.5 from object Y before 45E610 and 45FC40 collision queries, then adds back the same two values before testing and clamping the resolved Y; these four stores only move the query coordinate frame"
499CF9,stock,"cItemObj 499C30 subtracts +E54 and a fixed 0.5 from object Y before 45E610 and 45FC40 collision queries, then adds back the same two values before testing and clamping the resolved Y; these four stores only move the query coordinate frame"
499D0E,stock,"cItemObj 499C30 subtracts +E54 and a fixed 0.5 from object Y before 45E610 and 45FC40 collision queries, then adds back the same two values before testing and clamping the resolved Y; these four stores only move the query coordinate frame"
499EB1,stock,"UI companion placement helper 499DD0: E10/E54/E18 are rebuilt by 1BE000 from a fresh rotation each call, then translated by the actor position minus its stored reference position; these additions place the result in world coordinates"
499ED5,stock,"UI companion placement helper 499DD0: E10/E54/E18 are rebuilt by 1BE000 from a fresh rotation each call, then translated by the actor position minus its stored reference position; these additions place the result in world coordinates"
499EF9,stock,"UI companion placement helper 499DD0: E10/E54/E18 are rebuilt by 1BE000 from a fresh rotation each call, then translated by the actor position minus its stored reference position; these additions place the result in world coordinates"
49D1AB,once,"49D0C0 sets a voice up: +28 is its starting level plus 0x50 when asked, once."
49DD00,stock,"Resource manager 49DC70's five-update readiness delay, a resource instance's 90-update timeout (49DD20) and the 30-update retry delays (49DE70, 49E090), the resource record's eight-update retry cooldown (313710): loader latency; the exit spin 4B69A0 hung on 49DD00"
49DD33,stock,"Resource manager 49DC70's five-update readiness delay, a resource instance's 90-update timeout (49DD20) and the 30-update retry delays (49DE70, 49E090), the resource record's eight-update retry cooldown (313710): loader latency; the exit spin 4B69A0 hung on 49DD00"
49DE86,stock,"Resource manager 49DC70's five-update readiness delay, a resource instance's 90-update timeout (49DD20) and the 30-update retry delays (49DE70, 49E090), the resource record's eight-update retry cooldown (313710): loader latency; the exit spin 4B69A0 hung on 49DD00"
49E0A6,stock,"Resource manager 49DC70's five-update readiness delay, a resource instance's 90-update timeout (49DD20) and the 30-update retry delays (49DE70, 49E090), the resource record's eight-update retry cooldown (313710): loader latency; the exit spin 4B69A0 hung on 49DD00"
4A100F,once,"4A0900, the event sequencer's command step: +8 counts the commands it runs (its loops pass once a stock tick, task_waits.h)."
4A18BF,once,cMonsterGear slot 9 (4A1580): its angle set once as it starts (x - 1)
4A1D85,fixed,cMonsterGear countdowns count
4A1E30,stock,"4A1DA0..4A1EB0 has no direct external entry, aligned or unaligned actual code pointer, switch/LEA reference, export reference or physical fallthrough. Generator rechecks this complete range on the audited image; unwind frame descriptions cannot invoke it."
4A1E53,stock,"4A1DA0..4A1EB0 has no direct external entry, aligned or unaligned actual code pointer, switch/LEA reference, export reference or physical fallthrough. Generator rechecks this complete range on the audited image; unwind frame descriptions cannot invoke it."
4A1E69,stock,"4A1DA0..4A1EB0 has no direct external entry, aligned or unaligned actual code pointer, switch/LEA reference, export reference or physical fallthrough. Generator rechecks this complete range on the audited image; unwind frame descriptions cannot invoke it."
4A1E8E,stock,"4A1DA0..4A1EB0 has no direct external entry, aligned or unaligned actual code pointer, switch/LEA reference, export reference or physical fallthrough. Generator rechecks this complete range on the audited image; unwind frame descriptions cannot invoke it."
4A1F79,fixed,"cMonsterGear spins, springs and countdowns (pre, lin, srcx, count)"
4A1F8C,fixed,"cMonsterGear spins, springs and countdowns (pre, lin, srcx, count)"
4A1FA2,follows,cMonsterGear: an angle's wrap by 2 pi (the step is scaled)
4A1FC7,follows,cMonsterGear: an angle's wrap by 2 pi (the step is scaled)
4A2063,fixed,"cMonsterGear spins, springs and countdowns (pre, lin, srcx, count)"
4A2090,fixed,"cMonsterGear spins, springs and countdowns (pre, lin, srcx, count)"
4A20E0,fixed,"cMonsterGear spins, springs and countdowns (pre, lin, srcx, count)"
4A214D,fixed,"cMonsterGear spins, springs and countdowns (pre, lin, srcx, count)"
4A2163,follows,cMonsterGear: an angle's wrap by 2 pi (the step is scaled)
4A2188,follows,cMonsterGear: an angle's wrap by 2 pi (the step is scaled)
4A2250,fixed,"cMonsterGear spins, springs and countdowns (pre, lin, srcx, count)"
4A2266,follows,cMonsterGear: an angle's wrap by 2 pi (the step is scaled)
4A228B,follows,cMonsterGear: an angle's wrap by 2 pi (the step is scaled)
4A22B9,fixed,cMonsterGear countdowns count
4A2406,fixed,cMonsterGear countdowns count
4A2CA6,fixed,"cMonsterGear spins, springs and countdowns (pre, lin, srcx, count)"
4A2CBC,fixed,"cMonsterGear spins, springs and countdowns (pre, lin, srcx, count)"
4A2E07,fixed,"cMonsterGear spins, springs and countdowns (pre, lin, srcx, count)"
4A2E21,fixed,"cMonsterGear spins, springs and countdowns (pre, lin, srcx, count)"
4A2E42,fixed,"cMonsterGear spins, springs and countdowns (pre, lin, srcx, count)"
4A2F23,fixed,"cMonsterGear spins, springs and countdowns (pre, lin, srcx, count)"
4A3236,fixed,cMonsterGear countdowns count
4A32C3,fixed,"cMonsterGear spins, springs and countdowns (pre, lin, srcx, count)"
4A32DD,fixed,"cMonsterGear spins, springs and countdowns (pre, lin, srcx, count)"
4A32FE,fixed,"cMonsterGear spins, springs and countdowns (pre, lin, srcx, count)"
4A33E2,fixed,"cMonsterGear spins, springs and countdowns (pre, lin, srcx, count)"
4A3CAC,once,"4A3AD0 (from 1ACD10, 3F1830, 6018A0) numbers a new entry from the count +10."
4A5C72,stock,"4A5AE0 is the transaction callback reached from 4A58D0: it chooses an integer amount iVar7 from +0x38/+0x3C/+0x40 according to the current menu option, adds that amount to the recipient balance through +0x50, and debits the same amount through 496550; the write is a currency transfer, not a timer"
4A6862,follows,4A6660 loop body resumes after task_waits.h stock-paced wait(1) at 4A68CE; the first pass runs once before that wait
4A68A2,follows,"4A6660: a step of the loop whose wait(1) at 4A68CE task_waits.h makes a stock tick's, so one step a stock tick"
4A77AC,fixed,"shared deforming-model spring: complete coupled physics update is gated at 4A76A0; all internal forces, damping, integration and event cadence remain in stock units. Generator proves unused return values and callers; DLL installation and N=1/2/4 window emulation pass."
4A77B1,fixed,"shared deforming-model spring: complete coupled physics update is gated at 4A76A0; all internal forces, damping, integration and event cadence remain in stock units. Generator proves unused return values and callers; DLL installation and N=1/2/4 window emulation pass."
4A77B7,fixed,"shared deforming-model spring: complete coupled physics update is gated at 4A76A0; all internal forces, damping, integration and event cadence remain in stock units. Generator proves unused return values and callers; DLL installation and N=1/2/4 window emulation pass."
4A77C9,fixed,"shared deforming-model spring: complete coupled physics update is gated at 4A76A0; all internal forces, damping, integration and event cadence remain in stock units. Generator proves unused return values and callers; DLL installation and N=1/2/4 window emulation pass."
4A77E1,fixed,"shared deforming-model spring: complete coupled physics update is gated at 4A76A0; all internal forces, damping, integration and event cadence remain in stock units. Generator proves unused return values and callers; DLL installation and N=1/2/4 window emulation pass."
4A77FF,fixed,"shared deforming-model spring: complete coupled physics update is gated at 4A76A0; all internal forces, damping, integration and event cadence remain in stock units. Generator proves unused return values and callers; DLL installation and N=1/2/4 window emulation pass."
4A792B,fixed,"shared deforming-model spring: complete coupled physics update is gated at 4A76A0; all internal forces, damping, integration and event cadence remain in stock units. Generator proves unused return values and callers; DLL installation and N=1/2/4 window emulation pass."
4A7934,fixed,"shared deforming-model spring: complete coupled physics update is gated at 4A76A0; all internal forces, damping, integration and event cadence remain in stock units. Generator proves unused return values and callers; DLL installation and N=1/2/4 window emulation pass."
4A7939,fixed,"shared deforming-model spring: complete coupled physics update is gated at 4A76A0; all internal forces, damping, integration and event cadence remain in stock units. Generator proves unused return values and callers; DLL installation and N=1/2/4 window emulation pass."
4A7995,fixed,"shared deforming-model spring: complete coupled physics update is gated at 4A76A0; all internal forces, damping, integration and event cadence remain in stock units. Generator proves unused return values and callers; DLL installation and N=1/2/4 window emulation pass."
4A79B2,fixed,"shared deforming-model spring: complete coupled physics update is gated at 4A76A0; all internal forces, damping, integration and event cadence remain in stock units. Generator proves unused return values and callers; DLL installation and N=1/2/4 window emulation pass."
4A79BF,fixed,"shared deforming-model spring: complete coupled physics update is gated at 4A76A0; all internal forces, damping, integration and event cadence remain in stock units. Generator proves unused return values and callers; DLL installation and N=1/2/4 window emulation pass."
4A8A34,once,"Model-tether construction clears +70, adds one or two immutable attachment heights, captures attachment positions and assigns the initial friction/spring configuration. It builds a rest-height total for one setup call."
4A8A70,once,"Model-tether construction clears +70, adds one or two immutable attachment heights, captures attachment positions and assigns the initial friction/spring configuration. It builds a rest-height total for one setup call."
4A8C36,fixed,"Coupled model tether: entire coupled update is paced by the stock-cadence gate at 4A8B50. Caller return-value proof, patch overlap audit, installed DLL checks and N=1/2/4 focused window emulation pass."
4A8C45,fixed,"Coupled model tether: entire coupled update is paced by the stock-cadence gate at 4A8B50. Caller return-value proof, patch overlap audit, installed DLL checks and N=1/2/4 focused window emulation pass."
4A8C53,fixed,"Coupled model tether: entire coupled update is paced by the stock-cadence gate at 4A8B50. Caller return-value proof, patch overlap audit, installed DLL checks and N=1/2/4 focused window emulation pass."
4A8CA4,fixed,"Coupled model tether: entire coupled update is paced by the stock-cadence gate at 4A8B50. Caller return-value proof, patch overlap audit, installed DLL checks and N=1/2/4 focused window emulation pass."
4A8CBA,fixed,"Coupled model tether: entire coupled update is paced by the stock-cadence gate at 4A8B50. Caller return-value proof, patch overlap audit, installed DLL checks and N=1/2/4 focused window emulation pass."
4A8CC3,fixed,"Coupled model tether: entire coupled update is paced by the stock-cadence gate at 4A8B50. Caller return-value proof, patch overlap audit, installed DLL checks and N=1/2/4 focused window emulation pass."
4A9EFB,fixed,"es49 4A9DD0: two FixTurnRate calls receive compounded 0.05 blend factors, one on each copied xmm2, before approaching +E0/+108"
4A9F15,fixed,"es49 4A9DD0: two FixTurnRate calls receive compounded 0.05 blend factors, one on each copied xmm2, before approaching +E0/+108"
4A9F31,fixed,es49 4A9DD0: the +10E8 lifetime countdown write executes once per stock actor tick
4AA9D9,once,"4AA900, 4AADC0, 4AB000, 4AB0C0, 4AB160, 4AB260, 4AC090 (villager states from 3087E0..30E110): the sub-state +E36 advances once, after a motion starts, an effect is spawned or a check passes."
4AAE90,once,"4AA900, 4AADC0, 4AB000, 4AB0C0, 4AB160, 4AB260, 4AC090 (villager states from 3087E0..30E110): the sub-state +E36 advances once, after a motion starts, an effect is spawned or a check passes."
4AB095,once,"4AA900, 4AADC0, 4AB000, 4AB0C0, 4AB160, 4AB260, 4AC090 (villager states from 3087E0..30E110): the sub-state +E36 advances once, after a motion starts, an effect is spawned or a check passes."
4AB111,once,"4AA900, 4AADC0, 4AB000, 4AB0C0, 4AB160, 4AB260, 4AC090 (villager states from 3087E0..30E110): the sub-state +E36 advances once, after a motion starts, an effect is spawned or a check passes."
4AB1E8,once,"4AA900, 4AADC0, 4AB000, 4AB0C0, 4AB160, 4AB260, 4AC090 (villager states from 3087E0..30E110): the sub-state +E36 advances once, after a motion starts, an effect is spawned or a check passes."
4AB2F5,once,"4AA900, 4AADC0, 4AB000, 4AB0C0, 4AB160, 4AB260, 4AC090 (villager states from 3087E0..30E110): the sub-state +E36 advances once, after a motion starts, an effect is spawned or a check passes."
4AB799,once,"Human +E36 motion-stage transitions: each increment leaves its triggering stage and follows an effect, motion start, or completion event"
4AB88C,once,"a state's start: the sub-state +E36/+E37 steps once beside the motion's start, an effect or sound, or the timer +E3C's set (em7a 2D4BFE: once per animation end) (template substate_start)"
4AB96C,once,"a state's start: the sub-state +E36/+E37 steps once beside the motion's start, an effect or sound, or the timer +E3C's set (em7a 2D4BFE: once per animation end) (template substate_start)"
4ABA4C,once,"a state's start: the sub-state +E36/+E37 steps once beside the motion's start, an effect or sound, or the timer +E3C's set (em7a 2D4BFE: once per animation end) (template substate_start)"
4ABC15,fixed,Villager 4ABA90: the 15-degree turn a tick is lin row 4ABC08.
4AC119,once,"4AA900, 4AADC0, 4AB000, 4AB0C0, 4AB160, 4AB260, 4AC090 (villager states from 3087E0..30E110): the sub-state +E36 advances once, after a motion starts, an effect is spawned or a check passes."
4AC187,stock,"4AC140..4AC1A0 has no direct external entry, aligned or unaligned actual code pointer, switch/LEA reference, export reference or physical fallthrough. Generator rechecks this complete range on the audited image; unwind frame descriptions cannot invoke it."
4AD32C,fixed,Environment 4AC680: the fade +FE0's step is srcx row 4AD324.
4AEDB0,stock,Day-clock rollover rebases the previous clock and active transition targets by the same 0xA75900 offset only when the absolute clock is near unsigned overflow. These synchronized coordinate changes retain elapsed intervals.
4AEDCA,stock,Day-clock rollover rebases the previous clock and active transition targets by the same 0xA75900 offset only when the absolute clock is near unsigned overflow. These synchronized coordinate changes retain elapsed intervals.
4AEDD9,stock,Day-clock rollover rebases the previous clock and active transition targets by the same 0xA75900 offset only when the absolute clock is near unsigned overflow. These synchronized coordinate changes retain elapsed intervals.
4AEE1F,follows,Day total increments when the new absolute clock crosses the day modulo boundary relative to the previous clock copied before the advance; the already corrected day advance and transition control the crossing rate.
4AF991,fixed,4AF910 is a gatefn row: its counters run once a stock tick.
4AF9B9,fixed,4AF910 is a gatefn row: its counters run once a stock tick.
4AFBF5,stock,Day-clock rollover rebases the previous clock and active transition targets by the same 0xA75900 offset only when the absolute clock is near unsigned overflow. These synchronized coordinate changes retain elapsed intervals.
4AFC0E,stock,Day-clock rollover rebases the previous clock and active transition targets by the same 0xA75900 offset only when the absolute clock is near unsigned overflow. These synchronized coordinate changes retain elapsed intervals.
4AFC1D,stock,Day-clock rollover rebases the previous clock and active transition targets by the same 0xA75900 offset only when the absolute clock is near unsigned overflow. These synchronized coordinate changes retain elapsed intervals.
4B2F8B,once,"4B2F30 runs when the object 0xA25 is struck (498330, from 498AF0's hit test): B6B328+1B counts the hits to 10."
4B6466,stock,"flower_tick and subsystem profilers subtract OSGetTick/OSDiffTick elapsed clock units. These measure actual host time, rather than elapsed display frames."
4B6D58,stock,Frame-rate measurement counts actual rendered frames over OSGetTick/OSTicksToMicroseconds64 elapsed time and resets the sample count for the next interval; scaling this would falsify the measured FPS.
4B6EF8,stock,"Motion-track evaluators advance the input data-stream pointer by eight bytes while parsing an encoded keyframe record during one evaluation; this is a data cursor, not a persistent frame clock."
4B72F2,stock,"Motion-track evaluators advance the input data-stream pointer by eight bytes while parsing an encoded keyframe record during one evaluation; this is a data cursor, not a persistent frame clock."
4B786E,stock,"4B7700 samples fresh translation/rotation tracks at the already-scaled +F48 motion frame; mirror negations and angle normalization apply to freshly assigned channels, without accumulating a phase."
4B7931,stock,"4B7700 samples fresh translation/rotation tracks at the already-scaled +F48 motion frame; mirror negations and angle normalization apply to freshly assigned channels, without accumulating a phase."
4B7950,stock,"4B7700 samples fresh translation/rotation tracks at the already-scaled +F48 motion frame; mirror negations and angle normalization apply to freshly assigned channels, without accumulating a phase."
4B7978,stock,"4B7700 samples fresh translation/rotation tracks at the already-scaled +F48 motion frame; mirror negations and angle normalization apply to freshly assigned channels, without accumulating a phase."
4B79DF,follows,"4B7700 interpolates channels using 1/remaining(+F50); 4BA141 in mode_multipliers.h expands the initial blend duration for the configured FPS, and 4B9D73 consumes one unit per tick, reaching the target over that expanded span."
4B7A34,follows,"4B7700 interpolates channels using 1/remaining(+F50); 4BA141 in mode_multipliers.h expands the initial blend duration for the configured FPS, and 4B9D73 consumes one unit per tick, reaching the target over that expanded span."
4B7A9B,follows,"4B7700 interpolates channels using 1/remaining(+F50); 4BA141 in mode_multipliers.h expands the initial blend duration for the configured FPS, and 4B9D73 consumes one unit per tick, reaching the target over that expanded span."
4B7BB5,follows,"4B7700 interpolates channels using 1/remaining(+F50); 4BA141 in mode_multipliers.h expands the initial blend duration for the configured FPS, and 4B9D73 consumes one unit per tick, reaching the target over that expanded span."
4B7C18,follows,"4B7700 interpolates channels using 1/remaining(+F50); 4BA141 in mode_multipliers.h expands the initial blend duration for the configured FPS, and 4B9D73 consumes one unit per tick, reaching the target over that expanded span."
4B7C80,follows,"4B7700 interpolates channels using 1/remaining(+F50); 4BA141 in mode_multipliers.h expands the initial blend duration for the configured FPS, and 4B9D73 consumes one unit per tick, reaching the target over that expanded span."
4B7FF0,follows,"4B7700 interpolates channels using 1/remaining(+F50); 4BA141 in mode_multipliers.h expands the initial blend duration for the configured FPS, and 4B9D73 consumes one unit per tick, reaching the target over that expanded span."
4B804C,follows,"4B7700 interpolates channels using 1/remaining(+F50); 4BA141 in mode_multipliers.h expands the initial blend duration for the configured FPS, and 4B9D73 consumes one unit per tick, reaching the target over that expanded span."
4B80A8,follows,"4B7700 interpolates channels using 1/remaining(+F50); 4BA141 in mode_multipliers.h expands the initial blend duration for the configured FPS, and 4B9D73 consumes one unit per tick, reaching the target over that expanded span."
4B8294,stock,"4B8160 (called only by the motion advance 4B9C80) samples the motion's tracks at time +F48 into +EA0..+F08 every tick; the wraps and the mirror's sign flips (x -1) act on those fresh samples, not on accumulated state."
4B834E,stock,"4B8160 (called only by the motion advance 4B9C80) samples the motion's tracks at time +F48 into +EA0..+F08 every tick; the wraps and the mirror's sign flips (x -1) act on those fresh samples, not on accumulated state."
4B836B,stock,"4B8160 (called only by the motion advance 4B9C80) samples the motion's tracks at time +F48 into +EA0..+F08 every tick; the wraps and the mirror's sign flips (x -1) act on those fresh samples, not on accumulated state."
4B8397,stock,"4B8160 (called only by the motion advance 4B9C80) samples the motion's tracks at time +F48 into +EA0..+F08 every tick; the wraps and the mirror's sign flips (x -1) act on those fresh samples, not on accumulated state."
4B9D73,follows,"4B7700 interpolates channels using 1/remaining(+F50); 4BA141 in mode_multipliers.h expands the initial blend duration for the configured FPS, and 4B9D73 consumes one unit per tick, reaching the target over that expanded span."
4B9F22,fixed,"Motion frame integration and reverse-loop reconstruction use the mode-selected half-step at 4B9CA9, retargeted by mode_constants.h to the active stock-frame fraction; +F54 remains stock-unit playback speed."
4B9FFF,fixed,"Motion frame integration and reverse-loop reconstruction use the mode-selected half-step at 4B9CA9, retargeted by mode_constants.h to the active stock-frame fraction; +F54 remains stock-unit playback speed."
4BA82F,stock,"flower_tick and subsystem profilers subtract OSGetTick/OSDiffTick elapsed clock units. These measure actual host time, rather than elapsed display frames."
4BAAB6,stock,"flower_tick and subsystem profilers subtract OSGetTick/OSDiffTick elapsed clock units. These measure actual host time, rather than elapsed display frames."
4BBED9,follows,4BBE10: the flicker table is walked once a pass of the task loop whose wait(1) at 4BBEB0 task_waits.h makes a stock tick's (the walk is an inner loop over the table)
4BBF01,follows,4BBE10: the flicker table is walked once a pass of the task loop whose wait(1) at 4BBEB0 task_waits.h makes a stock tick's (the walk is an inner loop over the table)
4BBF17,follows,4BBE10 loop body resumes after task_waits.h stock-paced wait(1) at 4BBEB0; the first pass runs once before that wait
4BE6DB,stock,"Movie volume fade 4BE300: reached from 4A3F10, the movie idle test both scene spins wait on (4A3F10 -> 4A38E0 -> 4BE300)"
4BE6E3,stock,"Movie volume fade 4BE300: reached from 4A3F10, the movie idle test both scene spins wait on (4A3F10 -> 4A38E0 -> 4BE300)"
4C1263,once,Brush tutorial completion counter: 1690C0 status two reads the completed-command pulse at brush+110. 16C7E0 clears that pulse each active update and sets it when its countdown moves C80 from four to five; recognized stroke completion increments the tally once.
4C133F,once,"Brush tutorial +C counts button press events selected by B6B0D0 input bits, stopping after three presses; it is not elapsed frame time."
4C16D4,follows,"Brush tutorial +4 counts completed timeout attempts; the event resets the separately paced +8 clock to zero immediately, then starts the next attempt."
4C19A6,once,Brush tutorial completion counter: 1690C0 status two reads the completed-command pulse at brush+110. 16C7E0 clears that pulse each active update and sets it when its countdown moves C80 from four to five; recognized stroke completion increments the tally once.
4C1C03,follows,4C1B10 loop body resumes after task_waits.h stock-paced wait(1) at 4C1CE5; the first pass runs once before that wait
4C1C26,follows,4C1B10 loop body resumes after task_waits.h stock-paced wait(1) at 4C1CE5; the first pass runs once before that wait
4C1C49,follows,4C1B10 loop body resumes after task_waits.h stock-paced wait(1) at 4C1CE5; the first pass runs once before that wait
4C1C6C,follows,4C1B10 loop body resumes after task_waits.h stock-paced wait(1) at 4C1CE5; the first pass runs once before that wait
4C1C8F,follows,4C1B10 loop body resumes after task_waits.h stock-paced wait(1) at 4C1CE5; the first pass runs once before that wait
4C1CB2,follows,"4C1B10: a step of the loop whose wait(1) at 4C1CE5 task_waits.h makes a stock tick's, so one step a stock tick"
4C1CD5,follows,"4C1B10: a step of the loop whose wait(1) at 4C1CE5 task_waits.h makes a stock tick's, so one step a stock tick"
4C2106,fixed,"4C1F50: +D2C's step, now lin 4C20E7"
4C2140,follows,"4C1F50: a step of the loop whose wait(1) at 4C2120 task_waits.h makes a stock tick's, so one step a stock tick"
4C2E41,once,"Script 4C2C00 installs 4C2D90 as its completion/skip callback, clears the callback before its final direct completion call, and selects subsequent script variants from +C. This increments an event-attempt tally, rather than a time counter."
4C34B3,once,"scripted tasks (4C31C0, 4C7D80, 4CBB70, 4D4B60, 4E1BA0, 4EF210, 504930): a fade's first step before its loop, whose wait(1) task_waits.h makes a stock tick's (the loop repeats the step once a pass)"
4C3543,follows,"4C31C0: a step of the loop whose wait(1) at 4C352B task_waits.h makes a stock tick's, so one step a stock tick"
4C35E5,follows,4C31C0 loop body resumes after task_waits.h stock-paced wait(1) at 4C3672; the first pass runs once before that wait
4C3610,follows,4C31C0 loop body resumes after task_waits.h stock-paced wait(1) at 4C3672; the first pass runs once before that wait
4C3618,follows,4C31C0 loop body resumes after task_waits.h stock-paced wait(1) at 4C3672; the first pass runs once before that wait
4C3620,follows,4C31C0 loop body resumes after task_waits.h stock-paced wait(1) at 4C3672; the first pass runs once before that wait
4C3658,follows,"4C31C0: a step of the loop whose wait(1) at 4C3672 task_waits.h makes a stock tick's, so one step a stock tick"
4C3A56,follows,"4C3970: a step of the loop whose wait(1) at 4C3BF1 task_waits.h makes a stock tick's, so one step a stock tick"
4C3A5E,follows,"4C3970: a step of the loop whose wait(1) at 4C3BF1 task_waits.h makes a stock tick's, so one step a stock tick"
4C3A66,follows,"4C3970: a step of the loop whose wait(1) at 4C3BF1 task_waits.h makes a stock tick's, so one step a stock tick"
4C3A9D,follows,"4C3970: a step of the loop whose wait(1) at 4C3A80 task_waits.h makes a stock tick's, so one step a stock tick"
4C3AB1,follows,"4C3970: a step of the loop whose wait(1) at 4C3A80 task_waits.h makes a stock tick's, so one step a stock tick"
4C3AC5,follows,"4C3970: a step of the loop whose wait(1) at 4C3A80 task_waits.h makes a stock tick's, so one step a stock tick"
4C3B24,follows,"4C3970 loop body resumes after task_waits.h stock-paced wait(1) at 4C3B87,4C3BF1; the first pass runs once before that wait"
4C3B2C,follows,"4C3970 loop body resumes after task_waits.h stock-paced wait(1) at 4C3B87,4C3BF1; the first pass runs once before that wait"
4C3B34,follows,"4C3970 loop body resumes after task_waits.h stock-paced wait(1) at 4C3B87,4C3BF1; the first pass runs once before that wait"
4C3B6D,follows,"4C3970: a step of the loop whose wait(1) at 4C3B87 task_waits.h makes a stock tick's, so one step a stock tick"
4C3E1B,once,4C3C90 stage entry at table 7AD9E8 slot zero: it sets initial stage flags and places seven linked objects by a fixed height offset; slot two at 4C4300 handles subsequent stage updates
4C3E3E,once,4C3C90 stage entry at table 7AD9E8 slot zero: it sets initial stage flags and places seven linked objects by a fixed height offset; slot two at 4C4300 handles subsequent stage updates
4C3E61,once,4C3C90 stage entry at table 7AD9E8 slot zero: it sets initial stage flags and places seven linked objects by a fixed height offset; slot two at 4C4300 handles subsequent stage updates
4C3E84,once,4C3C90 stage entry at table 7AD9E8 slot zero: it sets initial stage flags and places seven linked objects by a fixed height offset; slot two at 4C4300 handles subsequent stage updates
4C3EA7,once,4C3C90 stage entry at table 7AD9E8 slot zero: it sets initial stage flags and places seven linked objects by a fixed height offset; slot two at 4C4300 handles subsequent stage updates
4C3ECA,once,4C3C90 stage entry at table 7AD9E8 slot zero: it sets initial stage flags and places seven linked objects by a fixed height offset; slot two at 4C4300 handles subsequent stage updates
4C3EFB,once,4C3C90 stage entry at table 7AD9E8 slot zero: it sets initial stage flags and places seven linked objects by a fixed height offset; slot two at 4C4300 handles subsequent stage updates
4C7B24,follows,4C7A40 loop body resumes after task_waits.h stock-paced wait(1) at 4C7BB0; the first pass runs once before that wait
4C807D,follows,"4C7D80 loop body resumes after task_waits.h stock-paced wait(1) at 4C8151,4C83E6; the first pass runs once before that wait"
4C809D,follows,"4C7D80 loop body resumes after task_waits.h stock-paced wait(1) at 4C8151,4C83E6; the first pass runs once before that wait"
4C80BD,follows,"4C7D80 loop body resumes after task_waits.h stock-paced wait(1) at 4C8151,4C83E6; the first pass runs once before that wait"
4C8125,follows,"4C7D80: a step of the loop whose wait(1) at 4C8151 task_waits.h makes a stock tick's, so one step a stock tick"
4C835F,follows,"4C7D80 loop body resumes after task_waits.h stock-paced wait(1) at 4C8151,4C83E6; the first pass runs once before that wait"
4C84B4,once,"scripted tasks (4C31C0, 4C7D80, 4CBB70, 4D4B60, 4E1BA0, 4EF210, 504930): a fade's first step before its loop, whose wait(1) task_waits.h makes a stock tick's (the loop repeats the step once a pass)"
4C850D,follows,"4C7D80: a step of the loop whose wait(1) at 4C84F0 task_waits.h makes a stock tick's, so one step a stock tick"
4C9726,follows,4C95A0 loop body resumes after task_waits.h stock-paced wait(1) at 4C97CD; the first pass runs once before that wait
4CBBB1,follows,"4CBB70 is a task like 507080: its two wait(1) loops (task_waits.h 4CBC20, 4CBD72) pass once a stock tick; these are the first pass's steps."
4CBBC9,follows,"4CBB70 is a task like 507080: its two wait(1) loops (task_waits.h 4CBC20, 4CBD72) pass once a stock tick; these are the first pass's steps."
4CBBE1,once,"scripted tasks (4C31C0, 4C7D80, 4CBB70, 4D4B60, 4E1BA0, 4EF210, 504930): a fade's first step before its loop, whose wait(1) task_waits.h makes a stock tick's (the loop repeats the step once a pass)"
4CBC3C,follows,"4CBB70: a step of the loop whose wait(1) at 4CBC20 task_waits.h makes a stock tick's, so one step a stock tick"
4CBC54,follows,"4CBB70: a step of the loop whose wait(1) at 4CBC20 task_waits.h makes a stock tick's, so one step a stock tick"
4CBC6C,follows,"4CBB70: a step of the loop whose wait(1) at 4CBC20 task_waits.h makes a stock tick's, so one step a stock tick"
4CBCD0,follows,4CBB70 loop body resumes after task_waits.h stock-paced wait(1) at 4CBD72; the first pass runs once before that wait
4CBCE8,follows,4CBB70 loop body resumes after task_waits.h stock-paced wait(1) at 4CBD72; the first pass runs once before that wait
4CBD00,follows,4CBB70 loop body resumes after task_waits.h stock-paced wait(1) at 4CBD72; the first pass runs once before that wait
4CBD4C,follows,"4CBB70: a step of the loop whose wait(1) at 4CBD72 task_waits.h makes a stock tick's, so one step a stock tick"
4D10A2,once,"et69 4D1000: the quarter-turn +B4 offset belongs only to the story-flag branch guarded by +10E4 == zero. That branch sets +10E4 to one before applying the offset, so it is one-time orientation setup."
4D11C2,fixed,et69 4D1180: 4D11A6 loads the shared 0.05 step in xmm7; all four material +60 additions use it
4D11CD,follows,et69: these stores subtract 1 only after the scaled U offset crosses +1
4D11EB,fixed,et69 4D1180: 4D11A6 loads the shared 0.05 step in xmm7; all four material +60 additions use it
4D11F6,follows,et69: these stores subtract 1 only after the scaled U offset crosses +1
4D1214,fixed,et69 4D1180: 4D11A6 loads the shared 0.05 step in xmm7; all four material +60 additions use it
4D121F,follows,et69: these stores subtract 1 only after the scaled U offset crosses +1
4D123D,fixed,et69 4D1180: 4D11A6 loads the shared 0.05 step in xmm7; all four material +60 additions use it
4D1248,follows,et69: these stores subtract 1 only after the scaled U offset crosses +1
4D144A,fixed,et69 4D1350: +E36's 89-step effect cooldown now decrements only on stock ticks after being reloaded when the nearby-target test succeeds
4D2650,fixed,Map 103's script 4D2600: the double-precision fade of +D2C is src row 4D2644.
4D373A,stock,Object eligibility census resets the total at +8 to zero on entry and tallies twelve first-class targets and four second-class targets in bounded loops; the count is rebuilt each call.
4D37BA,stock,Object eligibility census resets the total at +8 to zero on entry and tallies twelve first-class targets and four second-class targets in bounded loops; the count is rebuilt each call.
4D514C,once,"scripted tasks (4C31C0, 4C7D80, 4CBB70, 4D4B60, 4E1BA0, 4EF210, 504930): a fade's first step before its loop, whose wait(1) task_waits.h makes a stock tick's (the loop repeats the step once a pass)"
4D5154,once,"scripted tasks (4C31C0, 4C7D80, 4CBB70, 4D4B60, 4E1BA0, 4EF210, 504930): a fade's first step before its loop, whose wait(1) task_waits.h makes a stock tick's (the loop repeats the step once a pass)"
4D515C,once,"scripted tasks (4C31C0, 4C7D80, 4CBB70, 4D4B60, 4E1BA0, 4EF210, 504930): a fade's first step before its loop, whose wait(1) task_waits.h makes a stock tick's (the loop repeats the step once a pass)"
4D519D,follows,"4D4B60: a step of the loop whose wait(1) at 4D5180 task_waits.h makes a stock tick's, so one step a stock tick"
4D51B1,follows,"4D4B60: a step of the loop whose wait(1) at 4D5180 task_waits.h makes a stock tick's, so one step a stock tick"
4D51C5,follows,"4D4B60: a step of the loop whose wait(1) at 4D5180 task_waits.h makes a stock tick's, so one step a stock tick"
4D5CF5,follows,"4D5910: a step of the loop whose wait(1) at 4D5D05 task_waits.h makes a stock tick's, so one step a stock tick"
4D6EA8,follows,"4D6BC0: a step of the loop whose wait(1) at 4D6ECD task_waits.h makes a stock tick's, so one step a stock tick"
4D7BC9,follows,"4D7B20 loop body resumes after task_waits.h stock-paced wait(1) at 4D7C0C,4D7E39,4D7EA1; the first pass runs once before that wait"
4D7C98,follows,"4D7B20 loop body resumes after task_waits.h stock-paced wait(1) at 4D7C0C,4D7E39,4D7EA1; the first pass runs once before that wait"
4D7CA0,follows,"4D7B20 loop body resumes after task_waits.h stock-paced wait(1) at 4D7C0C,4D7E39,4D7EA1; the first pass runs once before that wait"
4D7CA8,follows,"4D7B20 loop body resumes after task_waits.h stock-paced wait(1) at 4D7C0C,4D7E39,4D7EA1; the first pass runs once before that wait"
4D7CF5,follows,"4D7B20: a step of the loop whose wait(1) at 4D7D29 task_waits.h makes a stock tick's, so one step a stock tick"
4D7D09,follows,"4D7B20: a step of the loop whose wait(1) at 4D7D29 task_waits.h makes a stock tick's, so one step a stock tick"
4D7D11,follows,"4D7B20: a step of the loop whose wait(1) at 4D7D29 task_waits.h makes a stock tick's, so one step a stock tick"
4D7D46,follows,"4D7B20: a step of the loop whose wait(1) at 4D7D29 task_waits.h makes a stock tick's, so one step a stock tick"
4D7D5A,follows,"4D7B20: a step of the loop whose wait(1) at 4D7D29 task_waits.h makes a stock tick's, so one step a stock tick"
4D7D6E,follows,"4D7B20: a step of the loop whose wait(1) at 4D7D29 task_waits.h makes a stock tick's, so one step a stock tick"
4D7DD6,follows,"4D7B20 loop body resumes after task_waits.h stock-paced wait(1) at 4D7C0C,4D7E39,4D7EA1; the first pass runs once before that wait"
4D7DDE,follows,"4D7B20 loop body resumes after task_waits.h stock-paced wait(1) at 4D7C0C,4D7E39,4D7EA1; the first pass runs once before that wait"
4D7DE6,follows,"4D7B20 loop body resumes after task_waits.h stock-paced wait(1) at 4D7C0C,4D7E39,4D7EA1; the first pass runs once before that wait"
4D7E1F,follows,"4D7B20: a step of the loop whose wait(1) at 4D7E39 task_waits.h makes a stock tick's, so one step a stock tick"
4DA5C2,follows,"4DA300: a step of the loop whose wait(1) at 4DA5E9 task_waits.h makes a stock tick's, so one step a stock tick"
4DA5D6,follows,"4DA300: a step of the loop whose wait(1) at 4DA5E9 task_waits.h makes a stock tick's, so one step a stock tick"
4E0780,follows,"4E06B0: a step of the loop whose wait(1) at 4E0795 task_waits.h makes a stock tick's, so one step a stock tick"
4E07D8,follows,"4E06B0: a step of the loop whose wait(1) at 4E0858 task_waits.h makes a stock tick's, so one step a stock tick"
4E07EC,follows,"4E06B0: a step of the loop whose wait(1) at 4E0858 task_waits.h makes a stock tick's, so one step a stock tick"
4E07F4,follows,4E06B0 loop body resumes after task_waits.h stock-paced wait(1) at 4E0858; the first pass runs once before that wait
4E082E,follows,"4E06B0: a step of the loop whose wait(1) at 4E0858 task_waits.h makes a stock tick's, so one step a stock tick"
4E0836,follows,"4E06B0: a step of the loop whose wait(1) at 4E0858 task_waits.h makes a stock tick's, so one step a stock tick"
4E083E,follows,"4E06B0: a step of the loop whose wait(1) at 4E0858 task_waits.h makes a stock tick's, so one step a stock tick"
4E0898,follows,"4E06B0: a step of the loop whose wait(1) at 4E08FB task_waits.h makes a stock tick's, so one step a stock tick"
4E08A0,follows,"4E06B0: a step of the loop whose wait(1) at 4E08FB task_waits.h makes a stock tick's, so one step a stock tick"
4E08A8,follows,"4E06B0: a step of the loop whose wait(1) at 4E08FB task_waits.h makes a stock tick's, so one step a stock tick"
4E08E1,follows,"4E06B0: a step of the loop whose wait(1) at 4E08FB task_waits.h makes a stock tick's, so one step a stock tick"
4E2261,once,"scripted tasks (4C31C0, 4C7D80, 4CBB70, 4D4B60, 4E1BA0, 4EF210, 504930): a fade's first step before its loop, whose wait(1) task_waits.h makes a stock tick's (the loop repeats the step once a pass)"
4E2269,once,"scripted tasks (4C31C0, 4C7D80, 4CBB70, 4D4B60, 4E1BA0, 4EF210, 504930): a fade's first step before its loop, whose wait(1) task_waits.h makes a stock tick's (the loop repeats the step once a pass)"
4E2271,once,"scripted tasks (4C31C0, 4C7D80, 4CBB70, 4D4B60, 4E1BA0, 4EF210, 504930): a fade's first step before its loop, whose wait(1) task_waits.h makes a stock tick's (the loop repeats the step once a pass)"
4E22AD,follows,"4E1BA0: a step of the loop whose wait(1) at 4E2290 task_waits.h makes a stock tick's, so one step a stock tick"
4E22C1,follows,"4E1BA0: a step of the loop whose wait(1) at 4E2290 task_waits.h makes a stock tick's, so one step a stock tick"
4E22D5,follows,"4E1BA0: a step of the loop whose wait(1) at 4E2290 task_waits.h makes a stock tick's, so one step a stock tick"
4EE8B0,follows,"4EE7A0: a step of the loop whose wait(1) at 4EE8C5 task_waits.h makes a stock tick's, so one step a stock tick"
4EE908,follows,"4EE7A0: a step of the loop whose wait(1) at 4EE988 task_waits.h makes a stock tick's, so one step a stock tick"
4EE91C,follows,"4EE7A0: a step of the loop whose wait(1) at 4EE988 task_waits.h makes a stock tick's, so one step a stock tick"
4EE924,follows,4EE7A0 loop body resumes after task_waits.h stock-paced wait(1) at 4EE988; the first pass runs once before that wait
4EE95E,follows,"4EE7A0: a step of the loop whose wait(1) at 4EE988 task_waits.h makes a stock tick's, so one step a stock tick"
4EE966,follows,"4EE7A0: a step of the loop whose wait(1) at 4EE988 task_waits.h makes a stock tick's, so one step a stock tick"
4EE96E,follows,"4EE7A0: a step of the loop whose wait(1) at 4EE988 task_waits.h makes a stock tick's, so one step a stock tick"
4EE9C8,follows,"4EE7A0: a step of the loop whose wait(1) at 4EEA2B task_waits.h makes a stock tick's, so one step a stock tick"
4EE9D0,follows,"4EE7A0: a step of the loop whose wait(1) at 4EEA2B task_waits.h makes a stock tick's, so one step a stock tick"
4EE9D8,follows,"4EE7A0: a step of the loop whose wait(1) at 4EEA2B task_waits.h makes a stock tick's, so one step a stock tick"
4EEA11,follows,"4EE7A0: a step of the loop whose wait(1) at 4EEA2B task_waits.h makes a stock tick's, so one step a stock tick"
4EF891,once,"scripted tasks (4C31C0, 4C7D80, 4CBB70, 4D4B60, 4E1BA0, 4EF210, 504930): a fade's first step before its loop, whose wait(1) task_waits.h makes a stock tick's (the loop repeats the step once a pass)"
4EF899,once,"scripted tasks (4C31C0, 4C7D80, 4CBB70, 4D4B60, 4E1BA0, 4EF210, 504930): a fade's first step before its loop, whose wait(1) task_waits.h makes a stock tick's (the loop repeats the step once a pass)"
4EF8A1,once,"scripted tasks (4C31C0, 4C7D80, 4CBB70, 4D4B60, 4E1BA0, 4EF210, 504930): a fade's first step before its loop, whose wait(1) task_waits.h makes a stock tick's (the loop repeats the step once a pass)"
4EF8DD,follows,"4EF210: a step of the loop whose wait(1) at 4EF8C0 task_waits.h makes a stock tick's, so one step a stock tick"
4EF8F1,follows,"4EF210: a step of the loop whose wait(1) at 4EF8C0 task_waits.h makes a stock tick's, so one step a stock tick"
4EF905,follows,"4EF210: a step of the loop whose wait(1) at 4EF8C0 task_waits.h makes a stock tick's, so one step a stock tick"
4F0EAD,fixed,"ut23 4F0CD0: the spin's slowdown, now src 4F0EA6/4F1081"
4F1088,fixed,"ut23 4F0CD0: the spin's slowdown, now src 4F0EA6/4F1081"
4F12FE,fixed,ut23 4F12C0: the local +1168/+116C angular phases use scaled +115C/+1160 rates before their clamps
4F132C,fixed,ut23 4F12C0: each state rotates its submodel from a scaled local angular phase
4F1351,fixed,ut23 4F12C0: the local +1168/+116C angular phases use scaled +115C/+1160 rates before their clamps
4F1382,fixed,ut23 4F12C0: each state rotates its submodel from a scaled local angular phase
4F13CF,fixed,ut23 4F12C0: the local +1168/+116C angular phases use scaled +115C/+1160 rates before their clamps
4F1400,fixed,ut23 4F12C0: each state rotates its submodel from a scaled local angular phase
4F1420,fixed,ut23 4F12C0: the local +1168/+116C angular phases use scaled +115C/+1160 rates before their clamps
4F144E,fixed,ut23 4F12C0: each state rotates its submodel from a scaled local angular phase
4F1A76,fixed,"ut25 4F1910: the wait +E42, now count 4F1A76"
4F3665,once,"4F3540 and 4F5540 (the +0 slots of event tables 7B53C0.., 7B4D48) count events in B6D778+24 and +21."
4F3CD1,stock,"Script callback 4F3CA0 counts attempts at the scripted action; the count chooses first-three versus later message IDs and initializes the player's motion afresh. Data pointer 7B43E0 selects the callback, not a frame clock."
4F5698,once,"4F3540 and 4F5540 (the +0 slots of event tables 7B53C0.., 7B4D48) count events in B6D778+24 and +21."
4FCCC4,follows,"4FCA00: a step of the loop whose wait(1) at 4FCCD7 task_waits.h makes a stock tick's, so one step a stock tick"
4FECD7,stock,"4FECB0..4FECF0 has no direct external entry, aligned or unaligned actual code pointer, switch/LEA reference, export reference or physical fallthrough. Generator rechecks this complete range on the audited image; unwind frame descriptions cannot invoke it."
4FF21D,once,"ut17 4FF080 / cBamboo 4FFB00: on a hit, +E36 steps back and the hit count +10DA/+10DB steps (at 90 it breaks)"
4FF23C,once,"ut17 4FF080 / cBamboo 4FFB00: on a hit, +E36 steps back and the hit count +10DA/+10DB steps (at 90 it breaks)"
4FFC76,once,"ut17 4FF080 / cBamboo 4FFB00: on a hit, +E36 steps back and the hit count +10DA/+10DB steps (at 90 it breaks)"
4FFC95,once,"ut17 4FF080 / cBamboo 4FFB00: on a hit, +E36 steps back and the hit count +10DA/+10DB steps (at 90 it breaks)"
504BE8,follows,"504930 loop body resumes after task_waits.h stock-paced wait(1) at 504CB5,504EFD; the first pass runs once before that wait"
504C07,follows,"504930 loop body resumes after task_waits.h stock-paced wait(1) at 504CB5,504EFD; the first pass runs once before that wait"
504C26,follows,"504930 loop body resumes after task_waits.h stock-paced wait(1) at 504CB5,504EFD; the first pass runs once before that wait"
504C8A,follows,"504930: a step of the loop whose wait(1) at 504CB5 task_waits.h makes a stock tick's, so one step a stock tick"
504E76,follows,"504930 loop body resumes after task_waits.h stock-paced wait(1) at 504CB5,504EFD; the first pass runs once before that wait"
504FD2,once,"scripted tasks (4C31C0, 4C7D80, 4CBB70, 4D4B60, 4E1BA0, 4EF210, 504930): a fade's first step before its loop, whose wait(1) task_waits.h makes a stock tick's (the loop repeats the step once a pass)"
50502C,follows,"504930: a step of the loop whose wait(1) at 505010 task_waits.h makes a stock tick's, so one step a stock tick"
5070C0,follows,"507080 is a task: its two wait(1) loops (task_waits.h 507130, 50726A) pass once a stock tick; these are the first pass's steps (+0.5 to the colour +D20..+D28 of B6D788's object), before the first wait."
5070D7,follows,"507080 is a task: its two wait(1) loops (task_waits.h 507130, 50726A) pass once a stock tick; these are the first pass's steps (+0.5 to the colour +D20..+D28 of B6D788's object), before the first wait."
5070EE,follows,"507080 is a task: its two wait(1) loops (task_waits.h 507130, 50726A) pass once a stock tick; these are the first pass's steps (+0.5 to the colour +D20..+D28 of B6D788's object), before the first wait."
50714B,follows,"507080: a step of the loop whose wait(1) at 507130 task_waits.h makes a stock tick's, so one step a stock tick"
507162,follows,"507080: a step of the loop whose wait(1) at 507130 task_waits.h makes a stock tick's, so one step a stock tick"
507179,follows,"507080: a step of the loop whose wait(1) at 507130 task_waits.h makes a stock tick's, so one step a stock tick"
5071CF,follows,507080 loop body resumes after task_waits.h stock-paced wait(1) at 50726A; the first pass runs once before that wait
5071E6,follows,507080 loop body resumes after task_waits.h stock-paced wait(1) at 50726A; the first pass runs once before that wait
5071FD,follows,507080 loop body resumes after task_waits.h stock-paced wait(1) at 50726A; the first pass runs once before that wait
507245,follows,"507080: a step of the loop whose wait(1) at 50726A task_waits.h makes a stock tick's, so one step a stock tick"
50826C,follows,508000 loop body resumes after task_waits.h stock-paced wait(1) at 5082F2; the first pass runs once before that wait
508293,follows,508000 loop body resumes after task_waits.h stock-paced wait(1) at 5082F2; the first pass runs once before that wait
5082D2,follows,"508000: a step of the loop whose wait(1) at 5082F2 task_waits.h makes a stock tick's, so one step a stock tick"
5089D9,follows,508880 loop body resumes after task_waits.h stock-paced wait(1) at 508A59; the first pass runs once before that wait
508A1C,follows,"508880: a step of the loop whose wait(1) at 508A59 task_waits.h makes a stock tick's, so one step a stock tick"
509E0A,fixed,"ut1b 509D10: the rise y += +1098, now src 509E02"
509F9C,once,ut1b 509EB0: +1091 increments only in the zero branch that initializes the sound and rise velocity. Subsequent calls take phase one until the separate completion branch resets the state.
50AEFE,once,50AEB0 increments +1 only while it is zero after setting the 3F2230 command state; subsequent calls skip the setup block
50B549,once,50B490 (from 50B6D0's setup) shifts a layout element by 64.
50C047,once,"50BDA0 (from 50AF10, 50B6D0) adds an entry and counts the entries in +106."
50C550,stock,"50C350 +2 is the selected page index, bounded to two or four by input mode; navigation changes it once and enters state two or three while the separate +1 timer controls the slide"
50C727,stock,"50C350 +2 is the selected page index, bounded to two or four by input mode; navigation changes it once and enters state two or three while the separate +1 timer controls the slide"
50CA12,stock,"50C970 +1 is the confirmation selection index, bounded by the number of choices and used as the layout entry plus two in 1B36F0 after left/right navigation"
50CA77,stock,"50C970 +1 is the confirmation selection index, bounded by the number of choices and used as the layout entry plus two in 1B36F0 after left/right navigation"
50E6FA,fixed,"cDigObj 50E600: the count +1134, now count 50E6FA"
50E8CA,once,cDigObj 50E810: +E35 advances only in the zero phase that selects and creates the effect and sound. Later calls run the duration countdown instead of repeating initialization.
50E98F,fixed,cDigObj 50E960: the double 0.005 is scaled before addition to the promoted float U phase and the result is narrowed once before storing
50E99A,follows,cDigObj 50E960: this store only subtracts the whole-unit U wrap after the scaled double addition crosses 1
50FCC1,once,"50FBB0 increments +32 from state one to two after starting layout/sound actions; state two resets it to zero on the next invocation, so these increments start a state transition"
50FCED,once,"50FBB0 increments +32 from state one to two after starting layout/sound actions; state two resets it to zero on the next invocation, so these increments start a state transition"
50FFFD,fixed,50FFC0: its sole caller 50FA50 runs the layout color and alpha fade helper on stock menu ticks; every short and byte update retains its original amount and order
510019,fixed,50FFC0: its sole caller 50FA50 runs the layout color and alpha fade helper on stock menu ticks; every short and byte update retains its original amount and order
510025,fixed,50FFC0: its sole caller 50FA50 runs the layout color and alpha fade helper on stock menu ticks; every short and byte update retains its original amount and order
51003C,fixed,50FFC0: its sole caller 50FA50 runs the layout color and alpha fade helper on stock menu ticks; every short and byte update retains its original amount and order
51007A,fixed,50FFC0: its sole caller 50FA50 runs the layout color and alpha fade helper on stock menu ticks; every short and byte update retains its original amount and order
51008E,fixed,50FFC0: its sole caller 50FA50 runs the layout color and alpha fade helper on stock menu ticks; every short and byte update retains its original amount and order
5100A5,fixed,50FFC0: its sole caller 50FA50 runs the layout color and alpha fade helper on stock menu ticks; every short and byte update retains its original amount and order
5100BF,fixed,50FFC0: its sole caller 50FA50 runs the layout color and alpha fade helper on stock menu ticks; every short and byte update retains its original amount and order
5100D6,fixed,50FFC0: its sole caller 50FA50 runs the layout color and alpha fade helper on stock menu ticks; every short and byte update retains its original amount and order
5100EA,fixed,50FFC0: its sole caller 50FA50 runs the layout color and alpha fade helper on stock menu ticks; every short and byte update retains its original amount and order
510101,fixed,50FFC0: its sole caller 50FA50 runs the layout color and alpha fade helper on stock menu ticks; every short and byte update retains its original amount and order
510118,fixed,50FFC0: its sole caller 50FA50 runs the layout color and alpha fade helper on stock menu ticks; every short and byte update retains its original amount and order
51015A,fixed,50FFC0: its sole caller 50FA50 runs the layout color and alpha fade helper on stock menu ticks; every short and byte update retains its original amount and order
51016E,fixed,50FFC0: its sole caller 50FA50 runs the layout color and alpha fade helper on stock menu ticks; every short and byte update retains its original amount and order
510185,fixed,50FFC0: its sole caller 50FA50 runs the layout color and alpha fade helper on stock menu ticks; every short and byte update retains its original amount and order
51019C,fixed,50FFC0: its sole caller 50FA50 runs the layout color and alpha fade helper on stock menu ticks; every short and byte update retains its original amount and order
510238,stock,"510220..510290 has no direct external entry, aligned or unaligned actual code pointer, switch/LEA reference, export reference or physical fallthrough. Generator rechecks this complete range on the audited image; unwind frame descriptions cannot invoke it."
51024C,stock,"510220..510290 has no direct external entry, aligned or unaligned actual code pointer, switch/LEA reference, export reference or physical fallthrough. Generator rechecks this complete range on the audited image; unwind frame descriptions cannot invoke it."
510263,stock,"510220..510290 has no direct external entry, aligned or unaligned actual code pointer, switch/LEA reference, export reference or physical fallthrough. Generator rechecks this complete range on the audited image; unwind frame descriptions cannot invoke it."
51027A,stock,"510220..510290 has no direct external entry, aligned or unaligned actual code pointer, switch/LEA reference, export reference or physical fallthrough. Generator rechecks this complete range on the audited image; unwind frame descriptions cannot invoke it."
511179,once,"511020 runs once, at the end of the task 512910: B71B50+14 advances."
51173B,once,"511670 sets up a scene (from 513A80's setup, once): it lifts objects out of the way (y += 1000) and spawns the scene's objects by state +40."
511779,once,"511670 sets up a scene (from 513A80's setup, once): it lifts objects out of the way (y += 1000) and spawns the scene's objects by state +40."
51186B,once,"511670 sets up a scene (from 513A80's setup, once): it lifts objects out of the way (y += 1000) and spawns the scene's objects by state +40."
513454,follows,"513370: a step of the loop whose wait(1) at 513410 task_waits.h makes a stock tick's, so one step a stock tick"
513A17,once,"513610 (from the minigame tasks 5129B0, 512D00, 513010, 512890): B71B50+15 cycles 1..3 once per round."
514DCE,once,"5144B0, an event callback: B71B64 and B71B68 count only when its progress argument is 0.0, at an event's start."
514E29,once,"5144B0, an event callback: B71B64 and B71B68 count only when its progress argument is 0.0, at an event's start."
515A22,fixed,es13 515970: the random 0.02 and mutable 0.05 material phase components are each scaled before addition to +10DC
515A6A,fixed,"es13 515970: the phase +10E0, now lin 515A55"
515A9C,fixed,et24 2E83E0 and es13 515970: material +60 receives its scaled -0.01 U step before wrapping
515AA7,follows,et24 and es13: these stores normalize the scaled U phase by a whole unit only after it crosses its bound
515ABA,follows,et24 and es13: these stores normalize the scaled U phase by a whole unit only after it crosses its bound
51C021,once,"51BA80, a cutscene task, places four objects at its leader's position plus the offsets at 7BA234 (a loop of 4 with no wait)."
51C035,once,"51BA80, a cutscene task, places four objects at its leader's position plus the offsets at 7BA234 (a loop of 4 with no wait)."
51C04F,once,"51BA80, a cutscene task, places four objects at its leader's position plus the offsets at 7BA234 (a loop of 4 with no wait)."
51C390,follows,"51BA80: a step of the loop whose wait(1) at 51C34D task_waits.h makes a stock tick's, so one step a stock tick"
51C3D4,follows,51BA80 loop body resumes after task_waits.h stock-paced wait(1) at 51C34D; the first pass runs once before that wait
51C3E8,follows,51BA80 loop body resumes after task_waits.h stock-paced wait(1) at 51C34D; the first pass runs once before that wait
51C402,follows,51BA80 loop body resumes after task_waits.h stock-paced wait(1) at 51C34D; the first pass runs once before that wait
51F72F,follows,51F5C0 loop body resumes after task_waits.h stock-paced wait(1) at 51F916; the first pass runs once before that wait
51F751,follows,51F5C0 loop body resumes after task_waits.h stock-paced wait(1) at 51F916; the first pass runs once before that wait
51F7D1,follows,51F5C0 loop body resumes after task_waits.h stock-paced wait(1) at 51F916; the first pass runs once before that wait
51F7F3,follows,51F5C0 loop body resumes after task_waits.h stock-paced wait(1) at 51F916; the first pass runs once before that wait
51FC10,follows,"51FB50: a step of the loop whose wait(1) at 51FC25 task_waits.h makes a stock tick's, so one step a stock tick"
51FC68,follows,"51FB50: a step of the loop whose wait(1) at 51FCE8 task_waits.h makes a stock tick's, so one step a stock tick"
51FC7C,follows,"51FB50: a step of the loop whose wait(1) at 51FCE8 task_waits.h makes a stock tick's, so one step a stock tick"
51FC84,follows,51FB50 loop body resumes after task_waits.h stock-paced wait(1) at 51FCE8; the first pass runs once before that wait
51FCBE,follows,"51FB50: a step of the loop whose wait(1) at 51FCE8 task_waits.h makes a stock tick's, so one step a stock tick"
51FCC6,follows,"51FB50: a step of the loop whose wait(1) at 51FCE8 task_waits.h makes a stock tick's, so one step a stock tick"
51FCCE,follows,"51FB50: a step of the loop whose wait(1) at 51FCE8 task_waits.h makes a stock tick's, so one step a stock tick"
51FD28,follows,"51FB50: a step of the loop whose wait(1) at 51FD8B task_waits.h makes a stock tick's, so one step a stock tick"
51FD30,follows,"51FB50: a step of the loop whose wait(1) at 51FD8B task_waits.h makes a stock tick's, so one step a stock tick"
51FD38,follows,"51FB50: a step of the loop whose wait(1) at 51FD8B task_waits.h makes a stock tick's, so one step a stock tick"
51FD71,follows,"51FB50: a step of the loop whose wait(1) at 51FD8B task_waits.h makes a stock tick's, so one step a stock tick"
520289,once,"scripted tasks (51FE30, 520F90, 52FE00, 530860): a fade's or a counter's first pass before its loop, whose wait(1) task_waits.h makes a stock tick's (as 521105, 5309EB)"
520291,once,"scripted tasks (51FE30, 520F90, 52FE00, 530860): a fade's or a counter's first pass before its loop, whose wait(1) task_waits.h makes a stock tick's (as 521105, 5309EB)"
520299,once,"scripted tasks (51FE30, 520F90, 52FE00, 530860): a fade's or a counter's first pass before its loop, whose wait(1) task_waits.h makes a stock tick's (as 521105, 5309EB)"
5202DD,follows,"51FE30: a step of the loop whose wait(1) at 5202C0 task_waits.h makes a stock tick's, so one step a stock tick"
5202F1,follows,"51FE30: a step of the loop whose wait(1) at 5202C0 task_waits.h makes a stock tick's, so one step a stock tick"
520305,follows,"51FE30: a step of the loop whose wait(1) at 5202C0 task_waits.h makes a stock tick's, so one step a stock tick"
520742,once,"520510, a task: its two objects drop by 30 once, between timed waits and outside its loops."
52075B,once,"520510, a task: its two objects drop by 30 once, between timed waits and outside its loops."
5207E6,follows,"520510: a step of the loop whose wait(1) at 520810 task_waits.h makes a stock tick's, so one step a stock tick"
5207FB,follows,"520510: a step of the loop whose wait(1) at 520810 task_waits.h makes a stock tick's, so one step a stock tick"
5210EA,once,"scripted tasks (51FE30, 520F90, 52FE00, 530860): a fade's or a counter's first pass before its loop, whose wait(1) task_waits.h makes a stock tick's (as 521105, 5309EB)"
521105,follows,"520F90 is a task: its +D2C fade loops wait by wait(1) at 521150 and 521260, task_waits.h loops; these are the first pass's steps."
521120,once,"scripted tasks (51FE30, 520F90, 52FE00, 530860): a fade's or a counter's first pass before its loop, whose wait(1) task_waits.h makes a stock tick's (as 521105, 5309EB)"
52116F,follows,"520F90: a step of the loop whose wait(1) at 521150 task_waits.h makes a stock tick's, so one step a stock tick"
52118A,follows,"520F90: a step of the loop whose wait(1) at 521150 task_waits.h makes a stock tick's, so one step a stock tick"
5211A5,follows,520F90 loop body resumes after task_waits.h stock-paced wait(1) at 521150; the first pass runs once before that wait
52120E,follows,"520F90 is a task: its +D2C fade loops wait by wait(1) at 521150 and 521260, task_waits.h loops; these are the first pass's steps."
521229,once,"scripted tasks (51FE30, 520F90, 52FE00, 530860): a fade's or a counter's first pass before its loop, whose wait(1) task_waits.h makes a stock tick's (as 521105, 5309EB)"
52127F,follows,"520F90: a step of the loop whose wait(1) at 521260 task_waits.h makes a stock tick's, so one step a stock tick"
52129A,follows,"520F90: a step of the loop whose wait(1) at 521260 task_waits.h makes a stock tick's, so one step a stock tick"
52144F,once,"Map scripts 521400 and 5A11E0: their counts (B71BF0+388/+38C, B73028+6/+7) tally brush techniques as they are recognized."
52147F,once,"Map scripts 521400 and 5A11E0: their counts (B71BF0+388/+38C, B73028+6/+7) tally brush techniques as they are recognized."
52493F,follows,ut5e 524790: material 1's U wrapped by 1 after its scroll row
52E4C9,follows,52E450 submodel callback: six patched literal operands 52E4C1 52E4E8 52E520 52E572 52E599 52E5D9 supply every Y decrement in motion variants EE8 EEB EEC EED; the last operand feeds both submodels three and six
52E4F0,follows,52E450 submodel callback: six patched literal operands 52E4C1 52E4E8 52E520 52E572 52E599 52E5D9 supply every Y decrement in motion variants EE8 EEB EEC EED; the last operand feeds both submodels three and six
52E528,follows,52E450 submodel callback: six patched literal operands 52E4C1 52E4E8 52E520 52E572 52E599 52E5D9 supply every Y decrement in motion variants EE8 EEB EEC EED; the last operand feeds both submodels three and six
52E57A,follows,52E450 submodel callback: six patched literal operands 52E4C1 52E4E8 52E520 52E572 52E599 52E5D9 supply every Y decrement in motion variants EE8 EEB EEC EED; the last operand feeds both submodels three and six
52E5A1,follows,52E450 submodel callback: six patched literal operands 52E4C1 52E4E8 52E520 52E572 52E599 52E5D9 supply every Y decrement in motion variants EE8 EEB EEC EED; the last operand feeds both submodels three and six
52E5F6,follows,52E450 submodel callback: six patched literal operands 52E4C1 52E4E8 52E520 52E572 52E599 52E5D9 supply every Y decrement in motion variants EE8 EEB EEC EED; the last operand feeds both submodels three and six
52E610,follows,52E450 submodel callback: six patched literal operands 52E4C1 52E4E8 52E520 52E572 52E599 52E5D9 supply every Y decrement in motion variants EE8 EEB EEC EED; the last operand feeds both submodels three and six
52EF11,once,Map script 52EE10: +4 of the script manager 7A8CB0 counts accepted brush attempts (1690C0 returning 2).
52F045,fixed,Map script 52EE10: the countdown 7A8CB0+C is count row 52F042.
5300F2,once,"scripted tasks (51FE30, 520F90, 52FE00, 530860): a fade's or a counter's first pass before its loop, whose wait(1) task_waits.h makes a stock tick's (as 521105, 5309EB)"
5300FA,once,"scripted tasks (51FE30, 520F90, 52FE00, 530860): a fade's or a counter's first pass before its loop, whose wait(1) task_waits.h makes a stock tick's (as 521105, 5309EB)"
530102,once,"scripted tasks (51FE30, 520F90, 52FE00, 530860): a fade's or a counter's first pass before its loop, whose wait(1) task_waits.h makes a stock tick's (as 521105, 5309EB)"
53013D,follows,"52FE00: a step of the loop whose wait(1) at 530120 task_waits.h makes a stock tick's, so one step a stock tick"
530151,follows,"52FE00: a step of the loop whose wait(1) at 530120 task_waits.h makes a stock tick's, so one step a stock tick"
530165,follows,"52FE00: a step of the loop whose wait(1) at 530120 task_waits.h makes a stock tick's, so one step a stock tick"
5301D6,follows,52FE00 loop body resumes after task_waits.h stock-paced wait(1) at 530238; the first pass runs once before that wait
5301DE,follows,52FE00 loop body resumes after task_waits.h stock-paced wait(1) at 530238; the first pass runs once before that wait
5301E6,follows,52FE00 loop body resumes after task_waits.h stock-paced wait(1) at 530238; the first pass runs once before that wait
53021E,follows,"52FE00: a step of the loop whose wait(1) at 530238 task_waits.h makes a stock tick's, so one step a stock tick"
5309C7,follows,"530860 is a scripted scene transition: task_waits.h selects its wait(1) loop calls at 530A30 and 530B60, so these fades and the 30-pass counter run at stock pace; the first pass starts once before the waits"
5309EB,follows,"530860 is a scripted scene transition: task_waits.h selects its wait(1) loop calls at 530A30 and 530B60, so these fades and the 30-pass counter run at stock pace; the first pass starts once before the waits"
530A02,once,"scripted tasks (51FE30, 520F90, 52FE00, 530860): a fade's or a counter's first pass before its loop, whose wait(1) task_waits.h makes a stock tick's (as 521105, 5309EB)"
530A11,once,"scripted tasks (51FE30, 520F90, 52FE00, 530860): a fade's or a counter's first pass before its loop, whose wait(1) task_waits.h makes a stock tick's (as 521105, 5309EB)"
530A58,follows,"530860: a step of the loop whose wait(1) at 530A30 task_waits.h makes a stock tick's, so one step a stock tick"
530A77,follows,"530860: a step of the loop whose wait(1) at 530A30 task_waits.h makes a stock tick's, so one step a stock tick"
530A96,follows,"530860 is a scripted scene transition: task_waits.h selects its wait(1) loop calls at 530A30 and 530B60, so these fades and the 30-pass counter run at stock pace; the first pass starts once before the waits"
530AA5,follows,"530860 is a scripted scene transition: task_waits.h selects its wait(1) loop calls at 530A30 and 530B60, so these fades and the 30-pass counter run at stock pace; the first pass starts once before the waits"
530AF7,follows,"530860 is a scripted scene transition: task_waits.h selects its wait(1) loop calls at 530A30 and 530B60, so these fades and the 30-pass counter run at stock pace; the first pass starts once before the waits"
530B07,follows,"530860 is a scripted scene transition: task_waits.h selects its wait(1) loop calls at 530A30 and 530B60, so these fades and the 30-pass counter run at stock pace; the first pass starts once before the waits"
530B26,once,"scripted tasks (51FE30, 520F90, 52FE00, 530860): a fade's or a counter's first pass before its loop, whose wait(1) task_waits.h makes a stock tick's (as 521105, 5309EB)"
530B3D,once,"scripted tasks (51FE30, 520F90, 52FE00, 530860): a fade's or a counter's first pass before its loop, whose wait(1) task_waits.h makes a stock tick's (as 521105, 5309EB)"
530B7E,follows,"530860: a step of the loop whose wait(1) at 530B60 task_waits.h makes a stock tick's, so one step a stock tick"
530B9D,follows,"530860: a step of the loop whose wait(1) at 530B60 task_waits.h makes a stock tick's, so one step a stock tick"
530BBC,follows,"530860 is a scripted scene transition: task_waits.h selects its wait(1) loop calls at 530A30 and 530B60, so these fades and the 30-pass counter run at stock pace; the first pass starts once before the waits"
530BDB,follows,"530860: a step of the loop whose wait(1) at 530B60 task_waits.h makes a stock tick's, so one step a stock tick"
531346,follows,"531260: a step of the loop whose wait(1) at 5314F1 task_waits.h makes a stock tick's, so one step a stock tick"
53134E,follows,"531260: a step of the loop whose wait(1) at 5314F1 task_waits.h makes a stock tick's, so one step a stock tick"
531356,follows,"531260: a step of the loop whose wait(1) at 5314F1 task_waits.h makes a stock tick's, so one step a stock tick"
53139D,follows,"531260: a step of the loop whose wait(1) at 531380 task_waits.h makes a stock tick's, so one step a stock tick"
5313B1,follows,"531260: a step of the loop whose wait(1) at 531380 task_waits.h makes a stock tick's, so one step a stock tick"
5313C5,follows,"531260: a step of the loop whose wait(1) at 531380 task_waits.h makes a stock tick's, so one step a stock tick"
531424,follows,"531260 loop body resumes after task_waits.h stock-paced wait(1) at 531487,5314F1; the first pass runs once before that wait"
53142C,follows,"531260 loop body resumes after task_waits.h stock-paced wait(1) at 531487,5314F1; the first pass runs once before that wait"
531434,follows,"531260 loop body resumes after task_waits.h stock-paced wait(1) at 531487,5314F1; the first pass runs once before that wait"
53146D,follows,"531260: a step of the loop whose wait(1) at 531487 task_waits.h makes a stock tick's, so one step a stock tick"
532C7F,fixed,"ut1d update 532BC0: five U/V scroll steps come from the lin rows at 532C5F, 532CA2, 532CE2, 532D18 and 532DB7 before these first material stores"
532C8A,follows,ut1d update: these stores only add or subtract a whole unit after the corresponding scaled U/V offset crosses -1 or +1
532C9D,follows,ut1d update: these stores only add or subtract a whole unit after the corresponding scaled U/V offset crosses -1 or +1
532CB2,fixed,"ut1d update 532BC0: five U/V scroll steps come from the lin rows at 532C5F, 532CA2, 532CE2, 532D18 and 532DB7 before these first material stores"
532CBD,follows,ut1d update: these stores only add or subtract a whole unit after the corresponding scaled U/V offset crosses -1 or +1
532CD0,follows,ut1d update: these stores only add or subtract a whole unit after the corresponding scaled U/V offset crosses -1 or +1
532CF5,fixed,"ut1d update 532BC0: five U/V scroll steps come from the lin rows at 532C5F, 532CA2, 532CE2, 532D18 and 532DB7 before these first material stores"
532D00,follows,ut1d update: these stores only add or subtract a whole unit after the corresponding scaled U/V offset crosses -1 or +1
532D13,follows,ut1d update: these stores only add or subtract a whole unit after the corresponding scaled U/V offset crosses -1 or +1
532D28,fixed,"ut1d update 532BC0: five U/V scroll steps come from the lin rows at 532C5F, 532CA2, 532CE2, 532D18 and 532DB7 before these first material stores"
532D33,follows,ut1d update: these stores only add or subtract a whole unit after the corresponding scaled U/V offset crosses -1 or +1
532D46,follows,ut1d update: these stores only add or subtract a whole unit after the corresponding scaled U/V offset crosses -1 or +1
532DC7,fixed,"ut1d update 532BC0: five U/V scroll steps come from the lin rows at 532C5F, 532CA2, 532CE2, 532D18 and 532DB7 before these first material stores"
532DD2,follows,ut1d update: these stores only add or subtract a whole unit after the corresponding scaled U/V offset crosses -1 or +1
532DE5,follows,ut1d update: these stores only add or subtract a whole unit after the corresponding scaled U/V offset crosses -1 or +1
532DFA,stock,ut1d material 2 V: its increment literal at 532DEA is zero; the three stores only normalize an already out-of-range offset and do not advance it
532E05,stock,ut1d material 2 V: its increment literal at 532DEA is zero; the three stores only normalize an already out-of-range offset and do not advance it
532E18,stock,ut1d material 2 V: its increment literal at 532DEA is zero; the three stores only normalize an already out-of-range offset and do not advance it
535625,stock,"5355E0 adds the full wrapped target-minus-current heading returned by 20E0B0, so 535625 aligns the actor to the target heading; it is a geometric correction"
53A2C4,once,53A200 (the +0 slot of eight event tables) counts events in B71D68+8/+9.
53A2D3,once,53A200 (the +0 slot of eight event tables) counts events in B71D68+8/+9.
53A410,once,"53A370, 544790 (event tables' +0 slots and their callers): B71D68+8/+C count events."
5440B9,stock,"Map 201's script (544060, from 547980): B71D60+250 is recounted from zero on every call (the set flags 5..23 and one more)."
5440DE,stock,"Map 201's script (544060, from 547980): B71D60+250 is recounted from zero on every call (the set flags 5..23 and one more)."
54447A,fixed,Map scripts 5443F0 and 590F10: their countdowns are count rows 54447A and 590FF5.
5447F2,once,"53A370, 544790 (event tables' +0 slots and their callers): B71D68+8/+C count events."
5486FA,fixed,et8d 5486C0: the double 0.0025 is scaled before addition to the promoted float U phase and the result is narrowed once before storing
548705,follows,et8d 5486C0: this store only subtracts the whole-unit U wrap after the scaled double addition crosses 1
54BED7,follows,"54BCC0: a step of the loop whose wait(1) at 54BEFC task_waits.h makes a stock tick's, so one step a stock tick"
54F2D9,follows,"54EDC0 loop body resumes after task_waits.h stock-paced wait(1) at 54F270,54F698; the first pass runs once before that wait"
54F601,follows,"54EDC0 loop body resumes after task_waits.h stock-paced wait(1) at 54F270,54F698; the first pass runs once before that wait"
54F669,fixed,"cutscene task 54EDC0: in the walk loops task_waits.h runs once a stock tick (waits 54F698, 54FA0A), each pass doubles a walker's step +EC8 (this tick's: the motion advance rewrites it every tick, 363A20) and applies it once more through cMatrix::Apply (2DA3D0); dstn rows 54F665, 54F9D7 make the doubling x 2N, a stock tick's push a pass"
54F8AB,follows,"Cutscene task 54EDC0: in the walk-out loop, the actors' root-motion step +EC8 (the current rate's share) is doubled and moved by 2DA3D0 once a pass, a pass a tick for 15 stock ticks (count row 54F932)."
54F903,fixed,Cutscene task 54EDC0: the 0.1 fade a pass is src row 54F8FE.
54F9DB,fixed,"cutscene task 54EDC0: in the walk loops task_waits.h runs once a stock tick (waits 54F698, 54FA0A), each pass doubles a walker's step +EC8 (this tick's: the motion advance rewrites it every tick, 363A20) and applies it once more through cMatrix::Apply (2DA3D0); dstn rows 54F665, 54F9D7 make the doubling x 2N, a stock tick's push a pass"
551F61,stock,"551DE0 once per B6AC20 value resets +60 to zero, then forms the circular mean of five actors' angular differences by incremental division by the sample count; 551F61 recomputes the current mean rather than advancing a clock"
552601,fixed,"ut47 5525B0/553000: the bob, now lin 5525F5/5530CB"
55261E,fixed,ut47 5525B0: +1084 advances by a scaled 0.05 and keeps its existing wrap
552638,fixed,ut47 5525B0: +1084 advances by a scaled 0.05 and keeps its existing wrap
5530D7,fixed,"ut47 5525B0/553000: the bob, now lin 5525F5/5530CB"
5530F4,fixed,ut47 553000: +1084 advances by a scaled 0.05 and keeps its existing wrap
55310E,fixed,ut47 553000: +1084 advances by a scaled 0.05 and keeps its existing wrap
553227,once,"ut47 553160: the alpha-fade completion branch restores the saved position, may place Y relative to the player, then switches +E35 to phase two. The placement sum is a one-time reset after the already-paced fade."
5542AA,fixed,"5541D0 (periodic encounter controller) is a gatefn row: its stage clock, threshold events and spawn delays run once a stock tick."
554340,fixed,"5541D0 (periodic encounter controller) is a gatefn row: its stage clock, threshold events and spawn delays run once a stock tick."
554343,fixed,"5541D0 (periodic encounter controller) is a gatefn row: its stage clock, threshold events and spawn delays run once a stock tick."
554346,fixed,"5541D0 (periodic encounter controller) is a gatefn row: its stage clock, threshold events and spawn delays run once a stock tick."
5573FF,once,ut3f 5572C0: +10E0 is the remaining count of scripted actions. It decrements after model-motion completion and immediately changes +E35 from phase three to zero or six.
55A589,fixed,55A430: the E14 heights of objects AA A0 and A1 change by the shared scaled one-unit step while bounded by E24
55A5C5,fixed,55A430: the E14 heights of objects AA A0 and A1 change by the shared scaled one-unit step while bounded by E24
55A62D,fixed,55A430: the E14 heights of objects AA A0 and A1 change by the shared scaled one-unit step while bounded by E24
55A669,fixed,55A430: the E14 heights of objects AA A0 and A1 change by the shared scaled one-unit step while bounded by E24
55A6D5,fixed,55A430: the E14 heights of objects AA A0 and A1 change by the shared scaled one-unit step while bounded by E24
55A711,fixed,55A430: the E14 heights of objects AA A0 and A1 change by the shared scaled one-unit step while bounded by E24
55A770,fixed,55A430 state zero: linked objects 1A8 and 1B0 fade D20/D24/D28 by the shared scaled 0.1 descent
55A784,fixed,55A430 state zero: linked objects 1A8 and 1B0 fade D20/D24/D28 by the shared scaled 0.1 descent
55A78C,fixed,55A430 state zero: linked objects 1A8 and 1B0 fade D20/D24/D28 by the shared scaled 0.1 descent
55A7CB,fixed,55A430 state zero: linked objects 1A8 and 1B0 fade D20/D24/D28 by the shared scaled 0.1 descent
55A7DE,fixed,55A430 state zero: linked objects 1A8 and 1B0 fade D20/D24/D28 by the shared scaled 0.1 descent
55A7E6,fixed,55A430 state zero: linked objects 1A8 and 1B0 fade D20/D24/D28 by the shared scaled 0.1 descent
55A818,fixed,55A430 state zero: object B0 D20 joins the other channels' scaled 0.1 descent
55A864,fixed,55A430 state one: linked objects 1A8 and 1B0 fade D20/D24/D28 by the shared scaled 0.1 ascent
55A878,fixed,55A430 state one: linked objects 1A8 and 1B0 fade D20/D24/D28 by the shared scaled 0.1 ascent
55A880,fixed,55A430 state one: linked objects 1A8 and 1B0 fade D20/D24/D28 by the shared scaled 0.1 ascent
55A8C6,fixed,55A430 state one: linked objects 1A8 and 1B0 fade D20/D24/D28 by the shared scaled 0.1 ascent
55A8CE,fixed,55A430 state one: linked objects 1A8 and 1B0 fade D20/D24/D28 by the shared scaled 0.1 ascent
55A8D6,fixed,55A430 state one: linked objects 1A8 and 1B0 fade D20/D24/D28 by the shared scaled 0.1 ascent
55A908,fixed,55A430 state one: object B0 D20 joins the other channels' scaled 0.1 ascent
55C081,stock,"Dormant debris helper: generator49 proves the entire function has no external direct entry, actual data/switch/LEA address reference or physical fallthrough; unwind descriptions cannot invoke it. This exclusion is rechecked on every generation."
55C0DE,stock,"Dormant debris helper: generator49 proves the entire function has no external direct entry, actual data/switch/LEA address reference or physical fallthrough; unwind descriptions cannot invoke it. This exclusion is rechecked on every generation."
55C0F9,stock,"Dormant debris helper: generator49 proves the entire function has no external direct entry, actual data/switch/LEA address reference or physical fallthrough; unwind descriptions cannot invoke it. This exclusion is rechecked on every generation."
55C101,stock,"Dormant debris helper: generator49 proves the entire function has no external direct entry, actual data/switch/LEA address reference or physical fallthrough; unwind descriptions cannot invoke it. This exclusion is rechecked on every generation."
55C11C,stock,"Dormant debris helper: generator49 proves the entire function has no external direct entry, actual data/switch/LEA address reference or physical fallthrough; unwind descriptions cannot invoke it. This exclusion is rechecked on every generation."
55C124,stock,"Dormant debris helper: generator49 proves the entire function has no external direct entry, actual data/switch/LEA address reference or physical fallthrough; unwind descriptions cannot invoke it. This exclusion is rechecked on every generation."
55C134,stock,"Dormant debris helper: generator49 proves the entire function has no external direct entry, actual data/switch/LEA address reference or physical fallthrough; unwind descriptions cannot invoke it. This exclusion is rechecked on every generation."
55C18E,stock,"Dormant debris helper: generator49 proves the entire function has no external direct entry, actual data/switch/LEA address reference or physical fallthrough; unwind descriptions cannot invoke it. This exclusion is rechecked on every generation."
55C1A6,stock,"Dormant debris helper: generator49 proves the entire function has no external direct entry, actual data/switch/LEA address reference or physical fallthrough; unwind descriptions cannot invoke it. This exclusion is rechecked on every generation."
55C1AE,stock,"Dormant debris helper: generator49 proves the entire function has no external direct entry, actual data/switch/LEA address reference or physical fallthrough; unwind descriptions cannot invoke it. This exclusion is rechecked on every generation."
55C1C7,stock,"Dormant debris helper: generator49 proves the entire function has no external direct entry, actual data/switch/LEA address reference or physical fallthrough; unwind descriptions cannot invoke it. This exclusion is rechecked on every generation."
55CAF3,fixed,"uta0 55CA10: the complete submodel particle loop now advances on stock ticks, including its +1100 wait, velocity damping and position updates"
55CB4E,fixed,"uta0 55CA10: the complete submodel particle loop now advances on stock ticks, including its +1100 wait, velocity damping and position updates"
55CB66,fixed,"uta0 55CA10: the complete submodel particle loop now advances on stock ticks, including its +1100 wait, velocity damping and position updates"
55CB6E,fixed,"uta0 55CA10: the complete submodel particle loop now advances on stock ticks, including its +1100 wait, velocity damping and position updates"
55CB86,fixed,"uta0 55CA10: the complete submodel particle loop now advances on stock ticks, including its +1100 wait, velocity damping and position updates"
55CB8E,fixed,"uta0 55CA10: the complete submodel particle loop now advances on stock ticks, including its +1100 wait, velocity damping and position updates"
55CB9A,fixed,"uta0 55CA10: the complete submodel particle loop now advances on stock ticks, including its +1100 wait, velocity damping and position updates"
55CBEC,fixed,"uta0 55CA10: the complete submodel particle loop now advances on stock ticks, including its +1100 wait, velocity damping and position updates"
55CBF4,fixed,"uta0 55CA10: the complete submodel particle loop now advances on stock ticks, including its +1100 wait, velocity damping and position updates"
55CBFC,fixed,"uta0 55CA10: the complete submodel particle loop now advances on stock ticks, including its +1100 wait, velocity damping and position updates"
55CC0E,fixed,"uta0 55CA10: the complete submodel particle loop now advances on stock ticks, including its +1100 wait, velocity damping and position updates"
55D0EA,fixed,"uta1 spring 55D010 is now gated as a complete update, including both velocity writes, Y integration and state countdowns; 55CECA ignores its return and no inner patch previously existed."
55D113,fixed,"uta1 spring 55D010 is now gated as a complete update, including both velocity writes, Y integration and state countdowns; 55CECA ignores its return and no inner patch previously existed."
55D120,fixed,"uta1 spring 55D010 is now gated as a complete update, including both velocity writes, Y integration and state countdowns; 55CECA ignores its return and no inner patch previously existed."
55D1D6,fixed,"uta1 spring 55D010 is now gated as a complete update, including both velocity writes, Y integration and state countdowns; 55CECA ignores its return and no inner patch previously existed."
55D253,fixed,"uta1 spring 55D010 is now gated as a complete update, including both velocity writes, Y integration and state countdowns; 55CECA ignores its return and no inner patch previously existed."
55D739,fixed,"uta2 55D630: the fall, now src 55D731"
55DB17,fixed,"uta2 first pendulum: complete coupled physics update is gated at 55D940; all internal forces, damping, integration and event cadence remain in stock units. Generator proves unused return values and callers; DLL installation and N=1/2/4 window emulation pass."
55DBAE,fixed,"uta2 first pendulum: complete coupled physics update is gated at 55D940; all internal forces, damping, integration and event cadence remain in stock units. Generator proves unused return values and callers; DLL installation and N=1/2/4 window emulation pass."
55DC42,fixed,"uta2 first pendulum: complete coupled physics update is gated at 55D940; all internal forces, damping, integration and event cadence remain in stock units. Generator proves unused return values and callers; DLL installation and N=1/2/4 window emulation pass."
55DC86,fixed,"uta2 first pendulum: complete coupled physics update is gated at 55D940; all internal forces, damping, integration and event cadence remain in stock units. Generator proves unused return values and callers; DLL installation and N=1/2/4 window emulation pass."
55DC9B,fixed,"uta2 first pendulum: complete coupled physics update is gated at 55D940; all internal forces, damping, integration and event cadence remain in stock units. Generator proves unused return values and callers; DLL installation and N=1/2/4 window emulation pass."
55DCDC,fixed,"uta2 first pendulum: complete coupled physics update is gated at 55D940; all internal forces, damping, integration and event cadence remain in stock units. Generator proves unused return values and callers; DLL installation and N=1/2/4 window emulation pass."
55DD66,fixed,"uta2 first pendulum: complete coupled physics update is gated at 55D940; all internal forces, damping, integration and event cadence remain in stock units. Generator proves unused return values and callers; DLL installation and N=1/2/4 window emulation pass."
55DD8E,fixed,"uta2 first pendulum: complete coupled physics update is gated at 55D940; all internal forces, damping, integration and event cadence remain in stock units. Generator proves unused return values and callers; DLL installation and N=1/2/4 window emulation pass."
55DDCA,fixed,"uta2 first pendulum: complete coupled physics update is gated at 55D940; all internal forces, damping, integration and event cadence remain in stock units. Generator proves unused return values and callers; DLL installation and N=1/2/4 window emulation pass."
55DE63,fixed,"uta2 first pendulum: complete coupled physics update is gated at 55D940; all internal forces, damping, integration and event cadence remain in stock units. Generator proves unused return values and callers; DLL installation and N=1/2/4 window emulation pass."
55DE89,fixed,"uta2 first pendulum: complete coupled physics update is gated at 55D940; all internal forces, damping, integration and event cadence remain in stock units. Generator proves unused return values and callers; DLL installation and N=1/2/4 window emulation pass."
55DED7,fixed,"uta2 first pendulum: complete coupled physics update is gated at 55D940; all internal forces, damping, integration and event cadence remain in stock units. Generator proves unused return values and callers; DLL installation and N=1/2/4 window emulation pass."
55DF54,fixed,"uta2 first pendulum: complete coupled physics update is gated at 55D940; all internal forces, damping, integration and event cadence remain in stock units. Generator proves unused return values and callers; DLL installation and N=1/2/4 window emulation pass."
55DF69,fixed,"uta2 first pendulum: complete coupled physics update is gated at 55D940; all internal forces, damping, integration and event cadence remain in stock units. Generator proves unused return values and callers; DLL installation and N=1/2/4 window emulation pass."
55E1E0,fixed,"uta2 second pendulum: complete coupled physics update is gated at 55E070; all internal forces, damping, integration and event cadence remain in stock units. Generator proves unused return values and callers; DLL installation and N=1/2/4 window emulation pass."
55E26E,fixed,"uta2 second pendulum: complete coupled physics update is gated at 55E070; all internal forces, damping, integration and event cadence remain in stock units. Generator proves unused return values and callers; DLL installation and N=1/2/4 window emulation pass."
55E2B2,fixed,"uta2 second pendulum: complete coupled physics update is gated at 55E070; all internal forces, damping, integration and event cadence remain in stock units. Generator proves unused return values and callers; DLL installation and N=1/2/4 window emulation pass."
55E2C7,fixed,"uta2 second pendulum: complete coupled physics update is gated at 55E070; all internal forces, damping, integration and event cadence remain in stock units. Generator proves unused return values and callers; DLL installation and N=1/2/4 window emulation pass."
55E304,fixed,"uta2 second pendulum: complete coupled physics update is gated at 55E070; all internal forces, damping, integration and event cadence remain in stock units. Generator proves unused return values and callers; DLL installation and N=1/2/4 window emulation pass."
55E32D,fixed,"uta2 second pendulum: complete coupled physics update is gated at 55E070; all internal forces, damping, integration and event cadence remain in stock units. Generator proves unused return values and callers; DLL installation and N=1/2/4 window emulation pass."
55E355,fixed,"uta2 second pendulum: complete coupled physics update is gated at 55E070; all internal forces, damping, integration and event cadence remain in stock units. Generator proves unused return values and callers; DLL installation and N=1/2/4 window emulation pass."
55E391,fixed,"uta2 second pendulum: complete coupled physics update is gated at 55E070; all internal forces, damping, integration and event cadence remain in stock units. Generator proves unused return values and callers; DLL installation and N=1/2/4 window emulation pass."
55E3AD,fixed,"uta2 second pendulum: complete coupled physics update is gated at 55E070; all internal forces, damping, integration and event cadence remain in stock units. Generator proves unused return values and callers; DLL installation and N=1/2/4 window emulation pass."
55E3FB,fixed,"uta2 second pendulum: complete coupled physics update is gated at 55E070; all internal forces, damping, integration and event cadence remain in stock units. Generator proves unused return values and callers; DLL installation and N=1/2/4 window emulation pass."
55E477,fixed,"uta2 second pendulum: complete coupled physics update is gated at 55E070; all internal forces, damping, integration and event cadence remain in stock units. Generator proves unused return values and callers; DLL installation and N=1/2/4 window emulation pass."
55E48C,fixed,"uta2 second pendulum: complete coupled physics update is gated at 55E070; all internal forces, damping, integration and event cadence remain in stock units. Generator proves unused return values and callers; DLL installation and N=1/2/4 window emulation pass."
55E664,fixed,"uta2 striking pendulum: complete coupled physics update is gated at 55E520; all internal forces, damping, integration and event cadence remain in stock units. Generator proves unused return values and callers; DLL installation and N=1/2/4 window emulation pass."
55E68E,fixed,"uta2 striking pendulum: complete coupled physics update is gated at 55E520; all internal forces, damping, integration and event cadence remain in stock units. Generator proves unused return values and callers; DLL installation and N=1/2/4 window emulation pass."
55E718,fixed,"uta2 striking pendulum: complete coupled physics update is gated at 55E520; all internal forces, damping, integration and event cadence remain in stock units. Generator proves unused return values and callers; DLL installation and N=1/2/4 window emulation pass."
55E753,fixed,"uta2 striking pendulum: complete coupled physics update is gated at 55E520; all internal forces, damping, integration and event cadence remain in stock units. Generator proves unused return values and callers; DLL installation and N=1/2/4 window emulation pass."
55E768,fixed,"uta2 striking pendulum: complete coupled physics update is gated at 55E520; all internal forces, damping, integration and event cadence remain in stock units. Generator proves unused return values and callers; DLL installation and N=1/2/4 window emulation pass."
55E7A2,fixed,"uta2 striking pendulum: complete coupled physics update is gated at 55E520; all internal forces, damping, integration and event cadence remain in stock units. Generator proves unused return values and callers; DLL installation and N=1/2/4 window emulation pass."
55E84B,fixed,"uta2 striking pendulum: complete coupled physics update is gated at 55E520; all internal forces, damping, integration and event cadence remain in stock units. Generator proves unused return values and callers; DLL installation and N=1/2/4 window emulation pass."
55E868,fixed,"uta2 striking pendulum: complete coupled physics update is gated at 55E520; all internal forces, damping, integration and event cadence remain in stock units. Generator proves unused return values and callers; DLL installation and N=1/2/4 window emulation pass."
55E8B6,fixed,"uta2 striking pendulum: complete coupled physics update is gated at 55E520; all internal forces, damping, integration and event cadence remain in stock units. Generator proves unused return values and callers; DLL installation and N=1/2/4 window emulation pass."
55E932,fixed,"uta2 striking pendulum: complete coupled physics update is gated at 55E520; all internal forces, damping, integration and event cadence remain in stock units. Generator proves unused return values and callers; DLL installation and N=1/2/4 window emulation pass."
55E947,fixed,"uta2 striking pendulum: complete coupled physics update is gated at 55E520; all internal forces, damping, integration and event cadence remain in stock units. Generator proves unused return values and callers; DLL installation and N=1/2/4 window emulation pass."
55EAA3,fixed,"uta2 striking pendulum: complete coupled physics update is gated at 55E520; all internal forces, damping, integration and event cadence remain in stock units. Generator proves unused return values and callers; DLL installation and N=1/2/4 window emulation pass."
55EB5F,fixed,"uta2 striking pendulum: complete coupled physics update is gated at 55E520; all internal forces, damping, integration and event cadence remain in stock units. Generator proves unused return values and callers; DLL installation and N=1/2/4 window emulation pass."
55F3B1,fixed,uta4 55F120 case one: the Z velocity has the same first-tick-only 0.96 damping as X and Y from the ufirst row at 55F2B6
55F3E1,fixed,uta4 55F120 case one: X and Y use the same compounded anchor-approach factor as Z from the blendr row at 55F1A8
55F401,fixed,uta4 55F120 case one: X and Y use the same compounded anchor-approach factor as Z from the blendr row at 55F1A8
55F422,fixed,uta4 part case 1: 55F422 stores the approached z after xmm8 was converted from its 0.02-times-part factor to a per-tick blend by the blendr row at 55F1A8 (the same factor feeds x and y)
55F483,fixed,uta4 55F120 case three: +5C alpha approaches one using the compounded 0.03 factor at 55F47A
55F6ED,fixed,uta4 55F120 case seven: the Z velocity has the same first-tick-only 0.96 damping as X and Y from the ufirst row at 55F5EB
55F7F3,fixed,uta4 55F120 case nine: X/Y/Z all use the compounded 0.3 approach factor loaded at 55F7B2
55F812,fixed,uta4 55F120 case nine: X/Y/Z all use the compounded 0.3 approach factor loaded at 55F7B2
55F832,fixed,uta4 55F120 case nine: X/Y/Z all use the compounded 0.3 approach factor loaded at 55F7B2
55F998,once,"uta4 part case 11 (55F8A0): when it crosses the target height, state changes to 13 and its vertical velocity is reversed/damped by -0.5 once for that bounce; a second collision helper can trigger the same one-time transition"
55FA1A,once,"uta4 part case 11 (55F8A0): when it crosses the target height, state changes to 13 and its vertical velocity is reversed/damped by -0.5 once for that bounce; a second collision helper can trigger the same one-time transition"
55FB85,fixed,uta4 55F120 case thirteen: the Z velocity has the same first-tick-only 0.96 damping as X and Y from the ufirst row at 55FA8A
5609A3,fixed,"uta4 5607A0: the hover approach, now blend 560996"
560E66,fixed,"uta4 560BD0..561A90: its approaches (srcblend, blend), moves (scaledadd) and shake (countlast), now rows 560E5A..561F4C (near_rows01)"
560E97,fixed,"uta4 560BD0..561A90: its approaches (srcblend, blend), moves (scaledadd) and shake (countlast), now rows 560E5A..561F4C (near_rows01)"
560EC1,fixed,"uta4 560BD0..561A90: its approaches (srcblend, blend), moves (scaledadd) and shake (countlast), now rows 560E5A..561F4C (near_rows01)"
560F1B,fixed,"uta4 560BD0..561A90: its approaches (srcblend, blend), moves (scaledadd) and shake (countlast), now rows 560E5A..561F4C (near_rows01)"
560F35,fixed,"uta4 560BD0..561A90: its approaches (srcblend, blend), moves (scaledadd) and shake (countlast), now rows 560E5A..561F4C (near_rows01)"
56106A,fixed,"uta4 560FF0: +1110 now counts down once per stock tick, and the +D2C scale approaches its target with a compounded 0.05 factor"
561094,fixed,"uta4 560FF0: +1110 now counts down once per stock tick, and the +D2C scale approaches its target with a compounded 0.05 factor"
5610CE,fixed,"uta4 560FF0: XYZ position first approaches its target with compounded 0.1, then 0.01 factors"
5610EF,fixed,"uta4 560FF0: XYZ position first approaches its target with compounded 0.1, then 0.01 factors"
561111,fixed,"uta4 560FF0: XYZ position first approaches its target with compounded 0.1, then 0.01 factors"
561141,fixed,"uta4 560FF0: XYZ position first approaches its target with compounded 0.1, then 0.01 factors"
561162,fixed,"uta4 560FF0: XYZ position first approaches its target with compounded 0.1, then 0.01 factors"
561184,fixed,"uta4 560FF0: XYZ position first approaches its target with compounded 0.1, then 0.01 factors"
5613F0,fixed,"uta4 560BD0..561A90: its approaches (srcblend, blend), moves (scaledadd) and shake (countlast), now rows 560E5A..561F4C (near_rows01)"
56143E,fixed,"uta4 560BD0..561A90: its approaches (srcblend, blend), moves (scaledadd) and shake (countlast), now rows 560E5A..561F4C (near_rows01)"
56166F,fixed,"uta4 560BD0..561A90: its approaches (srcblend, blend), moves (scaledadd) and shake (countlast), now rows 560E5A..561F4C (near_rows01)"
5618CB,fixed,"uta4 560BD0..561A90: its approaches (srcblend, blend), moves (scaledadd) and shake (countlast), now rows 560E5A..561F4C (near_rows01)"
561CBD,fixed,"uta4 560BD0..561A90: its approaches (srcblend, blend), moves (scaledadd) and shake (countlast), now rows 560E5A..561F4C (near_rows01)"
561E0B,fixed,"uta4 560BD0..561A90: its approaches (srcblend, blend), moves (scaledadd) and shake (countlast), now rows 560E5A..561F4C (near_rows01)"
561F59,fixed,"uta4 560BD0..561A90: its approaches (srcblend, blend), moves (scaledadd) and shake (countlast), now rows 560E5A..561F4C (near_rows01)"
562C9A,fixed,uta6 562C50: the two 0.1 lin rows feed all three RGB additions or subtractions on their respective paths
562CA5,fixed,uta6 562C50: the two 0.1 lin rows feed all three RGB additions or subtractions on their respective paths
562CAA,fixed,uta6 562C50: the two 0.1 lin rows feed all three RGB additions or subtractions on their respective paths
562CF9,fixed,uta6 562C50: the two 0.1 lin rows feed all three RGB additions or subtractions on their respective paths
562CFE,fixed,uta6 562C50: the two 0.1 lin rows feed all three RGB additions or subtractions on their respective paths
562D03,fixed,uta6 562C50: the two 0.1 lin rows feed all three RGB additions or subtractions on their respective paths
5631B1,fixed,"uta6 562D30 / uta7 563EB0: the extra spin step, now lin 5631A1/564322"
5632C0,stock,"uta7/uta5 endpoint response first clamps submodel angle to its boundary, then reflects angular velocity by -0.5. This is a discrete contact impulse, followed by movement away from the boundary."
563309,stock,"uta7/uta5 endpoint response first clamps submodel angle to its boundary, then reflects angular velocity by -0.5. This is a discrete contact impulse, followed by movement away from the boundary."
563E2A,fixed,uta7 563DE0: the two 0.2 lin rows feed all three RGB additions or subtractions on their respective paths
563E35,fixed,uta7 563DE0: the two 0.2 lin rows feed all three RGB additions or subtractions on their respective paths
563E3A,fixed,uta7 563DE0: the two 0.2 lin rows feed all three RGB additions or subtractions on their respective paths
563E7C,fixed,uta7 563DE0: the two 0.2 lin rows feed all three RGB additions or subtractions on their respective paths
563E81,fixed,uta7 563DE0: the two 0.2 lin rows feed all three RGB additions or subtractions on their respective paths
563E86,fixed,uta7 563DE0: the two 0.2 lin rows feed all three RGB additions or subtractions on their respective paths
564331,fixed,"uta6 562D30 / uta7 563EB0: the extra spin step, now lin 5631A1/564322"
5644CC,stock,"uta7/uta5 endpoint response first clamps submodel angle to its boundary, then reflects angular velocity by -0.5. This is a discrete contact impulse, followed by movement away from the boundary."
564515,stock,"uta7/uta5 endpoint response first clamps submodel angle to its boundary, then reflects angular velocity by -0.5. This is a discrete contact impulse, followed by movement away from the boundary."
565013,fixed,"uta8 564E60: the turn, now callscale 564FFE"
5654DD,fixed,"uta8 565410: the flash count +E3C, now count 5654DD"
5655F7,once,uta8 E36=0 setup changes E36 to 1 before decrementing the finite action count +E44 and starting the motion and sound. Further updates enter another phase.
5659D8,stock,uta8's orientation result comes from the globally corrected 2DA510 approach helper.
56601B,once,"uta9 vtable initialization slot 9 sets E34=1, creates two children, and applies paired fixed quarter-turn placement offsets before constructing their matrices."
5660B3,once,"uta9 vtable initialization slot 9 sets E34=1, creates two children, and applies paired fixed quarter-turn placement offsets before constructing their matrices."
5661AC,fixed,uta9 helper 566160: the shared 0.08 factor is compounded before the X/Y/Z approach toward +D20/+D24/+D28 targets
5661D4,fixed,uta9 helper 566160: the shared 0.08 factor is compounded before the X/Y/Z approach toward +D20/+D24/+D28 targets
5661E4,fixed,uta9 helper 566160: the shared 0.08 factor is compounded before the X/Y/Z approach toward +D20/+D24/+D28 targets
5663A0,fixed,"ut9 vertical motion stores the values corrected by lin steps 566398, 5663C3 and 566725. The E40 word store is gated directly at 566801; duplicate decompiler ownership does not create a second physical update."
5663CB,fixed,"ut9 vertical motion stores the values corrected by lin steps 566398, 5663C3 and 566725. The E40 word store is gated directly at 566801; duplicate decompiler ownership does not create a second physical update."
56642B,fixed,"uta9 X/Z approach stores consume the shared half-unit step corrected at 566409, preserving the 20-unit dead zone and spatial clamps."
566454,fixed,"uta9 X/Z approach stores consume the shared half-unit step corrected at 566409, preserving the 20-unit dead zone and spatial clamps."
56647F,fixed,"uta9 X/Z approach stores consume the shared half-unit step corrected at 566409, preserving the 20-unit dead zone and spatial clamps."
56649E,fixed,"uta9 X/Z approach stores consume the shared half-unit step corrected at 566409, preserving the 20-unit dead zone and spatial clamps."
5666EB,fixed,uta9 alpha output follows the already corrected 5666C2 fade step; the duplicate inventory function header 566160 ends at interior entry 566200 but refers to the same physical instruction.
56672D,fixed,"ut9 vertical motion stores the values corrected by lin steps 566398, 5663C3 and 566725. The E40 word store is gated directly at 566801; duplicate decompiler ownership does not create a second physical update."
566801,fixed,"ut9 vertical motion stores the values corrected by lin steps 566398, 5663C3 and 566725. The E40 word store is gated directly at 566801; duplicate decompiler ownership does not create a second physical update."
567A8F,fixed,"Linked alpha outputs consume corrected appearance coefficients at 567A83,5682CB,568EF9,56AFF4,56B6A1,56889C,56A949; their motion-frame thresholds are unchanged."
567B6B,once,"Motion-frame hit reaction is guarded by 20F270, which tests crossing a threshold using F48 minus the already time-correct B6ACC0/F54 delta, and by the player's ground and 1145 guards. The 21-unit launch displacement, E54 assignment and 0.2 lateral-speed impulse remain event magnitudes."
567B8C,once,"Motion-frame hit reaction is guarded by 20F270, which tests crossing a threshold using F48 minus the already time-correct B6ACC0/F54 delta, and by the player's ground and 1145 guards. The 21-unit launch displacement, E54 assignment and 0.2 lateral-speed impulse remain event magnitudes."
56822E,once,"Motion-frame hit reaction is guarded by 20F270, which tests crossing a threshold using F48 minus the already time-correct B6ACC0/F54 delta, and by the player's ground and 1145 guards. The 21-unit launch displacement, E54 assignment and 0.2 lateral-speed impulse remain event magnitudes."
56824D,once,"Motion-frame hit reaction is guarded by 20F270, which tests crossing a threshold using F48 minus the already time-correct B6ACC0/F54 delta, and by the player's ground and 1145 guards. The 21-unit launch displacement, E54 assignment and 0.2 lateral-speed impulse remain event magnitudes."
5682D7,fixed,"Linked alpha outputs consume corrected appearance coefficients at 567A83,5682CB,568EF9,56AFF4,56B6A1,56889C,56A949; their motion-frame thresholds are unchanged."
56852A,stock,Linked presentation position is copied from the parent's current position immediately before the constant Y offset; this constructs a spatial offset every tick without accumulating it.
5688A8,fixed,"Linked alpha outputs consume corrected appearance coefficients at 567A83,5682CB,568EF9,56AFF4,56B6A1,56889C,56A949; their motion-frame thresholds are unchanged."
568934,fixed,"utaa 568590 / utab 56A640: the slide, now src 56892C/56A9D9"
568AFF,stock,Linked presentation position is copied from the parent's current position immediately before the constant Y offset; this constructs a spatial offset every tick without accumulating it.
568E5F,once,"Motion-frame hit reaction is guarded by 20F270, which tests crossing a threshold using F48 minus the already time-correct B6ACC0/F54 delta, and by the player's ground and 1145 guards. The 21-unit launch displacement, E54 assignment and 0.2 lateral-speed impulse remain event magnitudes."
568E7E,once,"Motion-frame hit reaction is guarded by 20F270, which tests crossing a threshold using F48 minus the already time-correct B6ACC0/F54 delta, and by the player's ground and 1145 guards. The 21-unit launch displacement, E54 assignment and 0.2 lateral-speed impulse remain event magnitudes."
568F05,fixed,"Linked alpha outputs consume corrected appearance coefficients at 567A83,5682CB,568EF9,56AFF4,56B6A1,56889C,56A949; their motion-frame thresholds are unchanged."
569133,stock,Linked presentation position is copied from the parent's current position immediately before the constant Y offset; this constructs a spatial offset every tick without accumulating it.
56A955,fixed,"Linked alpha outputs consume corrected appearance coefficients at 567A83,5682CB,568EF9,56AFF4,56B6A1,56889C,56A949; their motion-frame thresholds are unchanged."
56A9E1,fixed,"utaa 568590 / utab 56A640: the slide, now src 56892C/56A9D9"
56ABAC,stock,Linked presentation position is copied from the parent's current position immediately before the constant Y offset; this constructs a spatial offset every tick without accumulating it.
56AF5A,once,"Motion-frame hit reaction is guarded by 20F270, which tests crossing a threshold using F48 minus the already time-correct B6ACC0/F54 delta, and by the player's ground and 1145 guards. The 21-unit launch displacement, E54 assignment and 0.2 lateral-speed impulse remain event magnitudes."
56AF79,once,"Motion-frame hit reaction is guarded by 20F270, which tests crossing a threshold using F48 minus the already time-correct B6ACC0/F54 delta, and by the player's ground and 1145 guards. The 21-unit launch displacement, E54 assignment and 0.2 lateral-speed impulse remain event magnitudes."
56B000,fixed,"Linked alpha outputs consume corrected appearance coefficients at 567A83,5682CB,568EF9,56AFF4,56B6A1,56889C,56A949; their motion-frame thresholds are unchanged."
56B222,stock,Linked presentation position is copied from the parent's current position immediately before the constant Y offset; this constructs a spatial offset every tick without accumulating it.
56B5B9,once,"Motion-frame hit reaction is guarded by 20F270, which tests crossing a threshold using F48 minus the already time-correct B6ACC0/F54 delta, and by the player's ground and 1145 guards. The 21-unit launch displacement, E54 assignment and 0.2 lateral-speed impulse remain event magnitudes."
56B5D8,once,"Motion-frame hit reaction is guarded by 20F270, which tests crossing a threshold using F48 minus the already time-correct B6ACC0/F54 delta, and by the player's ground and 1145 guards. The 21-unit launch displacement, E54 assignment and 0.2 lateral-speed impulse remain event magnitudes."
56B6AD,fixed,"Linked alpha outputs consume corrected appearance coefficients at 567A83,5682CB,568EF9,56AFF4,56B6A1,56889C,56A949; their motion-frame thresholds are unchanged."
56B88D,stock,Linked presentation position is copied from the parent's current position immediately before the constant Y offset; this constructs a spatial offset every tick without accumulating it.
56BCE1,stock,"Dormant debris helper: generator49 proves the entire function has no external direct entry, actual data/switch/LEA address reference or physical fallthrough; unwind descriptions cannot invoke it. This exclusion is rechecked on every generation."
56BD3E,stock,"Dormant debris helper: generator49 proves the entire function has no external direct entry, actual data/switch/LEA address reference or physical fallthrough; unwind descriptions cannot invoke it. This exclusion is rechecked on every generation."
56BD59,stock,"Dormant debris helper: generator49 proves the entire function has no external direct entry, actual data/switch/LEA address reference or physical fallthrough; unwind descriptions cannot invoke it. This exclusion is rechecked on every generation."
56BD61,stock,"Dormant debris helper: generator49 proves the entire function has no external direct entry, actual data/switch/LEA address reference or physical fallthrough; unwind descriptions cannot invoke it. This exclusion is rechecked on every generation."
56BD7C,stock,"Dormant debris helper: generator49 proves the entire function has no external direct entry, actual data/switch/LEA address reference or physical fallthrough; unwind descriptions cannot invoke it. This exclusion is rechecked on every generation."
56BD84,stock,"Dormant debris helper: generator49 proves the entire function has no external direct entry, actual data/switch/LEA address reference or physical fallthrough; unwind descriptions cannot invoke it. This exclusion is rechecked on every generation."
56BD94,stock,"Dormant debris helper: generator49 proves the entire function has no external direct entry, actual data/switch/LEA address reference or physical fallthrough; unwind descriptions cannot invoke it. This exclusion is rechecked on every generation."
56BDEE,stock,"Dormant debris helper: generator49 proves the entire function has no external direct entry, actual data/switch/LEA address reference or physical fallthrough; unwind descriptions cannot invoke it. This exclusion is rechecked on every generation."
56BE06,stock,"Dormant debris helper: generator49 proves the entire function has no external direct entry, actual data/switch/LEA address reference or physical fallthrough; unwind descriptions cannot invoke it. This exclusion is rechecked on every generation."
56BE0E,stock,"Dormant debris helper: generator49 proves the entire function has no external direct entry, actual data/switch/LEA address reference or physical fallthrough; unwind descriptions cannot invoke it. This exclusion is rechecked on every generation."
56BE27,stock,"Dormant debris helper: generator49 proves the entire function has no external direct entry, actual data/switch/LEA address reference or physical fallthrough; unwind descriptions cannot invoke it. This exclusion is rechecked on every generation."
56C553,fixed,"utaf 56C470: the complete submodel particle loop now advances on stock ticks, including its +1118 wait, velocity damping and position updates"
56C5AE,fixed,"utaf 56C470: the complete submodel particle loop now advances on stock ticks, including its +1118 wait, velocity damping and position updates"
56C5C6,fixed,"utaf 56C470: the complete submodel particle loop now advances on stock ticks, including its +1118 wait, velocity damping and position updates"
56C5CE,fixed,"utaf 56C470: the complete submodel particle loop now advances on stock ticks, including its +1118 wait, velocity damping and position updates"
56C5E6,fixed,"utaf 56C470: the complete submodel particle loop now advances on stock ticks, including its +1118 wait, velocity damping and position updates"
56C5EE,fixed,"utaf 56C470: the complete submodel particle loop now advances on stock ticks, including its +1118 wait, velocity damping and position updates"
56C5FA,fixed,"utaf 56C470: the complete submodel particle loop now advances on stock ticks, including its +1118 wait, velocity damping and position updates"
56C64C,fixed,"utaf 56C470: the complete submodel particle loop now advances on stock ticks, including its +1118 wait, velocity damping and position updates"
56C654,fixed,"utaf 56C470: the complete submodel particle loop now advances on stock ticks, including its +1118 wait, velocity damping and position updates"
56C65C,fixed,"utaf 56C470: the complete submodel particle loop now advances on stock ticks, including its +1118 wait, velocity damping and position updates"
56C66E,fixed,"utaf 56C470: the complete submodel particle loop now advances on stock ticks, including its +1118 wait, velocity damping and position updates"
56D48D,fixed,"utb2 56D250: the sink and the rise, now lin 56D485/56D4D0"
56D4D8,fixed,"utb2 56D250: the sink and the rise, now lin 56D485/56D4D0"
56E161,stock,"Dormant debris helper: generator49 proves the entire function has no external direct entry, actual data/switch/LEA address reference or physical fallthrough; unwind descriptions cannot invoke it. This exclusion is rechecked on every generation."
56E1BE,stock,"Dormant debris helper: generator49 proves the entire function has no external direct entry, actual data/switch/LEA address reference or physical fallthrough; unwind descriptions cannot invoke it. This exclusion is rechecked on every generation."
56E1D9,stock,"Dormant debris helper: generator49 proves the entire function has no external direct entry, actual data/switch/LEA address reference or physical fallthrough; unwind descriptions cannot invoke it. This exclusion is rechecked on every generation."
56E1E1,stock,"Dormant debris helper: generator49 proves the entire function has no external direct entry, actual data/switch/LEA address reference or physical fallthrough; unwind descriptions cannot invoke it. This exclusion is rechecked on every generation."
56E1FC,stock,"Dormant debris helper: generator49 proves the entire function has no external direct entry, actual data/switch/LEA address reference or physical fallthrough; unwind descriptions cannot invoke it. This exclusion is rechecked on every generation."
56E204,stock,"Dormant debris helper: generator49 proves the entire function has no external direct entry, actual data/switch/LEA address reference or physical fallthrough; unwind descriptions cannot invoke it. This exclusion is rechecked on every generation."
56E214,stock,"Dormant debris helper: generator49 proves the entire function has no external direct entry, actual data/switch/LEA address reference or physical fallthrough; unwind descriptions cannot invoke it. This exclusion is rechecked on every generation."
56E26E,stock,"Dormant debris helper: generator49 proves the entire function has no external direct entry, actual data/switch/LEA address reference or physical fallthrough; unwind descriptions cannot invoke it. This exclusion is rechecked on every generation."
56E286,stock,"Dormant debris helper: generator49 proves the entire function has no external direct entry, actual data/switch/LEA address reference or physical fallthrough; unwind descriptions cannot invoke it. This exclusion is rechecked on every generation."
56E28E,stock,"Dormant debris helper: generator49 proves the entire function has no external direct entry, actual data/switch/LEA address reference or physical fallthrough; unwind descriptions cannot invoke it. This exclusion is rechecked on every generation."
56E2A7,stock,"Dormant debris helper: generator49 proves the entire function has no external direct entry, actual data/switch/LEA address reference or physical fallthrough; unwind descriptions cannot invoke it. This exclusion is rechecked on every generation."
56E63D,once,utb5's case-two entry sets E37 to three and lowers its model fifty units once before initializing the linked states.
56EB13,fixed,"utb5 56EA30: the complete submodel particle loop now advances on stock ticks, including its +1108 wait, velocity damping and position updates"
56EB6E,fixed,"utb5 56EA30: the complete submodel particle loop now advances on stock ticks, including its +1108 wait, velocity damping and position updates"
56EB86,fixed,"utb5 56EA30: the complete submodel particle loop now advances on stock ticks, including its +1108 wait, velocity damping and position updates"
56EB8E,fixed,"utb5 56EA30: the complete submodel particle loop now advances on stock ticks, including its +1108 wait, velocity damping and position updates"
56EBA6,fixed,"utb5 56EA30: the complete submodel particle loop now advances on stock ticks, including its +1108 wait, velocity damping and position updates"
56EBAE,fixed,"utb5 56EA30: the complete submodel particle loop now advances on stock ticks, including its +1108 wait, velocity damping and position updates"
56EBBA,fixed,"utb5 56EA30: the complete submodel particle loop now advances on stock ticks, including its +1108 wait, velocity damping and position updates"
56EC0C,fixed,"utb5 56EA30: the complete submodel particle loop now advances on stock ticks, including its +1108 wait, velocity damping and position updates"
56EC14,fixed,"utb5 56EA30: the complete submodel particle loop now advances on stock ticks, including its +1108 wait, velocity damping and position updates"
56EC1C,fixed,"utb5 56EA30: the complete submodel particle loop now advances on stock ticks, including its +1108 wait, velocity damping and position updates"
56EC2E,fixed,"utb5 56EA30: the complete submodel particle loop now advances on stock ticks, including its +1108 wait, velocity damping and position updates"
56F923,fixed,"utb6 update 56F760: these +B0/+B4 phase stores receive 2DE0A0's per-tick turn deltas; in states 1, 3, 5, 7, 9 and 11 the caller-local angular limits are scaled by the corresponding lin rows at 56F8C0/56F8CC, 56FA95/56FAA1, 56FCB4/56FCC0, 56FE7E, 56FF59/56FF65 and 570078/570084"
56F944,fixed,"utb6 update 56F760: these +B0/+B4 phase stores receive 2DE0A0's per-tick turn deltas; in states 1, 3, 5, 7, 9 and 11 the caller-local angular limits are scaled by the corresponding lin rows at 56F8C0/56F8CC, 56FA95/56FAA1, 56FCB4/56FCC0, 56FE7E, 56FF59/56FF65 and 570078/570084"
56F9EA,fixed,"utb6 case 1: position x/y/z receive the converted dynamic +E14 blend at 56F9DE, 56F9FF and 56FA22; +E14 itself gains the full 0.07 only on each stock period's last tick at 56FA3C, after the approach"
56FA0C,fixed,"utb6 case 1: position x/y/z receive the converted dynamic +E14 blend at 56F9DE, 56F9FF and 56FA22; +E14 itself gains the full 0.07 only on each stock period's last tick at 56FA3C, after the approach"
56FA2F,fixed,"utb6 case 1: position x/y/z receive the converted dynamic +E14 blend at 56F9DE, 56F9FF and 56FA22; +E14 itself gains the full 0.07 only on each stock period's last tick at 56FA3C, after the approach"
56FA44,fixed,"utb6 case 1: position x/y/z receive the converted dynamic +E14 blend at 56F9DE, 56F9FF and 56FA22; +E14 itself gains the full 0.07 only on each stock period's last tick at 56FA3C, after the approach"
56FAF8,fixed,"utb6 update 56F760: these +B0/+B4 phase stores receive 2DE0A0's per-tick turn deltas; in states 1, 3, 5, 7, 9 and 11 the caller-local angular limits are scaled by the corresponding lin rows at 56F8C0/56F8CC, 56FA95/56FAA1, 56FCB4/56FCC0, 56FE7E, 56FF59/56FF65 and 570078/570084"
56FB19,fixed,"utb6 update 56F760: these +B0/+B4 phase stores receive 2DE0A0's per-tick turn deltas; in states 1, 3, 5, 7, 9 and 11 the caller-local angular limits are scaled by the corresponding lin rows at 56F8C0/56F8CC, 56FA95/56FAA1, 56FCB4/56FCC0, 56FE7E, 56FF59/56FF65 and 570078/570084"
56FB95,stock,"utb6 case 3: x/y/z are set to the freshly computed target by x += (target - x), a snap each update rather than a fractional approach; their operands are not per-tick rates"
56FBAF,stock,"utb6 case 3: x/y/z are set to the freshly computed target by x += (target - x), a snap each update rather than a fractional approach; their operands are not per-tick rates"
56FBCA,stock,"utb6 case 3: x/y/z are set to the freshly computed target by x += (target - x), a snap each update rather than a fractional approach; their operands are not per-tick rates"
56FD14,fixed,"utb6 update 56F760: these +B0/+B4 phase stores receive 2DE0A0's per-tick turn deltas; in states 1, 3, 5, 7, 9 and 11 the caller-local angular limits are scaled by the corresponding lin rows at 56F8C0/56F8CC, 56FA95/56FAA1, 56FCB4/56FCC0, 56FE7E, 56FF59/56FF65 and 570078/570084"
56FD35,fixed,"utb6 update 56F760: these +B0/+B4 phase stores receive 2DE0A0's per-tick turn deltas; in states 1, 3, 5, 7, 9 and 11 the caller-local angular limits are scaled by the corresponding lin rows at 56F8C0/56F8CC, 56FA95/56FAA1, 56FCB4/56FCC0, 56FE7E, 56FF59/56FF65 and 570078/570084"
56FE09,fixed,"utb6 case 5: position x/y/z receive the converted dynamic +E14 blend at 56FDFD, 56FE1E and 56FE41; +E14 itself gains the full 0.04 only on each stock period's last tick at 56FE5B, after the approach"
56FE2B,fixed,"utb6 case 5: position x/y/z receive the converted dynamic +E14 blend at 56FDFD, 56FE1E and 56FE41; +E14 itself gains the full 0.04 only on each stock period's last tick at 56FE5B, after the approach"
56FE4E,fixed,"utb6 case 5: position x/y/z receive the converted dynamic +E14 blend at 56FDFD, 56FE1E and 56FE41; +E14 itself gains the full 0.04 only on each stock period's last tick at 56FE5B, after the approach"
56FE63,fixed,"utb6 case 5: position x/y/z receive the converted dynamic +E14 blend at 56FDFD, 56FE1E and 56FE41; +E14 itself gains the full 0.04 only on each stock period's last tick at 56FE5B, after the approach"
56FED6,fixed,"utb6 update 56F760: these +B0/+B4 phase stores receive 2DE0A0's per-tick turn deltas; in states 1, 3, 5, 7, 9 and 11 the caller-local angular limits are scaled by the corresponding lin rows at 56F8C0/56F8CC, 56FA95/56FAA1, 56FCB4/56FCC0, 56FE7E, 56FF59/56FF65 and 570078/570084"
56FEFA,fixed,"utb6 update 56F760: these +B0/+B4 phase stores receive 2DE0A0's per-tick turn deltas; in states 1, 3, 5, 7, 9 and 11 the caller-local angular limits are scaled by the corresponding lin rows at 56F8C0/56F8CC, 56FA95/56FAA1, 56FCB4/56FCC0, 56FE7E, 56FF59/56FF65 and 570078/570084"
56FFB9,fixed,"utb6 update 56F760: these +B0/+B4 phase stores receive 2DE0A0's per-tick turn deltas; in states 1, 3, 5, 7, 9 and 11 the caller-local angular limits are scaled by the corresponding lin rows at 56F8C0/56F8CC, 56FA95/56FAA1, 56FCB4/56FCC0, 56FE7E, 56FF59/56FF65 and 570078/570084"
56FFDE,fixed,"utb6 update 56F760: these +B0/+B4 phase stores receive 2DE0A0's per-tick turn deltas; in states 1, 3, 5, 7, 9 and 11 the caller-local angular limits are scaled by the corresponding lin rows at 56F8C0/56F8CC, 56FA95/56FAA1, 56FCB4/56FCC0, 56FE7E, 56FF59/56FF65 and 570078/570084"
5700D8,fixed,"utb6 update 56F760: these +B0/+B4 phase stores receive 2DE0A0's per-tick turn deltas; in states 1, 3, 5, 7, 9 and 11 the caller-local angular limits are scaled by the corresponding lin rows at 56F8C0/56F8CC, 56FA95/56FAA1, 56FCB4/56FCC0, 56FE7E, 56FF59/56FF65 and 570078/570084"
5700FD,fixed,"utb6 update 56F760: these +B0/+B4 phase stores receive 2DE0A0's per-tick turn deltas; in states 1, 3, 5, 7, 9 and 11 the caller-local angular limits are scaled by the corresponding lin rows at 56F8C0/56F8CC, 56FA95/56FAA1, 56FCB4/56FCC0, 56FE7E, 56FF59/56FF65 and 570078/570084"
57040A,fixed,"570340: the waits +10DA, now count 57040A/570499 with notyet 570411/5704A0"
570499,fixed,"570340: the waits +10DA, now count 57040A/570499 with notyet 570411/5704A0"
570AFE,fixed,"utb7 states 1/3/5/7/9 (570890): 2DE0A0 returns bounded angular changes for +B0 and +B4; the ten caller-local limits are scaled at 570A9B/570AA7, 570C88/570C94, 570EE9/570EF5, 57110A/571116 and 571229/571235 before these wrapped phase stores"
570B1F,fixed,"utb7 states 1/3/5/7/9 (570890): 2DE0A0 returns bounded angular changes for +B0 and +B4; the ten caller-local limits are scaled at 570A9B/570AA7, 570C88/570C94, 570EE9/570EF5, 57110A/571116 and 571229/571235 before these wrapped phase stores"
570BB0,stock,"utb7 state 1 (570890): x/y/z set to each newly computed target by x += (target - x), a snap rather than a fractional approach or per-tick speed"
570BCA,stock,"utb7 state 1 (570890): x/y/z set to each newly computed target by x += (target - x), a snap rather than a fractional approach or per-tick speed"
570BE5,stock,"utb7 state 1 (570890): x/y/z set to each newly computed target by x += (target - x), a snap rather than a fractional approach or per-tick speed"
570CEB,fixed,"utb7 states 1/3/5/7/9 (570890): 2DE0A0 returns bounded angular changes for +B0 and +B4; the ten caller-local limits are scaled at 570A9B/570AA7, 570C88/570C94, 570EE9/570EF5, 57110A/571116 and 571229/571235 before these wrapped phase stores"
570D0C,fixed,"utb7 states 1/3/5/7/9 (570890): 2DE0A0 returns bounded angular changes for +B0 and +B4; the ten caller-local limits are scaled at 570A9B/570AA7, 570C88/570C94, 570EE9/570EF5, 57110A/571116 and 571229/571235 before these wrapped phase stores"
570D9D,stock,utb7 state 3: x/y/z again snap to the fresh target by x += (target - x); the animation transition is handled by 4B9C80
570DB7,stock,utb7 state 3: x/y/z again snap to the fresh target by x += (target - x); the animation transition is handled by 4B9C80
570DD2,stock,utb7 state 3: x/y/z again snap to the fresh target by x += (target - x); the animation transition is handled by 4B9C80
570F4C,fixed,"utb7 states 1/3/5/7/9 (570890): 2DE0A0 returns bounded angular changes for +B0 and +B4; the ten caller-local limits are scaled at 570A9B/570AA7, 570C88/570C94, 570EE9/570EF5, 57110A/571116 and 571229/571235 before these wrapped phase stores"
570F6D,fixed,"utb7 states 1/3/5/7/9 (570890): 2DE0A0 returns bounded angular changes for +B0 and +B4; the ten caller-local limits are scaled at 570A9B/570AA7, 570C88/570C94, 570EE9/570EF5, 57110A/571116 and 571229/571235 before these wrapped phase stores"
571012,stock,utb7 state 5: x/y/z snap to the computed target; the height target's separate +E18 rise is scaled at 570FEC and its ramp held at 570FF0
57102C,stock,utb7 state 5: x/y/z snap to the computed target; the height target's separate +E18 rise is scaled at 570FEC and its ramp held at 570FF0
571047,stock,utb7 state 5: x/y/z snap to the computed target; the height target's separate +E18 rise is scaled at 570FEC and its ramp held at 570FF0
5710F3,once,"utb7 state 6 adds 60 to position y only on entry, then sets state 7 and falls through; subsequent updates run state 7 or later"
57116A,fixed,"utb7 states 1/3/5/7/9 (570890): 2DE0A0 returns bounded angular changes for +B0 and +B4; the ten caller-local limits are scaled at 570A9B/570AA7, 570C88/570C94, 570EE9/570EF5, 57110A/571116 and 571229/571235 before these wrapped phase stores"
57118F,fixed,"utb7 states 1/3/5/7/9 (570890): 2DE0A0 returns bounded angular changes for +B0 and +B4; the ten caller-local limits are scaled at 570A9B/570AA7, 570C88/570C94, 570EE9/570EF5, 57110A/571116 and 571229/571235 before these wrapped phase stores"
57128C,fixed,"utb7 states 1/3/5/7/9 (570890): 2DE0A0 returns bounded angular changes for +B0 and +B4; the ten caller-local limits are scaled at 570A9B/570AA7, 570C88/570C94, 570EE9/570EF5, 57110A/571116 and 571229/571235 before these wrapped phase stores"
5712A9,fixed,"utb7 states 1/3/5/7/9 (570890): 2DE0A0 returns bounded angular changes for +B0 and +B4; the ten caller-local limits are scaled at 570A9B/570AA7, 570C88/570C94, 570EE9/570EF5, 57110A/571116 and 571229/571235 before these wrapped phase stores"
572199,once,"Scripted alignment's first pose update runs once after the initial thirty-stock-tick pause, before the yield loop. Its first X/Z displacement and first angle result are event setup."
5721BD,once,"Scripted alignment's first pose update runs once after the initial thirty-stock-tick pause, before the yield loop. Its first X/Z displacement and first angle result are event setup."
5721E2,once,"Scripted alignment's first pose update runs once after the initial thirty-stock-tick pause, before the yield loop. Its first X/Z displacement and first angle result are event setup."
572293,stock,Scripted alignment loop's angle result comes from the globally time-correct 2DA510 turn helper on each pass.
5740CA,once,Map scripts 573FE0 and 58BB90: 7A8CB0+4 counts accepted brush attempts.
57414B,fixed,Map scripts 573FE0 and 58BB90: their countdowns 7A8CB0+8 are count rows 574148 and 58BCF8.
57709C,follows,"scripted tasks (576E30, 577490, 585AE0, 5884F0, 5887E0, 58C7E0, 58CD50): a fade's first pass before its loop, whose wait(1) task_waits.h makes a stock tick's (as 588655, 588F91)"
5770A4,follows,"scripted tasks (576E30, 577490, 585AE0, 5884F0, 5887E0, 58C7E0, 58CD50): a fade's first pass before its loop, whose wait(1) task_waits.h makes a stock tick's (as 588655, 588F91)"
5770AC,follows,"scripted tasks (576E30, 577490, 585AE0, 5884F0, 5887E0, 58C7E0, 58CD50): a fade's first pass before its loop, whose wait(1) task_waits.h makes a stock tick's (as 588655, 588F91)"
5770ED,follows,"576E30: a step of the loop whose wait(1) at 5770D0 task_waits.h makes a stock tick's, so one step a stock tick"
577101,follows,"576E30: a step of the loop whose wait(1) at 5770D0 task_waits.h makes a stock tick's, so one step a stock tick"
577115,follows,"576E30: a step of the loop whose wait(1) at 5770D0 task_waits.h makes a stock tick's, so one step a stock tick"
577184,follows,576E30 loop body resumes after task_waits.h stock-paced wait(1) at 5771E6; the first pass runs once before that wait
57718C,follows,576E30 loop body resumes after task_waits.h stock-paced wait(1) at 5771E6; the first pass runs once before that wait
577194,follows,576E30 loop body resumes after task_waits.h stock-paced wait(1) at 5771E6; the first pass runs once before that wait
5771CC,follows,"576E30: a step of the loop whose wait(1) at 5771E6 task_waits.h makes a stock tick's, so one step a stock tick"
5775BA,follows,"scripted tasks (576E30, 577490, 585AE0, 5884F0, 5887E0, 58C7E0, 58CD50): a fade's first pass before its loop, whose wait(1) task_waits.h makes a stock tick's (as 588655, 588F91)"
577600,follows,"577490: a step of the loop whose wait(1) at 5775E0 task_waits.h makes a stock tick's, so one step a stock tick"
577D16,follows,"577C30: a step of the loop whose wait(1) at 577EB1 task_waits.h makes a stock tick's, so one step a stock tick"
577D1E,follows,"577C30: a step of the loop whose wait(1) at 577EB1 task_waits.h makes a stock tick's, so one step a stock tick"
577D26,follows,"577C30: a step of the loop whose wait(1) at 577EB1 task_waits.h makes a stock tick's, so one step a stock tick"
577D5D,follows,"577C30: a step of the loop whose wait(1) at 577D40 task_waits.h makes a stock tick's, so one step a stock tick"
577D71,follows,"577C30: a step of the loop whose wait(1) at 577D40 task_waits.h makes a stock tick's, so one step a stock tick"
577D85,follows,"577C30: a step of the loop whose wait(1) at 577D40 task_waits.h makes a stock tick's, so one step a stock tick"
577DE4,follows,"577C30 loop body resumes after task_waits.h stock-paced wait(1) at 577E47,577EB1; the first pass runs once before that wait"
577DEC,follows,"577C30 loop body resumes after task_waits.h stock-paced wait(1) at 577E47,577EB1; the first pass runs once before that wait"
577DF4,follows,"577C30 loop body resumes after task_waits.h stock-paced wait(1) at 577E47,577EB1; the first pass runs once before that wait"
577E2D,follows,"577C30: a step of the loop whose wait(1) at 577E47 task_waits.h makes a stock tick's, so one step a stock tick"
57A6DE,once,"ut2b vtable initialization slot 9 creates two children, sets E34=1, and wraps the existing yaw (plus zero) for each fixed child placement."
57A780,once,"ut2b vtable initialization slot 9 creates two children, sets E34=1, and wraps the existing yaw (plus zero) for each fixed child placement."
57AE89,once,"ut2b entry alignment follows a fresh copy of a fixed waypoint and advances E36 before the next update. The PI-radian bounded turn selects an entry orientation once in states zero, one activation, two, four and six."
57AFC2,once,"ut2b entry alignment follows a fresh copy of a fixed waypoint and advances E36 before the next update. The PI-radian bounded turn selects an entry orientation once in states zero, one activation, two, four and six."
57B064,once,"ut2b entry alignment follows a fresh copy of a fixed waypoint and advances E36 before the next update. The PI-radian bounded turn selects an entry orientation once in states zero, one activation, two, four and six."
57B11C,stock,ut2b 57AC60: +B4 += the angle to its point clamped at pi: a snap
57B22F,once,"ut2b entry alignment follows a fresh copy of a fixed waypoint and advances E36 before the next update. The PI-radian bounded turn selects an entry orientation once in states zero, one activation, two, four and six."
57B338,once,"ut2b entry alignment follows a fresh copy of a fixed waypoint and advances E36 before the next update. The PI-radian bounded turn selects an entry orientation once in states zero, one activation, two, four and six."
57B528,stock,ut2b continuous B4 easing already calls the global FixTurnRate helper 2DA510; the following store consumes its corrected result.
57B721,once,ut2b/ut2c player launch reaction only runs after a hit/ground guard; the 21-unit Y displacement moves the player clear of the ground and assigns E54=1. The 0.2 E48 impulse is an impact magnitude.
57B748,once,ut2b/ut2c player launch reaction only runs after a hit/ground guard; the 21-unit Y displacement moves the player clear of the ground and assigns E54=1. The 0.2 E48 impulse is an impact magnitude.
57BC3A,fixed,ut2c 57BA60: each branch uses its own compounded 0.2 approach to material alpha +5C
57BC53,fixed,ut2c 57BA60: each branch uses its own compounded 0.2 approach to material alpha +5C
57C8BF,once,ut2b/ut2c player launch reaction only runs after a hit/ground guard; the 21-unit Y displacement moves the player clear of the ground and assigns E54=1. The 0.2 E48 impulse is an impact magnitude.
57C8DE,once,ut2b/ut2c player launch reaction only runs after a hit/ground guard; the 21-unit Y displacement moves the player clear of the ground and assigns E54=1. The 0.2 E48 impulse is an impact magnitude.
57CBE7,fixed,"ut2c 57CA00 case 6: material 0's approach, now blend 57CBDA"
57E121,fixed,"ut33 57E020: the wobble helper now runs on stock ticks while its parent continues to advance motion; its +E14 angle, +E3E and +E40 effect windows, and +B0 phase follow the same pace"
57E14A,fixed,"ut33 57E020: the wobble helper now runs on stock ticks while its parent continues to advance motion; its +E14 angle, +E3E and +E40 effect windows, and +B0 phase follow the same pace"
57E23E,fixed,"ut33 57E020: the wobble helper now runs on stock ticks while its parent continues to advance motion; its +E14 angle, +E3E and +E40 effect windows, and +B0 phase follow the same pace"
57E24C,fixed,"ut33 57E020: the wobble helper now runs on stock ticks while its parent continues to advance motion; its +E14 angle, +E3E and +E40 effect windows, and +B0 phase follow the same pace"
57E2C8,fixed,"ut33 57E020: the wobble helper now runs on stock ticks while its parent continues to advance motion; its +E14 angle, +E3E and +E40 effect windows, and +B0 phase follow the same pace"
57E313,fixed,"ut33 57E020: the wobble helper now runs on stock ticks while its parent continues to advance motion; its +E14 angle, +E3E and +E40 effect windows, and +B0 phase follow the same pace"
57E33F,fixed,"ut33 57E020: the wobble helper now runs on stock ticks while its parent continues to advance motion; its +E14 angle, +E3E and +E40 effect windows, and +B0 phase follow the same pace"
57E350,fixed,"ut33 57E020: the wobble helper now runs on stock ticks while its parent continues to advance motion; its +E14 angle, +E3E and +E40 effect windows, and +B0 phase follow the same pace"
57E3B0,fixed,"ut33 57E020: its +E14 wobble's decay (57E3A1, *= 0.98) and step (57E399) run inside the gatefn on 57E020, once a stock tick; find_decay_factors.STOCK_GATED and find_phase_steps.STOCK_GATED leave both to the gate"
57E3FE,fixed,"ut33 57E020: the wobble helper now runs on stock ticks while its parent continues to advance motion; its +E14 angle, +E3E and +E40 effect windows, and +B0 phase follow the same pace"
57E437,fixed,57E020 is a gatefn row: its decay runs once a stock tick.
57E498,fixed,"ut33 57E020: the wobble helper now runs on stock ticks while its parent continues to advance motion; its +E14 angle, +E3E and +E40 effect windows, and +B0 phase follow the same pace"
58246B,follows,"582380: a step of the loop whose wait(1) at 58254B task_waits.h makes a stock tick's, so one step a stock tick"
58249A,follows,"582380 loop body resumes after task_waits.h stock-paced wait(1) at 58254B,58266E; the first pass runs once before that wait"
5824C9,follows,"582380 loop body resumes after task_waits.h stock-paced wait(1) at 58254B,58266E; the first pass runs once before that wait"
5824F8,follows,"582380 loop body resumes after task_waits.h stock-paced wait(1) at 58254B,58266E; the first pass runs once before that wait"
582527,follows,"582380: a step of the loop whose wait(1) at 58254B task_waits.h makes a stock tick's, so one step a stock tick"
58259B,follows,"582380: a step of the loop whose wait(1) at 58266E task_waits.h makes a stock tick's, so one step a stock tick"
5825C2,follows,"582380 loop body resumes after task_waits.h stock-paced wait(1) at 58254B,58266E; the first pass runs once before that wait"
5825F1,follows,"582380 loop body resumes after task_waits.h stock-paced wait(1) at 58254B,58266E; the first pass runs once before that wait"
582620,follows,"582380 loop body resumes after task_waits.h stock-paced wait(1) at 58254B,58266E; the first pass runs once before that wait"
582652,follows,"582380: a step of the loop whose wait(1) at 58266E task_waits.h makes a stock tick's, so one step a stock tick"
58391B,once,ut2a state 2 lowers Y by two units then changes +E36 to state 3 in the same call; later calls only maintain the half scale.
585DCB,follows,"585AE0 loop body resumes after task_waits.h stock-paced wait(1) at 585EB4,5860BF; the first pass runs once before that wait"
585DEE,follows,"585AE0 loop body resumes after task_waits.h stock-paced wait(1) at 585EB4,5860BF; the first pass runs once before that wait"
585E11,follows,"585AE0 loop body resumes after task_waits.h stock-paced wait(1) at 585EB4,5860BF; the first pass runs once before that wait"
585E85,follows,"585AE0: a step of the loop whose wait(1) at 585EB4 task_waits.h makes a stock tick's, so one step a stock tick"
586035,follows,"585AE0 loop body resumes after task_waits.h stock-paced wait(1) at 585EB4,5860BF; the first pass runs once before that wait"
586197,follows,"scripted tasks (576E30, 577490, 585AE0, 5884F0, 5887E0, 58C7E0, 58CD50): a fade's first pass before its loop, whose wait(1) task_waits.h makes a stock tick's (as 588655, 588F91)"
5861F0,follows,"585AE0: a step of the loop whose wait(1) at 5861D0 task_waits.h makes a stock tick's, so one step a stock tick"
5868E4,once,"5868A0 is registered as a scripted transition callback by 4C0CD0; these three initial brightness raises happen only when the callback starts, before its first wait"
5868FF,once,"5868A0 is registered as a scripted transition callback by 4C0CD0; these three initial brightness raises happen only when the callback starts, before its first wait"
58691A,once,"5868A0 is registered as a scripted transition callback by 4C0CD0; these three initial brightness raises happen only when the callback starts, before its first wait"
58697F,follows,"5868A0: a step of the loop whose wait(1) at 586960 task_waits.h makes a stock tick's, so one step a stock tick"
58699A,follows,"5868A0: a step of the loop whose wait(1) at 586960 task_waits.h makes a stock tick's, so one step a stock tick"
5869B5,follows,"5868A0 loops on the brightness threshold and then opacity; the loop waits at 586960 and 586ADA are both selected task_waits.h loop calls, so these stores run once per stock tick"
586A23,follows,"5868A0 loops on the brightness threshold and then opacity; the loop waits at 586960 and 586ADA are both selected task_waits.h loop calls, so these stores run once per stock tick"
586A3E,follows,"5868A0 loops on the brightness threshold and then opacity; the loop waits at 586960 and 586ADA are both selected task_waits.h loop calls, so these stores run once per stock tick"
586A59,follows,"5868A0 loops on the brightness threshold and then opacity; the loop waits at 586960 and 586ADA are both selected task_waits.h loop calls, so these stores run once per stock tick"
586AB1,follows,"5868A0: a step of the loop whose wait(1) at 586ADA task_waits.h makes a stock tick's, so one step a stock tick"
5885E0,follows,"5884F0: a step of the loop whose wait(1) at 5885F5 task_waits.h makes a stock tick's, so one step a stock tick"
588625,follows,"scripted tasks (576E30, 577490, 585AE0, 5884F0, 5887E0, 58C7E0, 58CD50): a fade's first pass before its loop, whose wait(1) task_waits.h makes a stock tick's (as 588655, 588F91)"
58863D,follows,"scripted tasks (576E30, 577490, 585AE0, 5884F0, 5887E0, 58C7E0, 58CD50): a fade's first pass before its loop, whose wait(1) task_waits.h makes a stock tick's (as 588655, 588F91)"
588655,follows,5884F0 loop body resumes after task_waits.h stock-paced wait(1) at 5886E3; the first pass runs once before that wait
58867B,follows,5884F0 loop body resumes after task_waits.h stock-paced wait(1) at 5886E3; the first pass runs once before that wait
588693,follows,5884F0 loop body resumes after task_waits.h stock-paced wait(1) at 5886E3; the first pass runs once before that wait
5886AB,follows,"scripted tasks (576E30, 577490, 585AE0, 5884F0, 5887E0, 58C7E0, 58CD50): a fade's first pass before its loop, whose wait(1) task_waits.h makes a stock tick's (as 588655, 588F91)"
588701,follows,"5884F0: a step of the loop whose wait(1) at 5887A5 task_waits.h makes a stock tick's, so one step a stock tick"
58871A,follows,"5884F0: a step of the loop whose wait(1) at 5887A5 task_waits.h makes a stock tick's, so one step a stock tick"
588733,follows,"5884F0: a step of the loop whose wait(1) at 5887A5 task_waits.h makes a stock tick's, so one step a stock tick"
58877F,follows,"5884F0: a step of the loop whose wait(1) at 5887A5 task_waits.h makes a stock tick's, so one step a stock tick"
588F53,follows,"scripted tasks (576E30, 577490, 585AE0, 5884F0, 5887E0, 58C7E0, 58CD50): a fade's first pass before its loop, whose wait(1) task_waits.h makes a stock tick's (as 588655, 588F91)"
588F72,follows,"scripted tasks (576E30, 577490, 585AE0, 5884F0, 5887E0, 58C7E0, 58CD50): a fade's first pass before its loop, whose wait(1) task_waits.h makes a stock tick's (as 588655, 588F91)"
588F91,follows,"5887E0 and 627F70 are tasks: their fade loops (task_waits.h 588FE0, 628640) pass once a stock tick; these are the first pass's steps."
588FFC,follows,"5887E0: a step of the loop whose wait(1) at 588FE0 task_waits.h makes a stock tick's, so one step a stock tick"
58901B,follows,"5887E0: a step of the loop whose wait(1) at 588FE0 task_waits.h makes a stock tick's, so one step a stock tick"
58903A,follows,5887E0 loop body resumes after task_waits.h stock-paced wait(1) at 588FE0; the first pass runs once before that wait
58996D,stock,"5898F0 counts scripted event requests: 38 is the total, 3C and 40 are category totals used to choose alternate message IDs for the first two occurrences. Each invocation installs the requested message sequence; these totals count requests rather than elapsed ticks."
589994,stock,"5898F0 counts scripted event requests: 38 is the total, 3C and 40 are category totals used to choose alternate message IDs for the first two occurrences. Each invocation installs the requested message sequence; these totals count requests rather than elapsed ticks."
589997,stock,"5898F0 counts scripted event requests: 38 is the total, 3C and 40 are category totals used to choose alternate message IDs for the first two occurrences. Each invocation installs the requested message sequence; these totals count requests rather than elapsed ticks."
58BC77,once,Map scripts 573FE0 and 58BB90: 7A8CB0+4 counts accepted brush attempts.
58BCFB,fixed,Map scripts 573FE0 and 58BB90: their countdowns 7A8CB0+8 are count rows 574148 and 58BCF8.
58C9BF,follows,"scripted tasks (576E30, 577490, 585AE0, 5884F0, 5887E0, 58C7E0, 58CD50): a fade's first pass before its loop, whose wait(1) task_waits.h makes a stock tick's (as 588655, 588F91)"
58C9C7,follows,"scripted tasks (576E30, 577490, 585AE0, 5884F0, 5887E0, 58C7E0, 58CD50): a fade's first pass before its loop, whose wait(1) task_waits.h makes a stock tick's (as 588655, 588F91)"
58C9CF,follows,"scripted tasks (576E30, 577490, 585AE0, 5884F0, 5887E0, 58C7E0, 58CD50): a fade's first pass before its loop, whose wait(1) task_waits.h makes a stock tick's (as 588655, 588F91)"
58CA0D,follows,"58C7E0: a step of the loop whose wait(1) at 58C9F0 task_waits.h makes a stock tick's, so one step a stock tick"
58CA21,follows,"58C7E0: a step of the loop whose wait(1) at 58C9F0 task_waits.h makes a stock tick's, so one step a stock tick"
58CA35,follows,"58C7E0: a step of the loop whose wait(1) at 58C9F0 task_waits.h makes a stock tick's, so one step a stock tick"
58CAA5,follows,58C7E0 loop body resumes after task_waits.h stock-paced wait(1) at 58CB07; the first pass runs once before that wait
58CAAD,follows,58C7E0 loop body resumes after task_waits.h stock-paced wait(1) at 58CB07; the first pass runs once before that wait
58CAB5,follows,58C7E0 loop body resumes after task_waits.h stock-paced wait(1) at 58CB07; the first pass runs once before that wait
58CAED,follows,"58C7E0: a step of the loop whose wait(1) at 58CB07 task_waits.h makes a stock tick's, so one step a stock tick"
58CE6A,follows,"scripted tasks (576E30, 577490, 585AE0, 5884F0, 5887E0, 58C7E0, 58CD50): a fade's first pass before its loop, whose wait(1) task_waits.h makes a stock tick's (as 588655, 588F91)"
58CEB0,follows,"58CD50: a step of the loop whose wait(1) at 58CE90 task_waits.h makes a stock tick's, so one step a stock tick"
58D2A6,follows,"58D1C0: a step of the loop whose wait(1) at 58D441 task_waits.h makes a stock tick's, so one step a stock tick"
58D2AE,follows,"58D1C0: a step of the loop whose wait(1) at 58D441 task_waits.h makes a stock tick's, so one step a stock tick"
58D2B6,follows,"58D1C0: a step of the loop whose wait(1) at 58D441 task_waits.h makes a stock tick's, so one step a stock tick"
58D2ED,follows,"58D1C0: a step of the loop whose wait(1) at 58D2D0 task_waits.h makes a stock tick's, so one step a stock tick"
58D301,follows,"58D1C0: a step of the loop whose wait(1) at 58D2D0 task_waits.h makes a stock tick's, so one step a stock tick"
58D315,follows,"58D1C0: a step of the loop whose wait(1) at 58D2D0 task_waits.h makes a stock tick's, so one step a stock tick"
58D374,follows,"58D1C0 loop body resumes after task_waits.h stock-paced wait(1) at 58D3D7,58D441; the first pass runs once before that wait"
58D37C,follows,"58D1C0 loop body resumes after task_waits.h stock-paced wait(1) at 58D3D7,58D441; the first pass runs once before that wait"
58D384,follows,"58D1C0 loop body resumes after task_waits.h stock-paced wait(1) at 58D3D7,58D441; the first pass runs once before that wait"
58D3BD,follows,"58D1C0: a step of the loop whose wait(1) at 58D3D7 task_waits.h makes a stock tick's, so one step a stock tick"
58FAE7,once,Map scripts' init functions (the +08 field of their 7AD9B0 records) run once when the map loads.
590190,once,"es78 590130/5901C0: each +E36 increment follows a one-time play-motion call on state entry, then the branch tests the active motion's end"
590219,once,"es78 590130/5901C0: each +E36 increment follows a one-time play-motion call on state entry, then the branch tests the active motion's end"
590FF7,fixed,Map scripts 5443F0 and 590F10: their countdowns are count rows 54447A and 590FF5.
598BE3,follows,"598B10 state 3: the scales +C0/+C8 step by xmm7, the 0.05 world literal (598B56)"
598BEB,follows,"598B10 state 3: the scales +C0/+C8 step by xmm7, the 0.05 world literal (598B56)"
598C2C,fixed,"598B10 state 5: the countdown +E36, now count 598C2C with notyet 598C32"
598CBE,fixed,598B10: 598B56 loads the shared 0.05 step in xmm7; all four material +60 subtractions use it
598CC9,follows,598B10: these stores add 1 only after the scaled U offset crosses -1
598CE8,fixed,598B10: 598B56 loads the shared 0.05 step in xmm7; all four material +60 subtractions use it
598CF3,follows,598B10: these stores add 1 only after the scaled U offset crosses -1
598D18,fixed,598B10: 598B56 loads the shared 0.05 step in xmm7; all four material +60 subtractions use it
598D23,follows,598B10: these stores add 1 only after the scaled U offset crosses -1
598D46,fixed,598B10: 598B56 loads the shared 0.05 step in xmm7; all four material +60 subtractions use it
598D51,follows,598B10: these stores add 1 only after the scaled U offset crosses -1
5996CA,fixed,"et99 599590: material 1's step, now lin 5996C2"
59AC5F,fixed,"Map scripts 59ABA0, 5BC850, 5C22D0, 622D00 and the task 5F8190: their fades and the clamped turn are src rows 59AC5B, 5F81F0 and lin rows 5BCA47/5BCA54, 5C24A9/5C24B6, 622D84."
59D652,follows,"the scripted task 59D230: a fade's first pass before its loop, whose wait(1) task_waits.h makes a stock tick's"
59D656,follows,"the scripted task 59D230: a fade's first pass before its loop, whose wait(1) task_waits.h makes a stock tick's"
59D65E,follows,"the scripted task 59D230: a fade's first pass before its loop, whose wait(1) task_waits.h makes a stock tick's"
59D69D,follows,"59D230: a step of the loop whose wait(1) at 59D680 task_waits.h makes a stock tick's, so one step a stock tick"
59D6B1,follows,"59D230: a step of the loop whose wait(1) at 59D680 task_waits.h makes a stock tick's, so one step a stock tick"
59FDB0,follows,"59FD10: a step of the loop whose wait(1) at 59FDC5 task_waits.h makes a stock tick's, so one step a stock tick"
59FE08,follows,"59FD10: a step of the loop whose wait(1) at 59FE88 task_waits.h makes a stock tick's, so one step a stock tick"
59FE1C,follows,"59FD10: a step of the loop whose wait(1) at 59FE88 task_waits.h makes a stock tick's, so one step a stock tick"
59FE24,follows,59FD10 loop body resumes after task_waits.h stock-paced wait(1) at 59FE88; the first pass runs once before that wait
59FE5E,follows,"59FD10: a step of the loop whose wait(1) at 59FE88 task_waits.h makes a stock tick's, so one step a stock tick"
59FE66,follows,"59FD10: a step of the loop whose wait(1) at 59FE88 task_waits.h makes a stock tick's, so one step a stock tick"
59FE6E,follows,"59FD10: a step of the loop whose wait(1) at 59FE88 task_waits.h makes a stock tick's, so one step a stock tick"
59FEC8,follows,"59FD10: a step of the loop whose wait(1) at 59FF2B task_waits.h makes a stock tick's, so one step a stock tick"
59FED0,follows,"59FD10: a step of the loop whose wait(1) at 59FF2B task_waits.h makes a stock tick's, so one step a stock tick"
59FED8,follows,"59FD10: a step of the loop whose wait(1) at 59FF2B task_waits.h makes a stock tick's, so one step a stock tick"
59FF11,follows,"59FD10: a step of the loop whose wait(1) at 59FF2B task_waits.h makes a stock tick's, so one step a stock tick"
5A07E3,follows,5A06A0 loop body resumes after task_waits.h stock-paced wait(1) at 5A0867; the first pass runs once before that wait
5A0815,follows,5A06A0 loop body resumes after task_waits.h stock-paced wait(1) at 5A0867; the first pass runs once before that wait
5A0833,follows,"5A06A0: a step of the loop whose wait(1) at 5A0867 task_waits.h makes a stock tick's, so one step a stock tick"
5A0847,follows,"5A06A0: a step of the loop whose wait(1) at 5A0867 task_waits.h makes a stock tick's, so one step a stock tick"
5A0854,follows,"5A06A0: a step of the loop whose wait(1) at 5A0867 task_waits.h makes a stock tick's, so one step a stock tick"
5A1273,once,"Map scripts 521400 and 5A11E0: their counts (B71BF0+388/+38C, B73028+6/+7) tally brush techniques as they are recognized."
5A129D,once,"Map scripts 521400 and 5A11E0: their counts (B71BF0+388/+38C, B73028+6/+7) tally brush techniques as they are recognized."
5A238A,once,Map scripts' init functions (the +08 field of their 7AD9B0 records) run once when the map loads.
5A2BC7,fixed,utbf 5A2BA0: B4 now rotates by a scaled 0.02617994 step
5A2C87,stock,"5A2C60..5A2CA0 has no direct external entry, aligned or unaligned actual code pointer, switch/LEA reference, export reference or physical fallthrough. Generator rechecks this complete range on the audited image; unwind frame descriptions cannot invoke it."
5A2DBD,fixed,utbf 5A2CD0: E36 action countdown now decreases on stock ticks
5A2E9A,follows,utbf 5A2E20: material 1's U wrapped by 1 after its scroll row
5A33A1,fixed,utc6 5A3340: +E35 short wait now decrements on stock ticks
5A3441,fixed,utc6 5A3340: +1084 heading now changes by scaled positive or negative 0.095 steps
5A36DE,stock,"5A3690..5A36F0 has no direct external entry, aligned or unaligned actual code pointer, switch/LEA reference, export reference or physical fallthrough. Generator rechecks this complete range on the audited image; unwind frame descriptions cannot invoke it."
5A3B92,fixed,utc6 5A3930: +1088 heading now receives a scaled step when entering either of the two adjacent trigger branches
5A3BC2,fixed,utc6 5A3930: +1088 heading now receives a scaled step when entering either of the two adjacent trigger branches
5A3D3E,stock,utc6 5A3CF0: the apparent +1088 addition adds an all-zero register before its clamp
5A414D,fixed,utc7 5A40A0: submodel B8 angle now receives a scaled step in each of its three movement branches
5A41B3,fixed,utc7 5A40A0: submodel B8 angle now receives a scaled step in each of its three movement branches
5A4260,fixed,utc7 5A40A0: submodel B8 angle now receives a scaled step in each of its three movement branches
5A49FB,stock,utce 5A49A0: these three calls merely wrap the existing B0/B4/B8 angles into the canonical interval; they do not add a per-tick step
5A4A10,stock,utce 5A49A0: these three calls merely wrap the existing B0/B4/B8 angles into the canonical interval; they do not add a per-tick step
5A4A25,stock,utce 5A49A0: these three calls merely wrap the existing B0/B4/B8 angles into the canonical interval; they do not add a per-tick step
5A4AC8,fixed,utce 5A49A0: +10E2 contact cooldown now decrements on stock ticks
5A4B8A,fixed,utca 5A4B40: +10E2 effect cooldown now decreases on stock ticks
5A4D45,fixed,utce 5A4CE0: +10E1 and +10E3 contact cooldowns now decrement on stock ticks
5A4DDD,fixed,utce 5A4CE0: +E36 ten-stage spin count now advances on stock ticks
5A4E03,fixed,utce 5A4CE0: +B8 heading now receives a scaled step in both spin states before wrapping
5A4E50,fixed,utce 5A4CE0: +B8 heading now receives a scaled step in both spin states before wrapping
5A4F39,fixed,utce 5A4CE0: +10E1 and +10E3 contact cooldowns now decrement on stock ticks
5A503B,fixed,utce 5A4F80: +10E0 wait before returning scale to one now decreases on stock ticks
5A52A4,stock,utce 5A5270: the B8 write wraps its already stored angle without adding a step
5A5AAB,fixed,utce 5A5950: +1071 effect cooldown now decreases on stock ticks
5A5BCD,fixed,utce 5A5AD0: the scaled 0.1 in xmm7 feeds each material +5C subtraction in the four-material loop
5A5C5A,fixed,utce 5A5C10: +1072 wait before returning scale to one now decreases on stock ticks
5A5FBD,fixed,utce 5A5F80: submodel B0 angle changes by a scaled negative 0.18 step and E35 return count advances on stock ticks
5A5FC5,fixed,utce 5A5F80: submodel B0 angle changes by a scaled negative 0.18 step and E35 return count advances on stock ticks
5A601D,fixed,utce 5A5FE0: submodel B0 angle changes by a scaled positive 0.18 step and E35 outward count advances on stock ticks
5A6025,fixed,utce 5A5FE0: submodel B0 angle changes by a scaled positive 0.18 step and E35 outward count advances on stock ticks
5A60DC,fixed,utce 5A6050: two submodel B8 angles receive scaled opposite steps derived from +1074
5A6116,fixed,utce 5A6050: two submodel B8 angles receive scaled opposite steps derived from +1074
5A6180,fixed,utce 5A6130: E35 return-stage countdown now decreases on stock ticks after the per-submodel cleanup
5A67F6,fixed,utcf 5A6760: +1074 now fades by a scaled state-selected step in both branches
5A6829,fixed,utcf 5A6760: +1074 now fades by a scaled state-selected step in both branches
5A6FCD,fixed,utd0 5A6F60: E36 action-stage countdown now decreases on stock ticks
5A740B,fixed,utd8 5A72F0: +1158 float countdown now falls by a scaled one-unit step
5A7A2E,fixed,"utd8 5A79E0: D2C now rises or falls by a scaled 0.05 step, while its clamp remains immediate"
5A7A44,fixed,"utd8 5A79E0: D2C now rises or falls by a scaled 0.05 step, while its clamp remains immediate"
5A7BCC,once,utd8 5A7B50: +E36 advances when a new motion is selected; +E54's downward launch speed is set and applied to Y once before that motion begins
5A7BF6,once,utd8 5A7B50: +E36 advances when a new motion is selected; +E54's downward launch speed is set and applied to Y once before that motion begins
5A7C03,once,utd8 5A7B50: +E36 advances when a new motion is selected; +E54's downward launch speed is set and applied to Y once before that motion begins
5A7F12,fixed,utd8 5A7EA0: E36 count following motion selection now advances on stock ticks
5A7FBF,fixed,utd8 5A7F90: E36 stage count now advances on stock ticks before five
5A8847,fixed,utf0 5A8720: +110C now gains a scaled +F54-derived step while motion has not completed
5A89E0,fixed,utf0 5A88F0: +110C now gains a scaled +F54-derived step while motion has not completed
5A8C07,fixed,utf0 5A8A80: actor Y now gains a scaled 1.5 step under the height limit
5A8D90,fixed,utf0 5A8CA0: +110C now gains a scaled +F54-derived step while motion has not completed
5A9445,fixed,utf0 5A9090: +1118 duration and +1116 effect cooldown now decrement on stock ticks
5A9481,fixed,utf0 5A9090: +1118 duration and +1116 effect cooldown now decrement on stock ticks
5A9678,stock,"utf0 5A9510: +1115 counts projectiles spawned by the accompanying 2DC7B0 call, and each increment represents that actual spawn"
5A979C,fixed,utf0 5A9750: the two state-dependent material +60 steps of 0.002 and 0.01 are each scaled before this store
5A97A7,follows,utf0: this store subtracts one unit only after the scaled U offset crosses +1
5A986E,fixed,utf0 5A9750: submodel B4 now rotates by a scaled 0.625 step and +1117 effect cooldown counts stock ticks
5A98CC,fixed,utf0 5A9750: submodel B4 now rotates by a scaled 0.625 step and +1117 effect cooldown counts stock ticks
5A9BDA,fixed,utf1 5A9BC0: +10E6 short wait now decreases on stock ticks
5AA02F,fixed,utf1 5A9F90: the +10E5 countdown and its material/effect transitions now share one stock-tick callback
5AA0E5,fixed,utf1 5A9F90: the +10E5 countdown and its material/effect transitions now share one stock-tick callback
5AA238,fixed,utf1 5AA100: +10E4 action-stage countdown now decreases on stock ticks
5AA992,fixed,utf8 5AA940: E36 action countdown now decreases on stock ticks
5AA9F6,stock,"5AA9C0..5AAA10 has no direct external entry, aligned or unaligned actual code pointer, switch/LEA reference, export reference or physical fallthrough. Generator rechecks this complete range on the audited image; unwind frame descriptions cannot invoke it."
5AAAB6,fixed,utf8 5AAAA0: +10D8 countdown now decreases on stock ticks
5AAB24,once,utf8 5AAAA0: +10E0/+10E4/+10E8 are multiplied by -1 once when +10F8 changes to the reversed state
5AAB38,once,utf8 5AAAA0: +10E0/+10E4/+10E8 are multiplied by -1 once when +10F8 changes to the reversed state
5AAB40,once,utf8 5AAAA0: +10E0/+10E4/+10E8 are multiplied by -1 once when +10F8 changes to the reversed state
5AB290,fixed,"utf9 5AB220: the ramp +10A8, now lin 5AB281"
5AB33E,fixed,utf9 5AB220: +10A8 now falls by a scaled two-unit step until clamped at -7
5ABABF,fixed,utfa 5ABAA0: E36 action countdown now decreases on stock ticks
5ABB56,once,"utf8 5ABB50: +10B0 advances when this state transition helper runs, before comparing the limited effect count"
5AC5AF,fixed,utfa 5ABF60: E36 action-sequence countdown and its effects now run in one stock-tick callback
5AC6CA,fixed,utfa 5AC5D0: E36 countdown and its 15/10-count effects now run in one stock-tick callback
5AC9F4,fixed,utfa 5AC920: B4 and submodel B0 steering now follow their stock-tick parent callback
5ACAD7,fixed,utfa 5AC920: B4 and submodel B0 steering now follow their stock-tick parent callback
5ACBC8,fixed,utfa 5ACB30: +1074 countdown now runs with its 40-count effect on stock ticks
5ADF9C,fixed,"Paired sliding panels: entire coupled update is paced by the stock-cadence gate at 5ADF40. Caller return-value proof, patch overlap audit, installed DLL checks and N=1/2/4 focused window emulation pass."
5ADFBC,fixed,"Paired sliding panels: entire coupled update is paced by the stock-cadence gate at 5ADF40. Caller return-value proof, patch overlap audit, installed DLL checks and N=1/2/4 focused window emulation pass."
5AE061,fixed,"Paired sliding panels: entire coupled update is paced by the stock-cadence gate at 5ADF40. Caller return-value proof, patch overlap audit, installed DLL checks and N=1/2/4 focused window emulation pass."
5AE081,fixed,"Paired sliding panels: entire coupled update is paced by the stock-cadence gate at 5ADF40. Caller return-value proof, patch overlap audit, installed DLL checks and N=1/2/4 focused window emulation pass."
5B0BB9,once,ut71 5B0B20/5B0BE0/5B0C80/5B0D40/5B0DE0/5B0E60/5B0F20: +E37 advances zero to one after starting its motion and setting the part flag; subsequent calls only advance scaled motion or test its end
5B0C46,once,ut71 5B0B20/5B0BE0/5B0C80/5B0D40/5B0DE0/5B0E60/5B0F20: +E37 advances zero to one after starting its motion and setting the part flag; subsequent calls only advance scaled motion or test its end
5B0D19,once,ut71 5B0B20/5B0BE0/5B0C80/5B0D40/5B0DE0/5B0E60/5B0F20: +E37 advances zero to one after starting its motion and setting the part flag; subsequent calls only advance scaled motion or test its end
5B0DA4,once,ut71 5B0B20/5B0BE0/5B0C80/5B0D40/5B0DE0/5B0E60/5B0F20: +E37 advances zero to one after starting its motion and setting the part flag; subsequent calls only advance scaled motion or test its end
5B0E44,once,ut71 5B0B20/5B0BE0/5B0C80/5B0D40/5B0DE0/5B0E60/5B0F20: +E37 advances zero to one after starting its motion and setting the part flag; subsequent calls only advance scaled motion or test its end
5B0EFE,once,ut71 5B0B20/5B0BE0/5B0C80/5B0D40/5B0DE0/5B0E60/5B0F20: +E37 advances zero to one after starting its motion and setting the part flag; subsequent calls only advance scaled motion or test its end
5B0F86,once,ut71 5B0B20/5B0BE0/5B0C80/5B0D40/5B0DE0/5B0E60/5B0F20: +E37 advances zero to one after starting its motion and setting the part flag; subsequent calls only advance scaled motion or test its end
5B3D30,follows,"5B3920: a step of the loop whose wait(1) at 5B3D21 task_waits.h makes a stock tick's, so one step a stock tick"
5B3D33,follows,"5B3920: a step of the loop whose wait(1) at 5B3D21 task_waits.h makes a stock tick's, so one step a stock tick"
5B5CC8,follows,5B5BF0: the flicker table is walked once a pass of the task loop whose wait(1) at 5B5CA0 task_waits.h makes a stock tick's (an inner loop over the table)
5B5CF5,follows,5B5BF0: the flicker table is walked once a pass of the task loop whose wait(1) at 5B5CA0 task_waits.h makes a stock tick's (an inner loop over the table)
5B5D09,follows,5B5BF0 loop body resumes after task_waits.h stock-paced wait(1) at 5B5CA0; the first pass runs once before that wait
5B6A67,stock,"5B6990 scene initializer: clear the scene record's +48 then tally five completed-condition flags, using the resulting zero-through-five count to select the scenario message"
5B6AD7,stock,"5B6990 scene initializer: clear the scene record's +48 then tally five completed-condition flags, using the resulting zero-through-five count to select the scenario message"
5B6B47,stock,"5B6990 scene initializer: clear the scene record's +48 then tally five completed-condition flags, using the resulting zero-through-five count to select the scenario message"
5B6BB7,stock,"5B6990 scene initializer: clear the scene record's +48 then tally five completed-condition flags, using the resulting zero-through-five count to select the scenario message"
5B6C27,stock,"5B6990 scene initializer: clear the scene record's +48 then tally five completed-condition flags, using the resulting zero-through-five count to select the scenario message"
5BB382,fixed,esf2 5BB320: the +1124 eight-tick cooldown write is skipped between stock ticks
5BCA82,fixed,"Map scripts 59ABA0, 5BC850, 5C22D0, 622D00 and the task 5F8190: their fades and the clamped turn are src rows 59AC5B, 5F81F0 and lin rows 5BCA47/5BCA54, 5C24A9/5C24B6, 622D84."
5C24E4,fixed,"Map scripts 59ABA0, 5BC850, 5C22D0, 622D00 and the task 5F8190: their fades and the clamped turn are src rows 59AC5B, 5F81F0 and lin rows 5BCA47/5BCA54, 5C24A9/5C24B6, 622D84."
5C4C06,follows,"5C4B00: y sinks by xmm6 or xmm7 a tick, constants world lin rows load (5C4B2D, 5C4BC7, 5C4D26, 5C4D9A, 5C4E19)"
5C4C50,follows,"5C4B00: y sinks by xmm6 or xmm7 a tick, constants world lin rows load (5C4B2D, 5C4BC7, 5C4D26, 5C4D9A, 5C4E19)"
5C4D11,follows,"5C4B00: y sinks by xmm6 or xmm7 a tick, constants world lin rows load (5C4B2D, 5C4BC7, 5C4D26, 5C4D9A, 5C4E19)"
5C4D4E,follows,"5C4B00: y sinks by xmm6 or xmm7 a tick, constants world lin rows load (5C4B2D, 5C4BC7, 5C4D26, 5C4D9A, 5C4E19)"
5C4E48,follows,"5C4B00: y sinks by xmm6 or xmm7 a tick, constants world lin rows load (5C4B2D, 5C4BC7, 5C4D26, 5C4D9A, 5C4E19)"
5C5CF0,once,a damage handler
5C5D01,once,a damage handler
5C6222,once,em85 slot 25: +1330 += 100 once per hit
5C62B5,once,em85 5C5DD0: +3450 steps once as its state changes (+E34 = 0x102 in the same branch)
5C6517,fixed,em85 update: its scrolls srcx and level pre
5C692F,fixed,em85 update: its scrolls srcx and level pre
5C69C5,fixed,em85 update: its scrolls srcx and level pre
5C6C06,fixed,"em85 5C6450: the phase, the rise and the countdown +348C, now rows 5C6BF9, 5C6C97, 5C6CB9, 5C6DC0"
5C6C9F,fixed,"em85 5C6450: the phase, the rise and the countdown +348C, now rows 5C6BF9, 5C6C97, 5C6CB9, 5C6DC0"
5C6CC1,fixed,"em85 5C6450: the phase, the rise and the countdown +348C, now rows 5C6BF9, 5C6C97, 5C6CB9, 5C6DC0"
5C6DC0,fixed,"em85 5C6450: the phase, the rise and the countdown +348C, now rows 5C6BF9, 5C6C97, 5C6CB9, 5C6DC0"
5C79CE,once,"an action's loop count stepped when its animation ends (239420), or a count of those (+3480, +3488, +11A8)"
5C7BF9,once,"an action's loop count stepped when its animation ends (239420), or a count of those (+3480, +3488, +11A8)"
5C95A8,once,"an action's loop count stepped when its animation ends (239420), or a count of those (+3480, +3488, +11A8)"
5CB716,once,"em85: a count stepped once per event (+3444 after its music call, a part's +1 when Amaterasu comes within 150, +3450 set)"
5CBA5A,follows,em85: +34B0 -= 1 when its state clock +1334 crosses a whole number (the clock is an actor clock)
5CBD4F,fixed,"5CBAD0, em86 5D3600, em87 5DA9A0: the steps toward a target, now lin rows on their step loads"
5CBEA0,fixed,"5CBAD0: the speed +343C's 0.98 + 0.02 sin^2 damping is root rows 5CBE8E/5CBF2E (on the factor, 18 bytes before the store)."
5CBF3E,fixed,"5CBAD0: the speed +343C's 0.98 + 0.02 sin^2 damping is root rows 5CBE8E/5CBF2E (on the factor, 18 bytes before the store)."
5CBFC8,fixed,5CBAD0: the heading +B4's approach by xmm7 is srcblend row 5CBFA9.
5CC32E,once,a spawned object's pointer stored
5CC675,once,"em85: a count stepped once per event (+3444 after its music call, a part's +1 when Amaterasu comes within 150, +3450 set)"
5CCE11,fixed,em85 joint turn: its limits argscale
5CCE2D,fixed,em85 joint turn: its limits argscale
5CCE7D,fixed,em85 joint turn: its limits argscale
5CCF7A,once,"an action's loop count stepped when its animation ends (239420), or a count of those (+3480, +3488, +11A8)"
5CD02B,once,"em85: a count stepped once per event (+3444 after its music call, a part's +1 when Amaterasu comes within 150, +3450 set)"
5CD6DE,fixed,em85's +3490 count
5CD7AE,fixed,em85's +3490 count
5CDBFD,fixed,"5CDBA0 (heading += wrap(bearing - heading) x k) has one caller, 5CBAD0, whose k 0.15 is blend row 5CBDDE."
5CDFD0,once,a damage handler
5CDFE1,once,a damage handler
5CE84B,fixed,"em86 5CE810: a count-up, a level's ramp pre, the UV scrolls srcx"
5CE876,fixed,"em86 5CE810: a count-up, a level's ramp pre, the UV scrolls srcx"
5CE906,fixed,"em86 5CE810: a count-up, a level's ramp pre, the UV scrolls srcx"
5CE911,follows,em86 5CE810: a scroll's wrap at 2 (the step is scaled)
5CEC70,follows,em86 5CE810: a flag toggled when a clock's count passes a limit (the clock +53F4 is covered)
5CEC9E,fixed,"em86 5CE810: a count-up, a level's ramp pre, the UV scrolls srcx"
5CED26,fixed,"em86 5CE810: a count-up, a level's ramp pre, the UV scrolls srcx"
5CED31,follows,em86 5CE810: a scroll's wrap at 2 (the step is scaled)
5CF1E3,stock,"em86 5CE810: a child's matrix y + 10 right after it is copied from a joint, every tick: an offset, not a step"
5CFE41,once,"an action's loop count stepped when its animation ends (239420), or a count of those (+3480, +3488, +11A8)"
5D066B,once,"an action's loop count stepped when its animation ends (239420), or a count of those (+3480, +3488, +11A8)"
5D0708,once,"an action's loop count stepped when its animation ends (239420), or a count of those (+3480, +3488, +11A8)"
5D17B9,fixed,"em86's approaches srcblend and blend, its counters count"
5D17DD,fixed,"em86's approaches srcblend and blend, its counters count"
5D1FEE,fixed,"em86's approaches srcblend and blend, its counters count"
5D2016,fixed,"em86's approaches srcblend and blend, its counters count"
5D2237,fixed,"em86's approaches srcblend and blend, its counters count"
5D22AE,fixed,"em86 5D2050: the height approach, now blend 5D22A1"
5D2498,fixed,"em86's approaches srcblend and blend, its counters count"
5D24AE,fixed,"em86: +544C x 0.5 a tick, a decay factors row (5D249E, hand-read)"
5D25BC,fixed,"em86's approaches srcblend and blend, its counters count"
5D25DB,fixed,"em86's approaches srcblend and blend, its counters count"
5D2ACE,fixed,"em86's approaches srcblend and blend, its counters count"
5D310A,follows,em86: +53F8 += 1 when its state clock crosses 45 (the clock is an actor clock)
5D382E,fixed,"5CBAD0, em86 5D3600, em87 5DA9A0: the steps toward a target, now lin rows on their step loads"
5D3867,fixed,"em86's approaches srcblend and blend, its counters count"
5D391B,fixed,"em86's approaches srcblend and blend, its counters count"
5D3C9E,once,a spawned object's pointer stored
5D4CAD,stock,"5D4C50..5D4CC0 has no direct external entry, aligned or unaligned actual code pointer, switch/LEA reference, export reference or physical fallthrough. Generator rechecks this complete range on the audited image; unwind frame descriptions cannot invoke it."
5D503C,once,a damage handler
5D5047,once,a damage handler
5D57F6,fixed,em87 update: its levels pre and scrolls srcx
5D5876,fixed,em87 update: its levels pre and scrolls srcx
5D5881,follows,a material scroll's wrap (the step is scaled)
5D591C,fixed,em87 update: its levels pre and scrolls srcx
5D5996,fixed,em87 update: its levels pre and scrolls srcx
5D59A1,follows,a material scroll's wrap (the step is scaled)
5D6996,once,an action's loop count stepped when its animation ends (239420)
5D69E4,once,an action's loop count stepped when its animation ends (239420)
5D9B22,once,em87: a flag toggled once per event
5DAB72,fixed,"5CBAD0, em86 5D3600, em87 5DA9A0: the steps toward a target, now lin rows on their step loads"
5DAC06,fixed,em87's approaches blend
5DAD67,fixed,"em87 ring 5DAC90: its count notyet, the parts' approach srcblend, the spin's ease blend and step dst"
5DAF80,fixed,"em87 ring 5DAC90: its count notyet, the parts' approach srcblend, the spin's ease blend and step dst"
5DB1F9,fixed,"em87 ring 5DAC90: its count notyet, the parts' approach srcblend, the spin's ease blend and step dst"
5DB20D,fixed,"em87 ring 5DAC90: its count notyet, the parts' approach srcblend, the spin's ease blend and step dst"
5DB671,fixed,em87's approaches blend
5DB693,fixed,em87's approaches blend
5DB9C4,once,a spawned object's pointer stored
5DC9FF,once,em87 5DBA90: a piece's bounce count steps once per bounce
5DD13F,once,"em87 5DBA90: a piece's bounce, v x (0.75, -0.4, 0.75) then x 0.2, and its bounce count, when it reaches the ground"
5DD14E,once,"em87 5DBA90: a piece's bounce, v x (0.75, -0.4, 0.75) then x 0.2, and its bounce count, when it reaches the ground"
5DD153,once,"em87 5DBA90: a piece's bounce, v x (0.75, -0.4, 0.75) then x 0.2, and its bounce count, when it reaches the ground"
5DD158,once,"em87 5DBA90: a piece's bounce, v x (0.75, -0.4, 0.75) then x 0.2, and its bounce count, when it reaches the ground"
5DD17B,once,"em87 5DBA90: a piece's bounce, v x (0.75, -0.4, 0.75) then x 0.2, and its bounce count, when it reaches the ground"
5DD180,once,"em87 5DBA90: a piece's bounce, v x (0.75, -0.4, 0.75) then x 0.2, and its bounce count, when it reaches the ground"
5DD185,once,"em87 5DBA90: a piece's bounce, v x (0.75, -0.4, 0.75) then x 0.2, and its bounce count, when it reaches the ground"
5DD991,fixed,"em87, em88 and em89 joint turns: their limits argscale"
5DD9AD,fixed,"em87, em88 and em89 joint turns: their limits argscale"
5DD9FD,fixed,"em87, em88 and em89 joint turns: their limits argscale"
5DE18D,stock,"5DE130..5DE1A0 has no direct external entry, aligned or unaligned actual code pointer, switch/LEA reference, export reference or physical fallthrough. Generator rechecks this complete range on the audited image; unwind frame descriptions cannot invoke it."
5DE708,fixed,"em88 joints 5DE6E0: countdowns count, approaches blend (src for a REX load)"
5DE71A,fixed,"em88 joints 5DE6E0: countdowns count, approaches blend (src for a REX load)"
5DE83F,fixed,"em88 joints 5DE6E0: countdowns count, approaches blend (src for a REX load)"
5DE884,fixed,"em88 joints 5DE6E0: countdowns count, approaches blend (src for a REX load)"
5DE8C9,fixed,"em88 joints 5DE6E0: countdowns count, approaches blend (src for a REX load)"
5DE906,fixed,"em88 joints 5DE6E0: countdowns count, approaches blend (src for a REX load)"
5DE94D,fixed,"em88 joints 5DE6E0: countdowns count, approaches blend (src for a REX load)"
5DE98F,fixed,"em88 joints 5DE6E0: countdowns count, approaches blend (src for a REX load)"
5DE9CE,fixed,"em88 joints 5DE6E0: countdowns count, approaches blend (src for a REX load)"
5DEA04,fixed,"em88 joints 5DE6E0: countdowns count, approaches blend (src for a REX load)"
5DEB19,fixed,"em88 joints 5DE6E0: countdowns count, approaches blend (src for a REX load)"
5DEB5F,fixed,"em88 joints 5DE6E0: countdowns count, approaches blend (src for a REX load)"
5DEBA5,fixed,"em88 joints 5DE6E0: countdowns count, approaches blend (src for a REX load)"
5DEBEA,fixed,"em88 joints 5DE6E0: countdowns count, approaches blend (src for a REX load)"
5DEC42,fixed,"em88 joints 5DE6E0: countdowns count, approaches blend (src for a REX load)"
5DEC86,fixed,"em88 joints 5DE6E0: countdowns count, approaches blend (src for a REX load)"
5DECD9,fixed,"em88 joints 5DE6E0: countdowns count, approaches blend (src for a REX load)"
5DED21,fixed,"em88 joints 5DE6E0: countdowns count, approaches blend (src for a REX load)"
5DEE00,once,a damage handler
5DEE11,once,a damage handler
5DF760,fixed,"em88 update 5DF660: its clocks and counters, the materials' scrolls"
5DF9CE,fixed,"em88 update 5DF660: its clocks and counters, the materials' scrolls"
5DFBDC,fixed,"em88 update 5DF660: its clocks and counters, the materials' scrolls"
5DFC02,fixed,"em88 update 5DF660: its clocks and counters, the materials' scrolls"
5E06C0,fixed,"em88 5DF660: the ramp +390C, now pre 5E06B8"
5E0745,fixed,"em88 update 5DF660: its clocks and counters, the materials' scrolls"
5E0753,follows,em88 update: a material scroll's wrap at 2 (the step is scaled)
5E078F,fixed,"em88 update 5DF660: its clocks and counters, the materials' scrolls"
5E079D,follows,em88 update: a material scroll's wrap at 2 (the step is scaled)
5E07B9,fixed,"em88 update 5DF660: its clocks and counters, the materials' scrolls"
5E07C7,follows,em88 update: a material scroll's wrap at 2 (the step is scaled)
5E0D2B,follows,"em88 update: pos += a joint's move across the animation update (20C9D0), keeping the joint where it was: at the animation's pace"
5E0D47,follows,"em88 update: pos += a joint's move across the animation update (20C9D0), keeping the joint where it was: at the animation's pace"
5E1468,stock,"5E1440 scales the motion factor +F54 by the speed +1080 only around its three motion advances, then restores it."
5E1F46,follows,"heading += +EF4, the animation's root turn (the motion advance writes it each tick)"
5E2E26,once,an action's loop count stepped when its animation ends (239420)
5E2E74,once,an action's loop count stepped when its animation ends (239420)
5E848E,once,"a count stepped once per event (+38C4 after its music call, a part's +1 when Amaterasu comes within 150, +502C when +5028 reaches 2)"
5E93CE,once,a spawned object's pointer stored
5E9B34,once,"a count stepped once per event (+38C4 after its music call, a part's +1 when Amaterasu comes within 150, +502C when +5028 reaches 2)"
5EA301,fixed,"em87, em88 and em89 joint turns: their limits argscale"
5EA31D,fixed,"em87, em88 and em89 joint turns: their limits argscale"
5EA36D,fixed,"em87, em88 and em89 joint turns: their limits argscale"
5EA3EE,once,"5EA3B0 (from 5DEED0, 5DF5F0, 5EA530) adds a hit's amount (edx) to +3850."
5EB465,fixed,"em89 5EB440: the count +50C0 up and down, now count 5EB465/5EB477"
5EB479,fixed,"em89 5EB440: the count +50C0 up and down, now count 5EB465/5EB477"
5EB522,fixed,em89 5EB440: its counters count
5EB5A4,fixed,em89 5EB440: its counters count
5EB6D2,fixed,em89 5EB440: its counters count
5EB730,once,a damage handler
5EB73B,once,a damage handler
5EBD12,once,"a meter bumped once per hit (+4FA0 += 15, 100 or 70)"
5EC1C2,fixed,"em89 5EC0F0: the countdown +5080 and the count +5050, now count 5EC1C0/5EC209"
5EC209,fixed,"em89 5EC0F0: the countdown +5080 and the count +5050, now count 5EC1C0/5EC209"
5EC7CE,once,"a count stepped once per event (+38C4 after its music call, a part's +1 when Amaterasu comes within 150, +502C when +5028 reaches 2)"
5EC81B,fixed,em89 update: its levels pre and scrolls srcx
5EC88C,fixed,em89 update: its levels pre and scrolls srcx
5EC92B,fixed,em89 update: its levels pre and scrolls srcx
5EC936,follows,a material scroll's wrap (the step is scaled)
5EE44E,stock,"em89: its animation rate +F54 raised by 0.1..0.3 by health as an action runs (a rate, which the motion advance scales)"
5EE9B0,fixed,"em89's approaches blend, its spin dst, its countdown count, its decay root, its heading's approaches srcblend"
5EE9D4,fixed,"em89's approaches blend, its spin dst, its countdown count, its decay root, its heading's approaches srcblend"
5EF89C,fixed,"em89 5EF560: +5074's steps by the speed, now src 5EF876 / pre 5EF890"
5EF92C,fixed,"em89's approaches blend, its spin dst, its countdown count, its decay root, its heading's approaches srcblend"
5F206E,fixed,"em89's approaches blend, its spin dst, its countdown count, its decay root, its heading's approaches srcblend"
5F2090,fixed,"em89's approaches blend, its spin dst, its countdown count, its decay root, its heading's approaches srcblend"
5F2875,fixed,"em89's approaches blend, its spin dst, its countdown count, its decay root, its heading's approaches srcblend"
5F289C,follows,em89: +50AC -= 1 when its state clock +4FA8 crosses a whole number (an actor clock)
5F2C71,fixed,"em89 5F2A60: the step toward a target, now lin rows on its four loads"
5F2D25,fixed,"em89's approaches blend, its spin dst, its countdown count, its decay root, its heading's approaches srcblend"
5F2D95,fixed,"em89's approaches blend, its spin dst, its countdown count, its decay root, its heading's approaches srcblend"
5F30DE,once,a spawned object's pointer stored
5F3C34,once,"a count stepped once per event (+38C4 after its music call, a part's +1 when Amaterasu comes within 150, +502C when +5028 reaches 2)"
5F47B1,fixed,"em87, em88 and em89 joint turns: their limits argscale"
5F47CD,fixed,"em87, em88 and em89 joint turns: their limits argscale"
5F481D,fixed,"em87, em88 and em89 joint turns: their limits argscale"
5F4A46,once,"a meter bumped once per hit (+4FA0 += 15, 100 or 70)"
5F565D,fixed,"em89's approaches blend, its spin dst, its countdown count, its decay root, its heading's approaches srcblend"
5F57DF,once,a damage handler
5F5E73,fixed,es7e 5F5CA0: vtable slot 8 advances +1074 only on stock ticks in its five stage branches
5F5F87,fixed,es7e 5F5CA0: vtable slot 8 advances +1074 only on stock ticks in its five stage branches
5F6052,fixed,es7e 5F5CA0: vtable slot 8 advances +1074 only on stock ticks in its five stage branches
5F6241,fixed,es7e 5F5CA0: vtable slot 8 advances +1074 only on stock ticks in its five stage branches
5F6353,fixed,es7e 5F5CA0: vtable slot 8 advances +1074 only on stock ticks in its five stage branches
5F81F8,fixed,"Map scripts 59ABA0, 5BC850, 5C22D0, 622D00 and the task 5F8190: their fades and the clamped turn are src rows 59AC5B, 5F81F0 and lin rows 5BCA47/5BCA54, 5C24A9/5C24B6, 622D84."
5FB843,fixed,5FB060 (map 312's script update) is a gatefn row: everything in it runs once a stock tick.
5FB852,fixed,5FB060 (map 312's script update) is a gatefn row: everything in it runs once a stock tick.
5FBA68,fixed,5FB060 (map 312's script update) is a gatefn row: everything in it runs once a stock tick.
5FBA78,fixed,5FB060 (map 312's script update) is a gatefn row: everything in it runs once a stock tick.
5FBA93,fixed,5FB060 (map 312's script update) is a gatefn row: everything in it runs once a stock tick.
5FBC50,fixed,5FB060 (map 312's script update) is a gatefn row: everything in it runs once a stock tick.
5FBE4D,fixed,5FB060 (map 312's script update) is a gatefn row: everything in it runs once a stock tick.
5FD4EC,fixed,"Paired sliding panels: entire coupled update is paced by the stock-cadence gate at 5FD490. Caller return-value proof, patch overlap audit, installed DLL checks and N=1/2/4 focused window emulation pass."
5FD50D,fixed,"Paired sliding panels: entire coupled update is paced by the stock-cadence gate at 5FD490. Caller return-value proof, patch overlap audit, installed DLL checks and N=1/2/4 focused window emulation pass."
5FD5B4,fixed,"Paired sliding panels: entire coupled update is paced by the stock-cadence gate at 5FD490. Caller return-value proof, patch overlap audit, installed DLL checks and N=1/2/4 focused window emulation pass."
5FD5D5,fixed,"Paired sliding panels: entire coupled update is paced by the stock-cadence gate at 5FD490. Caller return-value proof, patch overlap audit, installed DLL checks and N=1/2/4 focused window emulation pass."
5FE299,stock,"cMcBoot 5FDFB0: +68 is the calculated free-space shortfall, required size minus current free HDD kilobytes, for a disk-space request"
5FFA3D,once,"5FF830 screen initialization: its only caller 602C90 is the entry callback at table 7AE5E8 slot zero; that callback replaces the active screen function with 602D20 after laying out this screen, so these offsets and colors are setup values"
5FFA56,once,"5FF830 screen initialization: its only caller 602C90 is the entry callback at table 7AE5E8 slot zero; that callback replaces the active screen function with 602D20 after laying out this screen, so these offsets and colors are setup values"
5FFA6F,once,"5FF830 screen initialization: its only caller 602C90 is the entry callback at table 7AE5E8 slot zero; that callback replaces the active screen function with 602D20 after laying out this screen, so these offsets and colors are setup values"
5FFA88,once,"5FF830 screen initialization: its only caller 602C90 is the entry callback at table 7AE5E8 slot zero; that callback replaces the active screen function with 602D20 after laying out this screen, so these offsets and colors are setup values"
5FFAA5,once,"5FF830 screen initialization: its only caller 602C90 is the entry callback at table 7AE5E8 slot zero; that callback replaces the active screen function with 602D20 after laying out this screen, so these offsets and colors are setup values"
5FFB4A,once,"5FF830 screen initialization: its only caller 602C90 is the entry callback at table 7AE5E8 slot zero; that callback replaces the active screen function with 602D20 after laying out this screen, so these offsets and colors are setup values"
5FFB69,once,"5FF830 screen initialization: its only caller 602C90 is the entry callback at table 7AE5E8 slot zero; that callback replaces the active screen function with 602D20 after laying out this screen, so these offsets and colors are setup values"
5FFB88,once,"5FF830 screen initialization: its only caller 602C90 is the entry callback at table 7AE5E8 slot zero; that callback replaces the active screen function with 602D20 after laying out this screen, so these offsets and colors are setup values"
5FFBA7,once,"5FF830 screen initialization: its only caller 602C90 is the entry callback at table 7AE5E8 slot zero; that callback replaces the active screen function with 602D20 after laying out this screen, so these offsets and colors are setup values"
5FFC06,once,"5FF830 screen initialization: its only caller 602C90 is the entry callback at table 7AE5E8 slot zero; that callback replaces the active screen function with 602D20 after laying out this screen, so these offsets and colors are setup values"
5FFC0B,once,"5FF830 screen initialization: its only caller 602C90 is the entry callback at table 7AE5E8 slot zero; that callback replaces the active screen function with 602D20 after laying out this screen, so these offsets and colors are setup values"
5FFC49,once,"5FF830 screen initialization: its only caller 602C90 is the entry callback at table 7AE5E8 slot zero; that callback replaces the active screen function with 602D20 after laying out this screen, so these offsets and colors are setup values"
5FFC4E,once,"5FF830 screen initialization: its only caller 602C90 is the entry callback at table 7AE5E8 slot zero; that callback replaces the active screen function with 602D20 after laying out this screen, so these offsets and colors are setup values"
5FFCB5,once,"5FF830 screen initialization: its only caller 602C90 is the entry callback at table 7AE5E8 slot zero; that callback replaces the active screen function with 602D20 after laying out this screen, so these offsets and colors are setup values"
5FFCC7,once,"5FF830 screen initialization: its only caller 602C90 is the entry callback at table 7AE5E8 slot zero; that callback replaces the active screen function with 602D20 after laying out this screen, so these offsets and colors are setup values"
600318,once,"600190 (called by 600040), a menu: +14 changes once per accepted cancel press (with its sound and a state change), as do the other entries' states."
600334,once,"600190 (called by 600040), a menu: +14 changes once per accepted cancel press (with its sound and a state change), as do the other entries' states."
6006AD,fixed,600190: the unselected entries' 0.98 shrink is root row 600647 (on the factor's load before the loop).
6006CF,fixed,600190: the unselected entries' 0.98 shrink is root row 600647 (on the factor's load before the loop).
6011BC,fixed,"Menu background 601170: its alpha, offset and angle steps are lin rows 6011AD, 6011ED, 601223."
6011F5,fixed,"Menu background 601170: its alpha, offset and angle steps are lin rows 6011AD, 6011ED, 601223."
601235,fixed,"Menu background 601170: its alpha, offset and angle steps are lin rows 6011AD, 6011ED, 601223."
6019CF,once,6018A0 (from 600FF0): +16 advances once when its check passes.
601EA3,fixed,The lin row at 601E7E scales the shared sine-based rate before both layout scale decrements at 601E9B and 601E9F; the separate phase and alpha timers are paced by their count rows
6021CD,fixed,"Menu 601D50: the alpha byte +3B's fade is count row 60216A (its subtraction, in ecx)."
6024D5,stock,"602450 +88 is a two-choice cursor: left/right navigation wraps it between zero and one, then 1B63B0 selects layout entry A9 or AA from that value"
602530,stock,"602450 +88 is a two-choice cursor: left/right navigation wraps it between zero and one, then 1B63B0 selects layout entry A9 or AA from that value"
602DDE,once,"602D80, 6058A0, 606530, 606760: menu pages' layout setup (an element +5C moved by 135 when the page is built)."
603798,once,6036E0 and 6037C0 lay out a menu page when it opens (6049F0's setup): fixed offsets added to its elements.
603851,once,6036E0 and 6037C0 lay out a menu page when it opens (6049F0's setup): fixed offsets added to its elements.
603934,once,6036E0 and 6037C0 lay out a menu page when it opens (6049F0's setup): fixed offsets added to its elements.
603950,once,6036E0 and 6037C0 lay out a menu page when it opens (6049F0's setup): fixed offsets added to its elements.
603D29,stock,"603AB0 updates the selected entry index at +6 on cursor or page navigation: changes are plus/minus one, four, nine or twelve, bounded by the entry count in 7CE080, then decomposed by row and page for 605480; this is an item index, not a clock"
603D46,stock,"603AB0 updates the selected entry index at +6 on cursor or page navigation: changes are plus/minus one, four, nine or twelve, bounded by the entry count in 7CE080, then decomposed by row and page for 605480; this is an item index, not a clock"
603D58,stock,603AB0 603D58 writes the boolean inverse of the current +8 flag after a selection action; it is a toggle value
6040C1,stock,"603AB0 updates the selected entry index at +6 on cursor or page navigation: changes are plus/minus one, four, nine or twelve, bounded by the entry count in 7CE080, then decomposed by row and page for 605480; this is an item index, not a clock"
604116,stock,"603AB0 updates the selected entry index at +6 on cursor or page navigation: changes are plus/minus one, four, nine or twelve, bounded by the entry count in 7CE080, then decomposed by row and page for 605480; this is an item index, not a clock"
6041B1,stock,"603AB0 updates the selected entry index at +6 on cursor or page navigation: changes are plus/minus one, four, nine or twelve, bounded by the entry count in 7CE080, then decomposed by row and page for 605480; this is an item index, not a clock"
604218,stock,"603AB0 updates the selected entry index at +6 on cursor or page navigation: changes are plus/minus one, four, nine or twelve, bounded by the entry count in 7CE080, then decomposed by row and page for 605480; this is an item index, not a clock"
6042C6,stock,"603AB0 updates the selected entry index at +6 on cursor or page navigation: changes are plus/minus one, four, nine or twelve, bounded by the entry count in 7CE080, then decomposed by row and page for 605480; this is an item index, not a clock"
60435E,stock,"603AB0 updates the selected entry index at +6 on cursor or page navigation: changes are plus/minus one, four, nine or twelve, bounded by the entry count in 7CE080, then decomposed by row and page for 605480; this is an item index, not a clock"
6043D8,stock,"603AB0 updates the selected entry index at +6 on cursor or page navigation: changes are plus/minus one, four, nine or twelve, bounded by the entry count in 7CE080, then decomposed by row and page for 605480; this is an item index, not a clock"
604456,stock,"603AB0 updates the selected entry index at +6 on cursor or page navigation: changes are plus/minus one, four, nine or twelve, bounded by the entry count in 7CE080, then decomposed by row and page for 605480; this is an item index, not a clock"
6045CB,stock,"603AB0 updates the selected entry index at +6 on cursor or page navigation: changes are plus/minus one, four, nine or twelve, bounded by the entry count in 7CE080, then decomposed by row and page for 605480; this is an item index, not a clock"
604FDF,stock,604F40 +2 is the bounded zero-to-three item index; left/right input changes it and selects the matching layout row plus six and confirmation action
605041,stock,604F40 +2 is the bounded zero-to-three item index; left/right input changes it and selects the matching layout row plus six and confirmation action
6053EA,stock,6053E0 decrements the page index at +1; 6054D0 multiplies it by twelve to select the page's twelve entries from the menu table
605952,once,"602D80, 6058A0, 606530, 606760: menu pages' layout setup (an element +5C moved by 135 when the page is built)."
606625,once,"602D80, 6058A0, 606530, 606760: menu pages' layout setup (an element +5C moved by 135 when the page is built)."
606869,once,"602D80, 6058A0, 606530, 606760: menu pages' layout setup (an element +5C moved by 135 when the page is built)."
606C53,stock,"606A80 +1 is the selected entry bounded by the entry count at 7CE172; +3 is the visible first-entry index, adjusted when the selected entry leaves the visible range and used in the row ID calculation plus seven or nine"
606CBD,stock,"606A80 +1 is the selected entry bounded by the entry count at 7CE172; +3 is the visible first-entry index, adjusted when the selected entry leaves the visible range and used in the row ID calculation plus seven or nine"
606EF3,stock,606A80 606EF3 toggles +40 with setne after a menu action and immediately updates the UI through 608220
60712D,stock,"606A80 +1 is the selected entry bounded by the entry count at 7CE172; +3 is the visible first-entry index, adjusted when the selected entry leaves the visible range and used in the row ID calculation plus seven or nine"
607144,stock,"606A80 +1 is the selected entry bounded by the entry count at 7CE172; +3 is the visible first-entry index, adjusted when the selected entry leaves the visible range and used in the row ID calculation plus seven or nine"
60766D,stock,"607360 +5 is the selected entry index: navigation changes it by minus one, four, five or seven, uses modulo seven in 608800, and keeps it aligned with the +6 page index passed to 608970"
6076B6,stock,"607360 +5 is the selected entry index: navigation changes it by minus one, four, five or seven, uses modulo seven in 608800, and keeps it aligned with the +6 page index passed to 608970"
6076CA,stock,"607360 +5 is the selected entry index: navigation changes it by minus one, four, five or seven, uses modulo seven in 608800, and keeps it aligned with the +6 page index passed to 608970"
607742,stock,"607360 +5 is the selected entry index: navigation changes it by minus one, four, five or seven, uses modulo seven in 608800, and keeps it aligned with the +6 page index passed to 608970"
607922,stock,"607360 +5 is the selected entry index: navigation changes it by minus one, four, five or seven, uses modulo seven in 608800, and keeps it aligned with the +6 page index passed to 608970"
60876A,stock,608760 decrements the page index at +6; 608970 uses the result times seven to choose the next seven texture entries and their message IDs
60A8AE,follows,60A7D0 loop body resumes after task_waits.h stock-paced wait(1) at 60A9AC; the first pass runs once before that wait
60C66F,once,60C0E0: a spawned object's y += 16 once
60F174,follows,60F070 loop body resumes after task_waits.h stock-paced wait(1) at 60F27B; the first pass runs once before that wait
61127C,once,6111E0 (from 610D30) sets a scene up: the object 0x39 turns half around once.
615E81,follows,615B00 loop body resumes after task_waits.h stock-paced wait(1) at 615F53; the first pass runs once before that wait
615EC1,follows,615B00 loop body resumes after task_waits.h stock-paced wait(1) at 615F53; the first pass runs once before that wait
617CA6,follows,617AC0 loop body resumes after task_waits.h stock-paced wait(1) at 617DCA; the first pass runs once before that wait
617D07,follows,617AC0 loop body resumes after task_waits.h stock-paced wait(1) at 617DCA; the first pass runs once before that wait
617EB4,once,617E70 is installed as the same scripted transition callback for the other stage; these three raises precede its first wait
617ECF,once,617E70 is installed as the same scripted transition callback for the other stage; these three raises precede its first wait
617EEA,once,617E70 is installed as the same scripted transition callback for the other stage; these three raises precede its first wait
617F4F,follows,"617E70: a step of the loop whose wait(1) at 617F30 task_waits.h makes a stock tick's, so one step a stock tick"
617F6A,follows,"617E70: a step of the loop whose wait(1) at 617F30 task_waits.h makes a stock tick's, so one step a stock tick"
617F85,follows,617E70 waits at 617F30 and 6180AA through task_waits.h before continuing the brightness and opacity loops; each subsequent pass is one stock tick
617FF3,follows,617E70 waits at 617F30 and 6180AA through task_waits.h before continuing the brightness and opacity loops; each subsequent pass is one stock tick
61800E,follows,617E70 waits at 617F30 and 6180AA through task_waits.h before continuing the brightness and opacity loops; each subsequent pass is one stock tick
618029,follows,617E70 waits at 617F30 and 6180AA through task_waits.h before continuing the brightness and opacity loops; each subsequent pass is one stock tick
618081,follows,"617E70: a step of the loop whose wait(1) at 6180AA task_waits.h makes a stock tick's, so one step a stock tick"
618A77,follows,"scripted tasks (618A00, 61C2E0, 627C20, 627F70, 64E450): a fade's first pass before its loop, whose wait(1) task_waits.h makes a stock tick's"
618ACF,follows,"618A00: a step of the loop whose wait(1) at 618AB0 task_waits.h makes a stock tick's, so one step a stock tick"
618CA9,once,scripted tasks 618C70 / 650720: a flag byte steps once per step of the script
618FAD,once,"618E90, 626A00, 629610, 643390, 63E4A0: counts of plays, rounds and events in the minigames' globals (B75028+D8, B75110+1B8, B75168+3, B75160+140), once per event."
61AA99,follows,"61A550 is a task: its loops at 61AB50 and 61AD11 are task_waits.h loops; this +D0 step is the first pass's, before them."
61AC10,follows,61A550 loop body resumes after task_waits.h stock-paced wait(1) at 61AD11; the first pass runs once before that wait
61AC29,follows,61A550 loop body resumes after task_waits.h stock-paced wait(1) at 61AD11; the first pass runs once before that wait
61AC4B,follows,61A550 loop body resumes after task_waits.h stock-paced wait(1) at 61AD11; the first pass runs once before that wait
61AC6D,follows,61A550 loop body resumes after task_waits.h stock-paced wait(1) at 61AD11; the first pass runs once before that wait
61ACE1,follows,"61A550: a step of the loop whose wait(1) at 61AD11 task_waits.h makes a stock tick's, so one step a stock tick"
61AF21,follows,61ADD0 loop body resumes after task_waits.h stock-paced wait(1) at 61B013; the first pass runs once before that wait
61C3E3,follows,"scripted tasks (618A00, 61C2E0, 627C20, 627F70, 64E450): a fade's first pass before its loop, whose wait(1) task_waits.h makes a stock tick's"
61C3F0,follows,"scripted tasks (618A00, 61C2E0, 627C20, 627F70, 64E450): a fade's first pass before its loop, whose wait(1) task_waits.h makes a stock tick's"
61C3FE,follows,"scripted tasks (618A00, 61C2E0, 627C20, 627F70, 64E450): a fade's first pass before its loop, whose wait(1) task_waits.h makes a stock tick's"
61C43A,follows,"61C2E0: a step of the loop whose wait(1) at 61C420 task_waits.h makes a stock tick's, so one step a stock tick"
61C448,follows,"61C2E0: a step of the loop whose wait(1) at 61C420 task_waits.h makes a stock tick's, so one step a stock tick"
61F047,once,61EFE0 (from 6221A0's setup) shifts two layout elements by 64 when the screen opens.
61F05E,once,61EFE0 (from 6221A0's setup) shifts two layout elements by 64 when the screen opens.
61F43E,stock,"et25 61F3E0: clear +10A0 each invocation and tally the six child resources whose asynchronous fade has completed; it is a fresh completion count, not elapsed updates"
61FB88,stock,"et26 61FB30: +B8 is reloaded from the attached parent's Euler angle by cVec assignment at 61FB72, then +114C is added as a fixed orientation offset. It does not accumulate from the child's preceding frame."
622E05,fixed,"Map scripts 59ABA0, 5BC850, 5C22D0, 622D00 and the task 5F8190: their fades and the clamped turn are src rows 59AC5B, 5F81F0 and lin rows 5BCA47/5BCA54, 5C24A9/5C24B6, 622D84."
6230AD,stock,623000 (from the minigame loops 6262D0 and 626A00) re-copies the puppet's position and heading from the minigame's object each call before adding the motion's root offset +EA0 (sampled at its time +F48): nothing accumulates.
6230C3,stock,623000 (from the minigame loops 6262D0 and 626A00) re-copies the puppet's position and heading from the minigame's object each call before adding the motion's root offset +EA0 (sampled at its time +F48): nothing accumulates.
6230DA,stock,623000 (from the minigame loops 6262D0 and 626A00) re-copies the puppet's position and heading from the minigame's object each call before adding the motion's root offset +EA0 (sampled at its time +F48): nothing accumulates.
62366F,fixed,"Shared minigame update 623540 runs once a stock tick from both callers: 6262D0's per-tick loop calls it through the void callgate row 626404, and 626A00's loop passes once a stock tick (task_waits.h 626CD1). Its motion, selection timeout and random replacement stay together. (Replaces 2026-09-29's gatefn on 623540, which gated 626A00's paced call a second time.)"
62367D,fixed,"Shared minigame update 623540 runs once a stock tick from both callers: 6262D0's per-tick loop calls it through the void callgate row 626404, and 626A00's loop passes once a stock tick (task_waits.h 626CD1). Its motion, selection timeout and random replacement stay together. (Replaces 2026-09-29's gatefn on 623540, which gated 626A00's paced call a second time.)"
623794,fixed,"Shared minigame update 623540 runs once a stock tick from both callers: 6262D0's per-tick loop calls it through the void callgate row 626404, and 626A00's loop passes once a stock tick (task_waits.h 626CD1). Its motion, selection timeout and random replacement stay together. (Replaces 2026-09-29's gatefn on 623540, which gated 626A00's paced call a second time.)"
623805,fixed,"Shared minigame update 623540 runs once a stock tick from both callers: 6262D0's per-tick loop calls it through the void callgate row 626404, and 626A00's loop passes once a stock tick (task_waits.h 626CD1). Its motion, selection timeout and random replacement stay together. (Replaces 2026-09-29's gatefn on 623540, which gated 626A00's paced call a second time.)"
62385D,fixed,"Shared minigame update 623540 runs once a stock tick from both callers: 6262D0's per-tick loop calls it through the void callgate row 626404, and 626A00's loop passes once a stock tick (task_waits.h 626CD1). Its motion, selection timeout and random replacement stay together. (Replaces 2026-09-29's gatefn on 623540, which gated 626A00's paced call a second time.)"
623870,fixed,"Shared minigame update 623540 runs once a stock tick from both callers: 6262D0's per-tick loop calls it through the void callgate row 626404, and 626A00's loop passes once a stock tick (task_waits.h 626CD1). Its motion, selection timeout and random replacement stay together. (Replaces 2026-09-29's gatefn on 623540, which gated 626A00's paced call a second time.)"
6263EE,follows,6262D0 wraps track Z by one full loop length only after the corrected scrolling step crosses its lower boundary.
6264EB,once,6262D0 removes a point only when input/event query 1690C0 reports action 2; this is an action penalty.
626518,follows,6262D0 settles a newly completed target only while observed live completion count exceeds the stored count; this is target accounting.
626524,once,"6262D0 awards five points when settling a newly completed target, with the input-action total determining the reward."
626BA8,follows,626A00 loop body resumes after task_waits.h stock-paced wait(1) at 626CD1; the first pass runs once before that wait
626BE8,follows,626A00 loop body resumes after task_waits.h stock-paced wait(1) at 626CD1; the first pass runs once before that wait
626C14,follows,626A00 loop body resumes after task_waits.h stock-paced wait(1) at 626CD1; the first pass runs once before that wait
626C8C,follows,626A00 loop body resumes after task_waits.h stock-paced wait(1) at 626CD1; the first pass runs once before that wait
626D9A,once,"618E90, 626A00, 629610, 643390, 63E4A0: counts of plays, rounds and events in the minigames' globals (B75028+D8, B75110+1B8, B75168+3, B75160+140), once per event."
627D30,follows,"627C20: a step of the loop whose wait(1) at 627D45 task_waits.h makes a stock tick's, so one step a stock tick"
627D78,follows,"scripted tasks (618A00, 61C2E0, 627C20, 627F70, 64E450): a fade's first pass before its loop, whose wait(1) task_waits.h makes a stock tick's"
627D93,follows,"scripted tasks (618A00, 61C2E0, 627C20, 627F70, 64E450): a fade's first pass before its loop, whose wait(1) task_waits.h makes a stock tick's"
627DAE,follows,"627C20 loop body resumes after task_waits.h stock-paced wait(1) at 627E4E,627F2D; the first pass runs once before that wait"
627DDA,follows,"627C20 loop body resumes after task_waits.h stock-paced wait(1) at 627E4E,627F2D; the first pass runs once before that wait"
627DF5,follows,"627C20 loop body resumes after task_waits.h stock-paced wait(1) at 627E4E,627F2D; the first pass runs once before that wait"
627E10,follows,"scripted tasks (618A00, 61C2E0, 627C20, 627F70, 64E450): a fade's first pass before its loop, whose wait(1) task_waits.h makes a stock tick's"
627E74,follows,"627C20: a step of the loop whose wait(1) at 627F2D task_waits.h makes a stock tick's, so one step a stock tick"
627E90,follows,"627C20: a step of the loop whose wait(1) at 627F2D task_waits.h makes a stock tick's, so one step a stock tick"
627EAC,follows,"627C20 loop body resumes after task_waits.h stock-paced wait(1) at 627E4E,627F2D; the first pass runs once before that wait"
627F04,follows,"627C20: a step of the loop whose wait(1) at 627F2D task_waits.h makes a stock tick's, so one step a stock tick"
6285A6,follows,"scripted tasks (618A00, 61C2E0, 627C20, 627F70, 64E450): a fade's first pass before its loop, whose wait(1) task_waits.h makes a stock tick's"
6285C8,follows,"scripted tasks (618A00, 61C2E0, 627C20, 627F70, 64E450): a fade's first pass before its loop, whose wait(1) task_waits.h makes a stock tick's"
6285EA,follows,"5887E0 and 627F70 are tasks: their fade loops (task_waits.h 588FE0, 628640) pass once a stock tick; these are the first pass's steps."
62865F,follows,"627F70: a step of the loop whose wait(1) at 628640 task_waits.h makes a stock tick's, so one step a stock tick"
628681,follows,"627F70: a step of the loop whose wait(1) at 628640 task_waits.h makes a stock tick's, so one step a stock tick"
6286A3,follows,627F70 loop body resumes after task_waits.h stock-paced wait(1) at 628640; the first pass runs once before that wait
629680,once,"618E90, 626A00, 629610, 643390, 63E4A0: counts of plays, rounds and events in the minigames' globals (B75028+D8, B75110+1B8, B75168+3, B75160+140), once per event."
62E125,follows,et2f 62E0B0: patched 62E117 scales the selected +1 or -0.2 1174 step and 62E284 scales only the +1170 phase add; the 1174 clamp and both final stores consume those results
62E13F,follows,et2f 62E0B0: patched 62E117 scales the selected +1 or -0.2 1174 step and 62E284 scales only the +1170 phase add; the 1174 clamp and both final stores consume those results
62E29B,follows,et2f 62E0B0: patched 62E117 scales the selected +1 or -0.2 1174 step and 62E284 scales only the +1170 phase add; the 1174 clamp and both final stores consume those results
62E707,once,"et2f action helpers 62E560 through 62F4A0: these +E36 increments follow an action-complete answer, a one-time flag clear, motion setup or an effect; the next stage selects another helper on the next tick"
62E923,once,"et2f action helpers 62E560 through 62F4A0: these +E36 increments follow an action-complete answer, a one-time flag clear, motion setup or an effect; the next stage selects another helper on the next tick"
62EA6A,once,"et2f action helpers 62E560 through 62F4A0: these +E36 increments follow an action-complete answer, a one-time flag clear, motion setup or an effect; the next stage selects another helper on the next tick"
62EBE8,once,"et2f action helpers 62E560 through 62F4A0: these +E36 increments follow an action-complete answer, a one-time flag clear, motion setup or an effect; the next stage selects another helper on the next tick"
62EE0B,once,"et2f phase-zero entry computes the linked-model centroid, selects facing and adds a fixed fifteen-degree offset, then advances E36 to one."
62EE29,once,"et2f phase-zero entry computes the linked-model centroid, selects facing and adds a fixed fifteen-degree offset, then advances E36 to one."
62F01D,once,"a state's start: the sub-state +E36/+E37 steps once beside the motion's start, an effect or sound, or the timer +E3C's set (em7a 2D4BFE: once per animation end) (template substate_start)"
62F135,once,"et2f action helpers 62E560 through 62F4A0: these +E36 increments follow an action-complete answer, a one-time flag clear, motion setup or an effect; the next stage selects another helper on the next tick"
62F26A,once,"et2f action helpers 62E560 through 62F4A0: these +E36 increments follow an action-complete answer, a one-time flag clear, motion setup or an effect; the next stage selects another helper on the next tick"
62F42A,once,"et2f action helpers 62E560 through 62F4A0: these +E36 increments follow an action-complete answer, a one-time flag clear, motion setup or an effect; the next stage selects another helper on the next tick"
62F5E2,once,"et2f action helpers 62E560 through 62F4A0: these +E36 increments follow an action-complete answer, a one-time flag clear, motion setup or an effect; the next stage selects another helper on the next tick"
630C05,fixed,"et30 blend weight uses the scaled negative fade literal at 630BEF; both the raw +1260 sum and its 0..1 clamp follow that fade, while the cleared event bit still injects an immediate unit impulse."
630C1F,fixed,"et30 blend weight uses the scaled negative fade literal at 630BEF; both the raw +1260 sum and its 0..1 clamp follow that fade, while the cleared event bit still injects an immediate unit impulse."
630D7B,fixed,et30 +125C frame advances through scaled source addition 630D64; XMM9 retains one for the terminal frame limit.
631673,once,"et30 action helpers 631560 631CA0 631EE0 632040: each +E36 increment follows stage completion, motion setup or a one-time effect and changes the helper selected by the parent action switch"
6318CA,once,"et30 phase-zero entry computes the linked-model centroid, selects facing and adds a fixed fifteen-degree offset, then advances E36 to one."
6318E1,once,"et30 phase-zero entry computes the linked-model centroid, selects facing and adds a fixed fifteen-degree offset, then advances E36 to one."
631C6E,once,"a state's start: the sub-state +E36/+E37 steps once beside the motion's start, an effect or sound, or the timer +E3C's set (em7a 2D4BFE: once per animation end) (template substate_start)"
631D80,once,"et30 action helpers 631560 631CA0 631EE0 632040: each +E36 increment follows stage completion, motion setup or a one-time effect and changes the helper selected by the parent action switch"
631FC0,once,"et30 action helpers 631560 631CA0 631EE0 632040: each +E36 increment follows stage completion, motion setup or a one-time effect and changes the helper selected by the parent action switch"
632148,once,"et30 action helpers 631560 631CA0 631EE0 632040: each +E36 increment follows stage completion, motion setup or a one-time effect and changes the helper selected by the parent action switch"
632F60,fixed,"632E90 complete stock-cadence gate keeps its parent selection wait, random child reservations and cooldowns together."
634FA4,fixed,Map F08's script 634E90: the double-precision fades of B75140+50 are src rows 634F92 and 634FDE.
634FF1,fixed,Map F08's script 634E90: the double-precision fades of B75140+50 are src rows 634F92 and 634FDE.
635B47,once,635950 (from 637690): +11A6 counts state changes up to 5.
63A8F4,once,63A850 (from 63A670) lifts the player by 30 once before placing it (20F9F0).
63E549,once,"618E90, 626A00, 629610, 643390, 63E4A0: counts of plays, rounds and events in the minigames' globals (B75028+D8, B75110+1B8, B75168+3, B75160+140), once per event."
63FD4B,follows,"63FAD0 loop body resumes after task_waits.h stock-paced wait(1) at 63FDD9,640188; the first pass runs once before that wait"
63FD87,follows,"63FAD0 is a task: its fades of +D2C sit in loops whose wait(1) at 63FDD9 and 640188 are task_waits.h loops, once a stock tick."
64010B,follows,"63FAD0 loop body resumes after task_waits.h stock-paced wait(1) at 63FDD9,640188; the first pass runs once before that wait"
640147,follows,"63FAD0 is a task: its fades of +D2C sit in loops whose wait(1) at 63FDD9 and 640188 are task_waits.h loops, once a stock tick."
6433DC,once,"618E90, 626A00, 629610, 643390, 63E4A0: counts of plays, rounds and events in the minigames' globals (B75028+D8, B75110+1B8, B75168+3, B75160+140), once per event."
645480,stock,esf1 6453F0: the position subtracts +E54 for a collision probe at 645485 and is restored from xmm6 at 64549F
645696,once,"esf1 645620: +E36 advances after starting a motion; +E10/+E18 are derived from a position difference for that motion, then normalized and scaled as setup velocity"
645798,once,"esf1 645620: +E36 advances after starting a motion; +E10/+E18 are derived from a position difference for that motion, then normalized and scaled as setup velocity"
6457B4,once,"esf1 645620: +E36 advances after starting a motion; +E10/+E18 are derived from a position difference for that motion, then normalized and scaled as setup velocity"
64E653,follows,"scripted tasks (618A00, 61C2E0, 627C20, 627F70, 64E450): a fade's first pass before its loop, whose wait(1) task_waits.h makes a stock tick's"
64E6AC,follows,"64E450: a step of the loop whose wait(1) at 64E690 task_waits.h makes a stock tick's, so one step a stock tick"
64EA91,follows,64E840 loop body resumes after task_waits.h stock-paced wait(1) at 64EB08; the first pass runs once before that wait
65083B,once,scripted tasks 618C70 / 650720: a flag byte steps once per step of the script
6515FE,once,"ut35 vtable initialization slot 9 initializes the object and four attachments, with a fixed 15-unit placement displacement."
651A00,stock,ut35 6518E0: +E48 and +B8 x the mode-table pairs at 7A8160/7A81E8 (mode_constants.h)
651A25,stock,ut35 6518E0: +E48 and +B8 x the mode-table pairs at 7A8160/7A81E8 (mode_constants.h)
651C60,stock,ut35 651B40/651DC0: +E48 and +B8 x the mode-table pairs at 7A8160/7A8240 (mode_constants.h)
651C85,fixed,"ut35 B8 damping reads the indexed mode table at 7A81E8, already rewritten to stock-factor raised to elapsed time by mode_constants.h."
651E86,fixed,ut35 +E48 damping reads the mode-indexed 7A8160/7A8164 pair; mode_constants.h rewrites the fast slot to stock 0.97 raised to the active time scale.
651EAB,stock,ut35 651B40/651DC0: +E48 and +B8 x the mode-table pairs at 7A8160/7A8240 (mode_constants.h)
651F22,fixed,"ut35 651DC0: the countdown +11A9, now count 651F22 with notyet 651F28"
652A10,once,"652A10 and 652A50 change the bounded -3 to +3 command level at +1070, setting direction +1071; caller 648CE0 invokes them only after 1690C0 returns result two and 16A010 chooses result four to six, and 64A040 invokes the decrement during initialization"
652A50,once,"652A10 and 652A50 change the bounded -3 to +3 command level at +1070, setting direction +1071; caller 648CE0 invokes them only after 1690C0 returns result two and 16A010 chooses result four to six, and 64A040 invokes the decrement during initialization"
652C0F,once,652BE0 and 652C70 (a map script's table entries) lift or lower the three objects of id 0x85C by 10000: a hide or show.
652C37,once,652BE0 and 652C70 (a map script's table entries) lift or lower the three objects of id 0x85C by 10000: a hide or show.
652C57,once,652BE0 and 652C70 (a map script's table entries) lift or lower the three objects of id 0x85C by 10000: a hide or show.
652CD8,once,652BE0 and 652C70 (a map script's table entries) lift or lower the three objects of id 0x85C by 10000: a hide or show.
652D00,once,652BE0 and 652C70 (a map script's table entries) lift or lower the three objects of id 0x85C by 10000: a hide or show.
652D20,once,652BE0 and 652C70 (a map script's table entries) lift or lower the three objects of id 0x85C by 10000: a hide or show.
658381,once,658330 is an event callback: for object 0x40D and event 0x5C it moves the object's z by its argument once.
65CB91,once,"65CAFC is the C runtime's security-failure report (__report_securityfailureEx: fast-fail int 0x29, status C0000409, then the unhandled-exception report); its parameter-count clamp runs once, as the process terminates."
65D07E,stock,65CF74 is C runtime code (the TLS/atexit callback walk; E68EA4 counts the callbacks).
