site,subsystem,shape,window,window_len,sample,kind,refused
167DBA,effect,int-expr,167DBA,8,4,int,
18FBE0,effect,counter,18FBE0,6,1,int,
18FC28,effect,int-expr,18FC28,7,1,int,
18FC2F,effect,int-expr,18FC2F,6,1,int,
18FC4E,effect,int-expr,18FC4E,6,1,int,
18FF0C,effect,multiplier,18FF0C,8,4,float,
18FF14,effect,multiplier,18FF14,8,4,float,
18FF45,effect,multiplier,18FF45,8,4,float,
18FF7F,effect,counter,18FF7F,7,2,int,
190AFB,effect,counter,190AFB,6,1,int,
190ED9,effect,multiplier,190ED9,8,4,float,
190EE9,effect,float-expr,190EE9,8,4,float,
190EFC,effect,int-expr,190EFC,7,2,int,
190F12,effect,int-step,190F12,7,2,int,
190F28,effect,int-step,190F28,7,2,int,
190FA8,effect,multiplier,190FA8,8,4,float,
190FB0,effect,float-expr,190FB0,8,4,float,
190FC1,effect,int-expr,190FC1,7,2,int,
190FD7,effect,int-step,190FD7,7,2,int,
190FED,effect,int-step,190FED,7,2,int,
19128E,effect,float-expr,19128E,8,4,float,
1912B5,effect,multiplier,1912B5,9,4,float,
1912DC,effect,multiplier,1912DC,8,4,float,
1912FE,effect,float-expr,1912FE,8,4,float,
191324,effect,float-expr,191324,9,4,float,
1928F6,effect,counter,1928F6,7,2,int,
19292C,effect,counter,19292C,6,1,int,
19299A,effect,float-expr,19299A,8,4,float,
1929B2,effect,float-expr,1929B2,8,4,float,
1929BA,effect,float-expr,1929BA,8,4,float,
1929FF,effect,phase-wrap,1929FF,8,4,float,
193134,effect,multiplier,193134,8,4,float,
193152,effect,multiplier,193152,8,4,float,
193170,effect,multiplier,193170,8,4,float,
19319F,effect,multiplier,19319F,8,4,float,
19432E,effect,counter,19432E,7,2,int,
1944DE,effect,counter,1944DE,7,2,int,
194652,effect,multiplier,194652,8,4,float,
19466A,effect,multiplier,19466A,8,4,float,
194684,effect,multiplier,194684,9,4,float,
1946AA,effect,call,1946AA,9,4,float,
1946CF,effect,call,1946CF,8,4,float,
19470B,effect,call,19470B,8,4,float,
194810,effect,multiplier,194810,8,4,float,
194828,effect,multiplier,194828,8,4,float,
194840,effect,multiplier,194840,8,4,float,
194D15,effect,multiplier,194D15,8,4,float,
194D2D,effect,multiplier,194D2D,8,4,float,
194D45,effect,multiplier,194D45,8,4,float,
194F26,effect,multiplier,194F26,8,4,float,
194F3E,effect,multiplier,194F3E,8,4,float,
194F56,effect,multiplier,194F56,8,4,float,
1951A3,effect,float-step,1951A3,8,4,float,
195256,effect,float-step,195256,8,4,float,
195415,effect,float-step,195415,8,4,float,
1954F3,effect,float-expr,1954F3,8,4,float,
1954FB,effect,multiplier,1954FB,8,4,float,
19567A,effect,float-step,19567A,8,4,float,
1958CD,effect,multiplier,1958CD,8,4,float,
195D6F,effect,float-step,195D6F,8,4,float,
195DF3,effect,float-step,195DF3,8,4,float,
1996DF,effect,int-expr,1996DF,5,2,int,
19C3C5,effect,counter,19C3C3,6,2,int,
19C3F2,effect,counter,19C3F0,6,2,int,
19C402,effect,counter,19C400,6,2,int,
19E277,effect,float-expr,19E277,8,4,float,
19E2A1,effect,phase-wrap,19E2A1,8,4,float,
19E2EB,effect,float-expr,19E2EB,8,4,float,
19E3F3,effect,float-expr,19E3F3,8,4,float,
19E40B,effect,float-expr,19E40B,8,4,float,
19E425,effect,float-expr,19E425,8,4,float,
19EC78,effect,int-expr,19EC74,7,4,int,
19FB4B,effect,float-expr,19FB4B,8,4,float,
19FB53,effect,float-expr,19FB53,8,4,float,
19FB61,effect,float-expr,19FB61,8,4,float,
19FB72,effect,float-expr,19FB72,8,4,float,
19FB93,effect,float-step,19FB93,8,4,float,
19FBAC,effect,float-step,19FBAC,8,4,float,
1A02D3,effect,float-expr,1A02D3,8,4,float,
1A02E1,effect,float-expr,1A02E1,8,4,float,
1A02FA,effect,float-step,1A02FA,8,4,float,
1A214D,effect,counter,1A214D,6,4,int,
1A236D,effect,float-expr,1A236D,7,4,float,
1A27E6,effect,other,1A27E6,8,4,float,
1A27FE,effect,multiplier,1A27FE,8,4,float,
1A297F,effect,float-expr,1A297F,8,4,float,
1A2987,effect,float-expr,1A2987,8,4,float,
1A3130,effect,counter,1A3130,6,4,int,
1A31F9,effect,float-expr,1A31F9,8,4,float,
1A3201,effect,float-expr,1A3201,8,4,float,
1A339C,effect,float-expr,1A339C,6,4,float,
1A3502,effect,counter,1A3502,7,2,int,
1A3579,effect,float-expr,1A3579,8,4,float,
1A3C62,effect,multiplier,1A3C62,8,4,float,
1A3C7D,effect,multiplier,1A3C7D,8,4,float,
1A3C8A,effect,multiplier,1A3C8A,8,4,float,
1A3DD4,effect,multiplier,1A3DD4,8,4,float,
1A3DEF,effect,multiplier,1A3DEF,8,4,float,
1A3DF7,effect,multiplier,1A3DF7,8,4,float,
1A3E3F,effect,counter,1A3E3F,6,4,int,
1A4047,effect,float-expr,1A4047,8,4,float,
1A4099,effect,float-expr,1A4099,8,4,float,
1A40AE,effect,float-expr,1A40AE,8,4,float,
1A40B6,effect,float-expr,1A40B6,8,4,float,
1A443F,effect,phase-wrap,1A443F,8,4,float,
1A4485,effect,phase-wrap,1A4485,8,4,float,
1A44D0,effect,phase-wrap,1A44D0,8,4,float,
1A6DA7,effect,multiplier,1A6DA7,8,4,float,
1A6E28,effect,phase-wrap,1A6E28,8,4,float,
1A6E73,effect,phase-wrap,1A6E73,8,4,float,
1A6F18,effect,phase-wrap,1A6F18,8,4,float,
1A8B08,effect,float-expr,1A8B08,8,4,float,
1A8B18,effect,float-expr,1A8B18,8,4,float,
1A8CE4,effect,float-expr,1A8CE4,8,4,float,
1A8CEC,effect,float-expr,1A8CEC,8,4,float,
1A8EA3,effect,multiplier,1A8EA3,8,4,float,
1A9165,effect,float-expr,1A9165,8,4,float,
1A9194,effect,float-expr,1A9194,8,4,float,
1A919C,effect,float-expr,1A919C,8,4,float,
1A96E1,effect,int-expr,1A96E1,7,2,int,
1A9B8A,effect,counter,1A9B8A,6,4,int,
1AA260,effect,phase-wrap,1AA260,8,4,float,
1AADFA,effect,float-expr,1AADFA,8,4,float,
1AB939,effect,multiplier,1AB939,8,4,float,
1AB9E4,effect,multiplier,1AB9E4,8,4,float,
1ABFB8,effect,int-expr,1ABFB8,7,2,int,
1AC2C0,effect,counter,1AC2C0,7,2,int,
1A6DCE,model-material,float-expr,1A6DCE,5,4,float,
1A6DE0,model-material,float-expr,1A6DE0,5,4,float,
1A6E0E,model-material,float-expr,1A6E0E,5,4,float,
1A6E59,model-material,float-expr,1A6E59,5,4,float,
1A6E91,model-material,float-step,1A6E91,5,4,float,
1A6EAC,model-material,float-step,1A6EAC,5,4,float,
1A6EBF,model-material,float-step,1A6EBF,5,4,float,
1A6ED2,model-material,float-step,1A6ED2,5,4,float,
212B94,model-material,float-step,212B94,5,4,float,
212B9F,model-material,float-expr,212B9F,5,4,float,
213988,model-material,float-step,213988,5,4,float,
2139B6,model-material,float-step,2139B6,5,4,float,
21DF67,model-material,float-expr,21DF67,5,4,float,
21DF7D,model-material,float-expr,21DF7D,5,4,float,
21DF9C,model-material,float-expr,21DF9C,5,4,float,
21DFB2,model-material,float-expr,21DFB2,5,4,float,
21E9DF,model-material,float-step,21E9DF,5,4,float,
21ED33,model-material,float-step,21ED33,5,4,float,
21F0F3,model-material,float-step,21F0F3,5,4,float,
21F574,model-material,float-step,21F574,5,4,float,
21F8C0,model-material,float-step,21F8C0,5,4,float,
220A81,model-material,float-step,220A81,5,4,float,
220A8F,model-material,float-step,220A8F,5,4,float,
220A94,model-material,float-step,220A94,5,4,float,
220A99,model-material,float-step,220A99,5,4,float,
220B10,model-material,float-step,220B10,5,4,float,
220B25,model-material,float-step,220B25,5,4,float,
220B2A,model-material,float-step,220B2A,5,4,float,
220B2F,model-material,float-step,220B2F,5,4,float,
224B0B,model-material,float-expr,224B0B,5,4,float,
224B16,model-material,float-expr,224B16,5,4,float,
233EC1,model-material,float-step,233EC1,5,4,float,
233EFA,model-material,float-step,233EFA,5,4,float,
233F33,model-material,float-step,233F33,5,4,float,
234093,model-material,float-step,234093,5,4,float,
23409E,model-material,float-expr,23409E,5,4,float,
2340C7,model-material,float-step,2340C7,5,4,float,
2340D2,model-material,float-expr,2340D2,5,4,float,
2340F4,model-material,float-step,2340F4,5,4,float,
2340FF,model-material,float-expr,2340FF,5,4,float,
2342FE,model-material,float-step,2342FE,5,4,float,
234309,model-material,float-expr,234309,5,4,float,
238205,model-material,float-step,238205,5,4,float,
23825D,model-material,float-step,23825D,5,4,float,
238711,model-material,float-expr,238711,5,4,float,
238716,model-material,float-expr,238716,5,4,float,
238729,model-material,float-expr,238729,5,4,float,
238749,model-material,float-expr,238749,5,4,float,
238769,model-material,float-expr,238769,5,4,float,
23877C,model-material,float-step,23877C,5,4,float,
239E49,model-material,float-expr,239E49,5,4,float,
239E5C,model-material,float-step,239E5C,5,4,float,
23FA70,model-material,float-expr,23FA70,5,4,float,
23FA8D,model-material,float-expr,23FA8D,5,4,float,
23FAB0,model-material,float-expr,23FAB0,5,4,float,
23FAF3,model-material,float-expr,23FAF3,5,4,float,
23FB15,model-material,float-expr,23FB15,5,4,float,
23FB3F,model-material,float-expr,23FB3F,5,4,float,
23FBF1,model-material,float-expr,23FBF1,5,4,float,
23FC1A,model-material,float-expr,23FC1A,5,4,float,
23FC30,model-material,float-expr,23FC30,5,4,float,
23FC77,model-material,float-expr,23FC77,5,4,float,
23FCA0,model-material,float-expr,23FCA0,5,4,float,
23FCC2,model-material,float-expr,23FCC2,5,4,float,
23FD81,model-material,float-expr,23FD81,5,4,float,
23FDA6,model-material,float-expr,23FDA6,5,4,float,
23FDC0,model-material,float-expr,23FDC0,5,4,float,
23FE07,model-material,float-expr,23FE07,5,4,float,
23FE30,model-material,float-expr,23FE30,5,4,float,
23FE52,model-material,float-expr,23FE52,5,4,float,
23FF10,model-material,float-expr,23FF10,5,4,float,
23FF2D,model-material,float-expr,23FF2D,5,4,float,
23FF47,model-material,float-expr,23FF47,5,4,float,
23FF98,model-material,float-expr,23FF98,5,4,float,
23FFBA,model-material,float-expr,23FFBA,5,4,float,
23FFDC,model-material,float-expr,23FFDC,5,4,float,
2400A5,model-material,float-expr,2400A5,5,4,float,
2400BE,model-material,float-expr,2400BE,5,4,float,
2400DC,model-material,float-expr,2400DC,5,4,float,
240120,model-material,float-expr,240120,5,4,float,
24013A,model-material,float-expr,24013A,5,4,float,
24015B,model-material,float-expr,24015B,5,4,float,
279B76,model-material,float-step,279B76,5,4,float,
279B91,model-material,float-step,279B91,5,4,float,
287E7E,model-material,float-step,287E7E,6,4,float,
287EA2,model-material,float-step,287EA2,6,4,float,
287EE7,model-material,float-step,287EE7,6,4,float,
287F0A,model-material,float-step,287F0A,6,4,float,
287F27,model-material,float-step,287F27,6,4,float,
287F64,model-material,float-step,287F64,6,4,float,
287F88,model-material,float-step,287F88,6,4,float,
287FA6,model-material,float-step,287FA6,6,4,float,
288018,model-material,float-step,288018,5,4,float,
288038,model-material,float-step,288038,5,4,float,
288052,model-material,float-step,288052,5,4,float,
28808C,model-material,float-step,28808C,5,4,float,
2880AC,model-material,float-step,2880AC,5,4,float,
2880C7,model-material,float-step,2880C7,5,4,float,
2880FF,model-material,float-step,2880FF,5,4,float,
288121,model-material,float-step,288121,5,4,float,
293999,model-material,float-expr,293999,5,4,float,
2BD9DF,model-material,float-step,2BD9DF,5,4,float,
2BD9FA,model-material,float-step,2BD9FA,5,4,float,
2BDA15,model-material,float-step,2BDA15,5,4,float,
2D7B3A,model-material,lerp,2D7B3A,5,4,float,
2D7D32,model-material,lerp,2D7D32,5,4,float,
2D84B8,model-material,lerp,2D84B8,5,4,float,
2E2723,model-material,float-step,2E2723,5,4,float,
2E272E,model-material,float-expr,2E272E,5,4,float,
2E2741,model-material,float-step,2E2741,5,4,float,
2E2FDD,model-material,float-step,2E2FDD,5,4,float,
2E2FE8,model-material,float-expr,2E2FE8,5,4,float,
2E2FFB,model-material,float-step,2E2FFB,5,4,float,
2E301D,model-material,float-step,2E301D,5,4,float,
2E3028,model-material,float-expr,2E3028,5,4,float,
2E303B,model-material,float-step,2E303B,5,4,float,
2E305D,model-material,float-step,2E305D,5,4,float,
2E3068,model-material,float-expr,2E3068,5,4,float,
2E307B,model-material,float-step,2E307B,5,4,float,
2E309D,model-material,float-step,2E309D,5,4,float,
2E30A8,model-material,float-expr,2E30A8,5,4,float,
2E30BB,model-material,float-step,2E30BB,5,4,float,
2E30DD,model-material,float-step,2E30DD,5,4,float,
2E30E8,model-material,float-expr,2E30E8,5,4,float,
2E30FB,model-material,float-step,2E30FB,5,4,float,
2E311D,model-material,float-step,2E311D,5,4,float,
2E3128,model-material,float-expr,2E3128,5,4,float,
2E313B,model-material,float-step,2E313B,5,4,float,
2E658F,model-material,float-step,2E658F,5,4,float,
2E659A,model-material,float-expr,2E659A,5,4,float,
2E6B7B,model-material,float-step,2E6B7B,5,4,float,
2E6CFF,model-material,float-step,2E6CFF,5,4,float,
2E6D0E,model-material,float-expr,2E6D0E,5,4,float,
2E6E03,model-material,float-step,2E6E03,5,4,float,
2E8509,model-material,float-step,2E8509,5,4,float,
2E8514,model-material,float-expr,2E8514,5,4,float,
2E8527,model-material,float-step,2E8527,5,4,float,
2E8A4E,model-material,float-step,2E8A4E,5,4,float,
2E8A59,model-material,float-expr,2E8A59,5,4,float,
2E8A7B,model-material,float-step,2E8A7B,5,4,float,
2E8A86,model-material,float-expr,2E8A86,5,4,float,
2EE415,model-material,float-step,2EE415,5,4,float,
2EE420,model-material,float-expr,2EE420,5,4,float,
2F1AE4,model-material,float-step,2F1AE4,5,4,float,
2F1AEF,model-material,float-expr,2F1AEF,5,4,float,
2F1B02,model-material,float-step,2F1B02,5,4,float,
2F1B7B,model-material,float-step,2F1B7B,5,4,float,
2F1B86,model-material,float-expr,2F1B86,5,4,float,
2F1B99,model-material,float-step,2F1B99,5,4,float,
2F3F86,model-material,float-step,2F3F86,5,4,float,
3108E5,model-material,float-step,3108E5,5,4,float,
314628,model-material,float-step,314628,5,4,float,
314665,model-material,float-step,314665,5,4,float,
31D5C3,model-material,float-step,31D5C3,5,4,float,
31D5FB,model-material,float-step,31D5FB,5,4,float,
31E8EF,model-material,float-step,31E8EF,5,4,float,
31E901,model-material,float-step,31E901,5,4,float,
31E945,model-material,float-step,31E945,5,4,float,
31E957,model-material,float-step,31E957,5,4,float,
3220C3,model-material,float-step,3220C3,6,4,float,
324681,model-material,float-step,324681,6,4,float,
3246A4,model-material,float-step,3246A4,6,4,float,
3246EE,model-material,float-step,3246EE,6,4,float,
324819,model-material,float-step,324819,5,4,float,
324EEE,model-material,float-step,324EEE,5,4,float,
324EF9,model-material,float-expr,324EF9,5,4,float,
324F1B,model-material,float-step,324F1B,5,4,float,
324F26,model-material,float-expr,324F26,5,4,float,
324F48,model-material,float-step,324F48,5,4,float,
324F53,model-material,float-expr,324F53,5,4,float,
324F75,model-material,float-step,324F75,5,4,float,
324F80,model-material,float-expr,324F80,5,4,float,
326A0E,model-material,float-step,326A0E,5,4,float,
326A19,model-material,float-expr,326A19,5,4,float,
326A3B,model-material,float-step,326A3B,5,4,float,
326A46,model-material,float-expr,326A46,5,4,float,
326A68,model-material,float-step,326A68,5,4,float,
326A73,model-material,float-expr,326A73,5,4,float,
326A95,model-material,float-step,326A95,5,4,float,
326AA0,model-material,float-expr,326AA0,5,4,float,
32774F,model-material,float-step,32774F,5,4,float,
32775A,model-material,float-expr,32775A,5,4,float,
32777C,model-material,float-step,32777C,5,4,float,
327787,model-material,float-expr,327787,5,4,float,
3284D7,model-material,float-step,3284D7,6,4,float,
328591,model-material,float-step,328591,6,4,float,
3285C1,model-material,float-step,3285C1,6,4,float,
32BE8B,model-material,float-step,32BE8B,5,4,float,
32BE96,model-material,float-expr,32BE96,5,4,float,
32CAE9,model-material,float-step,32CAE9,5,4,float,
32CB73,model-material,float-step,32CB73,6,4,float,
32CBA4,model-material,float-step,32CBA4,6,4,float,
32D18A,model-material,float-step,32D18A,5,4,float,
32D214,model-material,float-step,32D214,6,4,float,
32D245,model-material,float-step,32D245,6,4,float,
331D63,model-material,float-step,331D63,5,4,float,
331D9B,model-material,float-step,331D9B,5,4,float,
331F43,model-material,float-step,331F43,5,4,float,
331F7B,model-material,float-step,331F7B,5,4,float,
332757,model-material,float-step,332757,6,4,float,
332811,model-material,float-step,332811,6,4,float,
332841,model-material,float-step,332841,6,4,float,
334B5D,model-material,float-step,334B5D,5,4,float,
33A628,model-material,float-step,33A628,5,4,float,
33A633,model-material,float-expr,33A633,5,4,float,
33A82A,model-material,float-step,33A82A,5,4,float,
33A889,model-material,float-step,33A889,5,4,float,
33A894,model-material,float-expr,33A894,5,4,float,
33A8B2,model-material,float-step,33A8B2,5,4,float,
33A8BD,model-material,float-expr,33A8BD,5,4,float,
33A8D9,model-material,float-step,33A8D9,5,4,float,
33A8E4,model-material,float-expr,33A8E4,5,4,float,
33A90A,model-material,float-step,33A90A,5,4,float,
33A915,model-material,float-expr,33A915,5,4,float,
341D3A,model-material,lerp,341D3A,5,4,float,
341D6E,model-material,lerp,341D6E,5,4,float,
341D73,model-material,lerp,341D73,5,4,float,
341EDC,model-material,lerp,341EDC,5,4,float,
341EE1,model-material,lerp,341EE1,5,4,float,
341EE6,model-material,lerp,341EE6,5,4,float,
342235,model-material,lerp,342235,5,4,float,
34223A,model-material,lerp,34223A,5,4,float,
34223F,model-material,lerp,34223F,5,4,float,
342571,model-material,lerp,342571,5,4,float,
3425A1,model-material,lerp,3425A1,5,4,float,
3425A6,model-material,lerp,3425A6,5,4,float,
342941,model-material,lerp,342941,5,4,float,
342946,model-material,lerp,342946,5,4,float,
34294B,model-material,lerp,34294B,5,4,float,
342A17,model-material,lerp,342A17,5,4,float,
342A1C,model-material,lerp,342A1C,5,4,float,
342A21,model-material,lerp,342A21,5,4,float,
342D28,model-material,lerp,342D28,5,4,float,
342D2D,model-material,lerp,342D2D,5,4,float,
342D32,model-material,lerp,342D32,5,4,float,
34340C,model-material,float-step,34340C,5,4,float,
34341B,model-material,float-step,34341B,6,4,float,
34342B,model-material,float-step,34342B,6,4,float,
34343C,model-material,float-step,34343C,7,4,float,
34345A,model-material,float-step,34345A,5,4,float,
343469,model-material,float-step,343469,6,4,float,
35D6D2,model-material,float-expr,35D6D2,5,4,float,
35D6E3,model-material,float-expr,35D6E3,5,4,float,
35D6F3,model-material,float-expr,35D6F3,5,4,float,
35D785,model-material,float-expr,35D785,5,4,float,
35D796,model-material,float-expr,35D796,5,4,float,
35D7A6,model-material,float-expr,35D7A6,5,4,float,
35D86B,model-material,float-expr,35D86B,5,4,float,
35D88F,model-material,float-expr,35D88F,5,4,float,
35E571,model-material,float-expr,35E571,5,4,float,
35E576,model-material,float-expr,35E576,5,4,float,
35E589,model-material,float-expr,35E589,5,4,float,
35E5A9,model-material,float-expr,35E5A9,5,4,float,
35E5C9,model-material,float-expr,35E5C9,5,4,float,
35E5DC,model-material,float-step,35E5DC,5,4,float,
360916,model-material,float-step,360916,5,4,float,
360921,model-material,float-expr,360921,5,4,float,
360943,model-material,float-step,360943,5,4,float,
36094E,model-material,float-expr,36094E,5,4,float,
360973,model-material,float-step,360973,5,4,float,
36097E,model-material,float-expr,36097E,5,4,float,
3609C4,model-material,float-step,3609C4,5,4,float,
3609D4,model-material,float-step,3609D4,5,4,float,
3609D9,model-material,float-step,3609D9,5,4,float,
360A13,model-material,float-step,360A13,5,4,float,
360A18,model-material,float-step,360A18,5,4,float,
360A1D,model-material,float-step,360A1D,5,4,float,
360E0D,model-material,float-step,360E0D,5,4,float,
360E1C,model-material,float-expr,360E1C,5,4,float,
360E3F,model-material,float-step,360E3F,5,4,float,
360E4E,model-material,float-expr,360E4E,5,4,float,
360E77,model-material,float-step,360E77,5,4,float,
360E86,model-material,float-expr,360E86,5,4,float,
36100E,model-material,float-step,36100E,5,4,float,
361019,model-material,float-expr,361019,5,4,float,
36103B,model-material,float-step,36103B,5,4,float,
361046,model-material,float-expr,361046,5,4,float,
366A04,model-material,float-step,366A04,5,4,float,
366A0F,model-material,float-expr,366A0F,5,4,float,
36A6AA,model-material,float-step,36A6AA,5,4,float,
36A6CB,model-material,float-step,36A6CB,5,4,float,
36A70A,model-material,float-step,36A70A,5,4,float,
36A72A,model-material,float-step,36A72A,5,4,float,
36A744,model-material,float-step,36A744,5,4,float,
36A777,model-material,float-step,36A777,5,4,float,
36A798,model-material,float-step,36A798,5,4,float,
36A7B3,model-material,float-step,36A7B3,5,4,float,
36A812,model-material,float-step,36A812,5,4,float,
36A832,model-material,float-step,36A832,5,4,float,
36A84C,model-material,float-step,36A84C,5,4,float,
36A886,model-material,float-step,36A886,5,4,float,
36A8A6,model-material,float-step,36A8A6,5,4,float,
36A8C1,model-material,float-step,36A8C1,5,4,float,
36A8F9,model-material,float-step,36A8F9,5,4,float,
36A91B,model-material,float-step,36A91B,5,4,float,
36D280,model-material,float-step,36D280,5,4,float,
383538,model-material,float-step,383538,5,4,float,
383547,model-material,float-expr,383547,5,4,float,
388AD3,model-material,float-step,388AD3,5,4,float,
388AE2,model-material,float-expr,388AE2,5,4,float,
392A75,model-material,float-step,392A75,5,4,float,
392A80,model-material,float-expr,392A80,5,4,float,
392A93,model-material,float-step,392A93,5,4,float,
393270,model-material,float-step,393270,5,4,float,
39327B,model-material,float-expr,39327B,5,4,float,
393299,model-material,float-step,393299,5,4,float,
3932A4,model-material,float-expr,3932A4,5,4,float,
3932C5,model-material,float-step,3932C5,5,4,float,
3932D0,model-material,float-expr,3932D0,5,4,float,
393316,model-material,float-step,393316,5,4,float,
393326,model-material,float-step,393326,5,4,float,
39332B,model-material,float-step,39332B,5,4,float,
393365,model-material,float-step,393365,5,4,float,
39336A,model-material,float-step,39336A,5,4,float,
39336F,model-material,float-step,39336F,5,4,float,
3933F0,model-material,float-step,3933F0,5,4,float,
3933FB,model-material,float-expr,3933FB,5,4,float,
39341A,model-material,float-step,39341A,5,4,float,
393425,model-material,float-expr,393425,5,4,float,
393444,model-material,float-step,393444,5,4,float,
39344F,model-material,float-expr,39344F,5,4,float,
39346E,model-material,float-step,39346E,5,4,float,
393479,model-material,float-expr,393479,5,4,float,
39380B,model-material,float-step,39380B,5,4,float,
393816,model-material,float-expr,393816,5,4,float,
393838,model-material,float-step,393838,5,4,float,
393843,model-material,float-expr,393843,5,4,float,
393977,model-material,float-step,393977,5,4,float,
393982,model-material,float-expr,393982,5,4,float,
3939A4,model-material,float-step,3939A4,5,4,float,
3939AF,model-material,float-expr,3939AF,5,4,float,
396CB0,model-material,float-step,396CB0,5,4,float,
396CBF,model-material,float-expr,396CBF,5,4,float,
396CEB,model-material,float-step,396CEB,5,4,float,
396CFA,model-material,float-expr,396CFA,5,4,float,
396D6B,model-material,float-step,396D6B,5,4,float,
396D7B,model-material,float-step,396D7B,5,4,float,
396D80,model-material,float-step,396D80,5,4,float,
396DBA,model-material,float-step,396DBA,5,4,float,
396DBF,model-material,float-step,396DBF,5,4,float,
396DC4,model-material,float-step,396DC4,5,4,float,
3973FA,model-material,float-step,3973FA,5,4,float,
397405,model-material,float-expr,397405,5,4,float,
397424,model-material,float-step,397424,5,4,float,
39742F,model-material,float-expr,39742F,5,4,float,
397560,model-material,float-step,397560,5,4,float,
39756B,model-material,float-expr,39756B,5,4,float,
39758A,model-material,float-step,39758A,5,4,float,
397595,model-material,float-expr,397595,5,4,float,
39A240,model-material,float-step,39A240,5,4,float,
39A24F,model-material,float-expr,39A24F,5,4,float,
39A27B,model-material,float-step,39A27B,5,4,float,
39A28A,model-material,float-expr,39A28A,5,4,float,
39A2FB,model-material,float-step,39A2FB,5,4,float,
39A30B,model-material,float-step,39A30B,5,4,float,
39A310,model-material,float-step,39A310,5,4,float,
39A34A,model-material,float-step,39A34A,5,4,float,
39A34F,model-material,float-step,39A34F,5,4,float,
39A354,model-material,float-step,39A354,5,4,float,
4D11C2,model-material,float-step,4D11C2,5,4,float,
4D11CD,model-material,float-expr,4D11CD,5,4,float,
4D11EB,model-material,float-step,4D11EB,5,4,float,
4D11F6,model-material,float-expr,4D11F6,5,4,float,
4D1214,model-material,float-step,4D1214,5,4,float,
4D121F,model-material,float-expr,4D121F,5,4,float,
4D123D,model-material,float-step,4D123D,5,4,float,
4D1248,model-material,float-expr,4D1248,5,4,float,
4FF268,model-material,float-step,4FF268,5,4,float,
4FFCC1,model-material,float-step,4FFCC1,5,4,float,
50A216,model-material,float-step,50A216,5,4,float,
50A225,model-material,float-expr,50A225,5,4,float,
50E98F,model-material,float-expr,50E98F,5,4,float,
50E99A,model-material,float-expr,50E99A,5,4,float,
515A9C,model-material,float-step,515A9C,5,4,float,
515AA7,model-material,float-expr,515AA7,5,4,float,
515ABA,model-material,float-step,515ABA,5,4,float,
524921,model-material,float-step,524921,5,4,float,
52492C,model-material,float-expr,52492C,5,4,float,
52493F,model-material,float-step,52493F,5,4,float,
5261EE,model-material,float-step,5261EE,5,4,float,
5261F9,model-material,float-expr,5261F9,5,4,float,
52621B,model-material,float-step,52621B,5,4,float,
526226,model-material,float-expr,526226,5,4,float,
532C7F,model-material,float-step,532C7F,5,4,float,
532C8A,model-material,float-expr,532C8A,5,4,float,
532C9D,model-material,float-step,532C9D,5,4,float,
532CB2,model-material,float-step,532CB2,5,4,float,
532CBD,model-material,float-expr,532CBD,5,4,float,
532CD0,model-material,float-step,532CD0,5,4,float,
532CF5,model-material,float-step,532CF5,5,4,float,
532D00,model-material,float-expr,532D00,5,4,float,
532D13,model-material,float-step,532D13,5,4,float,
532D28,model-material,float-step,532D28,5,4,float,
532D33,model-material,float-expr,532D33,5,4,float,
532D46,model-material,float-step,532D46,5,4,float,
532DC7,model-material,float-step,532DC7,5,4,float,
532DD2,model-material,float-expr,532DD2,5,4,float,
532DE5,model-material,float-step,532DE5,5,4,float,
532DFA,model-material,float-step,532DFA,5,4,float,
532E05,model-material,float-expr,532E05,5,4,float,
532E18,model-material,float-step,532E18,5,4,float,
5486FA,model-material,float-expr,5486FA,5,4,float,
548705,model-material,float-expr,548705,5,4,float,
55F277,model-material,lerp,55F277,5,4,float,
55F483,model-material,lerp,55F483,5,4,float,
55FC26,model-material,lerp,55FC26,5,4,float,
562C9A,model-material,float-step,562C9A,5,4,float,
562CA5,model-material,float-step,562CA5,5,4,float,
562CAA,model-material,float-step,562CAA,5,4,float,
562CF9,model-material,float-step,562CF9,5,4,float,
562CFE,model-material,float-step,562CFE,5,4,float,
562D03,model-material,float-step,562D03,5,4,float,
563E2A,model-material,float-step,563E2A,5,4,float,
563E35,model-material,float-step,563E35,5,4,float,
563E3A,model-material,float-step,563E3A,5,4,float,
563E7C,model-material,float-step,563E7C,5,4,float,
563E81,model-material,float-step,563E81,5,4,float,
563E86,model-material,float-step,563E86,5,4,float,
5703A8,model-material,float-step,5703A8,5,4,float,
5703BA,model-material,float-step,5703BA,5,4,float,
570440,model-material,float-step,570440,5,4,float,
570459,model-material,float-step,570459,5,4,float,
570E20,model-material,float-step,570E20,5,4,float,
570E59,model-material,float-step,570E59,5,4,float,
57BC3A,model-material,lerp,57BC3A,5,4,float,
57BC53,model-material,lerp,57BC53,5,4,float,
57CBE7,model-material,lerp,57CBE7,5,4,float,
598CBE,model-material,float-step,598CBE,5,4,float,
598CC9,model-material,float-expr,598CC9,5,4,float,
598CE8,model-material,float-step,598CE8,5,4,float,
598CF3,model-material,float-expr,598CF3,5,4,float,
598D18,model-material,float-step,598D18,5,4,float,
598D23,model-material,float-expr,598D23,5,4,float,
598D46,model-material,float-step,598D46,5,4,float,
598D51,model-material,float-expr,598D51,5,4,float,
5996B3,model-material,float-step,5996B3,5,4,float,
5996CA,model-material,float-step,5996CA,5,4,float,
5A2E7C,model-material,float-step,5A2E7C,5,4,float,
5A2E87,model-material,float-expr,5A2E87,5,4,float,
5A2E9A,model-material,float-step,5A2E9A,5,4,float,
5A5BCD,model-material,float-step,5A5BCD,5,4,float,
5A979C,model-material,float-expr,5A979C,5,4,float,
5A97A7,model-material,float-expr,5A97A7,5,4,float,
5AB24B,model-material,float-step,5AB24B,5,4,float,
5AB256,model-material,float-expr,5AB256,5,4,float,
5C6517,model-material,float-step,5C6517,5,4,float,
5C6522,model-material,float-expr,5C6522,5,4,float,
5C69C5,model-material,float-step,5C69C5,5,4,float,
5C69D0,model-material,float-expr,5C69D0,5,4,float,
5CE906,model-material,float-step,5CE906,5,4,float,
5CE911,model-material,float-expr,5CE911,5,4,float,
5CED26,model-material,float-step,5CED26,5,4,float,
5CED31,model-material,float-expr,5CED31,5,4,float,
5D5876,model-material,float-step,5D5876,5,4,float,
5D5881,model-material,float-expr,5D5881,5,4,float,
5D5996,model-material,float-step,5D5996,5,4,float,
5D59A1,model-material,float-expr,5D59A1,5,4,float,
5E0745,model-material,float-step,5E0745,5,4,float,
5E0753,model-material,float-expr,5E0753,5,4,float,
5E078F,model-material,float-step,5E078F,5,4,float,
5E079D,model-material,float-expr,5E079D,5,4,float,
5E07B9,model-material,float-step,5E07B9,5,4,float,
5E07C7,model-material,float-expr,5E07C7,5,4,float,
5EC92B,model-material,float-step,5EC92B,5,4,float,
5EC936,model-material,float-expr,5EC936,5,4,float,
5F5BCF,model-material,float-step,5F5BCF,5,4,float,
5F5BEC,model-material,float-step,5F5BEC,5,4,float,
5F5BFB,model-material,float-expr,5F5BFB,5,4,float,
61C3F0,model-material,float-step,61C3F0,5,4,float,
61C3FE,model-material,float-step,61C3FE,5,4,float,
61C43A,model-material,float-step,61C43A,5,4,float,
61C448,model-material,float-step,61C448,5,4,float,
1D552E,object:an,float-expr,1D552E,5,4,float,
1D55E4,object:an,float-step,1D55E4,8,4,float,
1D5853,object:an,float-expr,1D5853,8,4,float,
1D5888,object:an,phase-wrap,1D5888,8,4,float,
1D58CA,object:an,counter,1D58CA,6,1,int,
1D58DA,object:an,multiplier,1D58DA,8,4,float,
1D58FC,object:an,multiplier,1D58FC,8,4,float,
1D592D,object:an,counter,1D592D,6,1,int,
1D593F,object:an,float-expr,1D593F,12,4,float,
1D5957,object:an,float-expr,1D5957,5,4,float,
1D597C,object:an,multiplier,1D597C,8,4,float,
1D5984,object:an,multiplier,1D5984,8,4,float,
1D59FE,object:an,counter,1D59FE,6,1,int,
1D5A1A,object:an,counter,1D5A1A,6,1,int,
1D5A7B,object:an,counter,1D5A7B,6,1,int,
1D5A9C,object:an,counter,1D5A9C,8,2,int,
1D5AA6,object:an,counter,1D5AA6,6,1,int,
1D5AFC,object:an,counter,1D5AFC,6,1,int,
1D5C3D,object:an,counter,1D5C3D,6,1,int,
1D5CB1,object:an,counter,1D5CB1,8,2,int,
1D5D53,object:an,counter,1D5D53,6,1,int,
1D5D92,object:an,counter,1D5D92,8,2,int,
1D5D9C,object:an,counter,1D5D9C,6,1,int,
1D5F29,object:an,counter,1D5F29,6,1,int,
1D5FB9,object:an,counter,1D5FB9,6,1,int,
1D5FDA,object:an,counter,1D5FDA,7,2,int,
1D5FEF,object:an,counter,1D5FEF,6,1,int,
1D60A4,object:an,counter,1D60A4,6,1,int,
1D60E1,object:an,counter,1D60E1,6,4,int,
1D6110,object:an,counter,1D6110,6,1,int,
1D61B0,object:an,counter,1D61B0,6,1,int,
1D62CA,object:an,counter,1D62CA,6,1,int,
1D63BB,object:an,counter,1D63BB,6,1,int,
1D63D4,object:an,counter,1D63D4,8,2,int,
1D63DE,object:an,counter,1D63DE,6,1,int,
1D6511,object:an,counter,1D6511,6,1,int,
1D6540,object:an,counter,1D6540,7,2,int,
1D65C0,object:an,counter,1D65C0,6,1,int,
1D65D6,object:an,counter,1D65D6,6,1,int,
1D668A,object:an,multiplier,1D668A,8,4,float,
1D66A7,object:an,phase-wrap,1D66A7,8,4,float,
1D66BC,object:an,counter,1D66BC,6,1,int,
1D6787,object:an,multiplier,1D6787,8,4,float,
1D67A4,object:an,phase-wrap,1D67A4,8,4,float,
1D67BA,object:an,counter,1D67BA,6,1,int,
1D67EA,object:an,int-expr,1D67EA,7,2,int,
1D686C,object:an,counter,1D686C,6,1,int,
1D6996,object:an,counter,1D6996,6,1,int,
1D69FC,object:an,float-step,1D69FC,8,4,float,
1D6A1F,object:an,float-step,1D6A1F,8,4,float,
1D6A42,object:an,float-step,1D6A42,8,4,float,
1D6B10,object:an,counter,1D6B10,6,1,int,
1D6B44,object:an,counter,1D6B44,6,1,int,
1D6C37,object:an,counter,1D6C37,6,1,int,
1D6C78,object:an,counter,1D6C78,7,2,int,
1D6D85,object:an,counter,1D6D85,6,1,int,
1D6EB1,object:an,counter,1D6EB1,6,1,int,
1D6F25,object:an,counter,1D6F25,8,2,int,
1D6FB5,object:an,counter,1D6FB5,6,1,int,
1D6FF4,object:an,counter,1D6FF4,8,2,int,
1D6FFE,object:an,counter,1D6FFE,6,1,int,
1D70C7,object:an,counter,1D70C7,6,1,int,
1D70E6,object:an,counter,1D70E6,8,2,int,
1D70F4,object:an,counter,1D70F4,6,1,int,
1D7178,object:an,int-step,1D7178,8,2,int,
1D7180,object:an,counter,1D7180,6,1,int,
1D718E,object:an,counter,1D718E,8,2,int,
1D719C,object:an,counter,1D719C,6,1,int,
1D7201,object:an,counter,1D7201,6,1,int,
1D73D1,object:an,counter,1D73D1,6,1,int,
1D73D7,object:an,float-expr,1D73D7,8,4,float,
1D73FF,object:an,call,1D73FF,8,4,float,
1D742D,object:an,counter,1D742D,6,1,int,
1D748E,object:an,counter,1D748E,6,1,int,
1D74A0,object:an,counter,1D74A0,6,1,int,
1D7543,object:an,counter,1D7543,6,1,int,
1D7587,object:an,counter,1D7587,6,1,int,
1D758D,object:an,counter,1D758D,7,2,int,
1D75C2,object:an,multiplier,1D75C2,8,4,float,
1D7675,object:an,counter,1D7675,6,1,int,
1D7759,object:an,counter,1D7759,6,1,int,
1D778E,object:an,call,1D778E,8,4,float,
1D779B,object:an,counter,1D779B,7,2,int,
1D77CC,object:an,multiplier,1D77CC,8,4,float,
1D78F0,object:an,counter,1D78F0,6,1,int,
1D791E,object:an,call,1D791E,8,4,float,
1D7A73,object:an,counter,1D7A73,6,1,int,
1D7B71,object:an,counter,1D7B71,6,1,int,
1D7CBA,object:an,multiplier,1D7CBA,8,4,float,
1D7CF1,object:an,counter,1D7CF1,6,1,int,
1D7D01,object:an,phase-wrap,1D7D01,8,4,float,
1D7DCC,object:an,counter,1D7DCC,6,1,int,
1D7E8D,object:an,counter,1D7E8D,6,1,int,
1D809A,object:an,counter,1D809A,6,1,int,
1D80BA,object:an,counter,1D80BA,6,1,int,
1D812E,object:an,counter,1D812E,6,1,int,
1D814F,object:an,counter,1D814F,8,2,int,
1D8159,object:an,counter,1D8159,6,1,int,
1D81B7,object:an,counter,1D81B7,6,1,int,
1D82CF,object:an,counter,1D82CF,6,1,int,
1D8516,object:an,counter,1D8516,6,1,int,
1D8524,object:an,counter,1D8524,7,2,int,
1D8616,object:an,counter,1D8616,6,1,int,
1D867D,object:an,counter,1D867D,7,2,int,
1D8BE8,object:an,counter,1D8BE8,6,1,int,
1D8BFD,object:an,multiplier,1D8BFD,8,4,float,
1D8C15,object:an,multiplier,1D8C15,8,4,float,
1D8C46,object:an,counter,1D8C46,6,1,int,
1D8C58,object:an,float-expr,1D8C54,8,4,float,
1D8C70,object:an,float-expr,1D8C70,5,4,float,
1D8C95,object:an,multiplier,1D8C95,8,4,float,
1D8C9D,object:an,multiplier,1D8C9D,8,4,float,
1D8D17,object:an,counter,1D8D17,6,1,int,
1D8D33,object:an,counter,1D8D33,6,1,int,
1D8D9C,object:an,counter,1D8D9C,6,1,int,
1D8DBD,object:an,counter,1D8DBD,8,2,int,
1D8DC7,object:an,counter,1D8DC7,6,1,int,
1D8E20,object:an,counter,1D8E20,6,1,int,
1D8F81,object:an,counter,1D8F81,6,1,int,
1D8FF5,object:an,counter,1D8FF5,8,2,int,
1D9085,object:an,counter,1D9085,6,1,int,
1D90D0,object:an,counter,1D90D0,8,2,int,
1D90DA,object:an,counter,1D90DA,6,1,int,
1D91FB,object:an,counter,1D91FB,6,1,int,
1D92B1,object:an,counter,1D92B1,6,1,int,
1D932E,object:an,counter,1D932E,6,4,int,
1D9364,object:an,counter,1D9364,7,2,int,
1D93CA,object:an,counter,1D93CA,6,1,int,
1D94E2,object:an,counter,1D94E2,6,1,int,
1D95EA,object:an,counter,1D95EA,6,1,int,
1D96F6,object:an,counter,1D96F6,6,1,int,
1D970F,object:an,counter,1D970F,8,2,int,
1D9719,object:an,counter,1D9719,6,1,int,
1D9891,object:an,counter,1D9891,6,1,int,
1D98C0,object:an,counter,1D98C0,7,2,int,
1D9940,object:an,counter,1D9940,6,1,int,
1D9956,object:an,counter,1D9956,6,1,int,
1D9A0A,object:an,multiplier,1D9A0A,8,4,float,
1D9A27,object:an,phase-wrap,1D9A27,8,4,float,
1D9A3C,object:an,counter,1D9A3C,6,1,int,
1D9B07,object:an,multiplier,1D9B07,8,4,float,
1D9B24,object:an,phase-wrap,1D9B24,8,4,float,
1D9B3A,object:an,counter,1D9B3A,6,1,int,
1D9B6A,object:an,int-expr,1D9B6A,7,2,int,
1D9C61,object:an,counter,1D9C61,6,1,int,
1D9D6D,object:an,counter,1D9D6D,6,1,int,
1D9DE7,object:an,float-step,1D9DE7,8,4,float,
1D9E0A,object:an,float-step,1D9E0A,8,4,float,
1D9E2D,object:an,float-step,1D9E2D,8,4,float,
1D9FB5,object:an,counter,1D9FB5,6,1,int,
1D9FF3,object:an,counter,1D9FF3,6,1,int,
1DA0EB,object:an,counter,1DA0EB,6,1,int,
1DA11A,object:an,counter,1DA11A,7,2,int,
1DA1A4,object:an,counter,1DA1A4,6,1,int,
1DA1C0,object:an,counter,1DA1C0,6,1,int,
1DA2F1,object:an,counter,1DA2F1,6,1,int,
1DA365,object:an,counter,1DA365,8,2,int,
1DA3F5,object:an,counter,1DA3F5,6,1,int,
1DA440,object:an,counter,1DA440,8,2,int,
1DA44A,object:an,counter,1DA44A,6,1,int,
1DA517,object:an,counter,1DA517,6,1,int,
1DA53B,object:an,counter,1DA53B,8,2,int,
1DA549,object:an,counter,1DA549,6,1,int,
1DA5D8,object:an,int-step,1DA5D8,8,2,int,
1DA5E0,object:an,counter,1DA5E0,6,1,int,
1DA5EE,object:an,counter,1DA5EE,8,2,int,
1DA5FC,object:an,counter,1DA5FC,6,1,int,
1DA65B,object:an,counter,1DA65B,6,1,int,
1DA84C,object:an,counter,1DA84C,6,1,int,
1DA85A,object:an,float-expr,1DA85A,8,4,float,
1DA882,object:an,call,1DA882,8,4,float,
1DA8B0,object:an,counter,1DA8B0,6,1,int,
1DA935,object:an,counter,1DA935,6,1,int,
1DA947,object:an,counter,1DA947,6,1,int,
1DA9F2,object:an,counter,1DA9F2,6,1,int,
1DAA36,object:an,counter,1DAA36,6,1,int,
1DAA3C,object:an,counter,1DAA3C,7,2,int,
1DAA71,object:an,multiplier,1DAA71,8,4,float,
1DAB19,object:an,counter,1DAB19,6,1,int,
1DABE6,object:an,counter,1DABE6,6,1,int,
1DAC1B,object:an,call,1DAC1B,8,4,float,
1DAC28,object:an,counter,1DAC28,7,2,int,
1DAC59,object:an,multiplier,1DAC59,8,4,float,
1DAD6C,object:an,counter,1DAD6C,6,1,int,
1DAD9A,object:an,call,1DAD9A,8,4,float,
1DAE8C,object:an,counter,1DAE8C,6,1,int,
1DAF93,object:an,multiplier,1DAF93,8,4,float,
1DAFCA,object:an,phase-wrap,1DAFCA,8,4,float,
1DAFDF,object:an,counter,1DAFDF,6,1,int,
1DB005,object:an,counter,1DB005,7,2,int,
1DB016,object:an,counter,1DB016,6,1,int,
1DB08B,object:an,counter,1DB08B,6,1,int,
1DB0A5,object:an,counter,1DB0A5,6,1,int,
1DB0CB,object:an,multiplier,1DB0CB,8,4,float,
1DB11E,object:an,counter,1DB11E,6,1,int,
1DB157,object:an,multiplier,1DB157,8,4,float,
1DB161,object:an,counter,1DB161,6,1,int,
1DB1D7,object:an,counter,1DB1D7,6,1,int,
1DB2C1,object:an,counter,1DB2C1,6,1,int,
1DB34A,object:an,counter,1DB34A,7,2,int,
1DB4F4,object:an,counter,1DB4F4,6,1,int,
1DB50A,object:an,counter,1DB50A,6,1,int,
1DB585,object:an,counter,1DB585,6,1,int,
1DB5AB,object:an,counter,1DB5AB,8,2,int,
1DB5B9,object:an,counter,1DB5B9,6,1,int,
1DB609,object:an,counter,1DB609,6,1,int,
1DB759,object:an,counter,1DB759,6,1,int,
1DB76E,object:an,counter,1DB76E,7,2,int,
1DBA4C,object:an,counter,1DBA4C,6,1,int,
1DBB7D,object:an,counter,1DBB7D,6,1,int,
1DBBE8,object:an,counter,1DBBE8,6,1,int,
1DBBFA,object:an,counter,1DBBFA,6,1,int,
1DBE8A,object:an,float-step,1DBE8A,8,4,float,
1DBEA3,object:an,float-step,1DBEA3,8,4,float,
1DBF7D,object:an,float-step,1DBF7D,5,4,float,
1DBFC8,object:an,counter,1DBFC8,7,2,int,
1DC212,object:an,counter,1DC212,6,1,int,
1DC247,object:an,counter,1DC247,7,2,int,
1DC34A,object:an,counter,1DC34A,6,1,int,
1DC432,object:an,counter,1DC432,6,1,int,
1DC500,object:an,counter,1DC500,6,1,int,
1DC519,object:an,counter,1DC519,7,2,int,
1DC5E8,object:an,counter,1DC5E8,7,2,int,
1DC6D8,object:an,lerp,1DC6D8,8,4,float,
1DC6EC,object:an,lerp,1DC6EC,8,4,float,
1DC84D,object:an,lerp,1DC84D,8,4,float,
1DC861,object:an,lerp,1DC861,8,4,float,
1DC9CB,object:an,counter,1DC9CB,6,1,int,
1DC9D1,object:an,counter,1DC9D1,6,1,int,
1DD123,object:an,counter,1DD123,6,1,int,
1DD132,object:an,float-expr,1DD132,8,4,float,
1DD13A,object:an,float-expr,1DD13A,8,4,float,
1DD175,object:an,phase-wrap,1DD175,8,4,float,
1DD1D6,object:an,float-expr,1DD1D6,12,4,float,
1DD1EE,object:an,float-expr,1DD1EE,5,4,float,
1DD213,object:an,multiplier,1DD213,8,4,float,
1DD21B,object:an,multiplier,1DD21B,8,4,float,
1DD341,object:an,counter,1DD341,6,1,int,
1DD3D2,object:an,counter,1DD3D2,8,2,int,
1DD462,object:an,counter,1DD462,6,1,int,
1DD4AD,object:an,counter,1DD4AD,8,2,int,
1DD4B7,object:an,counter,1DD4B7,6,1,int,
1DD58C,object:an,counter,1DD58C,6,1,int,
1DD646,object:an,counter,1DD646,6,1,int,
1DD683,object:an,counter,1DD683,6,4,int,
1DD6B2,object:an,counter,1DD6B2,6,1,int,
1DD74B,object:an,counter,1DD74B,6,1,int,
1DD86A,object:an,counter,1DD86A,6,1,int,
1DD961,object:an,counter,1DD961,6,1,int,
1DD97A,object:an,counter,1DD97A,8,2,int,
1DD984,object:an,counter,1DD984,6,1,int,
1DDAC1,object:an,counter,1DDAC1,6,1,int,
1DDAF0,object:an,counter,1DDAF0,7,2,int,
1DDB70,object:an,counter,1DDB70,6,1,int,
1DDB86,object:an,counter,1DDB86,6,1,int,
1DDC3A,object:an,multiplier,1DDC3A,8,4,float,
1DDC57,object:an,phase-wrap,1DDC57,8,4,float,
1DDC6C,object:an,counter,1DDC6C,6,1,int,
1DDC94,object:an,counter,1DDC94,7,2,int,
1DDD53,object:an,multiplier,1DDD53,8,4,float,
1DDD70,object:an,phase-wrap,1DDD70,8,4,float,
1DDE2E,object:an,counter,1DDE2E,6,1,int,
1DDEFC,object:an,counter,1DDEFC,6,1,int,
1DDF0E,object:an,counter,1DDF0E,6,1,int,
1DE03E,object:an,counter,1DE03E,6,1,int,
1DE054,object:an,counter,1DE054,6,1,int,
1DE0B8,object:an,counter,1DE0B8,6,1,int,
1DE0CE,object:an,counter,1DE0CE,6,1,int,
1DE14B,object:an,counter,1DE14B,6,1,int,
1DE1B1,object:an,float-step,1DE1B1,8,4,float,
1DE1D4,object:an,float-step,1DE1D4,8,4,float,
1DE1F7,object:an,float-step,1DE1F7,8,4,float,
1DE2D3,object:an,counter,1DE2D3,7,2,int,
1DE3A8,object:an,counter,1DE3A8,6,1,int,
1DE3D5,object:an,counter,1DE3D5,7,2,int,
1DE4A6,object:an,counter,1DE4A6,6,1,int,
1DE5D1,object:an,counter,1DE5D1,6,1,int,
1DE662,object:an,counter,1DE662,8,2,int,
1DE6F2,object:an,counter,1DE6F2,6,1,int,
1DE73D,object:an,counter,1DE73D,8,2,int,
1DE747,object:an,counter,1DE747,6,1,int,
1DE817,object:an,counter,1DE817,6,1,int,
1DE840,object:an,counter,1DE840,8,2,int,
1DE84E,object:an,counter,1DE84E,6,1,int,
1DE8D8,object:an,int-step,1DE8D8,8,2,int,
1DE8E0,object:an,counter,1DE8E0,6,1,int,
1DE8EE,object:an,counter,1DE8EE,8,2,int,
1DE8FC,object:an,counter,1DE8FC,6,1,int,
1DE956,object:an,counter,1DE956,6,1,int,
1DEB19,object:an,counter,1DEB19,6,1,int,
1DEB1F,object:an,float-expr,1DEB1F,8,4,float,
1DEB47,object:an,call,1DEB47,8,4,float,
1DEB75,object:an,counter,1DEB75,6,1,int,
1DEBD9,object:an,counter,1DEBD9,6,1,int,
1DEBEB,object:an,counter,1DEBEB,6,1,int,
1DEC6F,object:an,counter,1DEC6F,6,1,int,
1DECAF,object:an,counter,1DECAF,6,1,int,
1DECB5,object:an,counter,1DECB5,7,2,int,
1DECEA,object:an,multiplier,1DECEA,8,4,float,
1DED7B,object:an,counter,1DED7B,6,1,int,
1DEE48,object:an,counter,1DEE48,6,1,int,
1DEE7D,object:an,call,1DEE7D,8,4,float,
1DEE8A,object:an,counter,1DEE8A,7,2,int,
1DEEBF,object:an,multiplier,1DEEBF,8,4,float,
1DEFA4,object:an,counter,1DEFA4,6,1,int,
1DEFD2,object:an,call,1DEFD2,8,4,float,
1DF0C4,object:an,counter,1DF0C4,6,1,int,
1DF0DD,object:an,counter,1DF0DD,8,2,int,
1DF18C,object:an,counter,1DF18C,6,1,int,
1DF279,object:an,multiplier,1DF279,8,4,float,
1DF2B0,object:an,counter,1DF2B0,6,1,int,
1DF2C0,object:an,phase-wrap,1DF2C0,8,4,float,
1DF399,object:an,counter,1DF399,6,1,int,
1DF59A,object:an,counter,1DF59A,6,1,int,
1DF5B0,object:an,counter,1DF5B0,6,1,int,
1DF631,object:an,counter,1DF631,6,1,int,
1DF65C,object:an,counter,1DF65C,8,2,int,
1DF66A,object:an,counter,1DF66A,6,1,int,
1DF6C3,object:an,counter,1DF6C3,6,1,int,
1DF7E1,object:an,counter,1DF7E1,6,1,int,
1DF817,object:an,counter,1DF817,6,1,int,
1DF834,object:an,float-step,1DF834,8,4,float,
1DF848,object:an,counter,1DF848,8,2,int,
1DF8ED,object:an,counter,1DF8ED,6,1,int,
1DF97B,object:an,counter,1DF97B,7,2,int,
1DFA39,object:an,counter,1DFA39,6,1,int,
1DFABE,object:an,float-step,1DFABE,8,4,float,
1DFCE5,object:an,counter,1DFCE5,6,1,int,
1DFE3D,object:an,counter,1DFE3D,6,1,int,
1DFECD,object:an,counter,1DFECD,6,1,int,
1DFEDF,object:an,counter,1DFEDF,6,1,int,
1E0818,object:an,counter,1E0818,6,1,int,
1E082D,object:an,multiplier,1E082D,8,4,float,
1E0845,object:an,multiplier,1E0845,8,4,float,
1E0876,object:an,counter,1E0876,6,1,int,
1E0888,object:an,float-expr,1E0884,8,4,float,
1E08A0,object:an,float-expr,1E08A0,5,4,float,
1E08C5,object:an,multiplier,1E08C5,8,4,float,
1E08CD,object:an,multiplier,1E08CD,8,4,float,
1E0947,object:an,counter,1E0947,6,1,int,
1E0963,object:an,counter,1E0963,6,1,int,
1E09CC,object:an,counter,1E09CC,6,1,int,
1E09ED,object:an,counter,1E09ED,8,2,int,
1E09F7,object:an,counter,1E09F7,6,1,int,
1E0A50,object:an,counter,1E0A50,6,1,int,
1E0BE8,object:an,counter,1E0BE8,6,1,int,
1E0C5C,object:an,counter,1E0C5C,8,2,int,
1E0CEC,object:an,counter,1E0CEC,6,1,int,
1E0D37,object:an,counter,1E0D37,8,2,int,
1E0D41,object:an,counter,1E0D41,6,1,int,
1E0E0C,object:an,counter,1E0E0C,6,1,int,
1E0EF9,object:an,counter,1E0EF9,6,1,int,
1E0F36,object:an,counter,1E0F36,6,4,int,
1E0F65,object:an,counter,1E0F65,6,1,int,
1E0FE9,object:an,counter,1E0FE9,6,1,int,
1E10D6,object:an,counter,1E10D6,6,1,int,
1E117B,object:an,counter,1E117B,6,1,int,
1E1194,object:an,counter,1E1194,8,2,int,
1E119E,object:an,counter,1E119E,6,1,int,
1E12D1,object:an,counter,1E12D1,6,1,int,
1E1300,object:an,counter,1E1300,7,2,int,
1E1380,object:an,counter,1E1380,6,1,int,
1E1396,object:an,counter,1E1396,6,1,int,
1E147D,object:an,multiplier,1E147D,8,4,float,
1E149A,object:an,phase-wrap,1E149A,8,4,float,
1E14AF,object:an,counter,1E14AF,6,1,int,
1E15AD,object:an,multiplier,1E15AD,8,4,float,
1E15CA,object:an,phase-wrap,1E15CA,8,4,float,
1E15E0,object:an,counter,1E15E0,6,1,int,
1E1610,object:an,int-expr,1E1610,7,2,int,
1E16BF,object:an,counter,1E16BF,6,1,int,
1E1792,object:an,counter,1E1792,6,1,int,
1E17F8,object:an,float-step,1E17F8,8,4,float,
1E181B,object:an,float-step,1E181B,8,4,float,
1E183E,object:an,float-step,1E183E,8,4,float,
1E1951,object:an,counter,1E1951,6,1,int,
1E1985,object:an,counter,1E1985,6,1,int,
1E1A3B,object:an,counter,1E1A3B,6,1,int,
1E1A6A,object:an,counter,1E1A6A,7,2,int,
1E1B75,object:an,counter,1E1B75,6,1,int,
1E1CD8,object:an,counter,1E1CD8,6,1,int,
1E1D4C,object:an,counter,1E1D4C,8,2,int,
1E1DDC,object:an,counter,1E1DDC,6,1,int,
1E1E27,object:an,counter,1E1E27,8,2,int,
1E1E31,object:an,counter,1E1E31,6,1,int,
1E1ED5,object:an,counter,1E1ED5,6,1,int,
1E1EE3,object:an,counter,1E1EE3,8,2,int,
1E1EF1,object:an,counter,1E1EF1,6,1,int,
1E1F7E,object:an,int-step,1E1F7E,8,2,int,
1E1FD8,object:an,counter,1E1FD8,6,1,int,
1E2161,object:an,counter,1E2161,6,1,int,
1E2167,object:an,float-expr,1E2167,8,4,float,
1E218F,object:an,call,1E218F,8,4,float,
1E21BD,object:an,counter,1E21BD,6,1,int,
1E2242,object:an,counter,1E2242,6,1,int,
1E2254,object:an,counter,1E2254,6,1,int,
1E22FF,object:an,counter,1E22FF,6,1,int,
1E2343,object:an,counter,1E2343,6,1,int,
1E2349,object:an,counter,1E2349,7,2,int,
1E237E,object:an,multiplier,1E237E,8,4,float,
1E2426,object:an,counter,1E2426,6,1,int,
1E24F3,object:an,counter,1E24F3,6,1,int,
1E2528,object:an,call,1E2528,8,4,float,
1E2535,object:an,counter,1E2535,7,2,int,
1E256A,object:an,multiplier,1E256A,8,4,float,
1E264F,object:an,counter,1E264F,6,1,int,
1E267D,object:an,call,1E267D,8,4,float,
1E276C,object:an,counter,1E276C,6,1,int,
1E2824,object:an,counter,1E2824,6,1,int,
1E2915,object:an,multiplier,1E2915,8,4,float,
1E294C,object:an,phase-wrap,1E294C,8,4,float,
1E2961,object:an,counter,1E2961,6,1,int,
1E2982,object:an,counter,1E2982,7,2,int,
1E29B4,object:an,counter,1E29B4,6,1,int,
1E2A2E,object:an,counter,1E2A2E,6,1,int,
1E2C34,object:an,counter,1E2C34,6,1,int,
1E2C4A,object:an,counter,1E2C4A,6,1,int,
1E2CC5,object:an,counter,1E2CC5,6,1,int,
1E2CEB,object:an,counter,1E2CEB,8,2,int,
1E2CF9,object:an,counter,1E2CF9,6,1,int,
1E2D49,object:an,counter,1E2D49,6,1,int,
1E2F91,object:an,counter,1E2F91,6,1,int,
1E2FA6,object:an,counter,1E2FA6,7,2,int,
1E3055,object:an,counter,1E3055,6,1,int,
1E3616,object:an,counter,1E3616,6,1,int,
1E3625,object:an,float-expr,1E3625,8,4,float,
1E362D,object:an,float-expr,1E362D,8,4,float,
1E3668,object:an,phase-wrap,1E3668,8,4,float,
1E36AD,object:an,float-expr,1E36AD,12,4,float,
1E36C5,object:an,float-expr,1E36C5,5,4,float,
1E36EA,object:an,multiplier,1E36EA,8,4,float,
1E36F2,object:an,multiplier,1E36F2,8,4,float,
1E3838,object:an,counter,1E3838,6,1,int,
1E384E,object:an,counter,1E384E,6,1,int,
1E38D4,object:an,counter,1E38D4,6,1,int,
1E38E2,object:an,counter,1E38E2,8,2,int,
1E38F0,object:an,counter,1E38F0,6,1,int,
1E3956,object:an,counter,1E3956,6,1,int,
1E3A7C,object:an,counter,1E3A7C,6,1,int,
1E3B36,object:an,counter,1E3B36,6,1,int,
1E3B73,object:an,counter,1E3B73,6,4,int,
1E3BA2,object:an,counter,1E3BA2,6,1,int,
1E3C2B,object:an,counter,1E3C2B,6,1,int,
1E3D4A,object:an,counter,1E3D4A,6,1,int,
1E3DFF,object:an,counter,1E3DFF,6,1,int,
1E3E18,object:an,counter,1E3E18,8,2,int,
1E3E22,object:an,counter,1E3E22,6,1,int,
1E3EF1,object:an,counter,1E3EF1,6,1,int,
1E3F4D,object:an,phase-wrap,1E3F4D,8,4,float,
1E4002,object:an,counter,1E4002,6,1,int,
1E40C9,object:an,counter,1E40C9,6,1,int,
1E42A9,object:an,counter,1E42A9,6,1,int,
1E42CA,object:an,counter,1E42CA,8,2,int,
1E42D8,object:an,counter,1E42D8,6,1,int,
1E4359,object:an,counter,1E4359,6,1,int,
1E436F,object:an,counter,1E436F,6,1,int,
1E43EC,object:an,counter,1E43EC,6,1,int,
1E4435,object:an,float-step,1E4435,8,4,float,
1E4458,object:an,float-step,1E4458,8,4,float,
1E447B,object:an,float-step,1E447B,8,4,float,
1E4556,object:an,counter,1E4556,7,2,int,
1E4623,object:an,counter,1E4623,6,1,int,
1E4650,object:an,counter,1E4650,7,2,int,
1E47CE,object:an,counter,1E47CE,6,1,int,
1E4918,object:an,counter,1E4918,6,1,int,
1E492E,object:an,counter,1E492E,6,1,int,
1E49B4,object:an,counter,1E49B4,6,1,int,
1E49C2,object:an,counter,1E49C2,8,2,int,
1E49D0,object:an,counter,1E49D0,6,1,int,
1E4A36,object:an,counter,1E4A36,6,1,int,
1E4B45,object:an,counter,1E4B45,6,1,int,
1E4B69,object:an,counter,1E4B69,8,2,int,
1E4B77,object:an,counter,1E4B77,6,1,int,
1E4C01,object:an,int-step,1E4C01,8,2,int,
1E4C18,object:an,counter,1E4C18,8,2,int,
1E4C26,object:an,counter,1E4C26,6,1,int,
1E4C80,object:an,counter,1E4C80,6,1,int,
1E4C96,object:an,counter,1E4C96,6,1,int,
1E4CF0,object:an,counter,1E4CF0,6,1,int,
1E4E2E,object:an,counter,1E4E2E,6,1,int,
1E4EC6,object:an,counter,1E4EC6,6,1,int,
1E4F30,object:an,counter,1E4F30,6,1,int,
1E4FEA,object:an,counter,1E4FEA,6,1,int,
1E502C,object:an,counter,1E502C,7,2,int,
1E5061,object:an,multiplier,1E5061,8,4,float,
1E5143,object:an,counter,1E5143,6,1,int,
1E522C,object:an,counter,1E522C,6,1,int,
1E52DC,object:an,counter,1E52DC,6,1,int,
1E53D1,object:an,multiplier,1E53D1,8,4,float,
1E5408,object:an,counter,1E5408,6,1,int,
1E5418,object:an,phase-wrap,1E5418,8,4,float,
1E54F5,object:an,counter,1E54F5,6,1,int,
1E5697,object:an,counter,1E5697,6,1,int,
1E56AD,object:an,counter,1E56AD,6,1,int,
1E572B,object:an,counter,1E572B,6,1,int,
1E5756,object:an,counter,1E5756,8,2,int,
1E5764,object:an,counter,1E5764,6,1,int,
1E57BA,object:an,counter,1E57BA,6,1,int,
1E58D4,object:an,counter,1E58D4,6,1,int,
1E591A,object:an,counter,1E591A,6,1,int,
1E5991,object:an,counter,1E5991,6,1,int,
1E59BD,object:an,float-step,1E59BD,8,4,float,
1E5AAF,object:an,counter,1E5AAF,6,1,int,
1E5B44,object:an,counter,1E5B44,7,2,int,
1E5C10,object:an,counter,1E5C10,6,1,int,
1E5CCC,object:an,phase-wrap,1E5CCC,8,4,float,
1E5CF4,object:an,float-step,1E5CF4,8,4,float,
1E5E6E,object:an,counter,1E5E6E,6,1,int,
1E5EF8,object:an,counter,1E5EF8,6,1,int,
1E5F1B,object:an,counter,1E5F1B,6,1,int,
1E6035,object:an,counter,1E6035,6,1,int,
1E6165,object:an,counter,1E6165,6,1,int,
1E6243,object:an,call,1E6243,8,4,float,
1E6DC9,object:an,counter,1E6DC9,6,1,int,
1E6DDF,object:an,counter,1E6DDF,6,1,int,
1E6E57,object:an,counter,1E6E57,6,1,int,
1E6E73,object:an,counter,1E6E73,6,1,int,
1E6E8C,object:an,float-expr,1E6E88,8,4,float,
1E6EA4,object:an,float-expr,1E6EA4,5,4,float,
1E6EC9,object:an,multiplier,1E6EC9,8,4,float,
1E6ED1,object:an,multiplier,1E6ED1,8,4,float,
1E6F2E,object:an,counter,1E6F2E,6,1,int,
1E6F4F,object:an,counter,1E6F4F,8,2,int,
1E6F59,object:an,counter,1E6F59,6,1,int,
1E6FAF,object:an,counter,1E6FAF,6,1,int,
1E70FC,object:an,counter,1E70FC,6,1,int,
1E7170,object:an,counter,1E7170,8,2,int,
1E71F8,object:an,counter,1E71F8,6,1,int,
1E7237,object:an,counter,1E7237,8,2,int,
1E7241,object:an,counter,1E7241,6,1,int,
1E730C,object:an,counter,1E730C,6,1,int,
1E73C6,object:an,counter,1E73C6,6,1,int,
1E7403,object:an,counter,1E7403,6,4,int,
1E7432,object:an,counter,1E7432,6,1,int,
1E74B3,object:an,counter,1E74B3,6,1,int,
1E75B3,object:an,counter,1E75B3,6,1,int,
1E75CC,object:an,counter,1E75CC,8,2,int,
1E75DA,object:an,counter,1E75DA,6,1,int,
1E767A,object:an,counter,1E767A,6,1,int,
1E7690,object:an,counter,1E7690,6,1,int,
1E76F7,object:an,counter,1E76F7,6,1,int,
1E7709,object:an,counter,1E7709,6,1,int,
1E7773,object:an,counter,1E7773,6,1,int,
1E78B3,object:an,multiplier,1E78B3,8,4,float,
1E78D0,object:an,phase-wrap,1E78D0,8,4,float,
1E79AE,object:an,multiplier,1E79AE,8,4,float,
1E79CB,object:an,phase-wrap,1E79CB,8,4,float,
1E79E4,object:an,counter,1E79E4,6,1,int,
1E7A05,object:an,counter,1E7A05,7,2,int,
1E7A9C,object:an,counter,1E7A9C,6,1,int,
1E7BEE,object:an,counter,1E7BEE,6,1,int,
1E7C04,object:an,counter,1E7C04,6,1,int,
1E7CA9,object:an,counter,1E7CA9,6,1,int,
1E7CBC,object:an,counter,1E7CBC,8,2,int,
1E7CC6,object:an,counter,1E7CC6,6,1,int,
1E7CE5,object:an,float-step,1E7CE5,8,4,float,
1E7D08,object:an,float-step,1E7D08,8,4,float,
1E7D2B,object:an,float-step,1E7D2B,8,4,float,
1E7DD1,object:an,counter,1E7DD1,6,1,int,
1E7EFE,object:an,counter,1E7EFE,6,1,int,
1E7F2B,object:an,counter,1E7F2B,7,2,int,
1E7FE5,object:an,counter,1E7FE5,6,1,int,
1E80FC,object:an,counter,1E80FC,6,1,int,
1E8170,object:an,counter,1E8170,8,2,int,
1E81F8,object:an,counter,1E81F8,6,1,int,
1E8237,object:an,counter,1E8237,8,2,int,
1E8241,object:an,counter,1E8241,6,1,int,
1E82FA,object:an,counter,1E82FA,6,1,int,
1E8319,object:an,counter,1E8319,8,2,int,
1E8327,object:an,counter,1E8327,6,1,int,
1E83AE,object:an,int-step,1E83AE,8,2,int,
1E83B6,object:an,counter,1E83B6,6,1,int,
1E83C4,object:an,counter,1E83C4,8,2,int,
1E83D2,object:an,counter,1E83D2,6,1,int,
1E846A,object:an,counter,1E846A,6,1,int,
1E8480,object:an,counter,1E8480,6,1,int,
1E84E7,object:an,counter,1E84E7,6,1,int,
1E84F9,object:an,counter,1E84F9,6,1,int,
1E8563,object:an,counter,1E8563,6,1,int,
1E86D1,object:an,counter,1E86D1,6,1,int,
1E86E4,object:an,float-expr,1E86E4,8,4,float,
1E8740,object:an,counter,1E8740,6,1,int,
1E87A1,object:an,counter,1E87A1,6,1,int,
1E87B3,object:an,counter,1E87B3,6,1,int,
1E8837,object:an,counter,1E8837,6,1,int,
1E8877,object:an,counter,1E8877,6,1,int,
1E887D,object:an,counter,1E887D,7,2,int,
1E88B2,object:an,multiplier,1E88B2,8,4,float,
1E8943,object:an,counter,1E8943,6,1,int,
1E8A05,object:an,counter,1E8A05,6,1,int,
1E8A47,object:an,counter,1E8A47,7,2,int,
1E8A7C,object:an,multiplier,1E8A7C,8,4,float,
1E8B56,object:an,counter,1E8B56,6,1,int,
1E8C63,object:an,counter,1E8C63,6,1,int,
1E8C7C,object:an,counter,1E8C7C,8,2,int,
1E8D0C,object:an,counter,1E8D0C,6,1,int,
1E8DFA,object:an,multiplier,1E8DFA,8,4,float,
1E8E31,object:an,counter,1E8E31,6,1,int,
1E8E41,object:an,phase-wrap,1E8E41,8,4,float,
1E8F0E,object:an,counter,1E8F0E,6,1,int,
1E90E1,object:an,counter,1E90E1,6,1,int,
1E90F7,object:an,counter,1E90F7,6,1,int,
1E916B,object:an,counter,1E916B,6,1,int,
1E9191,object:an,counter,1E9191,8,2,int,
1E919B,object:an,counter,1E919B,6,1,int,
1E91F4,object:an,counter,1E91F4,6,1,int,
1E93B5,object:an,counter,1E93B5,6,1,int,
1E9BA3,object:an,float-expr,1E9BA3,8,4,float,
1E9BD8,object:an,phase-wrap,1E9BD8,8,4,float,
1E9C1A,object:an,counter,1E9C1A,6,1,int,
1E9C2A,object:an,multiplier,1E9C2A,8,4,float,
1E9C4C,object:an,multiplier,1E9C4C,8,4,float,
1E9C7D,object:an,counter,1E9C7D,6,1,int,
1E9C8F,object:an,float-expr,1E9C8F,12,4,float,
1E9CA7,object:an,float-expr,1E9CA7,5,4,float,
1E9CCC,object:an,multiplier,1E9CCC,8,4,float,
1E9CD4,object:an,multiplier,1E9CD4,8,4,float,
1E9D4E,object:an,counter,1E9D4E,6,1,int,
1E9D6A,object:an,counter,1E9D6A,6,1,int,
1E9DCB,object:an,counter,1E9DCB,6,1,int,
1E9DEC,object:an,counter,1E9DEC,8,2,int,
1E9DF6,object:an,counter,1E9DF6,6,1,int,
1E9E4C,object:an,counter,1E9E4C,6,1,int,
1E9F9E,object:an,counter,1E9F9E,6,1,int,
1EA012,object:an,counter,1EA012,8,2,int,
1EA09A,object:an,counter,1EA09A,6,1,int,
1EA0D9,object:an,counter,1EA0D9,8,2,int,
1EA0E3,object:an,counter,1EA0E3,6,1,int,
1EA1B9,object:an,counter,1EA1B9,6,1,int,
1EA1E6,object:an,counter,1EA1E6,6,1,int,
1EA313,object:an,counter,1EA313,6,1,int,
1EA33A,object:an,counter,1EA33A,6,1,int,
1EA349,object:an,counter,1EA349,6,4,int,
1EA42B,object:an,counter,1EA42B,6,1,int,
1EA44E,object:an,counter,1EA44E,6,1,int,
1EA4CF,object:an,counter,1EA4CF,6,1,int,
1EA4FA,object:an,counter,1EA4FA,8,2,int,
1EA504,object:an,counter,1EA504,6,1,int,
1EA55D,object:an,counter,1EA55D,6,1,int,
1EA63B,object:an,counter,1EA63B,6,1,int,
1EA654,object:an,counter,1EA654,8,2,int,
1EA662,object:an,counter,1EA662,6,1,int,
1EA702,object:an,counter,1EA702,6,1,int,
1EA718,object:an,counter,1EA718,6,1,int,
1EA77F,object:an,counter,1EA77F,6,1,int,
1EA791,object:an,counter,1EA791,6,1,int,
1EA837,object:an,counter,1EA837,6,1,int,
1EA975,object:an,multiplier,1EA975,8,4,float,
1EA992,object:an,phase-wrap,1EA992,8,4,float,
1EA99A,object:an,counter,1EA99A,6,1,int,
1EAA9B,object:an,multiplier,1EAA9B,8,4,float,
1EAAB8,object:an,phase-wrap,1EAAB8,8,4,float,
1EAAD1,object:an,counter,1EAAD1,6,1,int,
1EAB1D,object:an,counter,1EAB1D,7,2,int,
1EABCF,object:an,counter,1EABCF,6,1,int,
1EAD2E,object:an,counter,1EAD2E,6,1,int,
1EAD44,object:an,counter,1EAD44,6,1,int,
1EADF6,object:an,counter,1EADF6,6,1,int,
1EAE0E,object:an,counter,1EAE0E,8,2,int,
1EAE18,object:an,counter,1EAE18,6,1,int,
1EAE37,object:an,float-step,1EAE37,8,4,float,
1EAE5A,object:an,float-step,1EAE5A,8,4,float,
1EAE7D,object:an,float-step,1EAE7D,8,4,float,
1EAF22,object:an,counter,1EAF22,6,1,int,
1EB062,object:an,counter,1EB062,6,1,int,
1EB097,object:an,counter,1EB097,7,2,int,
1EB199,object:an,counter,1EB199,6,1,int,
1EB2BE,object:an,counter,1EB2BE,6,1,int,
1EB332,object:an,counter,1EB332,8,2,int,
1EB3BA,object:an,counter,1EB3BA,6,1,int,
1EB3F9,object:an,counter,1EB3F9,8,2,int,
1EB403,object:an,counter,1EB403,6,1,int,
1EB4CD,object:an,counter,1EB4CD,6,1,int,
1EB4EC,object:an,counter,1EB4EC,8,2,int,
1EB4FA,object:an,counter,1EB4FA,6,1,int,
1EB589,object:an,int-step,1EB589,8,2,int,
1EB591,object:an,counter,1EB591,6,1,int,
1EB59F,object:an,counter,1EB59F,8,2,int,
1EB5AD,object:an,counter,1EB5AD,6,1,int,
1EB645,object:an,counter,1EB645,6,1,int,
1EB65B,object:an,counter,1EB65B,6,1,int,
1EB6C2,object:an,counter,1EB6C2,6,1,int,
1EB6D4,object:an,counter,1EB6D4,6,1,int,
1EB77A,object:an,counter,1EB77A,6,1,int,
1EB8F8,object:an,float-expr,1EB8F8,8,4,float,
1EB905,object:an,counter,1EB905,6,1,int,
1EB95F,object:an,counter,1EB95F,6,1,int,
1EB9BF,object:an,counter,1EB9BF,6,1,int,
1EB9D1,object:an,counter,1EB9D1,6,1,int,
1EBA74,object:an,counter,1EBA74,6,1,int,
1EBAB8,object:an,counter,1EBAB8,6,1,int,
1EBABE,object:an,counter,1EBABE,7,2,int,
1EBAF3,object:an,multiplier,1EBAF3,8,4,float,
1EBB9D,object:an,counter,1EBB9D,6,1,int,
1EBC99,object:an,counter,1EBC99,6,1,int,
1EBCCC,object:an,counter,1EBCCC,7,2,int,
1EBD01,object:an,multiplier,1EBD01,8,4,float,
1EBDFC,object:an,counter,1EBDFC,6,1,int,
1EBEEF,object:an,counter,1EBEEF,6,1,int,
1EBF80,object:an,counter,1EBF80,6,1,int,
1EC01C,object:an,counter,1EC01C,6,1,int,
1EC0C2,object:an,counter,1EC0C2,6,1,int,
1EC205,object:an,counter,1EC205,6,1,int,
1EC265,object:an,counter,1EC265,8,2,int,
1EC3BA,object:an,counter,1EC3BA,6,1,int,
1EC3E4,object:an,counter,1EC3E4,8,2,int,
1EC414,object:an,counter,1EC414,6,4,int,
1EC4AC,object:an,counter,1EC4AC,7,2,int,
1EC7AD,object:an,counter,1EC7AD,8,2,int,
1ECFF3,object:an,float-expr,1ECFF3,8,4,float,
1ED028,object:an,phase-wrap,1ED028,8,4,float,
1ED06A,object:an,counter,1ED06A,6,1,int,
1ED07A,object:an,multiplier,1ED07A,8,4,float,
1ED09C,object:an,multiplier,1ED09C,8,4,float,
1ED0E4,object:an,counter,1ED0E4,6,1,int,
1ED0F6,object:an,float-expr,1ED0F6,12,4,float,
1ED10E,object:an,float-expr,1ED10E,5,4,float,
1ED133,object:an,multiplier,1ED133,8,4,float,
1ED13B,object:an,multiplier,1ED13B,8,4,float,
1ED1B5,object:an,counter,1ED1B5,6,1,int,
1ED1D1,object:an,counter,1ED1D1,6,1,int,
1ED232,object:an,counter,1ED232,6,1,int,
1ED253,object:an,counter,1ED253,8,2,int,
1ED25D,object:an,counter,1ED25D,6,1,int,
1ED2B3,object:an,counter,1ED2B3,6,1,int,
1ED387,object:an,counter,1ED387,6,1,int,
1ED3AD,object:an,counter,1ED3AD,8,2,int,
1ED422,object:an,counter,1ED422,6,1,int,
1ED461,object:an,counter,1ED461,8,2,int,
1ED46B,object:an,counter,1ED46B,6,1,int,
1ED60F,object:an,counter,1ED60F,6,1,int,
1ED649,object:an,counter,1ED649,6,4,int,
1ED7D7,object:an,lerp,1ED7D7,8,4,float,
1ED7EB,object:an,lerp,1ED7EB,8,4,float,
1ED92E,object:an,counter,1ED92E,6,1,int,
1ED947,object:an,counter,1ED947,8,2,int,
1ED951,object:an,counter,1ED951,6,1,int,
1EDA12,object:an,counter,1EDA12,6,1,int,
1EDA28,object:an,counter,1EDA28,6,1,int,
1EDA8D,object:an,counter,1EDA8D,6,1,int,
1EDAA4,object:an,counter,1EDAA4,6,1,int,
1EDAFF,object:an,counter,1EDAFF,6,1,int,
1EF244,object:an,lerp,1EF244,8,4,float,
1EF257,object:an,lerp,1EF257,8,4,float,
1EDBD5,object:an,counter,1EDBD5,6,1,int,
1EDC2D,object:an,counter,1EDC2D,8,2,int,
1EDD6E,object:an,counter,1EDD6E,6,1,int,
1EDE25,object:an,counter,1EDE25,6,1,int,
1EDE5F,object:an,counter,1EDE5F,6,1,int,
1EDEB0,object:an,counter,1EDEB0,6,1,int,
1EDEC6,object:an,counter,1EDEC6,6,1,int,
1EDF78,object:an,counter,1EDF78,6,1,int,
1EDF90,object:an,counter,1EDF90,8,2,int,
1EDF9A,object:an,counter,1EDF9A,6,1,int,
1EDFB9,object:an,float-step,1EDFB9,8,4,float,
1EDFDC,object:an,float-step,1EDFDC,8,4,float,
1EDFFF,object:an,float-step,1EDFFF,8,4,float,
1EE0A5,object:an,counter,1EE0A5,6,1,int,
1EE1B7,object:an,counter,1EE1B7,6,1,int,
1EE1DD,object:an,counter,1EE1DD,8,2,int,
1EE252,object:an,counter,1EE252,6,1,int,
1EE297,object:an,counter,1EE297,8,2,int,
1EE2A1,object:an,counter,1EE2A1,6,1,int,
1EE39C,object:an,counter,1EE39C,6,1,int,
1EE3BB,object:an,counter,1EE3BB,8,2,int,
1EE3C5,object:an,counter,1EE3C5,6,1,int,
1EE487,object:an,int-step,1EE487,8,2,int,
1EE48F,object:an,counter,1EE48F,6,1,int,
1EE49D,object:an,counter,1EE49D,8,2,int,
1EE4AB,object:an,counter,1EE4AB,6,1,int,
1EE52E,object:an,counter,1EE52E,6,1,int,
1EE544,object:an,counter,1EE544,6,1,int,
1EE5A9,object:an,counter,1EE5A9,6,1,int,
1EE5BB,object:an,counter,1EE5BB,6,1,int,
1EE61B,object:an,counter,1EE61B,6,1,int,
1EE792,object:an,counter,1EE792,6,1,int,
1EE7A0,object:an,float-expr,1EE7A0,8,4,float,
1EE8C3,object:an,counter,1EE8C3,6,1,int,
1EE8D1,object:an,float-expr,1EE8D1,8,4,float,
1EE92D,object:an,counter,1EE92D,6,1,int,
1EE953,object:an,multiplier,1EE953,8,4,float,
1EEA0D,object:an,counter,1EEA0D,6,1,int,
1EEA1F,object:an,counter,1EEA1F,6,1,int,
1EEABA,object:an,counter,1EEABA,6,1,int,
1EEAFE,object:an,counter,1EEAFE,6,1,int,
1EEB04,object:an,counter,1EEB04,7,2,int,
1EEB38,object:an,multiplier,1EEB38,8,4,float,
1EEBDD,object:an,counter,1EEBDD,6,1,int,
1EEC9B,object:an,counter,1EEC9B,6,1,int,
1EECDD,object:an,counter,1EECDD,7,2,int,
1EED11,object:an,multiplier,1EED11,8,4,float,
1EEDE7,object:an,counter,1EEDE7,6,1,int,
1EEF2C,object:an,counter,1EEF2C,6,1,int,
1EF065,object:an,lerp,1EF065,8,4,float,
1EF079,object:an,lerp,1EF079,8,4,float,
1EF36E,object:an,counter,1EF36E,6,1,int,
1EF384,object:an,counter,1EF384,6,1,int,
1EF405,object:an,counter,1EF405,6,1,int,
1EF430,object:an,counter,1EF430,8,2,int,
1EF43A,object:an,counter,1EF43A,6,1,int,
1EF48B,object:an,counter,1EF48B,6,1,int,
1EF4EF,object:an,counter,1EF4EF,6,1,int,
1EF59D,object:an,counter,1EF59D,6,1,int,
1EF7AC,object:an,float-expr,1EF7AC,8,4,float,
1EF7E1,object:an,phase-wrap,1EF7E1,8,4,float,
1EF841,object:an,multiplier,1EF841,8,4,float,
1EF859,object:an,multiplier,1EF859,8,4,float,
1EF866,object:an,counter,1EF866,6,1,int,
1EF8A3,object:an,counter,1EF8A3,6,1,int,
1EF915,object:an,counter,1EF915,6,1,int,
1EF931,object:an,counter,1EF931,6,1,int,
1EF94F,object:an,float-expr,1EF94A,9,4,float,
1EF967,object:an,float-expr,1EF967,5,4,float,
1EF98C,object:an,multiplier,1EF98C,8,4,float,
1EF994,object:an,multiplier,1EF994,8,4,float,
1EF9ED,object:an,counter,1EF9ED,6,1,int,
1EFA0E,object:an,counter,1EFA0E,8,2,int,
1EFA18,object:an,counter,1EFA18,6,1,int,
1EFA67,object:an,counter,1EFA67,6,1,int,
1EFC64,object:an,counter,1EFC64,6,1,int,
1EFC9E,object:an,counter,1EFC9E,7,2,int,
1EFD41,object:an,counter,1EFD41,6,1,int,
1EFE01,object:an,counter,1EFE01,6,1,int,
1EFE85,object:an,counter,1EFE85,6,1,int,
1F0844,object:an,float-expr,1F0844,8,4,float,
1F0879,object:an,phase-wrap,1F0879,8,4,float,
1F08D9,object:an,multiplier,1F08D9,8,4,float,
1F08F1,object:an,multiplier,1F08F1,8,4,float,
1F0908,object:an,counter,1F0908,6,1,int,
1F0945,object:an,counter,1F0945,6,1,int,
1F09BA,object:an,counter,1F09BA,6,1,int,
1F09D6,object:an,counter,1F09D6,6,1,int,
1F09F4,object:an,float-expr,1F09EF,9,4,float,
1F0A0C,object:an,float-expr,1F0A0C,5,4,float,
1F0A31,object:an,multiplier,1F0A31,8,4,float,
1F0A39,object:an,multiplier,1F0A39,8,4,float,
1F0A88,object:an,counter,1F0A88,6,1,int,
1F0A9A,object:an,counter,1F0A9A,6,1,int,
1F0AF4,object:an,counter,1F0AF4,6,1,int,
1F0C51,object:an,counter,1F0C51,6,1,int,
1F0CC5,object:an,counter,1F0CC5,8,2,int,
1F0D42,object:an,counter,1F0D42,6,1,int,
1F0D81,object:an,counter,1F0D81,8,2,int,
1F0D8B,object:an,counter,1F0D8B,6,1,int,
1F0E74,object:an,counter,1F0E74,6,1,int,
1F0E89,object:an,counter,1F0E89,8,2,int,
1F0E97,object:an,counter,1F0E97,6,1,int,
1F0EF0,object:an,counter,1F0EF0,6,1,int,
1F0F06,object:an,counter,1F0F06,6,1,int,
1F100A,object:an,counter,1F100A,6,1,int,
1F1028,object:an,counter,1F1028,6,4,int,
1F1062,object:an,counter,1F1062,8,2,int,
1F111A,object:an,counter,1F111A,6,1,int,
1F11EA,object:an,counter,1F11EA,6,1,int,
1F128C,object:an,counter,1F128C,6,1,int,
1F12A5,object:an,counter,1F12A5,8,2,int,
1F12AF,object:an,counter,1F12AF,6,1,int,
1F1357,object:an,counter,1F1357,6,1,int,
1F13AF,object:an,counter,1F13AF,7,2,int,
1F1448,object:an,counter,1F1448,6,1,int,
1F148B,object:an,counter,1F148B,6,1,int,
1F1512,object:an,counter,1F1512,6,1,int,
1F1528,object:an,counter,1F1528,6,1,int,
1F15A2,object:an,counter,1F15A2,6,1,int,
1F15B7,object:an,counter,1F15B7,8,2,int,
1F15C1,object:an,counter,1F15C1,6,1,int,
1F161A,object:an,counter,1F161A,6,1,int,
1F16CC,object:an,counter,1F16CC,6,1,int,
1F179D,object:an,counter,1F179D,6,1,int,
1F17E6,object:an,float-step,1F17E6,8,4,float,
1F1809,object:an,float-step,1F1809,8,4,float,
1F182C,object:an,float-step,1F182C,8,4,float,
1F190F,object:an,counter,1F190F,6,1,int,
1F1928,object:an,counter,1F1928,8,2,int,
1F1932,object:an,counter,1F1932,6,1,int,
1F1A09,object:an,counter,1F1A09,6,1,int,
1F1A36,object:an,counter,1F1A36,7,2,int,
1F1AFB,object:an,counter,1F1AFB,6,1,int,
1F1C21,object:an,counter,1F1C21,6,1,int,
1F1C95,object:an,counter,1F1C95,8,2,int,
1F1D25,object:an,counter,1F1D25,6,1,int,
1F1D64,object:an,counter,1F1D64,8,2,int,
1F1D6E,object:an,counter,1F1D6E,6,1,int,
1F1ED1,object:an,int-step,1F1ED1,8,2,int,
1F1ED9,object:an,counter,1F1ED9,6,1,int,
1F1EE7,object:an,counter,1F1EE7,8,2,int,
1F1EF5,object:an,counter,1F1EF5,6,1,int,
1F1F67,object:an,counter,1F1F67,6,1,int,
1F20CD,object:an,counter,1F20CD,6,1,int,
1F20DB,object:an,float-expr,1F20DB,8,4,float,
1F2137,object:an,counter,1F2137,6,1,int,
1F2192,object:an,counter,1F2192,6,1,int,
1F21A4,object:an,counter,1F21A4,6,1,int,
1F21D8,object:an,counter,1F21D8,6,1,int,
1F220D,object:an,counter,1F220D,6,1,int,
1F2273,object:an,counter,1F2273,6,1,int,
1F2350,object:an,counter,1F2350,6,1,int,
1F2392,object:an,counter,1F2392,7,2,int,
1F23C7,object:an,multiplier,1F23C7,8,4,float,
1F24AC,object:an,counter,1F24AC,6,1,int,
1F2695,object:an,float-step,1F2695,8,4,float,
1F2734,object:an,counter,1F2734,7,2,int,
1F2822,object:an,counter,1F2822,6,1,int,
1F28D3,object:an,counter,1F28D3,6,1,int,
1F28E5,object:an,counter,1F28E5,6,1,int,
1F28FE,object:an,counter,1F28FE,6,1,int,
1F294D,object:an,counter,1F294D,8,2,int,
1F2AD6,object:an,counter,1F2AD6,6,1,int,
1F2C3D,object:an,multiplier,1F2C3D,8,4,float,
1F2C79,object:an,phase-wrap,1F2C79,8,4,float,
1F2C8B,object:an,counter,1F2C8B,6,1,int,
1F2CBE,object:an,counter,1F2CBE,6,1,int,
1F2D76,object:an,counter,1F2D76,6,1,int,
1F2D8C,object:an,counter,1F2D8C,6,1,int,
1F2DFE,object:an,counter,1F2DFE,6,1,int,
1F2E79,object:an,counter,1F2E79,6,1,int,
1F2ED8,object:an,counter,1F2ED8,6,1,int,
1F2FBA,object:an,counter,1F2FBA,6,1,int,
1F303C,object:an,counter,1F303C,6,1,int,
1F30AA,object:an,counter,1F30AA,7,2,int,
1F31B9,object:an,counter,1F31B9,6,1,int,
1F325F,object:an,counter,1F325F,6,1,int,
1F3271,object:an,counter,1F3271,6,1,int,
1F328A,object:an,counter,1F328A,6,1,int,
1F32D9,object:an,counter,1F32D9,8,2,int,
1F3393,object:an,counter,1F3393,6,1,int,
1F33A9,object:an,counter,1F33A9,6,1,int,
1F3423,object:an,counter,1F3423,6,1,int,
1F3438,object:an,counter,1F3438,8,2,int,
1F3442,object:an,counter,1F3442,6,1,int,
1F349B,object:an,counter,1F349B,6,1,int,
1F351D,object:an,counter,1F351D,6,1,int,
1F3523,object:an,counter,1F3523,6,1,int,
1F366E,object:an,counter,1F366E,6,1,int,
1F36FB,object:an,counter,1F36FB,6,1,int,
1F3776,object:an,counter,1F3776,6,1,int,
1F3808,object:an,counter,1F3808,6,1,int,
1F3830,object:an,counter,1F3830,7,2,int,
1F3846,object:an,counter,1F3846,7,2,int,
1F385C,object:an,counter,1F385C,7,2,int,
1F3938,object:an,float-expr,1F3938,8,4,float,
1F3955,object:an,float-expr,1F3955,8,4,float,
1F3962,object:an,counter,1F3962,6,1,int,
1F3A40,object:an,counter,1F3A40,8,2,int,
1F3A5F,object:an,counter,1F3A5F,6,1,int,
1F3B23,object:an,counter,1F3B23,8,2,int,
1F3BDC,object:an,counter,1F3BDC,6,1,int,
1F3BF2,object:an,counter,1F3BF2,8,2,int,
1F3C7C,object:an,counter,1F3C7C,6,1,int,
1F3C92,object:an,counter,1F3C92,8,2,int,
1F3FCB,object:an,call,1F3FCB,8,4,float,
1F3FF2,object:an,call,1F3FF2,8,4,float,
1F46B1,object:an,counter,1F46B1,6,1,int,
1F46C7,object:an,counter,1F46C7,6,1,int,
1F473F,object:an,counter,1F473F,6,1,int,
1F475B,object:an,counter,1F475B,6,1,int,
1F4774,object:an,float-expr,1F4770,8,4,float,
1F478C,object:an,float-expr,1F478C,5,4,float,
1F47B1,object:an,multiplier,1F47B1,8,4,float,
1F47B9,object:an,multiplier,1F47B9,8,4,float,
1F481E,object:an,counter,1F481E,6,1,int,
1F483F,object:an,counter,1F483F,8,2,int,
1F4849,object:an,counter,1F4849,6,1,int,
1F489F,object:an,counter,1F489F,6,1,int,
1F49FE,object:an,counter,1F49FE,6,1,int,
1F4A72,object:an,counter,1F4A72,8,2,int,
1F4B33,object:an,counter,1F4B33,6,1,int,
1F4B72,object:an,counter,1F4B72,8,2,int,
1F4B7C,object:an,counter,1F4B7C,6,1,int,
1F4C4C,object:an,counter,1F4C4C,6,1,int,
1F4D06,object:an,counter,1F4D06,6,1,int,
1F4D43,object:an,counter,1F4D43,6,4,int,
1F4D72,object:an,counter,1F4D72,6,1,int,
1F4DF3,object:an,counter,1F4DF3,6,1,int,
1F4F00,object:an,counter,1F4F00,6,1,int,
1F4F19,object:an,counter,1F4F19,8,2,int,
1F4F27,object:an,counter,1F4F27,6,1,int,
1F4F8B,object:an,counter,1F4F8B,6,1,int,
1F4FA1,object:an,counter,1F4FA1,6,1,int,
1F500D,object:an,counter,1F500D,6,1,int,
1F501F,object:an,counter,1F501F,6,1,int,
1F507C,object:an,counter,1F507C,6,1,int,
1F51B2,object:an,multiplier,1F51B2,8,4,float,
1F51CF,object:an,phase-wrap,1F51CF,8,4,float,
1F51D7,object:an,counter,1F51D7,6,1,int,
1F51F8,object:an,counter,1F51F8,7,2,int,
1F52CC,object:an,multiplier,1F52CC,8,4,float,
1F52FE,object:an,counter,1F52FE,6,1,int,
1F531F,object:an,counter,1F531F,8,2,int,
1F53C9,object:an,counter,1F53C9,6,1,int,
1F552E,object:an,counter,1F552E,6,1,int,
1F5544,object:an,counter,1F5544,6,1,int,
1F55F6,object:an,counter,1F55F6,6,1,int,
1F560E,object:an,counter,1F560E,8,2,int,
1F5618,object:an,counter,1F5618,6,1,int,
1F5637,object:an,float-step,1F5637,8,4,float,
1F565A,object:an,float-step,1F565A,8,4,float,
1F567D,object:an,float-step,1F567D,8,4,float,
1F5722,object:an,counter,1F5722,6,1,int,
1F5856,object:an,counter,1F5856,6,1,int,
1F5883,object:an,counter,1F5883,7,2,int,
1F5945,object:an,counter,1F5945,6,1,int,
1F5A6E,object:an,counter,1F5A6E,6,1,int,
1F5AE2,object:an,counter,1F5AE2,8,2,int,
1F5B72,object:an,counter,1F5B72,6,1,int,
1F5BB1,object:an,counter,1F5BB1,8,2,int,
1F5BBB,object:an,counter,1F5BBB,6,1,int,
1F5C87,object:an,counter,1F5C87,6,1,int,
1F5CAD,object:an,counter,1F5CAD,8,2,int,
1F5CBB,object:an,counter,1F5CBB,6,1,int,
1F5D3F,object:an,int-step,1F5D3F,8,2,int,
1F5D47,object:an,counter,1F5D47,6,1,int,
1F5D55,object:an,counter,1F5D55,8,2,int,
1F5D63,object:an,counter,1F5D63,6,1,int,
1F5DC7,object:an,counter,1F5DC7,6,1,int,
1F5DDD,object:an,counter,1F5DDD,6,1,int,
1F5E41,object:an,counter,1F5E41,6,1,int,
1F5E53,object:an,counter,1F5E53,6,1,int,
1F5EB0,object:an,counter,1F5EB0,6,1,int,
1F6019,object:an,counter,1F6019,6,1,int,
1F6027,object:an,float-expr,1F6027,8,4,float,
1F605E,object:an,counter,1F605E,6,1,int,
1F60BF,object:an,counter,1F60BF,6,1,int,
1F60D1,object:an,counter,1F60D1,6,1,int,
1F617C,object:an,counter,1F617C,6,1,int,
1F61C0,object:an,counter,1F61C0,6,1,int,
1F61C6,object:an,counter,1F61C6,7,2,int,
1F61FB,object:an,multiplier,1F61FB,8,4,float,
1F62AE,object:an,counter,1F62AE,6,1,int,
1F6378,object:an,counter,1F6378,6,1,int,
1F63BA,object:an,counter,1F63BA,7,2,int,
1F63EF,object:an,multiplier,1F63EF,8,4,float,
1F64D1,object:an,counter,1F64D1,6,1,int,
1F65F4,object:an,counter,1F65F4,6,1,int,
1F660D,object:an,counter,1F660D,8,2,int,
1F669C,object:an,counter,1F669C,6,1,int,
1F6780,object:an,multiplier,1F6780,8,4,float,
1F67B7,object:an,phase-wrap,1F67B7,8,4,float,
1F67CC,object:an,counter,1F67CC,6,1,int,
1F67F7,object:an,counter,1F67F7,8,2,int,
1F689E,object:an,counter,1F689E,6,1,int,
1F6A89,object:an,counter,1F6A89,6,1,int,
1F6A9F,object:an,counter,1F6A9F,6,1,int,
1F6B20,object:an,counter,1F6B20,6,1,int,
1F6B4B,object:an,counter,1F6B4B,8,2,int,
1F6B55,object:an,counter,1F6B55,6,1,int,
1F6BAE,object:an,counter,1F6BAE,6,1,int,
1F6D85,object:an,counter,1F6D85,6,1,int,
1F734F,object:an,counter,1F734F,6,1,int,
1F735A,object:an,multiplier,1F735A,8,4,float,
1F7372,object:an,multiplier,1F7372,8,4,float,
1F73AD,object:an,phase-wrap,1F73AD,8,4,float,
1F73F2,object:an,float-expr,1F73F2,11,4,float,
1F740A,object:an,float-expr,1F740A,5,4,float,
1F742F,object:an,multiplier,1F742F,8,4,float,
1F7437,object:an,multiplier,1F7437,8,4,float,
1F7561,object:an,counter,1F7561,6,1,int,
1F75E6,object:an,counter,1F75E6,8,2,int,
1F7676,object:an,counter,1F7676,6,1,int,
1F76C1,object:an,counter,1F76C1,8,2,int,
1F76CB,object:an,counter,1F76CB,6,1,int,
1F77BE,object:an,counter,1F77BE,6,1,int,
1F78BA,object:an,counter,1F78BA,6,1,int,
1F796F,object:an,counter,1F796F,6,1,int,
1F7988,object:an,counter,1F7988,8,2,int,
1F7992,object:an,counter,1F7992,6,1,int,
1F7AB2,object:an,counter,1F7AB2,6,1,int,
1F7AE6,object:an,counter,1F7AE6,7,2,int,
1F7B94,object:an,counter,1F7B94,6,1,int,
1F7BE2,object:an,float-step,1F7BE2,8,4,float,
1F7CAB,object:an,counter,1F7CAB,6,1,int,
1F7D5A,object:an,counter,1F7D5A,6,1,int,
1F7D6C,object:an,counter,1F7D6C,6,1,int,
1F7E9E,object:an,counter,1F7E9E,6,1,int,
1F7EB4,object:an,counter,1F7EB4,6,1,int,
1F7F18,object:an,counter,1F7F18,6,1,int,
1F7F2E,object:an,counter,1F7F2E,6,1,int,
1F7FAB,object:an,counter,1F7FAB,6,1,int,
1F8011,object:an,float-step,1F8011,8,4,float,
1F8034,object:an,float-step,1F8034,8,4,float,
1F8057,object:an,float-step,1F8057,8,4,float,
1F8136,object:an,counter,1F8136,7,2,int,
1F8203,object:an,counter,1F8203,6,1,int,
1F8230,object:an,counter,1F8230,7,2,int,
1F8301,object:an,counter,1F8301,6,1,int,
1F8421,object:an,counter,1F8421,6,1,int,
1F84A6,object:an,counter,1F84A6,8,2,int,
1F8536,object:an,counter,1F8536,6,1,int,
1F8581,object:an,counter,1F8581,8,2,int,
1F858B,object:an,counter,1F858B,6,1,int,
1F862A,object:an,counter,1F862A,6,1,int,
1F8644,object:an,counter,1F8644,8,2,int,
1F8652,object:an,counter,1F8652,6,1,int,
1F8726,object:an,int-step,1F8726,8,2,int,
1F872E,object:an,counter,1F872E,6,1,int,
1F873C,object:an,counter,1F873C,8,2,int,
1F874A,object:an,counter,1F874A,6,1,int,
1F87A6,object:an,counter,1F87A6,6,1,int,
1F87BC,object:an,counter,1F87BC,6,1,int,
1F8816,object:an,counter,1F8816,6,1,int,
1F8989,object:an,float-expr,1F8989,8,4,float,
1F899E,object:an,counter,1F899E,6,1,int,
1F89D3,object:an,call,1F89D3,8,4,float,
1F8A11,object:an,counter,1F8A11,7,2,int,
1F8A46,object:an,multiplier,1F8A46,8,4,float,
1F8B47,object:an,counter,1F8B47,6,1,int,
1F8B7C,object:an,call,1F8B7C,8,4,float,
1F8B89,object:an,counter,1F8B89,7,2,int,
1F8BBE,object:an,multiplier,1F8BBE,8,4,float,
1F8CA3,object:an,counter,1F8CA3,6,1,int,
1F8CD1,object:an,call,1F8CD1,8,4,float,
1F8DAC,object:an,counter,1F8DAC,6,1,int,
1F8E5F,object:an,float-step,1F8E5F,8,4,float,
1F8EE9,object:an,counter,1F8EE9,6,1,int,
1F8F9C,object:an,counter,1F8F9C,6,1,int,
1F9091,object:an,multiplier,1F9091,8,4,float,
1F90C8,object:an,counter,1F90C8,6,1,int,
1F90D8,object:an,phase-wrap,1F90D8,8,4,float,
1F91B5,object:an,counter,1F91B5,6,1,int,
1F93AA,object:an,counter,1F93AA,6,1,int,
1F93C0,object:an,counter,1F93C0,6,1,int,
1F9441,object:an,counter,1F9441,6,1,int,
1F946C,object:an,counter,1F946C,8,2,int,
1F947A,object:an,counter,1F947A,6,1,int,
1F94D3,object:an,counter,1F94D3,6,1,int,
1F95F1,object:an,counter,1F95F1,6,1,int,
1F9627,object:an,counter,1F9627,6,1,int,
1F9644,object:an,float-step,1F9644,8,4,float,
1F96CB,object:an,counter,1F96CB,6,1,int,
1F9760,object:an,counter,1F9760,7,2,int,
1F980B,object:an,counter,1F980B,6,1,int,
1F991D,object:an,float-step,1F991D,8,4,float,
1F9A3B,object:an,counter,1F9A3B,6,1,int,
1F9AE7,object:an,counter,1F9AE7,6,1,int,
1F9B04,object:an,counter,1F9B04,8,2,int,
1F9B82,object:an,counter,1F9B82,6,1,int,
1F9C03,object:an,counter,1F9C03,6,1,int,
1F9C19,object:an,counter,1F9C19,6,1,int,
1F9C79,object:an,counter,1F9C79,6,1,int,
1F9EC5,object:an,counter,1F9EC5,6,1,int,
1FA01D,object:an,counter,1FA01D,6,1,int,
1FA09D,object:an,counter,1FA09D,6,1,int,
1FA0B5,object:an,counter,1FA0B5,6,1,int,
1FA44F,object:an,counter,1FA44F,6,1,int,
1FA464,object:an,multiplier,1FA464,8,4,float,
1FA47C,object:an,multiplier,1FA47C,8,4,float,
1FA4AD,object:an,float-expr,1FA4AD,12,4,float,
1FA4C5,object:an,float-expr,1FA4C5,5,4,float,
1FA4EA,object:an,multiplier,1FA4EA,8,4,float,
1FA4F2,object:an,multiplier,1FA4F2,8,4,float,
1FAC24,object:an,counter,1FAC24,6,1,int,
1FACD1,object:an,counter,1FACD1,6,1,int,
1FACE3,object:an,counter,1FACE3,6,1,int,
1FAE01,object:an,counter,1FAE01,6,1,int,
1FAE75,object:an,counter,1FAE75,8,2,int,
1FAF05,object:an,counter,1FAF05,6,1,int,
1FAF50,object:an,counter,1FAF50,8,2,int,
1FAF5A,object:an,counter,1FAF5A,6,1,int,
1FB028,object:an,counter,1FB028,6,1,int,
1FB14E,object:an,counter,1FB14E,6,4,int,
1FB17D,object:an,counter,1FB17D,6,1,int,
1FB26A,object:an,counter,1FB26A,6,1,int,
1FB31F,object:an,counter,1FB31F,6,1,int,
1FB338,object:an,counter,1FB338,8,2,int,
1FB342,object:an,counter,1FB342,6,1,int,
1FB462,object:an,counter,1FB462,6,1,int,
1FB514,object:an,counter,1FB514,6,1,int,
1FB53C,object:an,counter,1FB53C,7,2,int,
1FB57F,object:an,phase-wrap,1FB57F,8,4,float,
1FB63F,object:an,counter,1FB63F,6,1,int,
1FB771,object:an,counter,1FB771,6,1,int,
1FB792,object:an,counter,1FB792,8,2,int,
1FB7A0,object:an,counter,1FB7A0,6,1,int,
1FB853,object:an,counter,1FB853,6,1,int,
1FB86B,object:an,counter,1FB86B,8,2,int,
1FB875,object:an,counter,1FB875,6,1,int,
1FB894,object:an,float-step,1FB894,8,4,float,
1FB8B7,object:an,float-step,1FB8B7,8,4,float,
1FB8DA,object:an,float-step,1FB8DA,8,4,float,
1FB980,object:an,counter,1FB980,6,1,int,
1FBAB0,object:an,counter,1FBAB0,6,1,int,
1FBADD,object:an,counter,1FBADD,7,2,int,
1FBB9F,object:an,counter,1FBB9F,6,1,int,
1FBCC1,object:an,counter,1FBCC1,6,1,int,
1FBD35,object:an,counter,1FBD35,8,2,int,
1FBDC5,object:an,counter,1FBDC5,6,1,int,
1FBE10,object:an,counter,1FBE10,8,2,int,
1FBE1A,object:an,counter,1FBE1A,6,1,int,
1FBF71,object:an,int-step,1FBF71,8,2,int,
1FBF79,object:an,counter,1FBF79,6,1,int,
1FBF87,object:an,counter,1FBF87,8,2,int,
1FBF95,object:an,counter,1FBF95,6,1,int,
1FC008,object:an,counter,1FC008,6,1,int,
1FC17C,object:an,counter,1FC17C,6,1,int,
1FC182,object:an,float-expr,1FC182,8,4,float,
1FC1AA,object:an,call,1FC1AA,8,4,float,
1FC1D8,object:an,counter,1FC1D8,6,1,int,
1FC25D,object:an,counter,1FC25D,6,1,int,
1FC26F,object:an,counter,1FC26F,6,1,int,
1FC31D,object:an,counter,1FC31D,6,1,int,
1FC361,object:an,counter,1FC361,6,1,int,
1FC367,object:an,counter,1FC367,7,2,int,
1FC39C,object:an,multiplier,1FC39C,8,4,float,
1FC452,object:an,counter,1FC452,6,1,int,
1FC51F,object:an,counter,1FC51F,6,1,int,
1FC554,object:an,call,1FC554,8,4,float,
1FC561,object:an,counter,1FC561,7,2,int,
1FC592,object:an,multiplier,1FC592,8,4,float,
1FC6B9,object:an,counter,1FC6B9,6,1,int,
1FC6E7,object:an,call,1FC6E7,8,4,float,
1FC7BC,object:an,counter,1FC7BC,6,1,int,
1FC86C,object:an,counter,1FC86C,6,1,int,
1FC936,object:an,counter,1FC936,6,1,int,
1FC967,object:an,counter,1FC967,8,2,int,
1FCA0C,object:an,counter,1FCA0C,6,1,int,
1FCAFA,object:an,multiplier,1FCAFA,8,4,float,
1FCB31,object:an,phase-wrap,1FCB31,8,4,float,
1FCB46,object:an,counter,1FCB46,6,1,int,
1FCB71,object:an,counter,1FCB71,8,2,int,
1FCC91,object:an,counter,1FCC91,6,1,int,
1FCD16,object:an,counter,1FCD16,7,2,int,
1FCE9A,object:an,counter,1FCE9A,6,1,int,
1FCEB0,object:an,counter,1FCEB0,6,1,int,
1FCF31,object:an,counter,1FCF31,6,1,int,
1FCF5C,object:an,counter,1FCF5C,8,2,int,
1FCF6A,object:an,counter,1FCF6A,6,1,int,
1FCFC3,object:an,counter,1FCFC3,6,1,int,
1FD126,object:an,counter,1FD126,6,1,int,
1FD155,object:an,counter,1FD155,7,2,int,
1FD204,object:an,counter,1FD204,6,1,int,
1FD22C,object:an,counter,1FD22C,8,2,int,
1FD2B7,object:an,counter,1FD2B7,6,1,int,
1FD2DA,object:an,counter,1FD2DA,6,1,int,
1FD3EA,object:an,counter,1FD3EA,6,1,int,
1FD4A2,object:an,counter,1FD4A2,6,1,int,
1FD52F,object:an,counter,1FD52F,6,1,int,
1FD5A1,object:an,counter,1FD5A1,6,1,int,
1FD5B7,object:an,counter,1FD5B7,6,1,int,
1FD60A,object:an,counter,1FD60A,6,1,int,
1FD7CB,object:an,counter,1FD7CB,6,1,int,
1FD876,object:an,counter,1FD876,6,1,int,
1FD8CA,object:an,counter,1FD8CA,8,2,int,
1FD8D4,object:an,counter,1FD8D4,6,1,int,
1FD8DA,object:an,counter,1FD8DA,7,2,int,
1FDDAF,object:an,counter,1FDDAF,6,1,int,
1FDDC4,object:an,multiplier,1FDDC4,8,4,float,
1FDDDC,object:an,multiplier,1FDDDC,8,4,float,
1FDE0D,object:an,float-expr,1FDE0D,12,4,float,
1FDE25,object:an,float-expr,1FDE25,5,4,float,
1FDE4A,object:an,multiplier,1FDE4A,8,4,float,
1FDE52,object:an,multiplier,1FDE52,8,4,float,
1FE388,object:an,counter,1FE388,6,1,int,
1FE39D,object:an,multiplier,1FE39D,8,4,float,
1FE3B5,object:an,multiplier,1FE3B5,8,4,float,
1FE3E6,object:an,counter,1FE3E6,6,1,int,
1FE3F8,object:an,float-expr,1FE3F4,8,4,float,
1FE410,object:an,float-expr,1FE410,5,4,float,
1FE435,object:an,multiplier,1FE435,8,4,float,
1FE43D,object:an,multiplier,1FE43D,8,4,float,
1FE4B7,object:an,counter,1FE4B7,6,1,int,
1FE4D3,object:an,counter,1FE4D3,6,1,int,
1FE53C,object:an,counter,1FE53C,6,1,int,
1FE55D,object:an,counter,1FE55D,8,2,int,
1FE567,object:an,counter,1FE567,6,1,int,
1FE5BD,object:an,counter,1FE5BD,6,1,int,
1FE711,object:an,counter,1FE711,6,1,int,
1FE796,object:an,counter,1FE796,8,2,int,
1FE826,object:an,counter,1FE826,6,1,int,
1FE871,object:an,counter,1FE871,8,2,int,
1FE87B,object:an,counter,1FE87B,6,1,int,
1FE961,object:an,counter,1FE961,6,1,int,
1FEA17,object:an,counter,1FEA17,6,1,int,
1FEA54,object:an,counter,1FEA54,6,4,int,
1FEA83,object:an,counter,1FEA83,6,1,int,
1FEB0C,object:an,counter,1FEB0C,6,1,int,
1FEC3C,object:an,counter,1FEC3C,6,1,int,
1FECF6,object:an,counter,1FECF6,6,1,int,
1FED0F,object:an,counter,1FED0F,8,2,int,
1FED19,object:an,counter,1FED19,6,1,int,
1FEDE0,object:an,counter,1FEDE0,6,1,int,
1FEE0A,object:an,counter,1FEE0A,7,2,int,
1FEEE3,object:an,multiplier,1FEEE3,8,4,float,
1FEF00,object:an,phase-wrap,1FEF00,8,4,float,
1FEF96,object:an,multiplier,1FEF96,8,4,float,
1FEFB3,object:an,phase-wrap,1FEFB3,8,4,float,
1FEFC9,object:an,counter,1FEFC9,6,1,int,
1FEFF1,object:an,counter,1FEFF1,7,2,int,
1FF0AC,object:an,counter,1FF0AC,6,1,int,
1FF17D,object:an,counter,1FF17D,6,1,int,
1FF1E3,object:an,float-step,1FF1E3,8,4,float,
1FF206,object:an,float-step,1FF206,8,4,float,
1FF229,object:an,float-step,1FF229,8,4,float,
1FF313,object:an,counter,1FF313,6,1,int,
1FF351,object:an,counter,1FF351,6,1,int,
1FF40B,object:an,counter,1FF40B,6,1,int,
1FF43D,object:an,counter,1FF43D,7,2,int,
1FF536,object:an,counter,1FF536,6,1,int,
1FF671,object:an,counter,1FF671,6,1,int,
1FF6F6,object:an,counter,1FF6F6,8,2,int,
1FF786,object:an,counter,1FF786,6,1,int,
1FF7D1,object:an,counter,1FF7D1,8,2,int,
1FF7DB,object:an,counter,1FF7DB,6,1,int,
1FF8A7,object:an,counter,1FF8A7,6,1,int,
1FF8D0,object:an,counter,1FF8D0,8,2,int,
1FF8DE,object:an,counter,1FF8DE,6,1,int,
1FF968,object:an,int-step,1FF968,8,2,int,
1FF970,object:an,counter,1FF970,6,1,int,
1FF97E,object:an,counter,1FF97E,8,2,int,
1FF98C,object:an,counter,1FF98C,6,1,int,
1FF9E6,object:an,counter,1FF9E6,6,1,int,
1FFB54,object:an,counter,1FFB54,6,1,int,
1FFB62,object:an,float-expr,1FFB62,8,4,float,
1FFB8A,object:an,call,1FFB8A,8,4,float,
1FFBB8,object:an,counter,1FFBB8,6,1,int,
1FFC1C,object:an,counter,1FFC1C,6,1,int,
1FFC2E,object:an,counter,1FFC2E,6,1,int,
1FFCBA,object:an,counter,1FFCBA,6,1,int,
1FFCFA,object:an,counter,1FFCFA,6,1,int,
1FFD00,object:an,counter,1FFD00,7,2,int,
1FFD35,object:an,multiplier,1FFD35,8,4,float,
1FFDE4,object:an,counter,1FFDE4,6,1,int,
1FFEB8,object:an,counter,1FFEB8,6,1,int,
1FFEED,object:an,call,1FFEED,8,4,float,
1FFEFA,object:an,counter,1FFEFA,7,2,int,
1FFF2B,object:an,multiplier,1FFF2B,8,4,float,
20002E,object:an,counter,20002E,6,1,int,
20005C,object:an,call,20005C,8,4,float,
2009DA,object:an,counter,2009DA,6,1,int,
200A41,object:an,counter,200A41,6,1,int,
200A59,object:an,counter,200A59,6,1,int,
200C14,object:an,counter,200C14,6,1,int,
200C4E,object:an,counter,200C4E,7,2,int,
200CF1,object:an,counter,200CF1,6,1,int,
200DC1,object:an,counter,200DC1,6,1,int,
200E2F,object:an,counter,200E2F,6,1,int,
2029BE,object:an,counter,2029BE,6,1,int,
201512,object:an,phase-wrap,201512,8,4,float,
2018BF,object:an,float-step,2018BF,8,4,float,
2018C9,object:an,counter,2018C9,6,1,int,
2018F6,object:an,float-step,2018F6,8,4,float,
201EE5,object:an,float-expr,201EE5,8,4,float,
201EF9,object:an,float-expr,201EF9,8,4,float,
201F1F,object:an,float-expr,201F1F,8,4,float,
201F2F,object:an,float-expr,201F2F,8,4,float,
202007,object:an,float-expr,202007,8,4,float,
202036,object:an,float-expr,202036,5,4,float,
2020D6,object:an,float-expr,2020D6,8,4,float,
202107,object:an,float-expr,202107,5,4,float,
20217A,object:an,counter,20217A,6,1,int,
202233,object:an,counter,202233,6,1,int,
202286,object:an,float-step,202286,8,4,float,
202407,object:an,counter,202407,8,2,int,
202AE5,object:an,float-step,202AE5,5,4,float,
202B03,object:an,float-step,202B03,5,4,float,
202B2A,object:an,float-expr,202B2A,5,4,float,
203242,object:an,counter,203242,6,4,int,
2049F7,object:an,lerp,2049F7,8,4,float,
204A2A,object:an,lerp,204A2A,8,4,float,
204E76,object:an,float-expr,204E76,8,4,float,
204EB0,object:an,float-expr,204EB0,8,4,float,
204F5D,object:an,multiplier,204F5D,8,4,float,
204FA1,object:an,port:timescale,204FA1,8,4,float,
205006,object:an,float-step,205006,5,4,float,
205024,object:an,float-step,205024,5,4,float,
2050A9,object:an,float-step,2050A9,8,4,float,
2050D1,object:an,float-step,2050D1,8,4,float,
2050F9,object:an,float-step,2050F9,8,4,float,
205121,object:an,float-step,205121,8,4,float,
205149,object:an,float-step,205149,8,4,float,
205171,object:an,float-step,205171,8,4,float,
205C75,object:an,counter,205C75,6,1,int,
205CB2,object:an,call,205CB2,8,4,float,
205CCF,object:an,call,205CCF,8,4,float,
203450,object:an/cAnimal,counter,203450,6,1,int,
2046C7,object:an/cAnimal,multiplier,2046C3,8,4,float,
2046D7,object:an/cAnimal,multiplier,2046D7,8,4,float,
2046DF,object:an/cAnimal,multiplier,2046DF,8,4,float,
20589C,object:an/cAnimal,counter,20589C,6,1,int,
20590D,object:an/cAnimal,float-expr,20590D,8,4,float,
2059B7,object:an/cAnimal,float-step,2059B7,8,4,float,
205DF3,object:an/cAnimal,counter,205DF3,6,1,int,
205E91,object:an/cAnimal,counter,205E91,6,1,int,
20615F,object:an/cAnimal,multiplier,20615B,8,4,float,
206181,object:an/cAnimal,multiplier,206181,8,4,float,
2061A1,object:an/cAnimal,multiplier,2061A1,12,4,float,
2061B5,object:an/cAnimal,multiplier,2061B5,8,4,float,
2061DA,object:an/cAnimal,counter,2061DA,6,1,int,
206285,object:an/cAnimal,float-expr,206281,8,4,float,
20629F,object:an/cAnimal,float-expr,20629B,8,4,float,
2062B7,object:an/cAnimal,float-expr,2062B7,5,4,float,
2062CC,object:an/cAnimal,multiplier,2062CC,8,4,float,
2062E4,object:an/cAnimal,multiplier,2062E4,8,4,float,
20C798,object:an/cAnimal/cBall,int-step,20C798,6,1,int,
2042F5,object:cAnimal,phase-wrap,2042F5,8,4,float,
33A2E0,object:cBall/et/ut,multiplier,33A2E0,8,4,float,
33A2FB,object:cBall/et/ut,multiplier,33A2FB,8,4,float,
33A30C,object:cBall/et/ut,float-expr,33A30C,8,4,float,
33A314,object:cBall/et/ut,float-expr,33A314,8,4,float,
33A389,object:cBall/et/ut,float-expr,33A389,8,4,float,
33A3A2,object:cBall/et/ut,float-expr,33A3A2,8,4,float,
33A3DA,object:cBall/et/ut,float-expr,33A3DA,8,4,float,
33A401,object:cBall/et/ut,float-expr,33A401,8,4,float,
33A41E,object:cBall/et/ut,float-expr,33A41E,8,4,float,
33A453,object:cBall/et/ut,float-expr,33A453,8,4,float,
33A473,object:cBall/et/ut,float-expr,33A473,8,4,float,
33A4BA,object:cBall/et/ut,float-expr,33A4BA,8,4,float,
33A4FD,object:cBall/et/ut,float-expr,33A4FD,8,4,float,
33A516,object:cBall/et/ut,float-expr,33A516,8,4,float,
33A526,object:cBall/et/ut,float-expr,33A526,8,4,float,
33ACD7,object:cBall/et/ut,float-expr,33ACD7,8,4,float,
33AD99,object:cBall/et/ut,multiplier,33AD99,8,4,float,
33ADAD,object:cBall/et/ut,multiplier,33ADAD,8,4,float,
33ADB5,object:cBall/et/ut,multiplier,33ADB5,8,4,float,
33AFB1,object:cBall/et/ut,multiplier,33AFB1,8,4,float,
33AFC5,object:cBall/et/ut,multiplier,33AFC5,8,4,float,
33AFCD,object:cBall/et/ut,multiplier,33AFCD,8,4,float,
33B05A,object:cBall/et/ut,float-expr,33B05A,5,4,float,
33B085,object:cBall/et/ut,multiplier,33B085,8,4,float,
33B0C7,object:cBall/et/ut,multiplier,33B0C7,8,4,float,
33B137,object:cBall/et/ut,port:timescale,33B137,8,4,float,
33B1E9,object:cBall/et/ut,multiplier,33B1E9,8,4,float,
33B1FD,object:cBall/et/ut,multiplier,33B1FD,8,4,float,
33B205,object:cBall/et/ut,multiplier,33B205,8,4,float,
33BC25,object:cBall/et/ut,float-expr,33BC25,8,4,float,
33BC2D,object:cBall/et/ut,float-expr,33BC2D,8,4,float,
33BD14,object:cBall/et/ut,float-expr,33BD14,8,4,float,
33BD1C,object:cBall/et/ut,float-expr,33BD1C,8,4,float,
33BD6F,object:cBall/et/ut,counter,33BD6F,7,2,int,
33BDB0,object:cBall/et/ut,float-expr,33BDB0,8,4,float,
33BDD0,object:cBall/et/ut,float-expr,33BDD0,8,4,float,
33BE5F,object:cBall/et/ut,float-expr,33BE5F,8,4,float,
33BE67,object:cBall/et/ut,float-expr,33BE67,8,4,float,
33BE86,object:cBall/et/ut,float-expr,33BE86,9,4,float,
33BE8F,object:cBall/et/ut,float-expr,33BE8F,8,4,float,
33BED6,object:cBall/et/ut,float-expr,33BED6,8,4,float,
33BEEE,object:cBall/et/ut,float-expr,33BEEE,8,4,float,
33BF0C,object:cBall/et/ut,counter,33BF0C,7,2,int,
33BF92,object:cBall/et/ut,float-expr,33BF92,8,4,float,
33BFAE,object:cBall/et/ut,lerp,33BFAE,8,4,float,
33BFCF,object:cBall/et/ut,float-expr,33BFCF,5,4,float,
33BFEB,object:cBall/et/ut,multiplier,33BFEB,8,4,float,
33BFFF,object:cBall/et/ut,float-expr,33BFFF,11,4,float,
33C017,object:cBall/et/ut,float-expr,33C017,5,4,float,
33C038,object:cBall/et/ut,float-expr,33C038,11,4,float,
33C050,object:cBall/et/ut,float-expr,33C050,5,4,float,
33C0E3,object:cBall/et/ut,counter,33C0E3,7,2,int,
33C11F,object:cBall/et/ut,multiplier,33C11F,8,4,float,
33C12E,object:cBall/et/ut,multiplier,33C12E,8,4,float,
33C305,object:cBall/et/ut,float-expr,33C305,8,4,float,
33C33A,object:cBall/et/ut,float-expr,33C336,8,4,float,
33C352,object:cBall/et/ut,float-expr,33C352,5,4,float,
33C377,object:cBall/et/ut,multiplier,33C377,8,4,float,
33C389,object:cBall/et/ut,multiplier,33C389,8,4,float,
33C527,object:cBall/et/ut,multiplier,33C527,8,4,float,
33C53B,object:cBall/et/ut,multiplier,33C53B,8,4,float,
33C543,object:cBall/et/ut,float-expr,33C543,8,4,float,
33C54B,object:cBall/et/ut,float-expr,33C54B,8,4,float,
33AACC,object:cBall/et/wp,counter,33AACC,8,2,int,
4FFBED,object:cBamboo,counter,4FFBED,6,1,int,
4FFC76,object:cBamboo,counter,4FFC76,6,1,int,
4FFC95,object:cBamboo,counter,4FFC95,6,1,int,
20F906,object:cCarry/cItem/et,float-expr,20F906,5,4,float,
20F91B,object:cCarry/cItem/et,float-expr,20F91B,5,4,float,
20F952,object:cCarry/cItem/et,float-expr,20F952,5,4,float,
20F966,object:cCarry/cItem/et,float-expr,20F966,5,4,float,
33CE31,object:cCarry/et,float-expr,33CE31,8,4,float,
33CE47,object:cCarry/et,float-expr,33CE47,8,4,float,
33CE99,object:cCarry/et,counter,33CE99,6,1,int,
33CFA1,object:cCarry/et,counter,33CFA1,6,1,int,
33CFE5,object:cCarry/et,counter,33CFE5,6,1,int,
33D1AF,object:cCarry/et,float-expr,33D1AF,8,4,float,
33D1CC,object:cCarry/et,float-expr,33D1CC,8,4,float,
33D38C,object:cCarry/et,counter,33D38C,6,1,int,
33D6AF,object:cCarry/et,float-expr,33D6AF,8,4,float,
33D6DC,object:cCarry/et,counter,33D6DC,7,2,int,
33DAF2,object:cCarry/et,multiplier,33DAF2,8,4,float,
33DC77,object:cCarry/et,multiplier,33DC77,8,4,float,
33DC97,object:cCarry/et,multiplier,33DC97,8,4,float,
33DE10,object:cCarry/et,multiplier,33DE10,8,4,float,
33DE24,object:cCarry/et,multiplier,33DE24,8,4,float,
33DF15,object:cCarry/et,float-expr,33DF15,8,4,float,
33DF34,object:cCarry/et,multiplier,33DF34,8,4,float,
33DF49,object:cCarry/et,float-expr,33DF49,5,4,float,
33E05F,object:cCarry/et,counter,33E05F,6,1,int,
33E0D5,object:cCarry/et,counter,33E0D5,6,1,int,
33E1E8,object:cCarry/et,float-expr,33E1E8,5,4,float,
50E6EE,object:cDig,counter,50E6EE,6,1,int,
50E6FA,object:cDig,counter,50E6FA,6,4,int,
50E71C,object:cDig,float-step,50E71C,8,4,float,
50E8CA,object:cDig,counter,50E8CA,6,1,int,
50E8E0,object:cDig,counter,50E8E0,7,4,int,
50E954,object:cDig,counter,50E954,6,4,int,
484799,object:cDog,counter,484799,6,1,int,
4847D7,object:cDog,counter,4847D7,6,1,int,
484B91,object:cDog,float-step,484B91,5,4,float,
484BAF,object:cDog,float-step,484BAF,5,4,float,
484BDB,object:cDog,float-expr,484BDB,5,4,float,
484CD8,object:cDog,counter,484CD8,6,1,int,
484DAE,object:cDog,counter,484DAE,6,4,int,
484E5A,object:cDog,port:timescale,484E5A,8,4,float,
484E67,object:cDog,port:timescale,484E67,5,4,float,
485149,object:cDog,float-step,485149,8,4,float,
485187,object:cDog,float-step,485187,8,4,float,
48530B,object:cDog,counter,48530B,6,1,int,
4854D2,object:cDog,float-step,4854D2,8,4,float,
48551A,object:cDog,float-step,48551A,8,4,float,
4855A2,object:cDog,counter,4855A2,7,1,int,
485745,object:cDog,float-expr,485745,12,4,float,
48575D,object:cDog,float-expr,48575D,5,4,float,
485782,object:cDog,multiplier,485782,8,4,float,
48578A,object:cDog,multiplier,48578A,8,4,float,
48583D,object:cDog,multiplier,48583D,8,4,float,
485855,object:cDog,multiplier,485855,8,4,float,
485891,object:cDog,port:timescale,485891,8,4,float,
485B49,object:cDog,float-step,485B49,8,4,float,
485B87,object:cDog,float-step,485B87,8,4,float,
485D0B,object:cDog,counter,485D0B,6,1,int,
485E3D,object:cDog,float-step,485E3D,8,4,float,
485E7B,object:cDog,float-step,485E7B,8,4,float,
486041,object:cDog,counter,486041,6,1,int,
48616A,object:cDog,call,48616A,8,4,float,
48620D,object:cDog,counter,48620D,6,1,int,
4868EA,object:cDog,call,4868EA,8,4,float,
486950,object:cDog,float-expr,48694C,8,4,float,
486975,object:cDog,float-expr,486975,5,4,float,
486A5C,object:cDog,counter,486A5C,6,1,int,
486A70,object:cDog,counter,486A70,6,1,int,
486B3D,object:cDog,float-expr,486B3D,7,4,float,
486BA8,object:cDog,counter,486BA8,6,1,int,
486C34,object:cDog,counter,486C34,6,1,int,
486C74,object:cDog,counter,486C74,6,1,int,
486D73,object:cDog,float-expr,486D73,8,4,float,
486D8C,object:cDog,float-expr,486D8C,5,4,float,
4870A9,object:cDog,int-expr,4870A9,6,1,int,
48752C,object:cDog,phase-wrap,48752C,8,4,float,
4875C0,object:cDog,other,4875C0,8,4,float,
4875C8,object:cDog,phase-wrap,4875C8,8,4,float,
4875FB,object:cDog,counter,4875FB,6,1,int,
48782B,object:cDog,call,48782B,8,4,float,
48783C,object:cDog,call,48783C,8,4,float,
487898,object:cDog,call,487898,8,4,float,
4884FB,object:cDog,call,4884FB,8,4,float,
48884C,object:cDog,float-step,48884C,8,4,float,
2387EC,object:cEm/em,counter,2387EC,6,4,int,
2389C0,object:cEm/em,int-expr,2389C0,6,4,int,
2389CB,object:cEm/em,int-expr,2389CB,6,4,int,
238B5D,object:cEm/em,counter,238B5D,6,1,int,
239521,object:cEm/em,lerp,239521,8,4,float,
23954F,object:cEm/em,lerp,23954F,8,4,float,
23957D,object:cEm/em,lerp,23957D,8,4,float,
23A174,object:cEm/em,phase-wrap,23A174,8,4,float,
23A94A,object:cEm/em,counter,23A94A,6,1,int,
23A97F,object:cEm/em,counter,23A97F,7,2,int,
340060,object:cEnemy,multiplier,340060,8,4,float,
340078,object:cEnemy,multiplier,340078,8,4,float,
340093,object:cEnemy,counter,340093,6,1,int,
3400E7,object:cEnemy,counter,3400E7,6,1,int,
34034A,object:cEnemy,multiplier,34034A,8,4,float,
340362,object:cEnemy,multiplier,340362,8,4,float,
3403CC,object:cEnemy,counter,3403CC,6,1,int,
3404CD,object:cEnemy,counter,3404CD,7,2,int,
340503,object:cEnemy,counter,340503,6,1,int,
340516,object:cEnemy,counter,340516,6,1,int,
340EE5,object:cEnemy,float-expr,340EE5,8,4,float,
340F13,object:cEnemy,float-expr,340F13,8,4,float,
340F1B,object:cEnemy,float-expr,340F1B,8,4,float,
340F23,object:cEnemy,float-step,340F23,8,4,float,
340FF2,object:cEnemy,counter,340FF2,5,1,int,
3410A5,object:cEnemy,float-expr,3410A5,8,4,float,
3410C0,object:cEnemy,multiplier,3410C0,8,4,float,
3410C8,object:cEnemy,float-expr,3410C8,8,4,float,
3410E3,object:cEnemy,float-step,3410E3,8,4,float,
3410EB,object:cEnemy,float-expr,3410EB,8,4,float,
3410F3,object:cEnemy,multiplier,3410F3,8,4,float,
3412BD,object:cEnemy,multiplier,3412BD,8,4,float,
3412D5,object:cEnemy,multiplier,3412D5,8,4,float,
3412DD,object:cEnemy,multiplier,3412DD,8,4,float,
3413EC,object:cEnemy,counter,3413EC,5,1,int,
342244,object:cEnemy,counter,342244,7,2,int,
342401,object:cEnemy,counter,342401,7,2,int,
3425AB,object:cEnemy,counter,3425AB,7,2,int,
342684,object:cEnemy,counter,342684,7,2,int,
342797,object:cEnemy,phase-wrap,342797,8,4,float,
3428E5,object:cEnemy,phase-wrap,3428E5,8,4,float,
342E21,object:cEnemy,phase-wrap,342E21,8,4,float,
342EAD,object:cEnemy,phase-wrap,342EAD,8,4,float,
34344C,object:cEnemy,float-step,34344C,5,4,float,
208893,object:cEnemy/cKiType/cKihon,float-step,208893,8,4,float,
208AC3,object:cEnemy/cKiType/cKihon,float-step,208AC3,8,4,float,
208FD8,object:cEnemy/cKiType/cKihon,counter,208FD8,7,2,int,
2090BA,object:cEnemy/cKiType/cKihon,float-step,2090BA,8,4,float,
2091BB,object:cEnemy/cKiType/cKihon,float-step,2091BB,5,4,float,
2091EC,object:cEnemy/cKiType/cKihon,phase-wrap,2091EC,8,4,float,
209224,object:cEnemy/cKiType/cKihon,counter,209224,7,2,int,
209271,object:cEnemy/cKiType/cKihon,counter,209271,7,2,int,
2092C1,object:cEnemy/cKiType/cKihon,counter,2092C1,7,2,int,
209311,object:cEnemy/cKiType/cKihon,counter,209311,7,2,int,
48D476,object:cFish,counter,48D476,6,1,int,
48D7E6,object:cFish,counter,48D7E6,6,1,int,
48D7FC,object:cFish,counter,48D7FC,6,1,int,
48D8A6,object:cFish,int-step,48D8A6,7,4,int,
48D8BB,object:cFish,counter,48D8BB,6,1,int,
48D99E,object:cFish,float-step,48D99E,5,4,float,
495704,object:cGear,float-step,495704,8,4,float,
49597D,object:cGear,counter,49597D,6,1,int,
495A25,object:cGear,counter,495A25,6,1,int,
495A8B,object:cGear,float-expr,495A8B,8,4,float,
495B42,object:cGear,phase-wrap,495B42,8,4,float,
495B8C,object:cGear,phase-wrap,495B8C,8,4,float,
495BCA,object:cGear,phase-wrap,495BCA,8,4,float,
495C1A,object:cGear,float-expr,495C1A,8,4,float,
495C47,object:cGear,float-step,495C47,8,4,float,
495C6C,object:cGear,float-step,495C6C,8,4,float,
495C89,object:cGear,float-step,495C89,8,4,float,
495CA6,object:cGear,float-step,495CA6,8,4,float,
310675,object:cHuman,counter,310675,6,1,int,
310699,object:cHuman,counter,310699,7,2,int,
3106AF,object:cHuman,counter,3106AF,7,2,int,
312A36,object:cHuman/hm,phase-wrap,312A36,8,4,float,
312A83,object:cHuman/hm,float-step,312A83,5,4,float,
314715,object:cHuman/hm,counter,314715,6,1,int,
314D8F,object:cHuman/hm,float-step,314D8F,8,4,float,
314DB2,object:cHuman/hm,counter,314DB2,7,2,int,
314DC6,object:cHuman/hm,counter,314DC6,6,1,int,
314DD9,object:cHuman/hm,counter,314DD9,6,1,int,
497CA0,object:cItem,float-expr,497CA0,8,4,float,
497CBD,object:cItem,float-expr,497CBD,8,4,float,
497DA4,object:cItem,float-expr,497DA4,8,4,float,
497DBA,object:cItem,float-expr,497DBA,8,4,float,
497F29,object:cItem,float-expr,497F29,8,4,float,
497F4E,object:cItem,counter,497F4E,6,4,int,
4980BE,object:cItem,counter,4980BE,6,1,int,
4985A6,object:cItem,counter,4985A6,6,1,int,
4985F2,object:cItem,counter,4985F2,6,1,int,
49861D,object:cItem,counter,49861D,6,1,int,
498630,object:cItem,counter,498630,6,1,int,
49867D,object:cItem,counter,49867D,6,1,int,
4987CA,object:cItem,counter,4987CA,7,2,int,
498B7C,object:cItem,counter,498B7C,6,1,int,
498BE7,object:cItem,counter,498BE7,7,2,int,
498D3C,object:cItem,float-step,498D3C,8,4,float,
498D49,object:cItem,float-expr,498D49,5,4,float,
498DB0,object:cItem,multiplier,498DB0,8,4,float,
498F07,object:cItem,multiplier,498F07,8,4,float,
498F27,object:cItem,multiplier,498F27,8,4,float,
499070,object:cItem,multiplier,499070,8,4,float,
499084,object:cItem,multiplier,499084,8,4,float,
499173,object:cItem,float-expr,499173,8,4,float,
499192,object:cItem,multiplier,499192,8,4,float,
4991A7,object:cItem,float-expr,4991A7,5,4,float,
499228,object:cItem,counter,499228,6,1,int,
4993B2,object:cItem,counter,4993B2,6,1,int,
499495,object:cItem,float-expr,499491,8,4,float,
4994C1,object:cItem,float-expr,4994C1,5,4,float,
4994C6,object:cItem,counter,4994C6,8,2,int,
4995F5,object:cItem,counter,4995F5,6,1,int,
499640,object:cItem,float-expr,49963C,8,4,float,
49966F,object:cItem,float-expr,49966F,5,4,float,
499674,object:cItem,counter,499674,7,2,int,
499728,object:cItem,float-expr,499728,5,4,float,
499844,object:cItem,float-step,499844,8,4,float,
499880,object:cItem,float-expr,499880,5,4,float,
499C94,object:cItem,float-expr,499C94,5,4,float,
499CA9,object:cItem,float-step,499CA9,5,4,float,
499CF9,object:cItem,float-expr,499CF9,5,4,float,
499D0E,object:cItem,float-step,499D0E,5,4,float,
49FDCE,object:cKakejiku,float-step,49FDCE,8,4,float,
207A00,object:cKiType,multiplier,207A00,8,4,float,
368F34,object:cKiType,float-step,368F34,8,4,float,
3690EE,object:cKiType,float-step,3690EE,8,4,float,
3690FB,object:cKiType,float-expr,3690FB,5,4,float,
369138,object:cKiType,counter,369138,7,2,int,
36913F,object:cKiType,multiplier,36913F,8,4,float,
369233,object:cKiType,float-expr,369233,8,4,float,
369240,object:cKiType,float-expr,369240,5,4,float,
36945C,object:cKiType,multiplier,36945C,8,4,float,
36A1C9,object:cKiType,counter,36A1C9,7,2,int,
36A25C,object:cKiType,float-step,36A25C,8,4,float,
36A2CC,object:cKiType,counter,36A2CC,7,2,int,
36B433,object:cKiType,float-step,36B433,8,4,float,
36C350,object:cKiType,float-expr,36C350,5,4,float,
36C857,object:cKiType,float-step,36C857,8,4,float,
36F07F,object:cKiType,counter,36F07F,7,2,int,
206A58,object:cKiType/cKihon/et,multiplier,206A58,8,4,float,
206A70,object:cKiType/cKihon/et,multiplier,206A70,8,4,float,
206A7E,object:cKiType/cKihon/et,counter,206A7E,6,1,int,
206ED7,object:cKiType/cKihon/et,counter,206ED7,6,1,int,
208408,object:cKiType/cKihon/et,float-step,208408,8,4,float,
208675,object:cKiType/cKihon/et,float-step,208675,8,4,float,
208D1A,object:cKiType/cKihon/et,float-step,208D1A,8,4,float,
209817,object:cKiType/cKihon/et,float-step,209817,8,4,float,
209824,object:cKiType/cKihon/et,float-expr,209824,5,4,float,
209861,object:cKiType/cKihon/et,counter,209861,7,2,int,
209868,object:cKiType/cKihon/et,multiplier,209868,8,4,float,
20996C,object:cKiType/cKihon/et,float-expr,20996C,8,4,float,
209979,object:cKiType/cKihon/et,float-expr,209979,5,4,float,
209B1F,object:cKiType/cKihon/et,multiplier,209B1F,8,4,float,
209C28,object:cKiType/cKihon/et,lerp,209C28,8,4,float,
209C82,object:cKiType/cKihon/et,counter,209C82,7,2,int,
209D26,object:cKiType/cKihon/et,float-step,209D26,8,4,float,
209E67,object:cKiType/cKihon/et,float-step,209E67,8,4,float,
209E7B,object:cKiType/cKihon/et,float-expr,209E7B,8,4,float,
20A059,object:cKiType/cKihon/et,float-step,20A059,8,4,float,
20A069,object:cKiType/cKihon/et,float-expr,20A069,8,4,float,
20786F,object:cKiType/cKihon/vt,counter,20786F,7,2,int,
364B60,object:cKiType/vt,float-step,364B60,8,4,float,
364EB4,object:cKiType/vt,float-step,364EB4,8,4,float,
364F8A,object:cKiType/vt,float-step,364F8A,5,4,float,
364FB1,object:cKiType/vt,float-expr,364FB1,5,4,float,
364FDC,object:cKiType/vt,float-expr,364FDC,5,4,float,
36500D,object:cKiType/vt,float-expr,36500D,5,4,float,
365059,object:cKiType/vt,counter,365059,7,2,int,
365B8A,object:cKiType/vt,float-step,365B8A,8,4,float,
365C18,object:cKiType/vt,counter,365C18,7,2,int,
366639,object:cKiType/vt,counter,366639,7,2,int,
3666D6,object:cKiType/vt,float-step,3666D6,8,4,float,
36676B,object:cKiType/vt,counter,36676B,7,2,int,
3672E0,object:cKiType/vt,counter,3672E0,7,2,int,
367428,object:cKiType/vt,float-step,367428,8,4,float,
3675ED,object:cKiType/vt,counter,3675ED,7,2,int,
3678ED,object:cKiType/vt,counter,3678ED,7,2,int,
367A39,object:cKiType/vt,float-step,367A39,8,4,float,
367C0D,object:cKiType/vt,counter,367C0D,7,2,int,
367C8D,object:cKiType/vt,float-step,367C8D,8,4,float,
367C95,object:cKiType/vt,float-step,367C95,8,4,float,
367C9D,object:cKiType/vt,float-step,367C9D,8,4,float,
367D20,object:cKiType/vt,counter,367D20,7,2,int,
368090,object:cKiType/vt,float-step,368090,8,4,float,
3683BA,object:cKiType/vt,float-step,3683BA,8,4,float,
368647,object:cKiType/vt,float-step,368647,8,4,float,
368846,object:cKiType/vt,float-step,368846,8,4,float,
368853,object:cKiType/vt,float-expr,368853,5,4,float,
368890,object:cKiType/vt,counter,368890,7,2,int,
368897,object:cKiType/vt,multiplier,368897,8,4,float,
368991,object:cKiType/vt,float-expr,368991,8,4,float,
36899E,object:cKiType/vt,float-expr,36899E,5,4,float,
368B8B,object:cKiType/vt,multiplier,368B8B,8,4,float,
369904,object:cKiType/vt,float-step,369904,8,4,float,
369ACE,object:cKiType/vt,float-step,369ACE,8,4,float,
369ADB,object:cKiType/vt,float-expr,369ADB,5,4,float,
369B18,object:cKiType/vt,counter,369B18,7,2,int,
369B1F,object:cKiType/vt,multiplier,369B1F,8,4,float,
369C13,object:cKiType/vt,float-expr,369C13,8,4,float,
369C20,object:cKiType/vt,float-expr,369C20,5,4,float,
369E48,object:cKiType/vt,multiplier,369E48,8,4,float,
36A697,object:cKiType/vt,counter,36A697,6,1,int,
36A6B8,object:cKiType/vt,counter,36A6B8,6,1,int,
36A6F7,object:cKiType/vt,counter,36A6F7,6,1,int,
36A714,object:cKiType/vt,counter,36A714,6,1,int,
36A765,object:cKiType/vt,counter,36A765,6,1,int,
36A7FF,object:cKiType/vt,counter,36A7FF,6,1,int,
36A81C,object:cKiType/vt,counter,36A81C,6,1,int,
36A874,object:cKiType/vt,counter,36A874,6,1,int,
36A894,object:cKiType/vt,counter,36A894,6,1,int,
36A8E6,object:cKiType/vt,counter,36A8E6,6,1,int,
36AAC4,object:cKiType/vt,float-step,36AAC4,8,4,float,
36AAD1,object:cKiType/vt,float-expr,36AAD1,5,4,float,
36BD24,object:cKiType/vt,float-step,36BD24,8,4,float,
36CD14,object:cKiType/vt,float-step,36CD14,8,4,float,
36CDEA,object:cKiType/vt,float-step,36CDEA,5,4,float,
36CE11,object:cKiType/vt,float-expr,36CE11,5,4,float,
36CE3C,object:cKiType/vt,float-expr,36CE3C,5,4,float,
36CE6D,object:cKiType/vt,float-expr,36CE6D,5,4,float,
36CEB9,object:cKiType/vt,counter,36CEB9,7,2,int,
36E964,object:cKiType/vt,float-step,36E964,8,4,float,
36EB44,object:cKiType/vt,counter,36EB44,7,2,int,
4A18BF,object:cMonster,float-step,4A18BF,8,4,float,
4A1D85,object:cMonster,counter,4A1D85,6,1,int,
4A1F79,object:cMonster,float-step,4A1F79,8,4,float,
4A1F8C,object:cMonster,float-expr,4A1F8C,8,4,float,
4A1FA2,object:cMonster,float-expr,4A1FA2,8,4,float,
4A1FC7,object:cMonster,float-step,4A1FC7,8,4,float,
4A2063,object:cMonster,counter,4A2063,6,1,int,
4A2090,object:cMonster,float-expr,4A2090,8,4,float,
4A20E0,object:cMonster,float-expr,4A20E0,8,4,float,
4A214D,object:cMonster,float-step,4A214D,8,4,float,
4A2163,object:cMonster,float-step,4A2163,8,4,float,
4A2188,object:cMonster,float-step,4A2188,8,4,float,
4A2250,object:cMonster,float-expr,4A2250,8,4,float,
4A2266,object:cMonster,float-expr,4A2266,8,4,float,
4A228B,object:cMonster,float-step,4A228B,8,4,float,
4A22B9,object:cMonster,counter,4A22B9,6,1,int,
4A2406,object:cMonster,counter,4A2406,6,1,int,
4A2CA6,object:cMonster,counter,4A2CA6,6,4,int,
4A2CBC,object:cMonster,counter,4A2CBC,6,4,int,
4A2E07,object:cMonster,float-expr,4A2E07,7,4,float,
4A2E21,object:cMonster,float-expr,4A2E21,8,4,float,
4A2E42,object:cMonster,float-expr,4A2E42,8,4,float,
4A2F23,object:cMonster,counter,4A2F23,6,1,int,
4A3236,object:cMonster,counter,4A3236,6,1,int,
4A32C3,object:cMonster,float-expr,4A32C3,7,4,float,
4A32DD,object:cMonster,float-expr,4A32DD,8,4,float,
4A32FE,object:cMonster,float-expr,4A32FE,8,4,float,
4A33E2,object:cMonster,counter,4A33E2,6,1,int,
2118E3,object:cObj,multiplier,2118E3,8,4,float,
517102,object:cObj,int-expr,517102,6,1,int,
343CA8,object:cSave,float-step,343CA8,5,4,float,
4A7464,object:cScr,phase-wrap,4A7464,8,4,float,
2E0A17,object:cTubomi/et,counter,2E0A17,7,2,int,
2E10C3,object:cTubomi/et,phase-wrap,2E10C3,8,4,float,
20CA50,object:db,phase-wrap,20CA50,8,4,float,
20CA65,object:db,phase-wrap,20CA65,8,4,float,
20CA83,object:db,phase-wrap,20CA83,8,4,float,
2404B9,object:em,int-expr,2404B9,6,1,int,
240BFA,object:em,counter,240BFA,6,1,int,
240ED5,object:em,counter,240ED5,6,1,int,
241296,object:em,counter,241296,6,1,int,
2412BD,object:em,float-expr,2412BD,8,4,float,
2412E8,object:em,counter,2412E8,7,2,int,
242656,object:em,phase-wrap,242656,8,4,float,
246B46,object:em,float-step,246B46,8,4,float,
246BEE,object:em,phase-wrap,246BEE,8,4,float,
246F47,object:em,counter,246F47,6,1,int,
246F54,object:em,int-expr,246F54,6,1,int,
246F9B,object:em,counter,246F9B,7,2,int,
247145,object:em,float-expr,247145,8,4,float,
24736B,object:em,float-expr,24736B,8,4,float,
247F66,object:em,phase-wrap,247F66,8,4,float,
24B247,object:em,float-expr,24B247,8,4,float,
24B273,object:em,float-expr,24B273,8,4,float,
24B469,object:em,float-step,24B469,8,4,float,
24B4BE,object:em,phase-wrap,24B4BE,8,4,float,
24B54E,object:em,phase-wrap,24B54E,8,4,float,
24B78A,object:em,call,24B78A,8,4,float,
24B907,object:em,counter,24B907,7,2,int,
24BCD9,object:em,counter,24BCD9,6,1,int,
24BDAA,object:em,counter,24BDAA,6,1,int,
24C2F7,object:em,call,24C2F7,8,4,float,
24C442,object:em,counter,24C442,6,1,int,
24C476,object:em,counter,24C476,6,1,int,
24C4C2,object:em,counter,24C4C2,6,1,int,
24C4E5,object:em,counter,24C4E5,6,1,int,
24C4F4,object:em,counter,24C4F4,6,1,int,
24C671,object:em,counter,24C671,6,1,int,
24C79D,object:em,counter,24C79D,6,1,int,
24CD2E,object:em,float-step,24CD2E,8,4,float,
24CD7D,object:em,phase-wrap,24CD7D,8,4,float,
24CE09,object:em,phase-wrap,24CE09,8,4,float,
24CF1F,object:em,counter,24CF1F,6,1,int,
24D100,object:em,counter,24D100,6,1,int,
24D33F,object:em,counter,24D33F,6,1,int,
24D35C,object:em,counter,24D35C,6,1,int,
24D3B0,object:em,counter,24D3B0,6,1,int,
24D454,object:em,counter,24D454,6,1,int,
24D466,object:em,counter,24D466,6,1,int,
24D724,object:em,counter,24D724,6,1,int,
24D75A,object:em,counter,24D75A,7,1,int,
24D767,object:em,counter,24D767,6,1,int,
24D7FF,object:em,counter,24D7FF,6,1,int,
24D987,object:em,counter,24D987,6,1,int,
24DB7C,object:em,phase-wrap,24DB7C,8,4,float,
24DC6E,object:em,counter,24DC6E,7,2,int,
24DCA9,object:em,counter,24DCA9,7,2,int,
24DCE1,object:em,counter,24DCE1,6,1,int,
24DDCC,object:em,counter,24DDCC,6,1,int,
24DE10,object:em,float-expr,24DE10,8,4,float,
24DFD5,object:em,counter,24DFD5,6,1,int,
24E0A1,object:em,counter,24E0A1,6,1,int,
24E16C,object:em,counter,24E16C,6,1,int,
24E1CB,object:em,counter,24E1CB,7,2,int,
24E2E6,object:em,counter,24E2E6,6,1,int,
24E3B4,object:em,multiplier,24E3B4,12,4,float,
24E3B8,object:em,multiplier,24E3B4,12,4,float,
24E41A,object:em,float-step,24E41A,8,4,float,
24E4DF,object:em,counter,24E4DF,6,1,int,
24E531,object:em,phase-wrap,24E531,8,4,float,
24E542,object:em,counter,24E542,6,1,int,
24E548,object:em,counter,24E548,7,2,int,
24E654,object:em,counter,24E654,6,1,int,
24EAA6,object:em,float-step,24EAA6,8,4,float,
24EB4E,object:em,phase-wrap,24EB4E,8,4,float,
24ECC5,object:em,counter,24ECC5,7,2,int,
24ECDC,object:em,lerp,24ECDC,8,4,float,
24ECF3,object:em,lerp,24ECF3,8,4,float,
24ED17,object:em,lerp,24ED17,8,4,float,
24ED2E,object:em,lerp,24ED2E,8,4,float,
24ED50,object:em,lerp,24ED50,8,4,float,
24EF42,object:em,float-step,24EF42,8,4,float,
24F465,object:em,float-step,24F465,8,4,float,
24F4B4,object:em,phase-wrap,24F4B4,8,4,float,
24F537,object:em,phase-wrap,24F537,8,4,float,
24F639,object:em,counter,24F639,6,1,int,
250AAD,object:em,counter,250AAD,6,1,int,
250EE2,object:em,counter,250EE2,6,1,int,
2512B4,object:em,counter,2512B4,6,1,int,
25141C,object:em,counter,25141C,6,1,int,
252A1C,object:em,float-expr,252A1C,8,4,float,
252C9F,object:em,float-expr,252C9F,8,4,float,
2546FC,object:em,counter,2546FC,6,1,int,
25473C,object:em,counter,25473C,7,2,int,
2547AF,object:em,counter,2547AF,6,1,int,
2547EF,object:em,counter,2547EF,7,2,int,
2548AC,object:em,counter,2548AC,6,1,int,
2548D3,object:em,counter,2548D3,7,2,int,
25493A,object:em,counter,25493A,6,1,int,
254BA1,object:em,counter,254BA1,6,1,int,
254BF1,object:em,counter,254BF1,6,1,int,
259A6F,object:em,counter,259A6F,6,1,int,
259AA2,object:em,float-expr,259AA2,8,4,float,
259B70,object:em,counter,259B70,6,1,int,
259C6C,object:em,counter,259C6C,6,1,int,
259C7E,object:em,counter,259C7E,6,1,int,
259CB4,object:em,float-expr,259CB4,8,4,float,
259E79,object:em,counter,259E79,6,1,int,
25A28B,object:em,counter,25A28B,6,1,int,
25A3BC,object:em,counter,25A3BC,6,1,int,
25A450,object:em,float-expr,25A450,8,4,float,
25A5AE,object:em,counter,25A5AE,6,1,int,
25A5DB,object:em,counter,25A5DB,6,1,int,
25A6A1,object:em,float-expr,25A6A1,8,4,float,
25A6A9,object:em,counter,25A6A9,6,1,int,
25A875,object:em,counter,25A875,6,1,int,
25AB70,object:em,int-expr,25AB70,7,2,int,
25AB79,object:em,int-expr,25AB79,6,4,int,
25AB7F,object:em,int-expr,25AB7F,6,4,int,
25B1B4,object:em,counter,25B1B4,6,1,int,
25B964,object:em,counter,25B964,6,1,int,
25C180,object:em,counter,25C180,6,1,int,
25C46F,object:em,counter,25C46F,6,1,int,
25C566,object:em,counter,25C566,6,1,int,
25C651,object:em,counter,25C651,6,1,int,
25C687,object:em,float-expr,25C687,8,4,float,
25C754,object:em,counter,25C754,6,1,int,
25C840,object:em,counter,25C840,6,1,int,
25C876,object:em,float-expr,25C876,8,4,float,
25C91C,object:em,counter,25C91C,6,1,int,
25CA52,object:em,phase-wrap,25CA52,8,4,float,
25CB95,object:em,counter,25CB95,6,1,int,
25CD24,object:em,float-expr,25CD24,8,4,float,
25CDE0,object:em,counter,25CDE0,6,1,int,
25D0F0,object:em,counter,25D0F0,6,1,int,
25D139,object:em,counter,25D139,6,1,int,
25D233,object:em,counter,25D233,6,1,int,
25D2F3,object:em,counter,25D2F3,6,1,int,
25D355,object:em,phase-wrap,25D355,8,4,float,
25D375,object:em,float-expr,25D375,8,4,float,
25D44C,object:em,counter,25D44C,6,1,int,
25D49E,object:em,phase-wrap,25D49E,8,4,float,
25D501,object:em,float-expr,25D501,8,4,float,
25D6D9,object:em,counter,25D6D9,6,1,int,
25D6EB,object:em,counter,25D6EB,6,1,int,
25D706,object:em,phase-wrap,25D706,8,4,float,
25D767,object:em,counter,25D767,6,1,int,
25D77F,object:em,counter,25D77F,6,1,int,
25D949,object:em,counter,25D949,6,1,int,
25DAF2,object:em,counter,25DAF2,6,1,int,
25DBBC,object:em,counter,25DBBC,6,1,int,
25DD44,object:em,counter,25DD44,6,1,int,
25DE37,object:em,other,25DE37,7,2,int,
25DEA4,object:em,counter,25DEA4,7,2,int,
25DFB9,object:em,counter,25DFB9,6,1,int,
25E10F,object:em,counter,25E10F,6,1,int,
25E138,object:em,counter,25E138,6,1,int,
25E2BB,object:em,call,25E2BB,8,4,float,
25E33E,object:em,call,25E33E,8,4,float,
25E517,object:em,float-step,25E517,8,4,float,
25E54B,object:em,float-step,25E54B,8,4,float,
25E5DA,object:em,phase-wrap,25E5DA,8,4,float,
25E9AD,object:em,int-expr,25E9AD,7,2,int,
25E9C4,object:em,int-expr,25E9C4,6,4,int,
25E9CA,object:em,int-expr,25E9CA,6,4,int,
25EFEF,object:em,counter,25EFEF,6,1,int,
25F464,object:em,counter,25F464,6,1,int,
25F4C0,object:em,float-expr,25F4C0,8,4,float,
25FC98,object:em,counter,25FC98,6,1,int,
25FEC5,object:em,counter,25FEC5,6,1,int,
25FEE5,object:em,counter,25FEE5,6,1,int,
25FF38,object:em,counter,25FF38,6,1,int,
25FF65,object:em,counter,25FF65,6,1,int,
26003A,object:em,counter,26003A,6,1,int,
26019F,object:em,counter,26019F,6,1,int,
260283,object:em,counter,260283,6,1,int,
2602AE,object:em,float-expr,2602AE,8,4,float,
26037C,object:em,counter,26037C,6,1,int,
26045D,object:em,counter,26045D,6,1,int,
260488,object:em,float-expr,260488,8,4,float,
260540,object:em,counter,260540,6,1,int,
2607D6,object:em,counter,2607D6,6,1,int,
2607ED,object:em,counter,2607ED,6,1,int,
260836,object:em,counter,260836,6,1,int,
26095F,object:em,counter,26095F,6,1,int,
260A30,object:em,counter,260A30,6,1,int,
260B4A,object:em,counter,260B4A,6,1,int,
260DAD,object:em,float-expr,260DAD,8,4,float,
260DF7,object:em,float-expr,260DF7,8,4,float,
260ED5,object:em,counter,260ED5,6,1,int,
26119E,object:em,float-expr,26119E,8,4,float,
2611E7,object:em,float-expr,2611E7,8,4,float,
26129C,object:em,counter,26129C,6,1,int,
2612F6,object:em,counter,2612F6,6,1,int,
26131D,object:em,counter,26131D,6,1,int,
26137E,object:em,counter,26137E,6,1,int,
261394,object:em,counter,261394,6,1,int,
2613F5,object:em,counter,2613F5,6,1,int,
26140F,object:em,counter,26140F,7,2,int,
261420,object:em,counter,261420,6,1,int,
261481,object:em,counter,261481,6,1,int,
261558,object:em,counter,261558,6,1,int,
2617C2,object:em,counter,2617C2,6,1,int,
2617E5,object:em,counter,2617E5,6,1,int,
2617F8,object:em,counter,2617F8,6,1,int,
261849,object:em,counter,261849,6,1,int,
26185F,object:em,counter,26185F,6,1,int,
2618DC,object:em,counter,2618DC,6,1,int,
261902,object:em,counter,261902,6,1,int,
261908,object:em,counter,261908,7,2,int,
261953,object:em,float-expr,261953,8,4,float,
261A21,object:em,counter,261A21,6,1,int,
261A46,object:em,counter,261A46,7,2,int,
261B5A,object:em,counter,261B5A,6,1,int,
261BE9,object:em,float-expr,261BE9,8,4,float,
261C36,object:em,float-expr,261C36,8,4,float,
261C7F,object:em,phase-wrap,261C7F,8,4,float,
261D88,object:em,counter,261D88,6,1,int,
2621E5,object:em,float-expr,2621E5,8,4,float,
2622DA,object:em,counter,2622DA,6,1,int,
2624B5,object:em,counter,2624B5,7,1,int,
2624C2,object:em,counter,2624C2,6,1,int,
26258F,object:em,counter,26258F,6,1,int,
26284F,object:em,counter,26284F,6,1,int,
262BC0,object:em,counter,262BC0,6,1,int,
262F73,object:em,phase-wrap,262F73,8,4,float,
2630AC,object:em,float-expr,2630AC,8,4,float,
2631DE,object:em,counter,2631DE,6,1,int,
263224,object:em,call,263224,8,4,float,
2633E2,object:em,counter,2633E2,6,1,int,
2634F9,object:em,counter,2634F9,6,1,int,
263610,object:em,counter,263610,6,1,int,
2637DE,object:em,counter,2637DE,6,1,int,
263869,object:em,counter,263869,6,1,int,
263A41,object:em,counter,263A41,7,1,int,
263A4E,object:em,counter,263A4E,6,1,int,
263AD1,object:em,counter,263AD1,6,1,int,
264168,object:em,int-expr,264168,7,4,int,
264173,object:em,int-expr,264173,6,4,int,
2641E3,object:em,counter,2641E3,6,1,int,
264245,object:em,float-expr,264245,8,4,float,
264656,object:em,counter,264656,6,4,int,
264B60,object:em,float-expr,264B60,8,4,float,
264E69,object:em,counter,264E69,6,4,int,
264FA9,object:em,float-expr,264FA9,8,4,float,
2652A9,object:em,float-expr,2652A9,8,4,float,
2655F4,object:em,counter,2655F4,6,4,int,
2662FA,object:em,counter,2662FA,7,4,int,
2667B7,object:em,float-expr,2667B7,8,4,float,
267070,object:em,float-step,267070,8,4,float,
26763E,object:em,counter,26763E,6,4,int,
267C39,object:em,counter,267C39,6,1,int,
2680B7,object:em,counter,2680B7,6,1,int,
26991B,object:em,float-expr,26991B,8,4,float,
26B19F,object:em,float-expr,26B19F,5,4,float,
26B9A1,object:em,float-expr,26B9A1,8,4,float,
26B9BD,object:em,float-expr,26B9BD,8,4,float,
26BA0D,object:em,phase-wrap,26BA0D,8,4,float,
26C4FB,object:em,counter,26C4FB,6,1,int,
26D5E9,object:em,counter,26D5E9,6,1,int,
26D868,object:em,counter,26D868,6,1,int,
26DA5C,object:em,counter,26DA5C,6,1,int,
26DA9C,object:em,counter,26DA9C,7,2,int,
26DB0F,object:em,counter,26DB0F,6,1,int,
26DB4F,object:em,counter,26DB4F,7,2,int,
26DC0C,object:em,counter,26DC0C,6,1,int,
26DC33,object:em,counter,26DC33,7,2,int,
26DC9A,object:em,counter,26DC9A,6,1,int,
26E082,object:em,counter,26E082,6,1,int,
26E0D2,object:em,counter,26E0D2,6,1,int,
26E348,object:em,float-expr,26E348,8,4,float,
26E396,object:em,float-expr,26E396,8,4,float,
26E3F5,object:em,int-expr,26E3F5,6,4,int,
26E407,object:em,int-step,26E407,8,2,int,
26E411,object:em,int-step,26E411,8,2,int,
26E419,object:em,int-expr,26E419,6,4,int,
26E8CE,object:em,int-step,26E8CE,7,2,int,
26EA94,object:em,int-step,26EA94,7,2,int,
26EBEB,object:em,int-step,26EBEB,7,2,int,
26ECE2,object:em,counter,26ECE2,6,1,int,
26ED62,object:em,counter,26ED62,7,1,int,
26ED6B,object:em,int-step,26ED6B,7,1,int,
26F11B,object:em,counter,26F11B,6,1,int,
26F99E,object:em,float-expr,26F99E,8,4,float,
26FA24,object:em,float-expr,26FA24,8,4,float,
26FAAB,object:em,float-expr,26FAAB,8,4,float,
26FD5C,object:em,counter,26FD5C,6,1,int,
26FD62,object:em,float-step,26FD62,8,4,float,
26FE62,object:em,counter,26FE62,6,1,int,
26FF91,object:em,float-expr,26FF91,8,4,float,
2700F4,object:em,counter,2700F4,6,1,int,
270211,object:em,counter,270211,6,1,int,
270321,object:em,counter,270321,6,1,int,
27045A,object:em,counter,27045A,6,1,int,
27046C,object:em,counter,27046C,7,2,int,
27047C,object:em,counter,27047C,6,1,int,
27056E,object:em,counter,27056E,6,1,int,
270653,object:em,float-step,270653,5,4,float,
270658,object:em,counter,270658,6,1,int,
270981,object:em,counter,270981,6,1,int,
2709D5,object:em,float-step,2709D5,5,4,float,
2709DA,object:em,counter,2709DA,6,1,int,
270B7F,object:em,counter,270B7F,6,1,int,
270C3C,object:em,counter,270C3C,6,1,int,
270D66,object:em,counter,270D66,6,1,int,
270E51,object:em,counter,270E51,6,1,int,
270EFD,object:em,counter,270EFD,6,1,int,
270F50,object:em,phase-wrap,270F50,8,4,float,
271042,object:em,float-expr,271042,8,4,float,
271096,object:em,float-expr,271096,8,4,float,
271170,object:em,counter,271170,6,1,int,
27119B,object:em,counter,27119B,6,1,int,
271219,object:em,counter,271219,6,1,int,
271252,object:em,counter,271252,7,1,int,
27125B,object:em,counter,27125B,6,1,int,
2712CC,object:em,counter,2712CC,6,1,int,
271370,object:em,counter,271370,6,1,int,
2714D3,object:em,counter,2714D3,6,1,int,
2714E1,object:em,float-expr,2714E1,8,4,float,
271636,object:em,counter,271636,6,1,int,
271789,object:em,counter,271789,6,1,int,
271B66,object:em,counter,271B66,6,1,int,
271B8C,object:em,counter,271B8C,6,1,int,
271BD3,object:em,counter,271BD3,6,1,int,
271BE5,object:em,counter,271BE5,6,1,int,
271D4B,object:em,counter,271D4B,6,1,int,
271EE0,object:em,counter,271EE0,6,1,int,
271F2E,object:em,counter,271F2E,6,1,int,
271F44,object:em,counter,271F44,7,1,int,
271F51,object:em,counter,271F51,6,1,int,
271FA7,object:em,counter,271FA7,6,1,int,
272270,object:em,counter,272270,6,1,int,
2724A4,object:em,counter,2724A4,6,1,int,
2724C5,object:em,counter,2724C5,6,1,int,
27261D,object:em,counter,27261D,6,1,int,
2726E8,object:em,counter,2726E8,6,1,int,
272717,object:em,float-expr,272717,8,4,float,
272749,object:em,counter,272749,6,1,int,
27278D,object:em,float-expr,27278D,8,4,float,
2727AE,object:em,counter,2727AE,6,1,int,
2727DD,object:em,float-expr,2727DD,8,4,float,
27282E,object:em,float-expr,27282E,8,4,float,
272B1C,object:em,call,272B1C,8,4,float,
272F28,object:em,float-step,272F28,8,4,float,
272F65,object:em,float-step,272F65,8,4,float,
272FE3,object:em,phase-wrap,272FE3,8,4,float,
2733E7,object:em,counter,2733E7,6,1,int,
239441,object:em,multiplier,239441,8,4,float,
273626,object:em,counter,273626,6,1,int,
27369F,object:em,counter,27369F,6,1,int,
273CCA,object:em,counter,273CCA,6,1,int,
273E64,object:em,int-step,273E64,8,2,int,
273E84,object:em,int-step,273E84,8,2,int,
273E8E,object:em,int-step,273E8E,8,2,int,
274172,object:em,counter,274172,6,1,int,
274D03,object:em,counter,274D03,6,1,int,
274D25,object:em,float-step,274D25,8,4,float,
274FED,object:em,counter,274FED,6,1,int,
275003,object:em,counter,275003,6,1,int,
275103,object:em,counter,275103,7,2,int,
275221,object:em,counter,275221,6,1,int,
2753B0,object:em,counter,2753B0,6,1,int,
2753E8,object:em,counter,2753E8,6,1,int,
2754A4,object:em,counter,2754A4,6,1,int,
2754BA,object:em,counter,2754BA,6,1,int,
2755A6,object:em,counter,2755A6,6,1,int,
2755E5,object:em,counter,2755E5,6,1,int,
2755EF,object:em,counter,2755EF,6,1,int,
275724,object:em,counter,275724,6,1,int,
275850,object:em,counter,275850,6,1,int,
27593A,object:em,counter,27593A,6,1,int,
2759C6,object:em,counter,2759C6,6,1,int,
275A6C,object:em,counter,275A6C,6,1,int,
275B9E,object:em,counter,275B9E,6,1,int,
275BC2,object:em,counter,275BC2,6,1,int,
275C0C,object:em,counter,275C0C,6,1,int,
275C3D,object:em,counter,275C3D,6,1,int,
275C63,object:em,float-expr,275C63,8,4,float,
275CBA,object:em,counter,275CBA,6,1,int,
275CE3,object:em,counter,275CE3,7,2,int,
275D96,object:em,counter,275D96,6,1,int,
275E73,object:em,counter,275E73,6,1,int,
275F81,object:em,counter,275F81,6,1,int,
2760B0,object:em,counter,2760B0,6,1,int,
276284,object:em,counter,276284,7,2,int,
27631A,object:em,counter,27631A,7,2,int,
276500,object:em,multiplier,276500,8,4,float,
276508,object:em,multiplier,276508,6,4,float,
2766C3,object:em,float-expr,2766BF,8,4,float,
2766DB,object:em,float-expr,2766DB,5,4,float,
276719,object:em,float-expr,276719,8,4,float,
2767C2,object:em,counter,2767C2,6,1,int,
2767EF,object:em,counter,2767EF,6,1,int,
2768A6,object:em,phase-wrap,2768A6,8,4,float,
276948,object:em,counter,276948,6,1,int,
27695E,object:em,counter,27695E,6,1,int,
276A12,object:em,counter,276A12,6,1,int,
276A3A,object:em,counter,276A3A,6,1,int,
276B00,object:em,counter,276B00,6,1,int,
276B6C,object:em,phase-wrap,276B6C,8,4,float,
276BE8,object:em,counter,276BE8,6,1,int,
276CF8,object:em,counter,276CF8,7,2,int,
276E5D,object:em,counter,276E5D,6,1,int,
276E73,object:em,counter,276E73,6,1,int,
276EF2,object:em,counter,276EF2,6,1,int,
276F0F,object:em,counter,276F0F,6,1,int,
276F19,object:em,counter,276F19,6,1,int,
276FEA,object:em,multiplier,276FEA,12,4,float,
276FF2,object:em,multiplier,276FEA,12,4,float,
2770E6,object:em,counter,2770E6,7,2,int,
2770FB,object:em,counter,2770FB,7,2,int,
277148,object:em,counter,277148,6,1,int,
2774AD,object:em,phase-wrap,2774AD,8,4,float,
277582,object:em,counter,277582,6,1,int,
277825,object:em,counter,277825,6,1,int,
27782B,object:em,counter,27782B,6,1,int,
277841,object:em,counter,277841,6,1,int,
27787C,object:em,counter,27787C,6,1,int,
2778B7,object:em,counter,2778B7,6,1,int,
2778F5,object:em,counter,2778F5,6,1,int,
277941,object:em,counter,277941,6,1,int,
277A90,object:em,counter,277A90,6,1,int,
277AA2,object:em,counter,277AA2,6,1,int,
277BBC,object:em,counter,277BBC,6,1,int,
277BD2,object:em,counter,277BD2,6,1,int,
277C19,object:em,counter,277C19,6,1,int,
277CA9,object:em,multiplier,277CA9,12,4,float,
277CB1,object:em,multiplier,277CA9,12,4,float,
277D02,object:em,float-expr,277CFE,8,4,float,
277D1A,object:em,float-expr,277D1A,5,4,float,
277DAC,object:em,counter,277DAC,6,1,int,
277EA3,object:em,counter,277EA3,6,1,int,
278008,object:em,counter,278008,6,1,int,
27800E,object:em,counter,27800E,6,1,int,
278163,object:em,counter,278163,6,1,int,
278179,object:em,counter,278179,6,1,int,
2781FD,object:em,counter,2781FD,6,1,int,
278305,object:em,counter,278305,6,1,int,
278408,object:em,counter,278408,6,1,int,
278436,object:em,counter,278436,6,1,int,
27853B,object:em,counter,27853B,6,1,int,
278605,object:em,counter,278605,6,1,int,
27861B,object:em,counter,27861B,6,1,int,
2786FF,object:em,counter,2786FF,6,1,int,
2787B5,object:em,counter,2787B5,7,2,int,
27881C,object:em,counter,27881C,7,2,int,
278888,object:em,counter,278888,6,1,int,
27898C,object:em,counter,27898C,6,1,int,
278992,object:em,counter,278992,6,1,int,
278D8B,object:em,int-expr,278D8B,8,4,int,
278E16,object:em,int-expr,278E16,6,4,int,
2790AE,object:em,counter,2790AE,6,1,int,
27A4B8,object:em,float-step,27A4B8,8,4,float,
27A4F6,object:em,float-step,27A4F6,8,4,float,
27A540,object:em,float-step,27A540,8,4,float,
27A573,object:em,float-step,27A573,8,4,float,
27A825,object:em,counter,27A825,6,1,int,
27AD9D,object:em,counter,27AD9D,6,4,int,
27B05C,object:em,counter,27B05C,6,4,int,
27B6B8,object:em,float-expr,27B6B8,8,4,float,
27B71C,object:em,float-expr,27B71C,8,4,float,
27B879,object:em,float-expr,27B879,8,4,float,
27B8AD,object:em,multiplier,27B8AD,8,4,float,
27BA11,object:em,counter,27BA11,6,4,int,
27BA45,object:em,counter,27BA45,6,4,int,
27BA54,object:em,counter,27BA54,6,4,int,
27BC14,object:em,counter,27BC14,6,4,int,
27BE73,object:em,float-expr,27BE73,8,4,float,
27BF38,object:em,counter,27BF38,6,1,int,
27D227,object:em,counter,27D227,6,4,int,
27D5C8,object:em,counter,27D5C8,6,1,int,
27DA0E,object:em,float-step,27DA0E,8,4,float,
27E325,object:em,float-expr,27E325,8,4,float,
2800C3,object:em,counter,2800C3,6,1,int,
280D3C,object:em,phase-wrap,280D3C,8,4,float,
280D60,object:em,phase-wrap,280D60,8,4,float,
280D84,object:em,phase-wrap,280D84,8,4,float,
280DA8,object:em,phase-wrap,280DA8,8,4,float,
280DC8,object:em,phase-wrap,280DC8,8,4,float,
280DE1,object:em,phase-wrap,280DE1,8,4,float,
280E05,object:em,phase-wrap,280E05,8,4,float,
280E31,object:em,phase-wrap,280E31,8,4,float,
280E4F,object:em,phase-wrap,280E4F,8,4,float,
280F9C,object:em,phase-wrap,280F9C,8,4,float,
280FD6,object:em,phase-wrap,280FD6,8,4,float,
28101F,object:em,phase-wrap,28101F,8,4,float,
281057,object:em,phase-wrap,281057,8,4,float,
28107E,object:em,counter,28107E,6,1,int,
28109F,object:em,counter,28109F,7,1,int,
2810C2,object:em,counter,2810C2,6,1,int,
2810E3,object:em,counter,2810E3,6,1,int,
2810F5,object:em,float-expr,2810F5,8,4,float,
281115,object:em,counter,281115,6,1,int,
281239,object:em,phase-wrap,281239,8,4,float,
281259,object:em,phase-wrap,281259,8,4,float,
281279,object:em,phase-wrap,281279,8,4,float,
2812A5,object:em,phase-wrap,2812A5,8,4,float,
2812C3,object:em,phase-wrap,2812C3,8,4,float,
281934,object:em,call,281934,7,8,int,
281B3A,object:em,float-expr,281B3A,5,4,float,
2824A4,object:em,counter,2824A4,11,1,int,
2824C1,object:em,multiplier,2824C1,5,4,float,
2824C6,object:em,multiplier,2824C6,5,4,float,
2824CB,object:em,multiplier,2824CB,5,4,float,
2824EE,object:em,multiplier,2824EE,5,4,float,
2824F3,object:em,multiplier,2824F3,5,4,float,
2824F8,object:em,multiplier,2824F8,5,4,float,
282752,object:em,float-expr,282752,5,4,float,
282760,object:em,float-expr,282760,5,4,float,
28276E,object:em,float-expr,28276E,5,4,float,
282949,object:em,lerp,282949,8,4,float,
2829FB,object:em,lerp,2829FB,8,4,float,
283771,object:em,float-expr,283771,8,4,float,
28378D,object:em,float-expr,28378D,8,4,float,
2837DD,object:em,phase-wrap,2837DD,8,4,float,
2845DB,object:em,counter,2845DB,6,1,int,
285387,object:em,int-expr,285387,6,4,int,
28538D,object:em,int-expr,28538D,6,4,int,
28571A,object:em,counter,28571A,6,1,int,
285956,object:em,counter,285956,6,1,int,
285DE1,object:em,counter,285DE1,6,1,int,
285E60,object:em,counter,285E60,6,1,int,
285EA0,object:em,counter,285EA0,6,1,int,
285F6E,object:em,counter,285F6E,6,1,int,
285FB5,object:em,float-expr,285FB5,8,4,float,
28605A,object:em,counter,28605A,6,1,int,
2860A1,object:em,float-expr,2860A1,8,4,float,
286179,object:em,counter,286179,6,1,int,
286436,object:em,float-step,286436,5,4,float,
28643B,object:em,counter,28643B,6,1,int,
286507,object:em,counter,286507,6,1,int,
286559,object:em,call,286559,8,4,float,
286610,object:em,float-step,286610,9,4,float,
2866DA,object:em,float-expr,2866DA,9,4,float,
286755,object:em,float-expr,286755,9,4,float,
28689E,object:em,call,28689E,9,4,float,
2868C1,object:em,phase-wrap,2868C1,9,4,float,
286A94,object:em,counter,286A94,7,1,int,
286ACA,object:em,float-expr,286ACA,9,4,float,
286AD5,object:em,counter,286AD5,7,1,int,
286B29,object:em,phase-wrap,286B29,9,4,float,
286B8F,object:em,float-expr,286B8F,9,4,float,
286BB7,object:em,float-expr,286BB7,5,4,float,
286BDB,object:em,phase-wrap,286BDB,9,4,float,
286DE2,object:em,counter,286DE2,6,1,int,
286E4B,object:em,float-expr,286E4B,8,4,float,
286FC3,object:em,counter,286FC3,6,1,int,
286FD9,object:em,counter,286FD9,6,1,int,
28702A,object:em,counter,28702A,6,1,int,
287101,object:em,float-expr,287101,5,4,float,
287123,object:em,phase-wrap,287123,8,4,float,
287176,object:em,counter,287176,6,1,int,
2876F2,object:em,counter,2876F2,6,1,int,
287738,object:em,float-expr,287738,8,4,float,
287D48,object:em,float-expr,287D48,8,4,float,
287E6A,object:em,counter,287E6A,6,1,int,
287E8E,object:em,counter,287E8E,6,1,int,
287ED3,object:em,counter,287ED3,6,1,int,
287EF3,object:em,counter,287EF3,6,1,int,
287F51,object:em,counter,287F51,6,1,int,
288005,object:em,counter,288005,6,1,int,
288022,object:em,counter,288022,6,1,int,
28807A,object:em,counter,28807A,6,1,int,
28809A,object:em,counter,28809A,6,1,int,
2880EC,object:em,counter,2880EC,6,1,int,
2881F5,object:em,int-expr,2881F5,7,2,int,
28897C,object:em,counter,28897C,6,1,int,
288EB2,object:em,counter,288EB2,6,1,int,
288EE4,object:em,counter,288EE4,7,2,int,
2897D7,object:em,float-expr,2897D7,8,4,float,
2897F1,object:em,multiplier,2897F1,8,4,float,
2897F9,object:em,counter,2897F9,6,1,int,
289AF9,object:em,float-expr,289AF9,8,4,float,
289D8F,object:em,counter,289D8F,6,1,int,
289E87,object:em,counter,289E87,6,1,int,
289EE8,object:em,counter,289EE8,6,1,int,
289F98,object:em,counter,289F98,6,1,int,
28A114,object:em,counter,28A114,6,1,int,
28A1AF,object:em,counter,28A1AF,6,1,int,
28A27B,object:em,counter,28A27B,6,1,int,
28A3C7,object:em,counter,28A3C7,6,1,int,
28A47C,object:em,counter,28A47C,6,1,int,
28A523,object:em,counter,28A523,6,1,int,
28A546,object:em,float-expr,28A546,8,4,float,
28A5D7,object:em,counter,28A5D7,6,1,int,
28A763,object:em,counter,28A763,6,1,int,
28A779,object:em,counter,28A779,6,1,int,
28A7F7,object:em,counter,28A7F7,6,1,int,
28A852,object:em,counter,28A852,7,2,int,
28A8ED,object:em,counter,28A8ED,6,1,int,
28A9FB,object:em,counter,28A9FB,6,1,int,
28AA4A,object:em,counter,28AA4A,7,2,int,
28ACA2,object:em,counter,28ACA2,6,1,int,
28ADD8,object:em,counter,28ADD8,6,1,int,
28AF6F,object:em,counter,28AF6F,6,1,int,
28AFAA,object:em,counter,28AFAA,6,1,int,
28AFC5,object:em,float-expr,28AFC5,8,4,float,
28B104,object:em,counter,28B104,6,1,int,
28B231,object:em,counter,28B231,6,1,int,
28B361,object:em,counter,28B361,6,1,int,
28B49E,object:em,counter,28B49E,6,1,int,
28B4BC,object:em,counter,28B4BC,7,2,int,
28B5CD,object:em,counter,28B5CD,6,1,int,
28B607,object:em,counter,28B607,7,2,int,
28B7CE,object:em,phase-wrap,28B7CE,8,4,float,
28B7DB,object:em,counter,28B7DB,6,1,int,
28B801,object:em,counter,28B801,6,1,int,
28B84C,object:em,counter,28B84C,6,1,int,
28B886,object:em,counter,28B886,6,1,int,
28B88E,object:em,counter,28B88E,6,1,int,
28B8F1,object:em,counter,28B8F1,6,1,int,
28B9EF,object:em,float-step,28B9EF,5,4,float,
28B9FD,object:em,counter,28B9FD,6,1,int,
28BCF7,object:em,counter,28BCF7,6,1,int,
28BF0C,object:em,counter,28BF0C,6,1,int,
28BFCF,object:em,counter,28BFCF,6,1,int,
28C083,object:em,counter,28C083,6,1,int,
28C28E,object:em,counter,28C28E,6,1,int,
28C2C5,object:em,counter,28C2C5,6,1,int,
28C2CF,object:em,counter,28C2CF,6,1,int,
28C375,object:em,counter,28C375,6,1,int,
28C3EF,object:em,counter,28C3EF,6,1,int,
28C69D,object:em,counter,28C69D,6,1,int,
28C843,object:em,float-expr,28C843,8,4,float,
28C959,object:em,counter,28C959,6,1,int,
28C99B,object:em,float-expr,28C99B,8,4,float,
28CBB0,object:em,counter,28CBB0,6,1,int,
28CC32,object:em,counter,28CC32,6,1,int,
28CD0A,object:em,counter,28CD0A,6,1,int,
28CE11,object:em,counter,28CE11,6,1,int,
28CF61,object:em,float-expr,28CF61,8,4,float,
28D10D,object:em,counter,28D10D,6,1,int,
28D210,object:em,counter,28D210,6,1,int,
28D25C,object:em,float-step,28D25C,5,4,float,
28D28C,object:em,float-expr,28D28C,5,4,float,
28D2AE,object:em,phase-wrap,28D2AE,8,4,float,
28D2CD,object:em,counter,28D2CD,6,1,int,
28D2D7,object:em,counter,28D2D7,6,1,int,
28D417,object:em,counter,28D417,6,1,int,
28D6F6,object:em,counter,28D6F6,6,1,int,
28D735,object:em,float-step,28D735,5,4,float,
28D765,object:em,float-expr,28D765,5,4,float,
28D787,object:em,phase-wrap,28D787,8,4,float,
28D7A2,object:em,multiplier,28D7A2,8,4,float,
28D7DB,object:em,counter,28D7DB,6,1,int,
28D949,object:em,multiplier,28D949,8,4,float,
28D956,object:em,counter,28D956,6,1,int,
28D9DE,object:em,multiplier,28D9DE,8,4,float,
28DACF,object:em,counter,28DACF,6,1,int,
28DB48,object:em,counter,28DB48,6,1,int,
28DB8D,object:em,float-expr,28DB8D,5,4,float,
28DBB2,object:em,phase-wrap,28DBB2,8,4,float,
28DBCD,object:em,counter,28DBCD,6,1,int,
28DC94,object:em,counter,28DC94,6,1,int,
28DCC1,object:em,counter,28DCC1,6,1,int,
28DD2F,object:em,counter,28DD2F,6,1,int,
28DE7B,object:em,counter,28DE7B,6,1,int,
28DED6,object:em,counter,28DED6,6,1,int,
28DFE3,object:em,counter,28DFE3,6,1,int,
28E1C9,object:em,counter,28E1C9,6,1,int,
28E22B,object:em,counter,28E22B,6,1,int,
28E255,object:em,counter,28E255,7,2,int,
28E337,object:em,counter,28E337,6,1,int,
28E35D,object:em,counter,28E35D,6,1,int,
28E42D,object:em,counter,28E42D,6,1,int,
28E778,object:em,counter,28E778,6,1,int,
28E7C8,object:em,phase-wrap,28E7C8,8,4,float,
28E93F,object:em,counter,28E93F,6,1,int,
28ED35,object:em,int-expr,28ED35,7,2,int,
28F343,object:em,counter,28F343,6,1,int,
28F8E6,object:em,counter,28F8E6,6,1,int,
28F93B,object:em,float-expr,28F93B,8,4,float,
28FA2C,object:em,counter,28FA2C,6,1,int,
28FA58,object:em,float-expr,28FA58,8,4,float,
28FB5D,object:em,counter,28FB5D,6,1,int,
28FBE5,object:em,counter,28FBE5,6,1,int,
28FC08,object:em,float-expr,28FC08,8,4,float,
28FC3A,object:em,counter,28FC3A,6,1,int,
28FC9C,object:em,counter,28FC9C,6,1,int,
28FD23,object:em,float-expr,28FD23,8,4,float,
28FDAC,object:em,counter,28FDAC,6,1,int,
2906B8,object:em,counter,2906B8,6,1,int,
290B45,object:em,counter,290B45,6,1,int,
290BA2,object:em,counter,290BA2,6,1,int,
290C5A,object:em,counter,290C5A,6,1,int,
290C7D,object:em,float-expr,290C7D,8,4,float,
290D19,object:em,counter,290D19,6,1,int,
290E56,object:em,counter,290E56,6,1,int,
290E86,object:em,float-expr,290E86,8,4,float,
290F7B,object:em,counter,290F7B,6,1,int,
2911B3,object:em,counter,2911B3,6,1,int,
291202,object:em,float-step,291202,5,4,float,
291232,object:em,float-expr,291232,5,4,float,
291254,object:em,phase-wrap,291254,8,4,float,
29126F,object:em,multiplier,29126F,8,4,float,
2912A8,object:em,counter,2912A8,6,1,int,
2914A6,object:em,counter,2914A6,6,1,int,
291994,object:em,counter,291994,6,1,int,
291AA8,object:em,phase-wrap,291AA8,8,4,float,
291B60,object:em,float-expr,291B60,8,4,float,
291C2E,object:em,float-step,291C2E,5,4,float,
291C3A,object:em,counter,291C3A,6,1,int,
291C71,object:em,float-expr,291C71,8,4,float,
291D29,object:em,counter,291D29,6,1,int,
291EBC,object:em,float-expr,291EBC,8,4,float,
291EDB,object:em,float-expr,291EDB,8,4,float,
291FE0,object:em,call,291FE0,8,4,float,
292013,object:em,phase-wrap,292013,8,4,float,
29284F,object:em,counter,29284F,6,1,int,
292B5E,object:em,float-step,292B5E,8,4,float,
292BD9,object:em,float-step,292BD9,8,4,float,
292CC2,object:em,float-step,292CC2,8,4,float,
292D16,object:em,float-expr,292D16,8,4,float,
293339,object:em,counter,293339,6,4,int,
293583,object:em,float-expr,293583,8,4,float,
2935FA,object:em,float-expr,2935FA,8,4,float,
293770,object:em,counter,293770,6,4,int,
294143,object:em,phase-wrap,294143,8,4,float,
294180,object:em,phase-wrap,294180,8,4,float,
29422A,object:em,float-expr,29422A,8,4,float,
2942C0,object:em,phase-wrap,2942C0,8,4,float,
294305,object:em,phase-wrap,294305,8,4,float,
294477,object:em,float-expr,294477,8,4,float,
2945B4,object:em,float-expr,2945B4,8,4,float,
294825,object:em,phase-wrap,294825,8,4,float,
294AE0,object:em,call,294AE0,8,4,float,
294B85,object:em,call,294B85,8,4,float,
2956A0,object:em,counter,2956A0,6,1,int,
29687B,object:em,phase-wrap,29687B,8,4,float,
296FB6,object:em,counter,296FB6,6,1,int,
297988,object:em,phase-wrap,297988,8,4,float,
297C46,object:em,counter,297C46,6,1,int,
298201,object:em,multiplier,298201,8,4,float,
298442,object:em,counter,298442,6,1,int,
2984F1,object:em,multiplier,2984F1,8,4,float,
2993C4,object:em,multiplier,2993C4,8,4,float,
2993D5,object:em,float-expr,2993D5,8,4,float,
2993EE,object:em,float-step,2993EE,8,4,float,
299511,object:em,phase-wrap,299511,8,4,float,
2995D2,object:em,float-step,2995D2,8,4,float,
299630,object:em,multiplier,299630,8,4,float,
299641,object:em,float-expr,299641,8,4,float,
29965A,object:em,float-step,29965A,8,4,float,
2996A6,object:em,multiplier,2996A6,8,4,float,
2996BB,object:em,float-step,2996BB,8,4,float,
2996D4,object:em,float-step,2996D4,8,4,float,
299705,object:em,phase-wrap,299705,8,4,float,
299B20,object:em,float-expr,299B20,8,4,float,
299B93,object:em,multiplier,299B93,8,4,float,
299C30,object:em,float-step,299C30,8,4,float,
299C42,object:em,float-expr,299C42,8,4,float,
29A141,object:em,multiplier,29A141,8,4,float,
29A15D,object:em,float-expr,29A15D,8,4,float,
29A465,object:em,float-step,29A465,8,4,float,
29A4BC,object:em,multiplier,29A4BC,8,4,float,
29A4CD,object:em,float-expr,29A4CD,8,4,float,
29A4E6,object:em,float-step,29A4E6,8,4,float,
29A794,object:em,phase-wrap,29A794,8,4,float,
29A950,object:em,counter,29A950,6,1,int,
29B203,object:em,call,,,,,branch target inside
29B330,object:em,float-expr,29B330,5,4,float,
29B54F,object:em,counter,29B54C,7,2,int,
29B642,object:em,multiplier,29B642,5,4,float,
29B66C,object:em,counter,29B669,6,1,int,
29D3F5,object:em,float-expr,29D3F5,8,4,float,
29D458,object:em,float-expr,29D458,5,4,float,
29D48F,object:em,float-expr,29D48F,5,4,float,
29D4CA,object:em,float-expr,29D4CA,5,4,float,
29D4E6,object:em,float-expr,29D4E6,8,4,float,
29DE75,object:em,counter,29DE75,6,1,int,
29E697,object:em,counter,29E697,6,1,int,
29EB56,object:em,float-expr,29EB56,5,4,float,
29EB8D,object:em,float-expr,29EB8D,5,4,float,
29EF4A,object:em,counter,29EF4A,6,1,int,
29F9DB,object:em,float-expr,29F9DB,8,4,float,
29FA01,object:em,float-expr,29FA01,8,4,float,
29FA82,object:em,float-step,29FA82,8,4,float,
29FAC0,object:em,float-step,29FAC0,8,4,float,
2A1395,object:em,counter,2A1395,6,1,int,
2A13FB,object:em,counter,2A13FB,6,1,int,
2A1425,object:em,counter,2A1425,7,1,int,
2A142E,object:em,counter,2A142E,6,1,int,
2A145F,object:em,float-expr,2A145F,8,4,float,
2A14C1,object:em,counter,2A14C1,6,1,int,
2A30FA,object:em,counter,2A30FA,6,1,int,
2A3BC6,object:em,counter,2A3BC6,6,1,int,
2A3BD9,object:em,float-step,2A3BD9,8,4,float,
2A3C07,object:em,counter,2A3C07,6,1,int,
2A3C79,object:em,counter,2A3C79,6,1,int,
2A3CA8,object:em,counter,2A3CA8,7,2,int,
2A3CC8,object:em,counter,2A3CC8,7,2,int,
2A3D54,object:em,counter,2A3D54,6,1,int,
2A3D7C,object:em,counter,2A3D7C,6,1,int,
2A3EA6,object:em,counter,2A3EA6,6,1,int,
2A3F97,object:em,float-expr,2A3F93,8,4,float,
2A3FB3,object:em,float-expr,2A3FB3,5,4,float,
2A411E,object:em,counter,2A411E,6,1,int,
2A416F,object:em,counter,2A416F,6,1,int,
2A41AB,object:em,counter,2A41AB,7,1,int,
2A42A0,object:em,counter,2A42A0,6,1,int,
2A4356,object:em,counter,2A4356,6,1,int,
2A4513,object:em,counter,2A4513,6,1,int,
2A451F,object:em,float-step,2A451F,8,4,float,
2A4537,object:em,counter,2A4537,6,1,int,
2A4590,object:em,counter,2A4590,6,1,int,
2A4718,object:em,counter,2A4718,6,1,int,
2A484B,object:em,counter,2A484B,6,1,int,
2A485E,object:em,float-step,2A485E,8,4,float,
2A4872,object:em,counter,2A4872,6,1,int,
2A4946,object:em,counter,2A4946,6,1,int,
2A495F,object:em,counter,2A495F,6,1,int,
2A4A1A,object:em,counter,2A4A1A,6,1,int,
2A4B14,object:em,counter,2A4B14,6,1,int,
2A6A44,object:em,phase-wrap,2A6A44,8,4,float,
2A7220,object:em,counter,2A7220,6,1,int,
2A7263,object:em,counter,2A7263,6,1,int,
2A7294,object:em,float-expr,2A7294,8,4,float,
2A72F3,object:em,counter,2A72F3,6,1,int,
2A735A,object:em,float-expr,2A735A,8,4,float,
2A7421,object:em,counter,2A7421,6,1,int,
2A7530,object:em,counter,2A7530,6,1,int,
2A7594,object:em,counter,2A7594,6,1,int,
2A75A6,object:em,counter,2A75A6,6,1,int,
2A769B,object:em,counter,2A769B,6,1,int,
2A76AE,object:em,float-step,2A76AE,8,4,float,
2A76C2,object:em,counter,2A76C2,6,1,int,
2A7799,object:em,counter,2A7799,6,1,int,
2A77B2,object:em,counter,2A77B2,6,1,int,
2A786D,object:em,counter,2A786D,6,1,int,
2A7886,object:em,counter,2A7886,6,1,int,
2A7941,object:em,counter,2A7941,6,1,int,
2A7A3B,object:em,counter,2A7A3B,6,1,int,
2A7CA1,object:em,float-step,2A7CA1,8,4,float,
2A7CA9,object:em,counter,2A7CA9,6,1,int,
2A7CCB,object:em,counter,2A7CCB,6,1,int,
2A7CFA,object:em,float-expr,2A7CFA,5,4,float,
2A7D1C,object:em,phase-wrap,2A7D1C,8,4,float,
2A7DD2,object:em,counter,2A7DD2,6,1,int,
2A7E28,object:em,counter,2A7E28,7,2,int,
2A7F03,object:em,counter,2A7F03,6,1,int,
2A80CF,object:em,counter,2A80CF,6,1,int,
2A810E,object:em,float-expr,2A810E,5,4,float,
2A8133,object:em,phase-wrap,2A8133,8,4,float,
2A8144,object:em,counter,2A8144,7,1,int,
2A8296,object:em,float-step,2A8296,8,4,float,
2A82AB,object:em,counter,2A82AB,6,1,int,
2A82E4,object:em,counter,2A82E4,6,1,int,
2A8313,object:em,float-expr,2A8313,5,4,float,
2A8338,object:em,phase-wrap,2A8338,8,4,float,
2A86D0,object:em,int-expr,2A86D0,6,4,int,
2A86DB,object:em,int-expr,2A86DB,6,4,int,
2A88B2,object:em,counter,2A88B2,6,1,int,
2A8B5E,object:em,float-step,2A8B5E,8,4,float,
2A8BF7,object:em,float-step,2A8BF7,8,4,float,
2A8C56,object:em,float-expr,2A8C56,8,4,float,
2A8FC2,object:em,counter,2A8FC2,6,1,int,
2A90B0,object:em,counter,2A90B0,6,4,int,
2A90DC,object:em,counter,2A90DC,6,4,int,
2A9128,object:em,counter,2A9128,6,4,int,
2A92BD,object:em,counter,2A92BD,6,4,int,
2AA21E,object:em,float-expr,2AA21E,8,4,float,
2AA282,object:em,float-expr,2AA282,8,4,float,
2AA909,object:em,float-expr,2AA909,8,4,float,
2AAABB,object:em,float-expr,2AAABB,8,4,float,
2AB1CC,object:em,counter,2AB1CC,6,4,int,
2AC366,object:em,counter,2AC366,6,4,int,
2ACC93,object:em,float-expr,2ACC93,8,4,float,
2AD0A2,object:em,lerp,2AD0A2,5,4,float,
2AD159,object:em,float-step,2AD159,5,4,float,
2AD7D3,object:em,float-expr,2AD7D3,5,4,float,
2AD866,object:em,float-expr,2AD866,8,4,float,
2ADFC8,object:em,counter,2ADFC8,6,1,int,
2AE627,object:em,multiplier,2AE627,9,4,float,
2AE638,object:em,multiplier,2AE638,5,4,float,
2AE63D,object:em,multiplier,2AE63D,5,4,float,
2AED0A,object:em,counter,2AED0A,6,4,int,
2AF1E7,object:em,counter,2AF1E7,6,1,int,
2AF54D,object:em,float-expr,2AF54D,8,4,float,
2AF561,object:em,counter,2AF561,6,1,int,
2AF58E,object:em,counter,2AF58E,6,1,int,
2AF692,object:em,float-expr,2AF692,8,4,float,
2AFDA0,object:em,counter,2AFDA0,6,4,int,
2AFF61,object:em,float-expr,2AFF61,8,4,float,
2B1829,object:em,counter,2B1829,6,1,int,
2B1EFA,object:em,multiplier,2B1EFA,8,4,float,
2B2B32,object:em,float-step,2B2B32,5,4,float,
2B31BB,object:em,float-expr,2B31BB,8,4,float,
2B4136,object:em,counter,2B4136,6,1,int,
2B4152,object:em,counter,2B4152,6,4,int,
2B46C4,object:em,call,2B46C4,7,8,int,
2B4845,object:em,float-expr,2B4845,5,4,float,
2B52D1,object:em,float-expr,2B52D1,8,4,float,
2B52ED,object:em,float-expr,2B52ED,8,4,float,
2B533D,object:em,phase-wrap,2B533D,8,4,float,
2B5444,object:em,multiplier,2B5444,8,4,float,
2B5466,object:em,multiplier,2B5466,8,4,float,
2B54B0,object:em,multiplier,2B54B0,8,4,float,
2B54B8,object:em,multiplier,2B54B8,8,4,float,
2B56B5,object:em,counter,2B56B5,6,4,int,
2B57ED,object:em,multiplier,2B57ED,5,4,float,
2B6435,object:em,float-expr,2B6435,8,4,float,
2B644D,object:em,float-expr,2B644D,8,4,float,
2B6477,object:em,float-expr,2B6477,8,4,float,
2B6497,object:em,counter,2B6497,6,4,int,
2B64A5,object:em,multiplier,2B64A5,8,4,float,
2B64B9,object:em,multiplier,2B64B9,8,4,float,
2B64C1,object:em,multiplier,2B64C1,8,4,float,
2B64D9,object:em,multiplier,2B64D9,8,4,float,
2B6758,object:em,float-expr,2B6758,8,4,float,
2B67AB,object:em,int-expr,2B67AB,7,2,int,
2B67BD,object:em,int-expr,2B67BD,6,4,int,
2B67C3,object:em,int-expr,2B67C3,7,2,int,
2B6C65,object:em,counter,2B6C65,6,1,int,
2B7BCC,object:em,counter,2B7BCC,6,1,int,
2B7BED,object:em,float-step,2B7BED,8,4,float,
2B7D14,object:em,counter,2B7D14,6,1,int,
2B7D26,object:em,counter,2B7D26,6,1,int,
2B7DD3,object:em,float-expr,2B7DD3,8,4,float,
2B8139,object:em,counter,2B8139,6,1,int,
2B8153,object:em,counter,2B8153,6,1,int,
2B8159,object:em,counter,2B8159,6,1,int,
2B8269,object:em,counter,2B8269,6,1,int,
2B83D6,object:em,counter,2B83D6,6,1,int,
2B841E,object:em,counter,2B841E,6,1,int,
2B85FC,object:em,multiplier,2B85F7,9,4,float,
2B8614,object:em,multiplier,2B8614,5,4,float,
2B8853,object:em,counter,2B8853,6,1,int,
2B88AD,object:em,float-expr,2B88AD,8,4,float,
2B8BF3,object:em,counter,2B8BF3,6,1,int,
2B8C20,object:em,float-expr,2B8C20,8,4,float,
2B8E78,object:em,float-expr,2B8E74,8,4,float,
2B8ED6,object:em,float-expr,2B8ED6,5,4,float,
2B8F7D,object:em,counter,2B8F7D,6,1,int,
2B9152,object:em,counter,2B9152,6,1,int,
2B928F,object:em,counter,2B928F,6,1,int,
2B93D7,object:em,counter,2B93D7,6,1,int,
2B93F3,object:em,counter,2B93F3,7,2,int,
2B94A5,object:em,counter,2B94A5,6,1,int,
2B9743,object:em,counter,2B9743,6,1,int,
2B9759,object:em,counter,2B9759,6,1,int,
2B97C0,object:em,counter,2B97C0,6,1,int,
2B97E9,object:em,counter,2B97E9,7,2,int,
2B98A3,object:em,counter,2B98A3,6,1,int,
2B9A2A,object:em,counter,2B9A2A,6,1,int,
2B9A53,object:em,counter,2B9A53,7,2,int,
2B9B04,object:em,float-expr,2B9B04,8,4,float,
2B9C01,object:em,float-expr,2B9C01,8,4,float,
2B9CC4,object:em,counter,2B9CC4,6,1,int,
2B9D66,object:em,float-expr,2B9D66,8,4,float,
2B9E11,object:em,counter,2B9E11,6,1,int,
2B9EAF,object:em,float-expr,2B9EAF,8,4,float,
2BA072,object:em,counter,2BA072,6,1,int,
2BA1FF,object:em,counter,2BA1FF,6,1,int,
2BA392,object:em,counter,2BA392,6,1,int,
2BA538,object:em,int-step,2BA538,7,2,int,
2BA54A,object:em,counter,2BA54A,6,1,int,
2BA550,object:em,counter,2BA550,6,1,int,
2BA59B,object:em,counter,2BA59B,6,1,int,
2BA613,object:em,int-expr,2BA613,7,2,int,
2BA61A,object:em,counter,2BA61A,6,1,int,
2BA63C,object:em,counter,2BA63C,7,2,int,
2BA80F,object:em,counter,2BA80F,6,1,int,
2BA929,object:em,counter,2BA929,6,1,int,
2BAB7F,object:em,int-step,2BAB7F,7,2,int,
2BAB8F,object:em,counter,2BAB8F,6,1,int,
2BABDB,object:em,counter,2BABDB,6,1,int,
2BABF1,object:em,counter,2BABF1,6,1,int,
2BAC40,object:em,counter,2BAC40,6,1,int,
2BAC7B,object:em,counter,2BAC7B,6,1,int,
2BAD5A,object:em,counter,2BAD5A,6,1,int,
2BAF68,object:em,counter,2BAF68,7,1,int,
2BAFB9,object:em,counter,2BAFB9,6,1,int,
2BAFE9,object:em,counter,2BAFE9,6,1,int,
2BB037,object:em,counter,2BB037,6,1,int,
2BB097,object:em,counter,2BB097,6,1,int,
2BB0A1,object:em,counter,2BB0A1,6,1,int,
2BB0B4,object:em,counter,2BB0B4,7,2,int,
2BB177,object:em,counter,2BB177,6,1,int,
2BB2ED,object:em,int-step,2BB2ED,7,2,int,
2BB2FD,object:em,counter,2BB2FD,6,1,int,
2BB303,object:em,counter,2BB303,6,1,int,
2BB320,object:em,counter,2BB320,6,1,int,
2BB3EE,object:em,counter,2BB3EE,6,1,int,
2BB4C0,object:em,counter,2BB4C0,6,1,int,
2BB631,object:em,int-step,2BB631,7,2,int,
2BB641,object:em,counter,2BB641,6,1,int,
2BB647,object:em,counter,2BB647,6,1,int,
2BB66D,object:em,counter,2BB66D,6,1,int,
2BB6EE,object:em,counter,2BB6EE,6,1,int,
2BB719,object:em,counter,2BB719,6,1,int,
2BB723,object:em,counter,2BB723,6,1,int,
2BB8C9,object:em,counter,2BB8C9,6,1,int,
2BBA0D,object:em,counter,2BBA0D,6,1,int,
2BBB33,object:em,int-step,2BBB33,7,2,int,
2BBB43,object:em,counter,2BBB43,6,1,int,
2BBB49,object:em,counter,2BBB49,6,1,int,
2BBB5F,object:em,counter,2BBB5F,6,1,int,
2BBE15,object:em,counter,2BBE15,6,1,int,
2BBEBA,object:em,counter,2BBEBA,6,1,int,
2BC05D,object:em,int-step,2BC05D,7,2,int,
2BC06D,object:em,counter,2BC06D,6,1,int,
2BC0B9,object:em,counter,2BC0B9,6,1,int,
2BC0CF,object:em,counter,2BC0CF,6,1,int,
2BC118,object:em,counter,2BC118,6,1,int,
2BC38A,object:em,counter,2BC38A,6,1,int,
2BC65B,object:em,float-expr,2BC65B,8,4,float,
2BCF67,object:em,counter,2BCF67,6,1,int,
2BCFE3,object:em,float-expr,2BCFE3,8,4,float,
2BD259,object:em,call,2BD259,8,4,float,
2BD2BA,object:em,call,2BD2BA,8,4,float,
2BD39D,object:em,call,2BD39D,8,4,float,
2BD3E5,object:em,call,2BD3E5,8,4,float,
2BD963,object:em,float-step,2BD95E,9,4,float,
2BEC33,object:em,counter,2BEC33,6,1,int,
2BEC6C,object:em,float-step,2BEC6C,8,4,float,
2BEC84,object:em,float-step,2BEC84,8,4,float,
2BEC8C,object:em,float-step,2BEC8C,8,4,float,
2BEC9C,object:em,counter,2BEC9C,6,1,int,
2BECD7,object:em,counter,2BECD7,6,1,int,
2BED6C,object:em,counter,2BED6C,6,1,int,
2BF16F,object:em,counter,2BF16F,6,1,int,
2BF1BF,object:em,counter,2BF1BF,6,1,int,
2BF1E5,object:em,counter,2BF1E5,6,1,int,
2BF1FE,object:em,float-expr,2BF1FE,8,4,float,
2BF249,object:em,counter,2BF249,7,2,int,
2BF2DF,object:em,counter,2BF2DF,7,2,int,
2BF341,object:em,float-expr,2BF341,8,4,float,
2BF47A,object:em,counter,2BF47A,6,1,int,
2BF68D,object:em,counter,2BF68D,7,2,int,
2BF74D,object:em,counter,2BF74D,6,1,int,
2BFB7D,object:em,int-expr,2BFB7D,6,4,int,
2BFB83,object:em,int-expr,2BFB83,6,4,int,
2BFBA2,object:em,float-expr,2BFBA2,8,4,float,
2BFEC8,object:em,float-step,2BFEC8,8,4,float,
2C002C,object:em,counter,2C002C,6,1,int,
2C025B,object:em,float-step,2C025B,8,4,float,
2C02C2,object:em,float-step,2C02C2,8,4,float,
2C02E9,object:em,float-expr,2C02E9,8,4,float,
2C0367,object:em,float-step,2C0367,8,4,float,
2C04BA,object:em,float-step,2C04BA,8,4,float,
2C052B,object:em,float-step,2C052B,8,4,float,
2C058C,object:em,float-expr,2C058C,8,4,float,
2C05A9,object:em,float-expr,2C05A9,8,4,float,
2C068D,object:em,float-expr,2C068D,8,4,float,
2C0697,object:em,counter,2C0697,6,1,int,
2C06B8,object:em,float-expr,2C06B8,8,4,float,
2C0C8C,object:em,counter,2C0C8C,6,4,int,
2C1ACE,object:em,float-expr,2C1ACE,8,4,float,
2C1AD6,object:em,float-expr,2C1AD6,8,4,float,
2C1BE5,object:em,float-expr,2C1BE5,8,4,float,
2C1FEE,object:em,float-step,2C1FEE,8,4,float,
2C2006,object:em,float-expr,2C2006,5,4,float,
2C21A1,object:em,float-expr,2C21A1,8,4,float,
2C29AD,object:em,multiplier,2C29AD,8,4,float,
2C29C9,object:em,multiplier,2C29C9,8,4,float,
2C29D1,object:em,multiplier,2C29D1,8,4,float,
2C353E,object:em,counter,2C353E,6,1,int,
2C41C0,object:em,multiplier,2C41C0,8,4,float,
2C42B4,object:em,float-expr,2C42B0,8,4,float,
2C42CC,object:em,float-expr,2C42CC,5,4,float,
2C42ED,object:em,float-expr,2C42ED,5,4,float,
2C439D,object:em,float-expr,2C4399,8,4,float,
2C43B5,object:em,float-expr,2C43B5,5,4,float,
2C43D6,object:em,float-expr,2C43D6,5,4,float,
2C4498,object:em,float-expr,2C4494,8,4,float,
2C44B0,object:em,float-expr,2C44B0,5,4,float,
2C44D1,object:em,float-expr,2C44D1,5,4,float,
2C458E,object:em,float-expr,2C458A,8,4,float,
2C45A6,object:em,float-expr,2C45A6,5,4,float,
2C45C7,object:em,float-expr,2C45C7,5,4,float,
2C473F,object:em,counter,2C473F,6,4,int,
2C49F6,object:em,multiplier,2C49F6,8,4,float,
2C4AD7,object:em,float-expr,2C4AD3,8,4,float,
2C4AEF,object:em,float-expr,2C4AEF,5,4,float,
2C4B10,object:em,float-expr,2C4B10,5,4,float,
2C4BB2,object:em,float-expr,2C4BAE,8,4,float,
2C4BCA,object:em,float-expr,2C4BCA,5,4,float,
2C4BEB,object:em,float-expr,2C4BEB,5,4,float,
2C4C9F,object:em,float-expr,2C4C9B,8,4,float,
2C4CBF,object:em,float-expr,2C4CBF,5,4,float,
2C4DCA,object:em,float-expr,2C4DC6,8,4,float,
2C4DE2,object:em,float-expr,2C4DE2,5,4,float,
2C4E03,object:em,float-expr,2C4E03,5,4,float,
2C5671,object:em,counter,2C5671,6,1,int,
2C57BB,object:em,multiplier,2C57BB,8,4,float,
2C5808,object:em,multiplier,2C5808,8,4,float,
2C594E,object:em,multiplier,2C594E,8,4,float,
2C5B40,object:em,counter,2C5B40,6,1,int,
2C5D26,object:em,float-expr,2C5D26,5,4,float,
2C5F06,object:em,multiplier,2C5F06,8,4,float,
2C6875,object:em,float-expr,2C6875,8,4,float,
2C689A,object:em,multiplier,2C689A,8,4,float,
2C6D2C,object:em,float-expr,2C6D2C,8,4,float,
2C6D51,object:em,multiplier,2C6D51,8,4,float,
2C71C6,object:em,multiplier,2C71C6,8,4,float,
2C7631,object:em,multiplier,2C7631,8,4,float,
2C789F,object:em,counter,2C789F,6,4,int,
2C7BA8,object:em,multiplier,2C7BA8,8,4,float,
2C7D1E,object:em,multiplier,2C7D1E,8,4,float,
2C7ECE,object:em,multiplier,2C7ECE,8,4,float,
2C817E,object:em,multiplier,2C817E,8,4,float,
2C84D4,object:em,counter,2C84D4,6,1,int,
2C8804,object:em,float-step,2C8804,8,4,float,
2C88BD,object:em,multiplier,2C88BD,8,4,float,
2C8A47,object:em,counter,2C8A47,6,1,int,
2C9194,object:em,float-expr,2C9194,8,4,float,
2C9381,object:em,float-expr,2C9381,8,4,float,
2C939D,object:em,float-expr,2C939D,8,4,float,
2C93ED,object:em,phase-wrap,2C93ED,8,4,float,
2CA8C2,object:em,int-expr,2CA8C2,6,4,int,
2CAA3C,object:em,counter,2CAA3C,6,1,int,
2CAA6F,object:em,float-expr,2CAA6F,8,4,float,
2CAB99,object:em,float-expr,2CAB99,8,4,float,
2CABFB,object:em,float-expr,2CABFB,8,4,float,
2CAC12,object:em,float-expr,2CAC12,8,4,float,
2CAF7F,object:em,counter,2CAF7F,6,1,int,
2CB042,object:em,float-expr,2CB042,8,4,float,
2CB136,object:em,float-expr,2CB136,8,4,float,
2CB504,object:em,counter,2CB504,6,1,int,
2CBFCD,object:em,counter,2CBFCD,6,1,int,
2CBFF2,object:em,float-step,2CBFF2,8,4,float,
2CCA40,object:em,counter,2CCA40,6,1,int,
2CCA8E,object:em,float-expr,2CCA8E,8,4,float,
2CC33B,object:em,counter,2CC33B,6,1,int,
2CC44C,object:em,counter,2CC44C,6,1,int,
2CC488,object:em,float-expr,2CC488,8,4,float,
2CC557,object:em,float-expr,2CC557,8,4,float,
2CC6E0,object:em,float-expr,2CC6E0,8,4,float,
2CC784,object:em,float-expr,2CC784,5,4,float,
2CC8A7,object:em,counter,2CC8A7,6,1,int,
2CC980,object:em,counter,2CC980,6,1,int,
2CC9AA,object:em,counter,2CC9AA,6,1,int,
2CD2BE,object:em,float-step,2CD2BE,8,4,float,
2CD2EC,object:em,float-step,2CD2EC,8,4,float,
2CD345,object:em,float-step,2CD345,8,4,float,
2CD36B,object:em,float-step,2CD36B,8,4,float,
2CD3B7,object:em,float-step,2CD3B7,8,4,float,
2CD3DD,object:em,float-step,2CD3DD,8,4,float,
2CD510,object:em,float-step,2CD510,8,4,float,
2CD57E,object:em,float-expr,2CD57E,8,4,float,
2CD5C3,object:em,float-expr,2CD5C3,8,4,float,
2CD5F8,object:em,phase-wrap,2CD5F8,8,4,float,
2CD8C9,object:em,counter,2CD8C9,6,1,int,
2CDB92,object:em,counter,2CDB92,6,1,int,
2CDDCA,object:em,counter,2CDDCA,6,1,int,
2CDF71,object:em,counter,2CDF71,6,1,int,
2CE107,object:em,counter,2CE107,6,1,int,
2CE290,object:em,counter,2CE290,6,1,int,
2CE3C3,object:em,counter,2CE3C3,6,1,int,
2CE40D,object:em,counter,2CE40D,6,1,int,
2CE5BD,object:em,counter,2CE5BD,6,1,int,
2CE629,object:em,counter,2CE629,6,1,int,
2CE968,object:em,counter,2CE968,6,1,int,
2CF475,object:em,counter,2CF475,6,1,int,
2CF570,object:em,counter,2CF570,6,1,int,
2CF5B4,object:em,call,2CF5B4,8,4,float,
2CF5C5,object:em,counter,2CF5C5,6,1,int,
2CF8FF,object:em,counter,2CF8FF,6,1,int,
2CF9AF,object:em,counter,2CF9AF,6,1,int,
2CFAB4,object:em,counter,2CFAB4,6,1,int,
2CFAE1,object:em,float-expr,2CFAE1,8,4,float,
2CFAEF,object:em,counter,2CFAEF,6,1,int,
2CFC35,object:em,counter,2CFC35,6,1,int,
2CFC6A,object:em,call,2CFC6A,8,4,float,
2CFCB3,object:em,counter,2CFCB3,6,1,int,
2CFE17,object:em,counter,2CFE17,6,1,int,
2CFE72,object:em,float-expr,2CFE72,8,4,float,
2CFE80,object:em,counter,2CFE80,6,1,int,
2CFEC0,object:em,counter,2CFEC0,6,1,int,
2CFF8A,object:em,counter,2CFF8A,6,1,int,
2D00A6,object:em,counter,2D00A6,6,1,int,
2D00D7,object:em,float-expr,2D00D7,8,4,float,
2D0219,object:em,counter,2D0219,6,1,int,
2D02A3,object:em,counter,2D02A3,6,1,int,
2D02C9,object:em,float-expr,2D02C9,8,4,float,
2D02D3,object:em,counter,2D02D3,6,1,int,
2D03BE,object:em,counter,2D03BE,6,1,int,
2D04C2,object:em,counter,2D04C2,6,1,int,
2D05AF,object:em,counter,2D05AF,6,1,int,
2D068F,object:em,counter,2D068F,6,1,int,
2D0788,object:em,counter,2D0788,6,1,int,
2D07B1,object:em,float-expr,2D07B1,8,4,float,
2D0890,object:em,counter,2D0890,6,1,int,
2D08BC,object:em,float-expr,2D08BC,8,4,float,
2D08C6,object:em,counter,2D08C6,6,1,int,
2D0A24,object:em,counter,2D0A24,6,1,int,
2D0A69,object:em,counter,2D0A69,6,1,int,
2D0AF2,object:em,counter,2D0AF2,6,1,int,
2D0B2D,object:em,float-expr,2D0B2D,8,4,float,
2D0B62,object:em,counter,2D0B62,6,1,int,
2D0BF0,object:em,counter,2D0BF0,6,1,int,
2D0FE1,object:em,counter,2D0FE1,6,1,int,
2D1007,object:em,float-expr,2D1007,8,4,float,
2D1264,object:em,counter,2D1264,6,1,int,
2D12B7,object:em,call,2D12B7,8,4,float,
2D1322,object:em,float-expr,2D1322,8,4,float,
2D1598,object:em,counter,2D1598,6,1,int,
2D1725,object:em,counter,2D1725,6,1,int,
2D17DB,object:em,counter,2D17DB,6,1,int,
2D1926,object:em,counter,2D1926,6,1,int,
2D1A4E,object:em,counter,2D1A4E,6,1,int,
2D1A71,object:em,counter,2D1A71,6,1,int,
2D1A8A,object:em,float-expr,2D1A8A,8,4,float,
2D1B84,object:em,counter,2D1B84,6,1,int,
2D1B96,object:em,counter,2D1B96,6,1,int,
2D1BAF,object:em,float-expr,2D1BAF,8,4,float,
2D1CD9,object:em,counter,2D1CD9,6,1,int,
2D1E2C,object:em,counter,2D1E2C,6,1,int,
2D2007,object:em,counter,2D2007,6,1,int,
2D224C,object:em,counter,2D224C,6,1,int,
2D226C,object:em,counter,2D226C,6,1,int,
2D2315,object:em,float-step,2D2315,5,4,float,
2D23C3,object:em,counter,2D23C3,6,1,int,
2D24BA,object:em,counter,2D24BA,6,1,int,
2D2531,object:em,counter,2D2531,6,1,int,
2D2581,object:em,counter,2D2581,6,1,int,
2D2589,object:em,counter,2D2589,7,1,int,
2D25C6,object:em,float-expr,2D25C6,8,4,float,
2D268F,object:em,counter,2D268F,6,1,int,
2D26EB,object:em,counter,2D26EB,7,1,int,
2D276F,object:em,counter,2D276F,7,2,int,
2D2854,object:em,counter,2D2854,6,1,int,
2D2936,object:em,counter,2D2936,6,1,int,
2D2AED,object:em,counter,2D2AED,6,1,int,
2D2B0D,object:em,counter,2D2B0D,6,1,int,
2D2BFC,object:em,counter,2D2BFC,6,1,int,
2D2CDF,object:em,counter,2D2CDF,6,1,int,
2D2E3E,object:em,counter,2D2E3E,6,1,int,
2D31A1,object:em,counter,2D31A1,6,1,int,
2D31BE,object:em,counter,2D31BE,6,1,int,
2D3204,object:em,counter,2D3204,6,1,int,
2D321C,object:em,counter,2D321C,6,1,int,
2D3235,object:em,float-expr,2D3235,8,4,float,
2D3377,object:em,counter,2D3377,6,1,int,
2D350A,object:em,counter,2D350A,6,1,int,
2D397C,object:em,counter,2D397C,6,1,int,
2D39D9,object:em,counter,2D39D9,6,1,int,
2D39E4,object:em,counter,2D39E4,6,1,int,
2D3A6A,object:em,counter,2D3A6A,6,1,int,
2D3B3B,object:em,counter,2D3B3B,6,1,int,
2D3D91,object:em,counter,2D3D91,6,1,int,
2D3E0C,object:em,counter,2D3E0C,6,1,int,
2D3E25,object:em,counter,2D3E25,6,1,int,
2D3F65,object:em,counter,2D3F65,6,1,int,
2D410A,object:em,counter,2D410A,6,1,int,
2D47F0,object:em,counter,2D47F0,6,1,int,
2D496A,object:em,float-expr,2D496A,8,4,float,
2D49B3,object:em,float-expr,2D49B3,8,4,float,
2D49E8,object:em,phase-wrap,2D49E8,8,4,float,
2D4B30,object:em,counter,2D4B30,6,1,int,
2D4B6E,object:em,counter,2D4B6E,6,1,int,
2D4BCC,object:em,counter,2D4BCC,6,1,int,
2D4BFE,object:em,counter,2D4BFE,6,1,int,
2D4C0D,object:em,counter,2D4C0D,6,1,int,
2D4CDE,object:em,counter,2D4CDE,6,1,int,
2D4ECF,object:em,counter,2D4ECF,6,1,int,
2D4F02,object:em,float-step,2D4F02,8,4,float,
2D4FF5,object:em,counter,2D4FF5,6,1,int,
2D5100,object:em,counter,2D5100,6,1,int,
2D5124,object:em,counter,2D5124,6,1,int,
2D5175,object:em,counter,2D5175,6,1,int,
2D5229,object:em,float-expr,2D5229,8,4,float,
2D529D,object:em,counter,2D529D,6,1,int,
2D5643,object:em,counter,2D5643,6,1,int,
2D568A,object:em,float-expr,2D568A,8,4,float,
2D5EE9,object:em,counter,2D5EE9,6,1,int,
2D6170,object:em,counter,2D6170,6,1,int,
2D635B,object:em,counter,2D635B,6,1,int,
2D6377,object:em,counter,2D6377,6,1,int,
2D63D5,object:em,counter,2D63D5,6,1,int,
2D640E,object:em,counter,2D640E,6,1,int,
2D6490,object:em,counter,2D6490,6,1,int,
2D67AF,object:em,counter,2D67AF,6,1,int,
2D68F7,object:em,counter,2D68F7,6,1,int,
2D69C1,object:em,counter,2D69C1,6,1,int,
2D69DA,object:em,counter,2D69DA,6,1,int,
2D6A57,object:em,counter,2D6A57,6,1,int,
2D6A84,object:em,float-expr,2D6A84,8,4,float,
2D6A92,object:em,counter,2D6A92,6,1,int,
2D6B13,object:em,counter,2D6B13,6,1,int,
2D6C23,object:em,counter,2D6C23,6,1,int,
2D72F2,object:em,counter,2D72F2,6,1,int,
2D7326,object:em,counter,2D7326,6,1,int,
2D742C,object:em,counter,2D742C,6,1,int,
2D7463,object:em,counter,2D7463,6,1,int,
2D7472,object:em,counter,2D7472,6,1,int,
2D74C3,object:em,counter,2D74C3,6,1,int,
2D75B9,object:em,counter,2D75B9,6,1,int,
2D7B7C,object:em,lerp,2D7B78,8,4,float,
2D7B9F,object:em,lerp,2D7B9F,9,4,float,
2D7BC7,object:em,lerp,2D7BC7,9,4,float,
2D7BDF,object:em,counter,2D7BDF,9,2,int,
2D7BF7,object:em,multiplier,2D7BF7,6,4,float,
2D7C46,object:em,multiplier,2D7C46,9,4,float,
2D7C5C,object:em,multiplier,2D7C5C,9,4,float,
2D7C8C,object:em,lerp,2D7C88,8,4,float,
2D7CAC,object:em,lerp,2D7CAC,5,4,float,
2D7CCD,object:em,lerp,2D7CCD,5,4,float,
2D7D66,object:em,float-step,2D7D66,9,4,float,
2D7D7C,object:em,multiplier,2D7D7C,5,4,float,
2D7D92,object:em,multiplier,2D7D92,9,4,float,
2D7DA7,object:em,counter,2D7DA7,9,2,int,
2D7DF1,object:em,counter,2D7DF1,9,2,int,
2D7EAE,object:em,lerp,2D7EAA,8,4,float,
2D7ED1,object:em,lerp,2D7ED1,9,4,float,
2D7EF3,object:em,lerp,2D7EF3,9,4,float,
2D7F0B,object:em,counter,2D7F0B,9,2,int,
2D7F23,object:em,multiplier,2D7F23,6,4,float,
2D7F72,object:em,multiplier,2D7F72,9,4,float,
2D7F88,object:em,multiplier,2D7F88,9,4,float,
2D8095,object:em,lerp,2D8091,8,4,float,
2D80B4,object:em,lerp,2D80B4,5,4,float,
2D80D4,object:em,lerp,2D80D4,5,4,float,
2D80EB,object:em,counter,2D80EB,9,2,int,
2D81B4,object:em,lerp,2D81B0,8,4,float,
2D81D7,object:em,lerp,2D81D7,5,4,float,
2D81F5,object:em,float-step,2D81F5,9,4,float,
2D820A,object:em,float-expr,2D820A,5,4,float,
2D823A,object:em,multiplier,2D823A,9,4,float,
2D82BC,object:em,multiplier,2D82BC,9,4,float,
2D8337,object:em,lerp,2D8333,8,4,float,
2D835A,object:em,lerp,2D835A,9,4,float,
2D8382,object:em,lerp,2D8382,9,4,float,
2D839A,object:em,counter,2D839A,9,2,int,
2D83B2,object:em,multiplier,2D83B2,6,4,float,
2D8401,object:em,multiplier,2D8401,9,4,float,
2D8417,object:em,multiplier,2D8417,9,4,float,
2D8439,object:em,counter,2D8439,9,2,int,
2D84E2,object:em,float-step,2D84E2,9,4,float,
2D84F8,object:em,multiplier,2D84F8,5,4,float,
2D850E,object:em,multiplier,2D850E,9,4,float,
2D8523,object:em,counter,2D8523,9,2,int,
2D86FC,object:em,counter,2D86FC,9,2,int,
2D88FB,object:em,counter,2D88FB,6,1,int,
2D89F8,object:em,float-expr,2D89F4,8,4,float,
2D8A0E,object:em,float-expr,2D8A0E,5,4,float,
2D8A3B,object:em,counter,2D8A3B,7,2,int,
2D8AC7,object:em,float-expr,2D8AC3,8,4,float,
2D8ADD,object:em,float-expr,2D8ADD,5,4,float,
2D8AF7,object:em,phase-wrap,2D8AF7,8,4,float,
2D8C1C,object:em,counter,2D8C1C,6,1,int,
2D93F7,object:em,counter,2D93F7,6,1,int,
2D9166,object:em,counter,2D9166,6,1,int,
2D918A,object:em,float-step,2D918A,8,4,float,
2D91B8,object:em,float-step,2D91B8,8,4,float,
2D91D0,object:em,multiplier,2D91D0,8,4,float,
2D91D8,object:em,multiplier,2D91D8,8,4,float,
2D91FC,object:em,counter,2D91FC,6,1,int,
2D92A3,object:em,counter,2D92A3,6,1,int,
2D9308,object:em,float-step,2D9308,8,4,float,
2D9320,object:em,multiplier,2D9320,8,4,float,
2D9328,object:em,multiplier,2D9328,8,4,float,
2D9341,object:em,counter,2D9341,6,1,int,
2D95B8,object:em,lerp,2D95B8,8,4,float,
2D95C8,object:em,counter,2D95C8,7,2,int,
2D9615,object:em,counter,2D9615,8,2,int,
2D9673,object:em,lerp,2D9673,5,4,float,
2D9692,object:em,float-step,2D9692,8,4,float,
2D96AB,object:em,counter,2D96AB,8,2,int,
2D9709,object:em,lerp,2D9709,5,4,float,
2D9748,object:em,phase-wrap,2D9748,8,4,float,
2D9895,object:em,counter,2D9895,7,2,int,
2D98B8,object:em,counter,2D98B8,7,2,int,
2D9A0A,object:em,counter,2D9A0A,8,2,int,
2D9A7A,object:em,lerp,2D9A7A,5,4,float,
2D9AA3,object:em,phase-wrap,2D9AA3,8,4,float,
2D9AD2,object:em,lerp,2D9ACE,8,4,float,
2D9AFC,object:em,lerp,2D9AFC,5,4,float,
2D9B26,object:em,lerp,2D9B26,5,4,float,
2D9B3E,object:em,float-step,2D9B3E,8,4,float,
2D9B95,object:em,lerp,2D9B95,8,4,float,
2D9BB4,object:em,counter,2D9BB4,7,2,int,
2D9C9F,object:em,int-step,2D9C9F,8,2,int,
2D9CC9,object:em,lerp,2D9CC9,8,4,float,
2D9CEB,object:em,lerp,2D9CEB,5,4,float,
2D9CF5,object:em,counter,2D9CF5,8,2,int,
51059A,object:em,counter,51059A,6,1,int,
5C5CF0,object:em,int-expr,5C5CF0,6,4,int,
5C5D01,object:em,int-expr,5C5D01,6,4,int,
5C5E85,object:em,counter,5C5E85,6,1,int,
5C608C,object:em,counter,5C608C,6,1,int,
5C6222,object:em,float-step,5C6222,8,4,float,
5C62B5,object:em,counter,5C62B5,6,4,int,
5C62F3,object:em,float-expr,5C62F3,8,4,float,
5C692F,object:em,float-expr,5C692F,8,4,float,
5C6C06,object:em,phase-wrap,5C6C06,8,4,float,
5C6C4B,object:em,float-expr,5C6C4B,8,4,float,
5C6C9F,object:em,float-step,5C6C9F,5,4,float,
5C6CC1,object:em,float-step,5C6CC1,5,4,float,
5C6DA1,object:em,counter,5C6DA1,6,1,int,
5C6DC0,object:em,counter,5C6DC0,6,4,int,
5C79CE,object:em,counter,5C79CE,6,4,int,
5C7BF9,object:em,counter,5C7BF9,6,1,int,
5C8C12,object:em,multiplier,5C8C12,8,4,float,
5C8F77,object:em,multiplier,5C8F77,8,4,float,
5C9074,object:em,multiplier,5C9074,8,4,float,
5C95A8,object:em,counter,5C95A8,6,1,int,
5C9BCE,object:em,multiplier,5C9BCE,8,4,float,
5CAD32,object:em,multiplier,5CAD32,8,4,float,
5CB716,object:em,counter,5CB716,6,4,int,
5CB80E,object:em,multiplier,5CB80E,8,4,float,
5CBA5A,object:em,counter,5CBA5A,6,4,int,
5CC32E,object:em,call,5CC32E,7,8,int,
5CC507,object:em,float-expr,5CC507,5,4,float,
5CC675,object:em,counter,5CC673,5,1,int,
5CCE11,object:em,float-expr,5CCE11,8,4,float,
5CCE2D,object:em,float-expr,5CCE2D,8,4,float,
5CCE7D,object:em,phase-wrap,5CCE7D,8,4,float,
5CCF7A,object:em,counter,5CCF7A,6,4,int,
5CD02B,object:em,counter,5CD02B,6,4,int,
5CD6DE,object:em,counter,5CD6DE,6,4,int,
5CD7AE,object:em,counter,5CD7AE,6,4,int,
5CDFD0,object:em,int-expr,5CDFD0,6,4,int,
5CDFE1,object:em,int-expr,5CDFE1,6,4,int,
5CE2C9,object:em,counter,5CE2C9,6,1,int,
5CE32C,object:em,counter,5CE32C,6,1,int,
5CE84B,object:em,counter,5CE84B,6,4,int,
5CE876,object:em,float-expr,5CE876,8,4,float,
5CE9A8,object:em,float-expr,5CE9A8,8,4,float,
5CEC4D,object:em,counter,5CEC4D,6,4,int,
5CEC70,object:em,other,5CEC70,6,4,int,
5CEC9E,object:em,float-expr,5CEC9E,8,4,float,
5CEFB8,object:em,float-expr,5CEFB8,8,4,float,
5CF1E3,object:em,float-step,5CF1E3,8,4,float,
5CFE41,object:em,counter,5CFE41,6,4,int,
5D066B,object:em,counter,5D066B,6,1,int,
5D0708,object:em,counter,5D0708,6,1,int,
5D0C2C,object:em,float-step,5D0C2C,8,4,float,
5D17B9,object:em,lerp,5D17B5,8,4,float,
5D17DD,object:em,lerp,5D17DD,5,4,float,
5D1B4D,object:em,counter,5D1B4D,6,4,int,
5D1FEE,object:em,lerp,5D1FEA,8,4,float,
5D2016,object:em,lerp,5D2016,5,4,float,
5D2237,object:em,lerp,5D2237,5,4,float,
5D22AE,object:em,lerp,5D22AE,5,4,float,
5D230C,object:em,float-expr,5D230C,8,4,float,
5D2498,object:em,counter,5D2498,6,4,int,
5D24AE,object:em,multiplier,5D24AE,8,4,float,
5D25BC,object:em,float-expr,5D25B8,8,4,float,
5D25DB,object:em,float-expr,5D25DB,5,4,float,
5D2ACE,object:em,counter,5D2ACE,6,4,int,
5D2EB9,object:em,float-step,5D2EB9,9,4,float,
5D310A,object:em,counter,5D310A,6,4,int,
5D3804,object:em,multiplier,5D3804,8,4,float,
5D3815,object:em,float-expr,5D3815,8,4,float,
5D382E,object:em,float-expr,5D382E,8,4,float,
5D3867,object:em,counter,5D3867,6,4,int,
5D391B,object:em,phase-wrap,5D391B,8,4,float,
5D3C9E,object:em,call,5D3C9E,7,8,int,
5D414F,object:em,float-expr,5D414F,5,4,float,
5D503C,object:em,int-expr,5D503C,6,4,int,
5D5047,object:em,int-expr,5D5047,6,4,int,
5D515B,object:em,counter,5D515B,6,1,int,
5D5305,object:em,counter,5D5305,6,1,int,
5D57F6,object:em,float-expr,5D57F6,8,4,float,
5D591C,object:em,float-expr,5D591C,8,4,float,
5D5BB8,object:em,float-expr,5D5BB8,8,4,float,
5D6996,object:em,counter,5D6996,6,1,int,
5D69E4,object:em,counter,5D69E4,6,1,int,
5D8C2C,object:em,counter,5D8C2C,6,4,int,
5D923D,object:em,counter,5D923D,6,4,int,
5D9B22,object:em,other,5D9B22,6,1,int,
5D9FD1,object:em,counter,5D9FD1,6,4,int,
5DAB48,object:em,multiplier,5DAB48,8,4,float,
5DAB59,object:em,float-expr,5DAB59,8,4,float,
5DAB72,object:em,float-step,5DAB72,8,4,float,
5DAC06,object:em,phase-wrap,5DAC06,8,4,float,
5DAD67,object:em,counter,5DAD67,6,4,int,
5DAF80,object:em,lerp,5DAF80,5,4,float,
5DB1B7,object:em,int-expr,,,,,branch target inside
5DB1F9,object:em,lerp,5DB1F9,5,4,float,
5DB20D,object:em,phase-wrap,5DB20D,5,4,float,
5DB671,object:em,lerp,5DB66D,8,4,float,
5DB693,object:em,lerp,5DB693,5,4,float,
5DB9C4,object:em,call,5DB9C4,7,8,int,
5DBBB2,object:em,float-expr,5DBBB2,5,4,float,
5DC898,object:em,counter,5DC895,7,2,int,
5DC9D5,object:em,multiplier,5DC9D5,5,4,float,
5DC9FF,object:em,counter,5DC9FC,6,1,int,
5DD13F,object:em,counter,5DD13F,11,1,int,
5DD14E,object:em,multiplier,5DD14E,5,4,float,
5DD153,object:em,multiplier,5DD153,5,4,float,
5DD158,object:em,multiplier,5DD158,5,4,float,
5DD17B,object:em,multiplier,5DD17B,5,4,float,
5DD180,object:em,multiplier,5DD180,5,4,float,
5DD185,object:em,multiplier,5DD185,5,4,float,
5DD991,object:em,float-expr,5DD991,8,4,float,
5DD9AD,object:em,float-expr,5DD9AD,8,4,float,
5DD9FD,object:em,phase-wrap,5DD9FD,8,4,float,
5DE708,object:em,counter,5DE708,6,4,int,
5DE71A,object:em,counter,5DE71A,6,4,int,
5DE79A,object:em,float-expr,5DE79A,8,4,float,
5DE83F,object:em,float-expr,5DE83F,8,4,float,
5DE884,object:em,lerp,5DE884,8,4,float,
5DE8C9,object:em,float-expr,5DE8C9,8,4,float,
5DE906,object:em,lerp,5DE906,8,4,float,
5DE94D,object:em,lerp,5DE94D,5,4,float,
5DE98F,object:em,lerp,5DE98F,5,4,float,
5DE9CE,object:em,lerp,5DE9CE,5,4,float,
5DEA04,object:em,lerp,5DEA04,6,4,float,
5DEB19,object:em,lerp,5DEB19,8,4,float,
5DEB5F,object:em,lerp,5DEB5F,8,4,float,
5DEBA5,object:em,lerp,5DEBA5,8,4,float,
5DEBEA,object:em,lerp,5DEBEA,9,4,float,
5DEC42,object:em,float-expr,5DEC42,5,4,float,
5DEC86,object:em,float-expr,5DEC86,5,4,float,
5DECD9,object:em,lerp,5DECD9,5,4,float,
5DED21,object:em,float-expr,5DED21,5,4,float,
5DEE00,object:em,int-expr,5DEE00,6,4,int,
5DEE11,object:em,int-expr,5DEE11,6,4,int,
5DEF4B,object:em,counter,5DEF4B,6,1,int,
5DF066,object:em,counter,5DF066,6,1,int,
5DF760,object:em,float-step,5DF760,8,4,float,
5DF9CE,object:em,counter,5DF9CE,6,4,int,
5DFBDC,object:em,float-step,5DFBDC,8,4,float,
5DFC02,object:em,counter,5DFC02,6,4,int,
5E068F,object:em,float-expr,5E068F,8,4,float,
5E06C0,object:em,float-expr,5E06C0,8,4,float,
5E0A7F,object:em,float-expr,5E0A7F,8,4,float,
5E0D2B,object:em,float-expr,5E0D27,8,4,float,
5E0D47,object:em,float-expr,5E0D47,5,4,float,
5E10E7,object:em,float-expr,5E10E7,8,4,float,
5E1F46,object:em,phase-wrap,5E1F46,8,4,float,
5E2E26,object:em,counter,5E2E26,6,1,int,
5E2E74,object:em,counter,5E2E74,6,1,int,
5E848E,object:em,counter,5E848E,6,4,int,
5E8D4D,object:em,counter,5E8D4D,6,1,int,
5E93CE,object:em,call,5E93CE,7,8,int,
5E95A5,object:em,float-expr,5E95A5,5,4,float,
5E9B34,object:em,counter,5E9B32,5,1,int,
5EA301,object:em,float-expr,5EA301,8,4,float,
5EA31D,object:em,float-expr,5EA31D,8,4,float,
5EA36D,object:em,phase-wrap,5EA36D,8,4,float,
5EB465,object:em,counter,5EB465,6,4,int,
5EB479,object:em,counter,5EB479,6,4,int,
5EB49F,object:em,float-expr,5EB49F,8,4,float,
5EB522,object:em,counter,5EB522,6,4,int,
5EB544,object:em,counter,5EB544,6,4,int,
5EB5A4,object:em,counter,5EB5A4,6,4,int,
5EB6D2,object:em,counter,5EB6D2,6,4,int,
5EB730,object:em,int-expr,5EB730,6,4,int,
5EB73B,object:em,int-expr,5EB73B,6,4,int,
5EB924,object:em,counter,5EB924,6,1,int,
5EB94F,object:em,counter,5EB94F,6,1,int,
5EBD12,object:em,float-expr,5EBD12,8,4,float,
5EC1C2,object:em,counter,5EC1C2,6,4,int,
5EC1EC,object:em,float-expr,5EC1EC,8,4,float,
5EC209,object:em,counter,5EC209,6,4,int,
5EC316,object:em,float-expr,5EC316,8,4,float,
5EC7CE,object:em,counter,5EC7CE,6,4,int,
5EC81B,object:em,float-expr,5EC81B,8,4,float,
5EC88C,object:em,float-expr,5EC88C,8,4,float,
5ECB48,object:em,float-expr,5ECB48,8,4,float,
5ECC25,object:em,counter,5ECC25,6,1,int,
5ECCF0,object:em,float-expr,5ECCF0,8,4,float,
5EE44E,object:em,float-expr,5EE44E,8,4,float,
5EE9B0,object:em,lerp,5EE9B0,5,4,float,
5EE9D4,object:em,lerp,5EE9D4,5,4,float,
5EF3DD,object:em,counter,5EF3DD,6,1,int,
5EF89C,object:em,float-expr,5EF89C,8,4,float,
5EF8D0,object:em,multiplier,5EF8D0,8,4,float,
5EF92C,object:em,phase-wrap,5EF92C,8,4,float,
5EFAB2,object:em,float-expr,5EFAB2,8,4,float,
5F0A01,object:em,counter,5F0A01,6,1,int,
5F1871,object:em,counter,5F1871,6,1,int,
5F206E,object:em,lerp,5F206A,8,4,float,
5F2090,object:em,lerp,5F2090,5,4,float,
5F2875,object:em,counter,5F2875,6,4,int,
5F289C,object:em,counter,5F289C,6,4,int,
5F298E,object:em,float-step,5F298E,8,4,float,
5F2A0D,object:em,float-step,5F2A0D,8,4,float,
5F2C47,object:em,multiplier,5F2C47,8,4,float,
5F2C58,object:em,float-expr,5F2C58,8,4,float,
5F2C71,object:em,float-expr,5F2C71,8,4,float,
5F2D25,object:em,multiplier,5F2D25,8,4,float,
5F2D95,object:em,phase-wrap,5F2D95,8,4,float,
5F30DE,object:em,call,5F30DE,7,8,int,
5F31E9,object:em,float-expr,5F31E9,5,4,float,
5F3C34,object:em,counter,5F3C32,5,1,int,
5F47B1,object:em,float-expr,5F47B1,8,4,float,
5F47CD,object:em,float-expr,5F47CD,8,4,float,
5F481D,object:em,phase-wrap,5F481D,8,4,float,
5F4A46,object:em,float-step,5F4A46,8,4,float,
5F565D,object:em,phase-wrap,5F565D,8,4,float,
5F57DF,object:em,int-expr,5F57DF,6,4,int,
5F582E,object:em,counter,5F582E,6,1,int,
20EEDD,object:em/wp,float-step,20EEDD,5,4,float,
20EEFB,object:em/wp,float-step,20EEFB,5,4,float,
20EF2E,object:em/wp,float-expr,20EF2E,5,4,float,
20EF81,object:em/wp,float-expr,20EF81,8,4,float,
20F03C,object:em/wp,multiplier,20F03C,8,4,float,
2C0772,object:es,float-expr,2C0772,8,4,float,
2C077C,object:es,counter,2C077C,6,1,int,
2C079D,object:es,float-expr,2C079D,8,4,float,
35E103,object:es,counter,35E103,7,2,int,
35E2F4,object:es,float-step,35E2F4,8,4,float,
35E33A,object:es,float-expr,35E33A,8,4,float,
35E37B,object:es,float-expr,35E37B,8,4,float,
35E3B3,object:es,phase-wrap,35E3B3,8,4,float,
35FBF9,object:es,counter,35FBF9,6,1,int,
3608C5,object:es,counter,3608C5,6,1,int,
360B5D,object:es,phase-wrap,360B5D,8,4,float,
360B72,object:es,phase-wrap,360B72,8,4,float,
360B9C,object:es,phase-wrap,360B9C,8,4,float,
3616FB,object:es,counter,3616FB,6,1,int,
3618A0,object:es,counter,3618A0,6,1,int,
361AD4,object:es,counter,361AD4,6,1,int,
361B29,object:es,counter,361B29,6,1,int,
361B86,object:es,counter,361B86,6,1,int,
361DA7,object:es,counter,361DA7,6,1,int,
36224C,object:es,other,36224C,8,4,float,
36225C,object:es,other,36225C,8,4,float,
362274,object:es,other,362274,8,4,float,
36227C,object:es,other,36227C,8,4,float,
362290,object:es,other,362290,8,4,float,
3622A4,object:es,other,3622A4,8,4,float,
3622B8,object:es,other,3622B8,8,4,float,
3622CC,object:es,other,3622CC,8,4,float,
3622E0,object:es,other,3622E0,8,4,float,
3622F4,object:es,other,3622F4,8,4,float,
362308,object:es,other,362308,8,4,float,
36231C,object:es,other,36231C,8,4,float,
362330,object:es,other,362330,8,4,float,
362344,object:es,other,362344,8,4,float,
362358,object:es,other,362358,8,4,float,
362371,object:es,other,362371,8,4,float,
362C56,object:es,counter,362C56,6,1,int,
362C6F,object:es,counter,362C6F,6,1,int,
362D24,object:es,counter,362D24,6,1,int,
362DDF,object:es,counter,362DDF,6,1,int,
362F14,object:es,float-step,362F14,8,4,float,
363072,object:es,float-step,363072,8,4,float,
3631C1,object:es,float-step,3631C1,8,4,float,
3631E0,object:es,counter,3631E0,6,1,int,
3632F5,object:es,counter,3632F5,6,1,int,
363311,object:es,counter,363311,6,1,int,
363367,object:es,counter,363367,6,1,int,
3633B8,object:es,counter,3633B8,8,2,int,
3633C0,object:es,float-step,3633C0,8,4,float,
3633F0,object:es,multiplier,3633F0,8,4,float,
363448,object:es,counter,363448,6,1,int,
36347E,object:es,multiplier,36347E,8,4,float,
3634E9,object:es,counter,3634E9,6,1,int,
363502,object:es,counter,363502,6,1,int,
36356F,object:es,counter,36356F,6,1,int,
3635EE,object:es,counter,3635EE,6,1,int,
363604,object:es,counter,363604,6,1,int,
36367A,object:es,counter,36367A,6,1,int,
363680,object:es,multiplier,363680,8,4,float,
3636E3,object:es,float-step,3636E3,8,4,float,
363735,object:es,counter,363735,7,2,int,
363893,object:es,float-step,363893,8,4,float,
3638B7,object:es,counter,3638B7,6,1,int,
4A9EFB,object:es,call,4A9EFB,8,4,float,
4A9F15,object:es,call,4A9F15,8,4,float,
4A9F31,object:es,counter,4A9F31,7,2,int,
515A22,object:es,float-expr,515A22,8,4,float,
515A2C,object:es,counter,515A2C,6,1,int,
515A4D,object:es,float-expr,515A4D,8,4,float,
515A6A,object:es,phase-wrap,515A6A,8,4,float,
590190,object:es,counter,590190,6,1,int,
590219,object:es,counter,590219,6,1,int,
5BB382,object:es,counter,5BB382,6,1,int,
5F5E73,object:es,counter,5F5E73,6,4,int,
5F5F87,object:es,counter,5F5F87,6,4,int,
5F6052,object:es,counter,5F6052,6,4,int,
5F6241,object:es,counter,5F6241,6,4,int,
5F6353,object:es,counter,5F6353,6,4,int,
64541D,object:es,multiplier,64541D,8,4,float,
64542A,object:es,lerp,64542A,5,4,float,
645480,object:es,float-expr,645480,5,4,float,
645544,object:es,counter,645544,7,2,int,
645573,object:es,counter,645573,6,1,int,
6455D5,object:es,float-step,6455D5,8,4,float,
645696,object:es,counter,645696,6,1,int,
645798,object:es,other,645798,8,4,float,
6457B4,object:es,other,6457B4,8,4,float,
2DE49D,object:et,float-expr,2DE49D,9,4,float,
2DE4A2,object:et,float-expr,2DE49D,9,4,float,
2DE4B1,object:et,float-expr,2DE4AD,8,4,float,
2DE4CB,object:et,float-expr,2DE4CB,5,4,float,
2DE4E9,object:et,multiplier,2DE4E9,9,4,float,
2DE4ED,object:et,multiplier,2DE4E9,9,4,float,
2E047D,object:et,multiplier,2E047D,8,4,float,
2E19C7,object:et,counter,2E19C7,6,1,int,
2E1A48,object:et,multiplier,2E1A48,8,4,float,
2E1A5C,object:et,multiplier,2E1A5C,8,4,float,
2E1A64,object:et,multiplier,2E1A64,8,4,float,
2E1B16,object:et,float-expr,2E1B16,8,4,float,
2E1B34,object:et,float-expr,2E1B34,8,4,float,
2E1CF7,object:et,counter,2E1CF7,7,2,int,
2E1DB0,object:et,counter,2E1DB0,6,1,int,
2E1FA0,object:et,counter,2E1FA0,7,2,int,
2E264A,object:et,counter,2E264A,6,1,int,
2E2746,object:et,counter,2E2746,7,2,int,
2E2756,object:et,counter,2E2756,6,1,int,
2E29DA,object:et,counter,2E29DA,6,1,int,
2E2D30,object:et,counter,2E2D30,6,1,int,
2E2D60,object:et,counter,2E2D60,7,2,int,
2E2D83,object:et,counter,2E2D83,6,1,int,
2E2D98,object:et,counter,2E2D98,7,2,int,
2E2E14,object:et,counter,2E2E14,6,1,int,
2E2E26,object:et,counter,2E2E26,7,2,int,
2E2E50,object:et,counter,2E2E50,6,1,int,
2E3891,object:et,counter,2E3891,6,1,int,
2E38BA,object:et,float-step,2E38BA,8,4,float,
2E38F5,object:et,float-expr,2E38F5,8,4,float,
2E3939,object:et,float-expr,2E3939,5,4,float,
2E399A,object:et,counter,2E399A,6,1,int,
2E39B3,object:et,counter,2E39B3,7,2,int,
2E39CA,object:et,counter,2E39CA,6,1,int,
2E3A0B,object:et,float-expr,2E3A0B,5,4,float,
2E3A43,object:et,counter,2E3A43,6,1,int,
2E4184,object:et,multiplier,2E4184,8,4,float,
2E44C4,object:et,float-step,2E44C4,8,4,float,
2E4586,object:et,counter,2E4586,7,2,int,
2E4E40,object:et,float-step,2E4E40,8,4,float,
2E4EA7,object:et,phase-wrap,2E4EA7,8,4,float,
2E4FAB,object:et,counter,2E4FAB,6,1,int,
2E4FB9,object:et,counter,2E4FB9,7,2,int,
2E4FFB,object:et,multiplier,2E4FFB,8,4,float,
2E50F3,object:et,counter,2E50F3,6,1,int,
2E50F9,object:et,counter,2E50F9,7,2,int,
2E5160,object:et,counter,2E5160,7,2,int,
2E51ED,object:et,counter,2E51ED,6,1,int,
2E520E,object:et,float-step,2E520E,8,4,float,
2E521F,object:et,counter,2E521F,6,1,int,
2E529E,object:et,counter,2E529E,6,1,int,
2E52D2,object:et,counter,2E52D2,6,1,int,
2E555B,object:et,counter,2E555B,7,4,int,
2E5585,object:et,counter,2E5585,7,2,int,
2E55F7,object:et,float-expr,2E55F7,8,4,float,
2E561E,object:et,float-expr,2E561E,8,4,float,
2E5753,object:et,phase-wrap,2E5753,8,4,float,
2E57A2,object:et,counter,2E57A2,6,1,int,
2E58F7,object:et,counter,2E58F7,6,1,int,
2E590D,object:et,counter,2E590D,6,1,int,
2E595C,object:et,counter,2E595C,6,1,int,
2E596A,object:et,counter,2E596A,7,2,int,
2E597F,object:et,counter,2E597F,6,1,int,
2E59F9,object:et,counter,2E59F9,6,1,int,
2E620D,object:et,counter,2E620D,7,2,int,
2E6405,object:et,counter,2E6405,6,1,int,
2E640B,object:et,counter,2E640B,6,4,int,
2E6419,object:et,counter,2E6419,6,1,int,
2E6549,object:et,counter,2E6549,6,1,int,
2E6556,object:et,counter,2E6556,6,1,int,
2E6CD7,object:et,counter,2E6CD7,6,1,int,
2E6D13,object:et,counter,2E6D13,6,4,int,
2E6D22,object:et,counter,2E6D22,6,1,int,
2E71AC,object:et,float-step,2E71AC,11,4,float,
2E71C4,object:et,float-step,2E71C4,5,4,float,
2E71DD,object:et,float-step,2E71DD,5,4,float,
2E74D7,object:et,counter,2E74D7,7,2,int,
2E7BBC,object:et,counter,2E7BBC,7,2,int,
2E7BCD,object:et,counter,2E7BCD,6,1,int,
2E7E41,object:et,float-step,2E7E41,8,4,float,
2E810C,object:et,counter,2E810C,6,1,int,
2E8132,object:et,counter,2E8132,7,2,int,
2E8143,object:et,counter,2E8143,6,1,int,
2E8182,object:et,counter,2E8182,7,2,int,
2E8193,object:et,counter,2E8193,6,1,int,
2E848F,object:et,float-expr,2E848F,8,4,float,
2E8499,object:et,counter,2E8499,6,1,int,
2E84BA,object:et,float-expr,2E84BA,8,4,float,
2E84D7,object:et,phase-wrap,2E84D7,8,4,float,
2E86DC,object:et,counter,2E86DC,7,2,int,
2E86ED,object:et,counter,2E86ED,6,1,int,
2E8E15,object:et,counter,2E8E15,7,2,int,
2E8EA0,object:et,float-step,2E8EA0,8,4,float,
2E8EAE,object:et,counter,2E8EAE,6,1,int,
2E8F28,object:et,counter,2E8F28,6,1,int,
2E8F90,object:et,counter,2E8F90,6,1,int,
2E8FEE,object:et,float-step,2E8FEE,5,4,float,
2E9008,object:et,float-step,2E9008,5,4,float,
2E9024,object:et,float-step,2E9024,8,4,float,
2E9047,object:et,float-step,2E9047,8,4,float,
2E906A,object:et,float-step,2E906A,8,4,float,
2E9D90,object:et,counter,2E9D90,6,1,int,
2E9D96,object:et,counter,2E9D96,7,2,int,
2E9DA6,object:et,counter,2E9DA6,6,1,int,
2EA278,object:et,float-step,2EA278,5,4,float,
2EA495,object:et,float-step,2EA495,8,4,float,
2EA4FF,object:et,float-step,2EA4FF,8,4,float,
2EA52D,object:et,float-step,2EA52D,8,4,float,
2EA771,object:et,counter,2EA771,6,1,int,
2EA7E2,object:et,float-step,2EA7E2,8,4,float,
2EA7FC,object:et,float-expr,2EA7FC,8,4,float,
2EA85D,object:et,counter,2EA85D,6,1,int,
2EA87B,object:et,float-step,2EA87B,8,4,float,
2EA895,object:et,float-expr,2EA895,8,4,float,
2EA8F7,object:et,float-step,2EA8F7,5,4,float,
2EA950,object:et,counter,2EA950,6,1,int,
2EA99D,object:et,float-step,2EA99D,8,4,float,
2EA9B9,object:et,float-step,2EA9B9,5,4,float,
2EAA10,object:et,float-step,2EAA10,5,4,float,
2EAA33,object:et,counter,2EAA33,6,1,int,
2EAA4C,object:et,float-step,2EAA4C,8,4,float,
2EAA66,object:et,float-expr,2EAA66,8,4,float,
2EAC95,object:et,float-expr,2EAC91,8,4,float,
2EACAF,object:et,float-expr,2EACAF,5,4,float,
2EACE2,object:et,float-expr,2EACE2,5,4,float,
2EAD33,object:et,float-expr,2EAD33,8,4,float,
2EAD4D,object:et,float-expr,2EAD4D,8,4,float,
2EAF05,object:et,float-expr,2EAF01,8,4,float,
2EAF36,object:et,float-expr,2EAF36,5,4,float,
2EAF67,object:et,float-expr,2EAF67,5,4,float,
2EAFF8,object:et,float-step,2EAFF8,8,4,float,
2EB012,object:et,float-expr,2EB012,8,4,float,
2EB410,object:et,float-expr,2EB410,5,4,float,
2EB4C6,object:et,float-expr,2EB4C6,7,4,float,
2EB4E8,object:et,float-expr,2EB4E8,5,4,float,
2EB50E,object:et,float-expr,2EB50E,5,4,float,
2EB635,object:et,counter,2EB635,7,2,int,
2EB6D3,object:et,counter,2EB6D3,8,2,int,
2EB72F,object:et,counter,2EB72F,8,2,int,
2EB793,object:et,counter,2EB793,8,2,int,
2EB7EF,object:et,counter,2EB7EF,8,2,int,
2EB853,object:et,counter,2EB853,8,2,int,
2EB8AF,object:et,counter,2EB8AF,8,2,int,
2EB913,object:et,counter,2EB913,8,2,int,
2EB97A,object:et,counter,2EB97A,8,2,int,
2EC719,object:et,float-expr,2EC719,8,4,float,
2EC789,object:et,lerp,2EC789,8,4,float,
2EC7F5,object:et,counter,2EC7F5,7,2,int,
2EC8B4,object:et,multiplier,2EC8B4,8,4,float,
2EC8C7,object:et,lerp,2EC8C7,8,4,float,
2ECCC9,object:et,float-expr,2ECCC9,8,4,float,
2ECD39,object:et,lerp,2ECD39,8,4,float,
2ECDA5,object:et,counter,2ECDA5,7,2,int,
2ECE56,object:et,multiplier,2ECE56,8,4,float,
2ECE69,object:et,lerp,2ECE69,8,4,float,
2ED1FA,object:et,float-expr,2ED1FA,8,4,float,
2ED227,object:et,float-expr,2ED227,8,4,float,
2ED2CB,object:et,float-expr,2ED2CB,8,4,float,
2ED348,object:et,counter,2ED348,7,2,int,
2ED37D,object:et,float-expr,2ED37D,8,4,float,
2ED39D,object:et,float-expr,2ED39D,8,4,float,
2ED3E3,object:et,counter,2ED3E3,7,2,int,
2ED81D,object:et,phase-wrap,2ED81D,8,4,float,
2ED8ED,object:et,phase-wrap,2ED8ED,8,4,float,
2EE53B,object:et,counter,2EE53B,6,1,int,
2EE6E9,object:et,counter,2EE6E9,6,1,int,
2EE761,object:et,counter,2EE761,6,1,int,
2F098D,object:et,counter,2F098D,6,1,int,
2F1335,object:et,counter,2F1335,6,1,int,
2F1349,object:et,counter,2F1349,7,2,int,
2F13D5,object:et,counter,2F13D5,7,2,int,
2F1613,object:et,counter,2F1613,6,4,int,
2F16A3,object:et,counter,2F16A3,6,4,int,
2F177E,object:et,float-expr,2F177E,8,4,float,
2F1955,object:et,counter,2F1955,7,2,int,
2F1A14,object:et,counter,2F1A14,7,2,int,
2F1A6F,object:et,counter,2F1A6F,7,2,int,
2F1B56,object:et,float-step,2F1B56,8,4,float,
2F1C11,object:et,multiplier,2F1C11,8,4,float,
2F1C19,object:et,multiplier,2F1C19,8,4,float,
2F1C21,object:et,multiplier,2F1C21,8,4,float,
2F2222,object:et,float-step,2F2222,5,4,float,
2F22B3,object:et,float-step,2F22B3,5,4,float,
2F238C,object:et,counter,2F238C,7,2,int,
2F2426,object:et,counter,2F2426,7,2,int,
2F2461,object:et,float-step,2F2461,8,4,float,
2F26E6,object:et,float-step,2F26E6,8,4,float,
2F278D,object:et,float-step,2F278D,8,4,float,
2F27B0,object:et,counter,2F27B0,7,2,int,
2F2A03,object:et,counter,2F2A03,6,1,int,
2F2A19,object:et,counter,2F2A19,6,4,int,
2F2A23,object:et,counter,2F2A23,6,1,int,
2F2A5E,object:et,counter,2F2A5E,6,1,int,
2F2C69,object:et,counter,2F2C69,6,1,int,
2F2C95,object:et,float-expr,2F2C95,8,4,float,
2F2CB0,object:et,float-expr,2F2CB0,8,4,float,
2F2CCB,object:et,float-expr,2F2CCB,8,4,float,
2F2DC7,object:et,counter,2F2DC7,6,4,int,
2F2DD3,object:et,counter,2F2DD3,6,1,int,
2F2E21,object:et,counter,2F2E21,6,1,int,
2F2E4A,object:et,float-expr,2F2E4A,8,4,float,
2F2E62,object:et,counter,2F2E62,6,4,int,
2F325D,object:et,counter,2F325D,6,1,int,
2F3292,object:et,int-step,2F3290,6,2,int,
2F3313,object:et,int-step,2F3313,5,2,int,
2F3DA7,object:et,float-step,2F3DA7,5,4,float,
2F4002,object:et,float-step,2F4002,5,4,float,
2F41FB,object:et,float-step,2F41FB,8,4,float,
2F4314,object:et,float-step,2F4314,8,4,float,
2F497B,object:et,counter,2F497B,6,1,int,
2F49FC,object:et,float-step,2F49FC,8,4,float,
2F4B0D,object:et,counter,2F4B0D,6,1,int,
2F4B4C,object:et,counter,2F4B4C,7,2,int,
2F4B6D,object:et,counter,2F4B6D,7,2,int,
2F4B90,object:et,counter,2F4B90,7,2,int,
2F4BC5,object:et,multiplier,2F4BC5,8,4,float,
2F4BE5,object:et,multiplier,2F4BE5,8,4,float,
2F4BED,object:et,float-expr,2F4BED,8,4,float,
2F4C53,object:et,float-step,2F4C53,8,4,float,
2F4CAC,object:et,float-step,2F4CAC,8,4,float,
2F570B,object:et,counter,2F570B,6,1,int,
2F5BAE,object:et,counter,2F5BAE,6,1,int,
2F61F8,object:et,multiplier,2F61F8,8,4,float,
2F6205,object:et,multiplier,2F6205,8,4,float,
2F6219,object:et,multiplier,2F6219,8,4,float,
2F6225,object:et,float-expr,2F6221,8,4,float,
2F623D,object:et,float-expr,2F623D,5,4,float,
2F6256,object:et,float-expr,2F6256,5,4,float,
2F62AC,object:et,float-expr,2F62AC,5,4,float,
2F6394,object:et,counter,2F6394,7,2,int,
2F63C3,object:et,counter,2F63C3,6,1,int,
2F6425,object:et,float-step,2F6425,8,4,float,
2F64E6,object:et,counter,2F64E6,6,1,int,
2F6612,object:et,other,2F660E,8,4,float,
2F662A,object:et,other,2F662A,8,4,float,
2F6BB7,object:et,counter,2F6BB7,7,2,int,
2F701C,object:et,counter,2F701C,8,2,int,
2F7551,object:et,counter,2F7551,6,1,int,
2F771A,object:et,lerp,2F771A,7,4,float,
2F7745,object:et,lerp,2F7745,5,4,float,
2F7774,object:et,lerp,2F7774,5,4,float,
2F77A6,object:et,phase-wrap,2F77A6,8,4,float,
2F787F,object:et,counter,2F787F,7,2,int,
2F7BF4,object:et,float-step,2F7BF4,8,4,float,
2F823C,object:et,float-step,2F823C,5,4,float,
2F8806,object:et,counter,2F8806,7,2,int,
4A9985,object:et,counter,4A9980,8,1,int,
4D10A2,object:et,float-step,4D10A2,8,4,float,
4D1156,object:et,counter,4D1156,6,1,int,
4D144A,object:et,counter,4D144A,6,1,int,
50EF75,object:et,float-expr,50EF75,8,4,float,
50EFA5,object:et,counter,50EFA5,6,1,int,
50EFB1,object:et,counter,50EFB1,6,4,int,
50EFE1,object:et,counter,50EFE1,6,1,int,
5196C4,object:et,counter,5196C4,7,2,int,
5196DA,object:et,counter,5196DA,8,2,int,
599600,object:et,port:timescale,599600,8,4,float,
59960D,object:et,port:timescale,59960D,5,4,float,
59976D,object:et,float-step,59976D,8,4,float,
5F6729,object:et,counter,5F6729,6,4,int,
61F43E,object:et,counter,61F43E,6,4,int,
61FB88,object:et,float-expr,61FB88,8,4,float,
61FBC2,object:et,counter,61FBC2,6,4,int,
61FC53,object:et,counter,61FC53,6,4,int,
62E125,object:et,float-expr,62E125,8,4,float,
62E13F,object:et,float-expr,62E13F,8,4,float,
62E29B,object:et,float-step,62E29B,8,4,float,
62E707,object:et,counter,62E707,6,1,int,
62E923,object:et,counter,62E923,6,1,int,
62EA6A,object:et,counter,62EA6A,6,1,int,
62EBE8,object:et,counter,62EBE8,6,1,int,
62EE0B,object:et,phase-wrap,62EE0B,8,4,float,
62EE29,object:et,counter,62EE29,6,1,int,
62EE59,object:et,counter,62EE59,7,2,int,
62EE80,object:et,counter,62EE80,7,2,int,
62F01D,object:et,counter,62F01D,6,1,int,
62F032,object:et,counter,62F032,8,2,int,
62F135,object:et,counter,62F135,6,1,int,
62F198,object:et,counter,62F198,8,2,int,
62F26A,object:et,counter,62F26A,6,1,int,
62F42A,object:et,counter,62F42A,6,1,int,
62F5E2,object:et,counter,62F5E2,6,1,int,
62F7B8,object:et,counter,62F7B8,6,1,int,
62F830,object:et,float-expr,62F82C,8,4,float,
62F84E,object:et,float-expr,62F84E,5,4,float,
62F86D,object:et,float-expr,62F86D,5,4,float,
62F872,object:et,counter,62F872,8,2,int,
62F8AB,object:et,counter,62F8AB,7,2,int,
62FB76,object:et,counter,62FB76,6,1,int,
630C05,object:et,float-expr,630C05,8,4,float,
630C1F,object:et,float-expr,630C1F,8,4,float,
630D7B,object:et,float-step,630D7B,8,4,float,
6314A4,object:et,counter,6314A4,6,1,int,
631673,object:et,counter,631673,6,1,int,
6318CA,object:et,phase-wrap,6318CA,8,4,float,
6318E1,object:et,counter,6318E1,6,1,int,
631911,object:et,counter,631911,7,2,int,
631932,object:et,counter,631932,7,2,int,
631A4C,object:et,counter,631A4C,6,1,int,
631A75,object:et,counter,631A75,6,1,int,
631C6E,object:et,counter,631C6E,6,1,int,
631C83,object:et,counter,631C83,8,2,int,
631D80,object:et,counter,631D80,6,1,int,
631FC0,object:et,counter,631FC0,6,1,int,
632148,object:et,counter,632148,6,1,int,
632318,object:et,counter,632318,6,1,int,
632373,object:et,float-expr,63236F,8,4,float,
63239F,object:et,float-expr,63239F,5,4,float,
6323CC,object:et,float-expr,6323CC,5,4,float,
6323D1,object:et,counter,6323D1,8,2,int,
63240A,object:et,counter,63240A,7,2,int,
632F60,object:et,counter,632F60,6,1,int,
633450,object:et,float-step,633450,8,4,float,
465481,object:et/pl,float-expr,46547D,8,4,float,
465496,object:et/pl,float-expr,465496,5,4,float,
46551D,object:et/pl,float-expr,46551D,7,4,float,
4655C2,object:et/pl,float-expr,4655C2,7,4,float,
4655E6,object:et/pl,float-expr,4655E6,5,4,float,
2F8E49,object:gt,counter,2F8E49,6,1,int,
2F8E68,object:gt,counter,2F8E68,6,1,int,
2F9072,object:gt,counter,2F9072,6,4,int,
2F90F5,object:gt,counter,2F90F5,6,1,int,
2F93CB,object:gt,counter,2F93CB,6,1,int,
2F966E,object:gt,counter,2F966E,6,4,int,
2F96F1,object:gt,counter,2F96F1,6,1,int,
2F99B8,object:gt,counter,2F99B8,6,1,int,
2F9A45,object:gt,counter,2F9A45,6,1,int,
2F9A9F,object:gt,counter,2F9A9F,7,2,int,
2F9AD4,object:gt,counter,2F9AD4,6,1,int,
2F9D22,object:gt,counter,2F9D22,6,4,int,
2F9DA5,object:gt,counter,2F9DA5,6,1,int,
2FA012,object:gt,counter,2FA012,6,1,int,
2FA2D2,object:gt,counter,2FA2D2,6,4,int,
2FA34D,object:gt,counter,2FA34D,6,1,int,
2FA66E,object:gt,counter,2FA66E,6,1,int,
2FA93F,object:gt,counter,2FA93F,6,4,int,
2FA9C5,object:gt,counter,2FA9C5,6,1,int,
2FABB4,object:gt,counter,2FABB4,6,1,int,
2FAE4E,object:gt,counter,2FAE4E,6,4,int,
2FAED1,object:gt,counter,2FAED1,6,1,int,
2FB192,object:gt,counter,2FB192,6,1,int,
2FB1BE,object:gt,counter,2FB1BE,6,1,int,
2FB43B,object:gt,counter,2FB43B,6,4,int,
2FB4B9,object:gt,counter,2FB4B9,6,1,int,
2FB78B,object:gt,counter,2FB78B,6,1,int,
2FBA48,object:gt,counter,2FBA48,6,4,int,
2FBACB,object:gt,counter,2FBACB,6,1,int,
2FBD86,object:gt,counter,2FBD86,6,1,int,
2FBDAF,object:gt,counter,2FBDAF,6,1,int,
2FC019,object:gt,counter,2FC019,6,4,int,
2FC09C,object:gt,counter,2FC09C,6,1,int,
2FC35B,object:gt,counter,2FC35B,6,1,int,
2FC62F,object:gt,counter,2FC62F,6,4,int,
2FC6B5,object:gt,counter,2FC6B5,6,1,int,
2FD261,object:gt,counter,2FD261,6,1,int,
2FD2C4,object:gt,counter,2FD2C4,6,1,int,
2FD2CA,object:gt,counter,2FD2CA,7,2,int,
2FD2EE,object:gt,counter,2FD2EE,6,1,int,
2FD5E1,object:gt,counter,2FD5E1,6,1,int,
2FDACF,object:gt,counter,2FDACF,7,2,int,
2FDE1C,object:gt,counter,2FDE1C,7,2,int,
2FE5A6,object:gt,counter,2FE5A6,6,1,int,
2FEAF0,object:gt,counter,2FEAF0,7,2,int,
2FEB01,object:gt,counter,2FEB01,6,1,int,
2FEF1A,object:gt,counter,2FEF1A,6,1,int,
2FEF61,object:gt,counter,2FEF61,6,1,int,
2FF528,object:gt,counter,2FF528,6,4,int,
2FF716,object:gt,counter,2FF716,6,1,int,
4A9AA7,object:gt,counter,4A9AA2,8,1,int,
304995,object:hm,lerp,304991,8,4,float,
3049B8,object:hm,lerp,3049B8,5,4,float,
306EA7,object:hm,counter,306EA7,6,1,int,
306F0B,object:hm,counter,306F0B,7,2,int,
306F17,object:hm,counter,306F17,6,1,int,
30BE9B,object:hm,counter,30BE9B,6,1,int,
30BFD9,object:hm,counter,30BFD9,6,1,int,
30C008,object:hm,counter,30C008,6,1,int,
30C084,object:hm,counter,30C084,6,1,int,
318277,object:hm,counter,318277,6,1,int,
318704,object:hm,counter,318704,6,1,int,
3188F5,object:hm,counter,3188F5,6,1,int,
3197A3,object:hm,float-expr,31979F,8,4,float,
3197B9,object:hm,float-expr,3197B9,5,4,float,
3197D0,object:hm,float-expr,3197D0,5,4,float,
319930,object:hm,counter,319930,6,1,int,
319BB6,object:hm,counter,319BB6,6,1,int,
319BFE,object:hm,counter,319BFE,6,1,int,
319CE8,object:hm,float-step,319CE8,5,4,float,
319D91,object:hm,counter,319D91,7,2,int,
319E75,object:hm,counter,319E75,6,1,int,
31A171,object:hm,counter,31A171,6,1,int,
31A1B9,object:hm,counter,31A1B9,6,1,int,
31A3AF,object:hm,counter,31A3AF,6,1,int,
31A3F7,object:hm,counter,31A3F7,6,1,int,
31AB85,object:hm,counter,31AB85,6,1,int,
31ABAE,object:hm,counter,31ABAE,7,2,int,
31AF33,object:hm,float-expr,31AF2F,8,4,float,
31AF49,object:hm,float-expr,31AF49,5,4,float,
31AF60,object:hm,float-expr,31AF60,5,4,float,
31B10D,object:hm,counter,31B10D,6,1,int,
31B49F,object:hm,counter,31B49F,6,1,int,
31B5B2,object:hm,counter,31B5B2,6,1,int,
31B6C7,object:hm,counter,31B6C7,6,1,int,
31B83A,object:hm,counter,31B83A,6,1,int,
31B879,object:hm,counter,31B879,6,1,int,
31B92B,object:hm,counter,31B92B,6,1,int,
31B9F2,object:hm,counter,31B9F2,6,1,int,
31C2A4,object:hm,counter,31C2A4,6,1,int,
31C65E,object:hm,counter,31C65E,6,1,int,
31C795,object:hm,counter,31C795,6,1,int,
31CCDA,object:hm,counter,31CCDA,6,1,int,
31CCFE,object:hm,counter,31CCFE,7,2,int,
31CD14,object:hm,counter,31CD14,7,2,int,
31CE1A,object:hm,counter,31CE1A,6,1,int,
31CE3E,object:hm,counter,31CE3E,7,2,int,
31CE54,object:hm,counter,31CE54,7,2,int,
31D436,object:hm,counter,31D436,7,2,int,
31D72E,object:hm,counter,31D72E,6,1,int,
31D7DE,object:hm,counter,31D7DE,6,1,int,
31DD1E,object:hm,counter,31DD1E,6,1,int,
31E0FE,object:hm,lerp,31E0FE,7,4,float,
31E117,object:hm,lerp,31E117,5,4,float,
31E131,object:hm,lerp,31E131,5,4,float,
31E140,object:hm,lerp,31E140,5,4,float,
31E1FA,object:hm,float-step,31E1FA,8,4,float,
31E2E4,object:hm,float-step,31E2E4,8,4,float,
31E47C,object:hm,counter,31E47C,6,1,int,
31EA89,object:hm,counter,31EA89,6,1,int,
31EADA,object:hm,counter,31EADA,6,1,int,
31EB5B,object:hm,counter,31EB5B,6,1,int,
31EBCD,object:hm,counter,31EBCD,6,1,int,
31EEA4,object:hm,float-expr,31EEA4,5,4,float,
31EEDD,object:hm,counter,31EEDD,6,1,int,
31EF06,object:hm,float-expr,31EF06,5,4,float,
31EF65,object:hm,float-step,31EF65,8,4,float,
31EF8C,object:hm,counter,31EF8C,6,1,int,
31F01C,object:hm,lerp,31F018,8,4,float,
31F1A4,object:hm,counter,31F1A4,6,1,int,
31F298,object:hm,counter,31F298,6,1,int,
31F810,object:hm,counter,31F810,6,1,int,
31F8CE,object:hm,counter,31F8CE,6,1,int,
31FB30,object:hm,counter,31FB30,6,1,int,
31FBEE,object:hm,counter,31FBEE,6,1,int,
320350,object:hm,counter,320350,6,1,int,
32057A,object:hm,counter,32057A,7,2,int,
320944,object:hm,counter,320944,6,1,int,
320968,object:hm,counter,320968,7,2,int,
32097E,object:hm,counter,32097E,7,2,int,
320A70,object:hm,counter,320A70,7,2,int,
321434,object:hm,counter,321434,6,1,int,
321458,object:hm,counter,321458,7,2,int,
32146E,object:hm,counter,32146E,7,2,int,
32191E,object:hm,counter,32191E,6,1,int,
32192C,object:hm,counter,32192C,8,2,int,
321A8D,object:hm,counter,321A8D,6,1,int,
321ACA,object:hm,counter,321ACA,6,1,int,
321B27,object:hm,counter,321B27,6,1,int,
321FBA,object:hm,counter,321FBA,6,1,int,
32218E,object:hm,counter,32218E,6,1,int,
3221D5,object:hm,counter,3221D5,6,1,int,
322219,object:hm,counter,322219,8,2,int,
322223,object:hm,counter,322223,6,1,int,
32255B,object:hm,counter,32255B,6,1,int,
322567,object:hm,counter,322567,7,1,int,
32259E,object:hm,float-expr,32259E,8,4,float,
3225B8,object:hm,float-expr,3225B8,8,4,float,
3225E6,object:hm,float-expr,3225E6,8,4,float,
322647,object:hm,counter,322647,6,1,int,
3226A7,object:hm,counter,3226A7,6,1,int,
322719,object:hm,float-expr,322719,5,4,float,
322739,object:hm,float-expr,322739,8,4,float,
32275C,object:hm,float-expr,32275C,8,4,float,
32276A,object:hm,counter,32276A,7,1,int,
322B39,object:hm,counter,322B39,6,1,int,
32338F,object:hm,lerp,32338F,7,4,float,
3233B1,object:hm,lerp,3233B1,5,4,float,
3233D1,object:hm,lerp,3233D1,5,4,float,
3233E3,object:hm,counter,3233E3,7,2,int,
3238E3,object:hm,counter,3238E3,6,1,int,
32392F,object:hm,counter,32392F,6,1,int,
323949,object:hm,counter,323949,7,1,int,
3239DA,object:hm,counter,3239DA,6,1,int,
323A0E,object:hm,counter,323A0E,7,2,int,
323BE3,object:hm,counter,323BE3,6,1,int,
323C78,object:hm,counter,323C78,6,1,int,
323CA7,object:hm,counter,323CA7,6,1,int,
323DB3,object:hm,counter,323DB3,6,1,int,
324249,object:hm,counter,324249,7,2,int,
324302,object:hm,counter,324302,6,1,int,
3244E3,object:hm,counter,3244E3,6,1,int,
32501E,object:hm,counter,32501E,6,4,int,
3255A7,object:hm,counter,3255A7,6,4,int,
325A4E,object:hm,lerp,325A4E,7,4,float,
325A67,object:hm,lerp,325A67,5,4,float,
325A81,object:hm,lerp,325A81,5,4,float,
325A90,object:hm,lerp,325A90,5,4,float,
325AFA,object:hm,float-step,325AFA,8,4,float,
325BA4,object:hm,float-step,325BA4,8,4,float,
325D3C,object:hm,counter,325D3C,6,1,int,
326399,object:hm,counter,326399,6,1,int,
3263A6,object:hm,counter,3263A6,7,1,int,
326B3E,object:hm,counter,326B3E,6,4,int,
327136,object:hm,counter,327136,6,4,int,
327186,object:hm,counter,327186,6,1,int,
327724,object:hm,counter,327724,6,4,int,
327CAF,object:hm,counter,327CAF,6,1,int,
328A74,object:hm,counter,328A74,6,1,int,
329016,object:hm,counter,329016,6,1,int,
3291B6,object:hm,counter,3291B6,6,1,int,
3293FE,object:hm,counter,3293FE,6,1,int,
3294E4,object:hm,counter,3294E4,6,1,int,
329607,object:hm,counter,329607,6,1,int,
329AA7,object:hm,counter,329AA7,6,1,int,
329E1A,object:hm,counter,329E1A,6,1,int,
32A0E7,object:hm,counter,32A0E7,6,1,int,
32A25F,object:hm,counter,32A25F,6,1,int,
32A29E,object:hm,counter,32A29E,6,1,int,
32AC36,object:hm,float-expr,32AC32,8,4,float,
32AC4B,object:hm,float-expr,32AC4B,5,4,float,
32AC61,object:hm,float-expr,32AC61,5,4,float,
32AD38,object:hm,call,32AD38,8,4,float,
32B2DB,object:hm,counter,32B2DB,6,1,int,
32BDF3,object:hm,counter,32BDF3,7,2,int,
32C05D,object:hm,counter,32C05D,6,1,int,
32C212,object:hm,counter,32C212,6,1,int,
32C233,object:hm,counter,32C233,7,2,int,
32CE0E,object:hm,counter,32CE0E,6,1,int,
32D80A,object:hm,counter,32D80A,6,1,int,
32D91A,object:hm,counter,32D91A,7,2,int,
32D938,object:hm,int-step,32D938,7,2,int,
32E145,object:hm,counter,32E145,6,1,int,
32E193,object:hm,counter,32E193,6,1,int,
32E46D,object:hm,counter,32E46D,6,1,int,
32E4C7,object:hm,counter,32E4C7,6,1,int,
32E529,object:hm,counter,32E529,6,1,int,
32E5BA,object:hm,counter,32E5BA,6,1,int,
32EEF7,object:hm,counter,32EEF7,7,2,int,
32EF04,object:hm,counter,32EF04,7,2,int,
32EFB1,object:hm,counter,32EFB1,7,2,int,
32F09E,object:hm,counter,32F09E,6,1,int,
32F546,object:hm,counter,32F546,6,1,int,
32FB1D,object:hm,counter,32FB1D,6,1,int,
32FE7A,object:hm,phase-wrap,32FE7A,8,4,float,
33000C,object:hm,counter,33000C,6,1,int,
33003B,object:hm,counter,33003B,6,1,int,
330370,object:hm,other,330370,6,1,int,
3303F8,object:hm,counter,3303F8,6,1,int,
330490,object:hm,other,330490,6,1,int,
3310F2,object:hm,counter,3310F2,6,1,int,
33151A,object:hm,counter,33151A,6,1,int,
33187A,object:hm,counter,33187A,6,1,int,
331C0F,object:hm,counter,331C0F,6,1,int,
333A04,object:hm,counter,333A04,6,1,int,
333A28,object:hm,counter,333A28,7,2,int,
333A3E,object:hm,counter,333A3E,7,2,int,
3343B3,object:hm,counter,3343B3,6,1,int,
3344FD,object:hm,counter,3344FD,6,1,int,
334530,object:hm,counter,334530,6,1,int,
33476E,object:hm,counter,33476E,6,1,int,
3355EB,object:hm,counter,3355EB,6,1,int,
3356BB,object:hm,lerp,3356B7,8,4,float,
3356DA,object:hm,lerp,3356DA,5,4,float,
3356FA,object:hm,lerp,3356FA,5,4,float,
3356FF,object:hm,counter,3356FF,7,2,int,
335BA1,object:hm,counter,335BA1,7,2,int,
335C85,object:hm,counter,335C85,6,1,int,
3363EA,object:hm,counter,3363EA,6,1,int,
336FD2,object:hm,counter,336FD2,6,1,int,
33704F,object:hm,counter,33704F,6,1,int,
337196,object:hm,lerp,337192,8,4,float,
3371B9,object:hm,lerp,3371B9,5,4,float,
3371D1,object:hm,call,3371D1,8,4,float,
3375A2,object:hm,counter,3375A2,6,1,int,
33792E,object:hm,counter,33792E,6,1,int,
33793A,object:hm,counter,33793A,7,1,int,
337971,object:hm,float-expr,337971,8,4,float,
33798B,object:hm,float-expr,33798B,8,4,float,
3379B9,object:hm,float-expr,3379B9,8,4,float,
337A18,object:hm,counter,337A18,6,1,int,
337A72,object:hm,counter,337A72,6,1,int,
337AE2,object:hm,float-expr,337AE2,5,4,float,
337B01,object:hm,float-expr,337B01,8,4,float,
337B23,object:hm,float-expr,337B23,8,4,float,
337B31,object:hm,counter,337B31,7,1,int,
337B76,object:hm,phase-wrap,337B76,8,4,float,
337EE1,object:hm,counter,337EE1,6,1,int,
3383B9,object:hm,counter,3383B9,6,1,int,
338435,object:hm,counter,338435,6,1,int,
3386C5,object:hm,counter,3386C5,6,1,int,
338713,object:hm,counter,338713,6,1,int,
338DD6,object:hm,counter,338DD6,6,1,int,
338E52,object:hm,counter,338E52,6,1,int,
3390E5,object:hm,counter,3390E5,6,1,int,
339133,object:hm,counter,339133,6,1,int,
339233,object:hm,counter,339233,6,1,int,
3392C8,object:hm,counter,3392C8,6,1,int,
3392F7,object:hm,counter,3392F7,6,1,int,
339403,object:hm,counter,339403,6,1,int,
3395CA,object:hm,counter,3395CA,6,1,int,
3397D1,object:hm,counter,3397D1,6,1,int,
33988E,object:hm,counter,33988E,6,1,int,
339BDE,object:hm,counter,339BDE,6,1,int,
339D57,object:hm,counter,339D57,6,1,int,
339D86,object:hm,counter,339D86,6,1,int,
4AB799,object:hm,counter,4AB799,6,1,int,
4AB88C,object:hm,counter,4AB88C,6,1,int,
4AB8AD,object:hm,counter,4AB8AD,7,2,int,
4AB96C,object:hm,counter,4AB96C,6,1,int,
4AB98D,object:hm,counter,4AB98D,7,2,int,
4ABA4C,object:hm,counter,4ABA4C,6,1,int,
4ABA6D,object:hm,counter,4ABA6D,7,2,int,
20CC09,object:obj,phase-wrap,20CC09,9,4,float,
20CC22,object:obj,phase-wrap,20CC22,8,4,float,
20CC2F,object:obj,phase-wrap,20CC2F,8,4,float,
345C55,object:obj,counter,345C55,7,2,int,
35B127,object:obj,float-step,35B127,8,4,float,
35B547,object:obj,other,,,,,not a store (census artifact)
35B901,object:obj,counter,35B901,6,4,int,
35BAC5,object:obj,counter,35BAC5,6,4,int,
35BB16,object:obj,counter,35BB16,6,4,int,
35BD9B,object:obj,lerp,35BD9B,8,4,float,
35BDC5,object:obj,lerp,35BDC5,8,4,float,
35C1CC,object:obj,frame-derived,,,,,not a store (census artifact)
35C5E9,object:obj,float-step,35C5E9,8,4,float,
35C5F1,object:obj,float-step,35C5F1,8,4,float,
35C622,object:obj,float-step,35C622,8,4,float,
35C679,object:obj,float-step,35C679,8,4,float,
35C681,object:obj,float-step,35C681,8,4,float,
35C689,object:obj,float-step,35C689,8,4,float,
35C862,object:obj,float-step,35C862,8,4,float,
35C86A,object:obj,float-step,35C86A,8,4,float,
35C872,object:obj,float-step,35C872,8,4,float,
35C8D4,object:obj,float-expr,35C8D4,5,4,float,
35C900,object:obj,multiplier,35C900,8,4,float,
35C91F,object:obj,counter,35C91F,7,2,int,
35C935,object:obj,multiplier,35C935,8,4,float,
35C9F9,object:obj,float-step,35C9F9,5,4,float,
35CB6A,object:obj,counter,35CB6A,7,2,int,
35CBC9,object:obj,counter,35CBC9,7,2,int,
35CDD8,object:obj,lerp,35CDD8,8,4,float,
35CE50,object:obj,lerp,35CE50,8,4,float,
35CE6F,object:obj,lerp,35CE6F,8,4,float,
35CE8B,object:obj,lerp,35CE8B,8,4,float,
35CF97,object:obj,counter,35CF97,7,2,int,
35D009,object:obj,float-expr,35D009,5,4,float,
35D026,object:obj,multiplier,35D026,8,4,float,
35D222,object:obj,float-expr,35D222,5,4,float,
35D24E,object:obj,multiplier,35D24E,8,4,float,
35D26D,object:obj,counter,35D26D,7,2,int,
35D283,object:obj,multiplier,35D283,8,4,float,
35D360,object:obj,lerp,35D360,8,4,float,
35D388,object:obj,lerp,35D388,8,4,float,
35D398,object:obj,lerp,35D398,8,4,float,
35D42D,object:obj,counter,35D42D,7,2,int,
35D45E,object:obj,float-expr,35D45E,5,4,float,
35D482,object:obj,multiplier,35D482,8,4,float,
35DB9E,object:obj,float-step,35DB9E,8,4,float,
35DBBF,object:obj,float-step,35DBBF,8,4,float,
35DC36,object:obj,float-step,35DC36,8,4,float,
35DC82,object:obj,float-step,35DC82,8,4,float,
35DCE9,object:obj,float-step,35DCE9,8,4,float,
35DCF7,object:obj,float-step,35DCF7,8,4,float,
35DD6C,object:obj,float-step,35DD6C,8,4,float,
35DDE0,object:obj,float-step,35DDE0,8,4,float,
35DDE8,object:obj,float-step,35DDE8,8,4,float,
35DE61,object:obj,float-step,35DE61,8,4,float,
35DEC7,object:obj,float-step,35DEC7,8,4,float,
3DCD7F,object:obj,lerp,3DCD7F,7,1,int,
3DCDA1,object:obj,lerp,3DCDA1,6,1,int,
3DCDC2,object:obj,lerp,3DCDBF,5,1,int,
3DCDE0,object:obj,lerp,3DCDDB,8,1,int,
3DCE2D,object:obj,lerp,3DCE2D,7,1,int,
3DCE59,object:obj,lerp,3DCE59,6,1,int,
3DCE83,object:obj,lerp,3DCE83,6,1,int,
3DCEAE,object:obj,lerp,3DCEA9,8,1,int,
3DCEE8,object:obj,lerp,3DCEE4,8,2,int,
3DD22A,object:obj,lerp,3DD22A,6,1,int,
3DD24C,object:obj,lerp,3DD24C,6,1,int,
3DD26A,object:obj,lerp,3DD265,8,1,int,
3DD2A8,object:obj,lerp,3DD2A8,6,1,int,
3DD2C9,object:obj,lerp,3DD2C6,5,1,int,
3DD2E7,object:obj,lerp,3DD2E2,8,1,int,
3DD6F1,object:obj,float-expr,3DD6EC,7,1,int,
3DD9D6,object:obj,lerp,3DD9D6,6,1,int,
3DD9F7,object:obj,lerp,3DD9F4,5,1,int,
3DDA15,object:obj,lerp,3DDA10,8,1,int,
3DDA50,object:obj,float-expr,3DDA4B,8,1,int,
393C61,object:pl,counter,393C61,6,1,int,
393CC8,object:pl,counter,393CC8,6,1,int,
397711,object:pl,counter,397711,6,1,int,
397772,object:pl,counter,397772,6,1,int,
3A2FF1,object:pl,lerp,3A2FED,8,4,float,
3A3013,object:pl,lerp,3A3013,5,4,float,
3A3036,object:pl,lerp,3A3036,5,4,float,
3A304E,object:pl,float-step,3A304E,8,4,float,
3A30AA,object:pl,float-step,3A30AA,5,4,float,
3A30C4,object:pl,float-step,3A30C4,5,4,float,
3A31EB,object:pl,float-step,3A31EB,5,4,float,
3A3205,object:pl,float-step,3A3205,5,4,float,
3A3330,object:pl,lerp,3A332C,8,4,float,
3A3352,object:pl,lerp,3A3352,5,4,float,
3A3375,object:pl,lerp,3A3375,5,4,float,
3A33B7,object:pl,float-step,3A33B7,5,4,float,
3A33D1,object:pl,float-step,3A33D1,5,4,float,
3A342B,object:pl,float-step,3A342B,8,4,float,
3A379B,object:pl,multiplier,3A3797,8,4,float,
3A379F,object:pl,multiplier,3A379F,8,4,float,
3A37A7,object:pl,multiplier,3A37A7,8,4,float,
3A3981,object:pl,multiplier,3A397D,8,4,float,
3A3985,object:pl,multiplier,3A3985,8,4,float,
3A398D,object:pl,multiplier,3A398D,8,4,float,
3A3DD0,object:pl,counter,3A3DD0,7,2,int,
3A3F69,object:pl,counter,3A3F69,6,1,int,
3A3FA4,object:pl,counter,3A3FA4,7,2,int,
3A413C,object:pl,counter,3A413C,7,2,int,
3A4190,object:pl,phase-wrap,3A4190,8,4,float,
3A41C4,object:pl,lerp,3A41C4,7,4,float,
3A41F6,object:pl,lerp,3A41F6,5,4,float,
3A4229,object:pl,lerp,3A4229,5,4,float,
3A432C,object:pl,float-step,3A432C,8,4,float,
3A441C,object:pl,phase-wrap,3A441C,8,4,float,
3A45EF,object:pl,counter,3A45EF,7,2,int,
3A46B9,object:pl,lerp,3A46B5,8,4,float,
3A46D9,object:pl,lerp,3A46D9,8,4,float,
3A46F5,object:pl,lerp,3A46F5,8,4,float,
3A4741,object:pl,float-expr,3A473D,8,4,float,
3A475F,object:pl,float-expr,3A475F,5,4,float,
3A477D,object:pl,float-step,3A477D,8,4,float,
3A48B4,object:pl,float-step,3A48B4,5,4,float,
3A48CE,object:pl,float-step,3A48CE,5,4,float,
3A494D,object:pl,lerp,3A494D,5,4,float,
3A4E60,object:pl,lerp,3A4E60,8,4,float,
3A4E88,object:pl,lerp,3A4E88,8,4,float,
3A4E98,object:pl,lerp,3A4E98,8,4,float,
3A4EE4,object:pl,counter,3A4EE4,6,1,int,
3A5326,object:pl,counter,3A5326,7,2,int,
3A5473,object:pl,counter,3A5473,6,1,int,
3A5553,object:pl,counter,3A5553,7,2,int,
3A5770,object:pl,counter,3A5770,7,2,int,
3A57B9,object:pl,phase-wrap,3A57B9,8,4,float,
3A57ED,object:pl,lerp,3A57ED,7,4,float,
3A581F,object:pl,lerp,3A581F,5,4,float,
3A5852,object:pl,lerp,3A5852,5,4,float,
3A5959,object:pl,float-step,3A5959,8,4,float,
3A5AD8,object:pl,phase-wrap,3A5AD8,8,4,float,
3A62A9,object:pl,counter,3A62A9,11,2,int,
3A65A7,object:pl,counter,3A65A7,8,2,int,
3A6671,object:pl,lerp,3A666D,8,4,float,
3A6692,object:pl,lerp,3A6692,5,4,float,
3A66B4,object:pl,lerp,3A66B4,5,4,float,
3A671E,object:pl,lerp,3A671E,5,4,float,
3A6740,object:pl,lerp,3A6740,5,4,float,
3A6762,object:pl,lerp,3A6762,5,4,float,
3A7011,object:pl,float-step,3A7011,5,4,float,
3A7395,object:pl,call,3A7395,8,4,float,
3A73CB,object:pl,multiplier,3A73CB,8,4,float,
3A7683,object:pl,lerp,3A7683,8,4,float,
3A76A1,object:pl,lerp,3A76A1,8,4,float,
3A76D8,object:pl,lerp,3A76D8,8,4,float,
3A76F6,object:pl,lerp,3A76F6,8,4,float,
3A7722,object:pl,lerp,3A7722,8,4,float,
3A7788,object:pl,float-expr,3A7784,8,4,float,
3A77A8,object:pl,float-expr,3A77A8,5,4,float,
3A77CC,object:pl,float-expr,3A77CC,11,4,float,
3A77E4,object:pl,float-expr,3A77E4,5,4,float,
3A7814,object:pl,multiplier,3A7814,8,4,float,
3A781C,object:pl,multiplier,3A781C,8,4,float,
3A783B,object:pl,float-expr,3A7837,8,4,float,
3A7857,object:pl,float-expr,3A7857,5,4,float,
3A7885,object:pl,multiplier,3A7885,8,4,float,
3A78A2,object:pl,float-expr,3A78A2,8,4,float,
3A78B8,object:pl,float-expr,3A78B8,5,4,float,
3A79C1,object:pl,counter,3A79C1,6,1,int,
3A81C5,object:pl,lerp,3A81C5,8,4,float,
3A81ED,object:pl,lerp,3A81ED,8,4,float,
3A81FD,object:pl,lerp,3A81FD,8,4,float,
3A82B0,object:pl,lerp,3A82B0,8,4,float,
3A82D8,object:pl,lerp,3A82D8,8,4,float,
3A82E8,object:pl,lerp,3A82E8,8,4,float,
3A835F,object:pl,counter,3A835F,7,2,int,
3A8378,object:pl,int-step,3A8378,8,2,int,
3A843E,object:pl,counter,3A843E,6,1,int,
3A8DC2,object:pl,float-step,3A8DC2,8,4,float,
3A8DEC,object:pl,float-step,3A8DEC,8,4,float,
3A953C,object:pl,counter,3A953C,7,1,int,
3A98E1,object:pl,multiplier,3A98E1,6,1,int,
3A9920,object:pl,multiplier,3A9920,6,1,int,
3A9941,object:pl,int-step,3A9941,6,1,int,
3A9B7A,object:pl,counter,3A9B7A,7,1,int,
3A9C6F,object:pl,counter,3A9C6F,6,1,int,
3A9D15,object:pl,counter,3A9D15,6,1,int,
3A9D28,object:pl,counter,3A9D28,6,1,int,
3A9E9B,object:pl,float-expr,3A9E9B,8,4,float,
3A9EA3,object:pl,float-expr,3A9EA3,8,4,float,
3A9EBA,object:pl,float-expr,3A9EBA,8,4,float,
3A9EC2,object:pl,float-expr,3A9EC2,8,4,float,
3A9EDD,object:pl,float-expr,3A9EDD,11,4,float,
3A9EF5,object:pl,float-expr,3A9EF5,5,4,float,
3A9F0E,object:pl,float-expr,3A9F0E,5,4,float,
3A9F3F,object:pl,multiplier,3A9F3F,8,4,float,
3A9F47,object:pl,multiplier,3A9F47,8,4,float,
3A9F5F,object:pl,multiplier,3A9F5F,8,4,float,
3A9F67,object:pl,multiplier,3A9F67,8,4,float,
3A9FE1,object:pl,counter,3A9FE1,7,2,int,
3AA0D1,object:pl,other,3AA0D1,7,2,int,
3AA167,object:pl,other,3AA167,7,2,int,
3AA1B5,object:pl,other,,,,,not a store (census artifact)
3AA208,object:pl,counter,3AA208,6,1,int,
3AA275,object:pl,counter,3AA275,7,2,int,
3AA437,object:pl,counter,3AA437,7,2,int,
3AA44D,object:pl,counter,3AA44D,7,2,int,
3AA46C,object:pl,counter,3AA46C,7,2,int,
3AA543,object:pl,counter,3AA543,6,1,int,
3AA6B9,object:pl,counter,3AA6B9,6,4,int,
3AA74D,object:pl,int-step,3AA74D,6,1,int,
3AA814,object:pl,int-step,3AA814,6,1,int,
3AAD63,object:pl,counter,3AAD63,7,1,int,
3AAE43,object:pl,multiplier,3AAE43,8,4,float,
3AB234,object:pl,multiplier,3AB234,8,4,float,
3AB468,object:pl,float-step,3AB468,5,4,float,
3AB486,object:pl,float-step,3AB486,5,4,float,
3AB4C0,object:pl,float-step,3AB4C0,5,4,float,
3AB4DE,object:pl,float-step,3AB4DE,5,4,float,
3AB582,object:pl,float-step,3AB582,8,4,float,
3AB652,object:pl,port:timescale,3AB652,8,4,float,
3AB685,object:pl,port:timescale,3AB685,5,4,float,
3AB6CD,object:pl,multiplier,3AB6CD,8,4,float,
3AB710,object:pl,multiplier,3AB710,8,4,float,
3AB72E,object:pl,multiplier,3AB72E,8,4,float,
3AB89C,object:pl,float-expr,3AB89C,8,4,float,
3AB8A4,object:pl,float-expr,3AB8A4,8,4,float,
3AB903,object:pl,phase-wrap,3AB903,8,4,float,
3ABB29,object:pl,port:timescale,3ABB29,5,4,float,
3ABC70,object:pl,multiplier,3ABC70,8,4,float,
3AC5FF,object:pl,lerp,3AC5FF,8,4,float,
3AC6D4,object:pl,lerp,3AC6D4,8,4,float,
3AFD95,object:pl,counter,3AFD8E,10,4,int,
3AFDA2,object:pl,counter,3AFDA2,7,2,int,
3AFEAD,object:pl,counter,3AFEAD,7,2,int,
3AFEDF,object:pl,counter,3AFEDF,7,2,int,
3B0082,object:pl,counter,3B0082,7,2,int,
3B008C,object:pl,counter,3B008C,7,2,int,
3B012D,object:pl,counter,3B012D,7,2,int,
3B01E8,object:pl,counter,3B01E8,7,2,int,
3B02AF,object:pl,counter,3B02AF,7,2,int,
3B02EE,object:pl,counter,3B02EE,7,2,int,
3B036A,object:pl,float-step,3B036A,8,4,float,
3B04B7,object:pl,counter,3B04B7,7,2,int,
3B04C1,object:pl,counter,3B04C1,7,2,int,
3AF68B,object:pl,multiplier,3AF68B,8,4,float,
3B0A30,object:pl,float-expr,3B0A2C,8,4,float,
3B0A49,object:pl,float-expr,3B0A49,5,4,float,
3B0A61,object:pl,float-expr,3B0A5D,8,4,float,
3B0A79,object:pl,float-expr,3B0A79,5,4,float,
3B0A9B,object:pl,multiplier,3B0A9B,8,4,float,
3B0AC0,object:pl,multiplier,3B0AC0,8,4,float,
3B0CDD,object:pl,phase-wrap,3B0CDD,8,4,float,
3B14C2,object:pl,counter,3B14C2,7,2,int,
3B175B,object:pl,multiplier,3B175B,8,4,float,
3B177C,object:pl,multiplier,3B177C,8,4,float,
3B17A9,object:pl,multiplier,3B17A9,8,4,float,
3B17E5,object:pl,call,3B17E5,8,4,float,
3B185B,object:pl,float-expr,3B185B,8,4,float,
3B1863,object:pl,float-expr,3B1863,8,4,float,
3B186F,object:pl,float-expr,3B186B,8,4,float,
3B1887,object:pl,float-expr,3B1887,5,4,float,
3B18AC,object:pl,multiplier,3B18AC,8,4,float,
3B18B4,object:pl,multiplier,3B18B4,8,4,float,
3B1AE0,object:pl,counter,3B1AE0,7,2,int,
3B1C7B,object:pl,counter,3B1C7B,7,2,int,
3B1FF9,object:pl,counter,3B1FF9,7,2,int,
3B208E,object:pl,multiplier,3B208E,8,4,float,
3B20A2,object:pl,float-expr,3B209E,8,4,float,
3B20BA,object:pl,float-expr,3B20BA,5,4,float,
3B20DF,object:pl,multiplier,3B20DF,8,4,float,
3B20E7,object:pl,multiplier,3B20E7,8,4,float,
3B212B,object:pl,multiplier,3B212B,8,4,float,
3B216B,object:pl,multiplier,3B216B,8,4,float,
3B21B3,object:pl,call,3B21B3,8,4,float,
3B2292,object:pl,float-expr,3B2292,8,4,float,
3B229A,object:pl,float-expr,3B229A,8,4,float,
3B22A6,object:pl,float-expr,3B22A2,8,4,float,
3B22BE,object:pl,float-expr,3B22BE,5,4,float,
3B22E3,object:pl,multiplier,3B22E3,8,4,float,
3B22EB,object:pl,multiplier,3B22EB,8,4,float,
3B2824,object:pl,multiplier,3B2824,8,4,float,
3B286B,object:pl,port:timescale,3B286B,8,4,float,
3B28A6,object:pl,port:timescale,3B28A6,8,4,float,
3B2905,object:pl,call,3B2905,8,4,float,
3B296F,object:pl,multiplier,3B296F,8,4,float,
3B2983,object:pl,float-expr,3B297F,8,4,float,
3B299B,object:pl,float-expr,3B299B,5,4,float,
3B29C0,object:pl,multiplier,3B29C0,8,4,float,
3B29C8,object:pl,multiplier,3B29C8,8,4,float,
3B2A7F,object:pl,float-expr,3B2A7F,8,4,float,
3B2A87,object:pl,float-expr,3B2A87,8,4,float,
3B2A93,object:pl,float-expr,3B2A8F,8,4,float,
3B2AAB,object:pl,float-expr,3B2AAB,5,4,float,
3B2AD0,object:pl,multiplier,3B2AD0,8,4,float,
3B2AD8,object:pl,multiplier,3B2AD8,8,4,float,
3B2FCC,object:pl,float-step,3B2FCC,8,4,float,
3B3003,object:pl,float-expr,3B3003,8,4,float,
3B3051,object:pl,multiplier,3B3051,8,4,float,
3B309D,object:pl,multiplier,3B309D,8,4,float,
3B30E1,object:pl,multiplier,3B30E1,8,4,float,
3B3139,object:pl,multiplier,3B3139,8,4,float,
3B315A,object:pl,multiplier,3B315A,8,4,float,
3B317B,object:pl,multiplier,3B317B,8,4,float,
3B31A6,object:pl,multiplier,3B31A6,8,4,float,
3B31C4,object:pl,counter,3B31C4,7,2,int,
3B31E5,object:pl,int-expr,3B31E5,7,2,int,
3B3241,object:pl,lerp,3B3241,8,4,float,
3B333F,object:pl,multiplier,3B333F,8,4,float,
3B335C,object:pl,multiplier,3B335C,8,4,float,
3B3535,object:pl,lerp,3B3535,8,4,float,
3B358B,object:pl,counter,3B358B,7,2,int,
3B36CB,object:pl,multiplier,3B36CB,8,4,float,
3B3877,object:pl,port:timescale,3B3877,8,4,float,
3B3990,object:pl,multiplier,3B3990,8,4,float,
3B3A06,object:pl,call,3B3A06,8,4,float,
3B3A89,object:pl,call,3B3A89,8,4,float,
3B3B9B,object:pl,float-expr,3B3B9B,8,4,float,
3B3BA3,object:pl,float-expr,3B3BA3,8,4,float,
3B3BAF,object:pl,float-expr,3B3BAB,8,4,float,
3B3BC7,object:pl,float-expr,3B3BC7,5,4,float,
3B3BEC,object:pl,multiplier,3B3BEC,8,4,float,
3B3BF4,object:pl,multiplier,3B3BF4,8,4,float,
3B4079,object:pl,multiplier,3B4079,8,4,float,
3B4187,object:pl,float-expr,3B4187,8,4,float,
3B42E8,object:pl,multiplier,3B42E8,8,4,float,
3B4544,object:pl,call,3B4544,8,4,float,
3B4662,object:pl,port:timescale,3B4662,8,4,float,
3B467D,object:pl,counter,3B467D,7,2,int,
3B46E7,object:pl,call,3B46E7,8,4,float,
3B47D7,object:pl,float-expr,3B47D7,8,4,float,
3B48F5,object:pl,counter,3B48F5,6,1,int,
3B4B0E,object:pl,counter,3B4B0E,6,1,int,
3B4B27,object:pl,counter,3B4B27,7,2,int,
3B4B5C,object:pl,port:timescale,3B4B5C,8,4,float,
3B4CB4,object:pl,counter,3B4CB4,6,1,int,
3B4EE8,object:pl,counter,3B4EE8,6,1,int,
3B50BE,object:pl,counter,3B50BE,6,1,int,
3B5490,object:pl,port:timescale,3B5490,8,4,float,
3B54AE,object:pl,port:timescale,3B54AE,8,4,float,
3B54E2,object:pl,multiplier,3B54E2,8,4,float,
3B5544,object:pl,call,3B5544,8,4,float,
3B55C4,object:pl,multiplier,3B55C4,8,4,float,
3B55E4,object:pl,multiplier,3B55E4,8,4,float,
3B560B,object:pl,multiplier,3B560B,8,4,float,
3B564C,object:pl,float-expr,3B5648,8,4,float,
3B5664,object:pl,float-expr,3B5664,5,4,float,
3B5679,object:pl,multiplier,3B5679,8,4,float,
3B5691,object:pl,multiplier,3B5691,8,4,float,
3B580A,object:pl,counter,3B580A,6,1,int,
3B5B80,object:pl,multiplier,3B5B80,8,4,float,
3B5E40,object:pl,phase-wrap,3B5E40,8,4,float,
3B60C0,object:pl,multiplier,3B60C0,8,4,float,
3B629E,object:pl,multiplier,3B629E,8,4,float,
3B62B6,object:pl,multiplier,3B62B6,8,4,float,
3B62DA,object:pl,multiplier,3B62DA,8,4,float,
3B62F2,object:pl,multiplier,3B62F2,8,4,float,
3B65FE,object:pl,phase-wrap,3B65FE,8,4,float,
3B6670,object:pl,multiplier,3B6670,8,4,float,
3B6853,object:pl,multiplier,3B6853,8,4,float,
3B685B,object:pl,multiplier,3B685B,8,4,float,
3B687F,object:pl,multiplier,3B687F,8,4,float,
3B6897,object:pl,multiplier,3B6897,8,4,float,
3B6BB9,object:pl,phase-wrap,3B6BB9,8,4,float,
3B6C30,object:pl,multiplier,3B6C30,8,4,float,
3B6E1A,object:pl,multiplier,3B6E1A,8,4,float,
3B6E22,object:pl,multiplier,3B6E22,8,4,float,
3B6E46,object:pl,multiplier,3B6E46,8,4,float,
3B6E5E,object:pl,multiplier,3B6E5E,8,4,float,
3B7179,object:pl,phase-wrap,3B7179,8,4,float,
3B72B4,object:pl,multiplier,3B72B4,8,4,float,
3B7379,object:pl,multiplier,3B7379,8,4,float,
3B74EB,object:pl,call,3B74EB,8,4,float,
3B7552,object:pl,phase-wrap,3B7552,8,4,float,
3B75A6,object:pl,phase-wrap,3B75A6,8,4,float,
3B75CF,object:pl,float-step,3B75CF,8,4,float,
3B7770,object:pl,multiplier,3B7770,8,4,float,
3B7782,object:pl,multiplier,3B7782,8,4,float,
3B7886,object:pl,call,3B7886,8,4,float,
3B78D7,object:pl,phase-wrap,3B78D7,8,4,float,
3B7B5C,object:pl,call,3B7B5C,8,4,float,
3B7BA4,object:pl,phase-wrap,3B7BA4,8,4,float,
3B7E0E,object:pl,call,3B7E0E,8,4,float,
3B7E56,object:pl,phase-wrap,3B7E56,8,4,float,
3B7EC7,object:pl,phase-wrap,3B7EC7,8,4,float,
3B80E3,object:pl,call,3B80E3,8,4,float,
3B8134,object:pl,phase-wrap,3B8134,8,4,float,
3B81EC,object:pl,phase-wrap,3B81EC,8,4,float,
3B8283,object:pl,counter,3B8283,7,2,int,
3B83FD,object:pl,multiplier,3B83FD,8,4,float,
3B8482,object:pl,multiplier,3B8482,8,4,float,
3B849A,object:pl,multiplier,3B849A,8,4,float,
3B84A2,object:pl,multiplier,3B84A2,8,4,float,
3B84BD,object:pl,float-expr,3B84BD,8,4,float,
3B84E3,object:pl,multiplier,3B84E3,8,4,float,
3B85BB,object:pl,multiplier,3B85BB,8,4,float,
3B86A5,object:pl,phase-wrap,3B86A5,8,4,float,
3B8B2C,object:pl,phase-wrap,3B8B2C,8,4,float,
3B8F47,object:pl,multiplier,3B8F47,8,4,float,
3B8FB3,object:pl,multiplier,3B8FB3,8,4,float,
3B9074,object:pl,phase-wrap,3B9074,8,4,float,
3B9258,object:pl,phase-wrap,3B9258,8,4,float,
3B9552,object:pl,phase-wrap,3B9552,8,4,float,
3B9709,object:pl,phase-wrap,3B9709,8,4,float,
3B988A,object:pl,multiplier,3B988A,8,4,float,
3B989F,object:pl,multiplier,3B989F,8,4,float,
3B98A7,object:pl,multiplier,3B98A7,8,4,float,
3B98F2,object:pl,multiplier,3B98F2,8,4,float,
3B9906,object:pl,multiplier,3B9906,8,4,float,
3B990E,object:pl,float-expr,3B990E,8,4,float,
3B9AEB,object:pl,multiplier,3B9AEB,8,4,float,
3B9B95,object:pl,counter,3B9B95,6,1,int,
3B9BEF,object:pl,int-expr,3B9BEF,6,1,int,
3B9C13,object:pl,counter,3B9C13,6,1,int,
3B9CCF,object:pl,phase-wrap,3B9CCF,8,4,float,
3B9D51,object:pl,counter,3B9D51,7,1,int,
3B9E01,object:pl,float-step,3B9E01,8,4,float,
3B9E7D,object:pl,counter,3B9E7D,7,1,int,
3B9EA0,object:pl,float-step,3B9EA0,9,4,float,
3BA00F,object:pl,phase-wrap,3BA00F,8,4,float,
3BA05E,object:pl,call,3BA05E,8,4,float,
3BA21D,object:pl,multiplier,3BA21D,8,4,float,
3BA32E,object:pl,phase-wrap,3BA32E,8,4,float,
3BA37D,object:pl,call,3BA37D,8,4,float,
3BA661,object:pl,phase-wrap,3BA661,8,4,float,
3BA6B0,object:pl,call,3BA6B0,8,4,float,
3BA949,object:pl,phase-wrap,3BA949,8,4,float,
3BA998,object:pl,call,3BA998,8,4,float,
3BAC24,object:pl,phase-wrap,3BAC24,8,4,float,
3BAC73,object:pl,call,3BAC73,8,4,float,
3BAF04,object:pl,phase-wrap,3BAF04,8,4,float,
3BAF53,object:pl,call,3BAF53,8,4,float,
3BB17F,object:pl,phase-wrap,3BB17F,8,4,float,
3BB1CE,object:pl,call,3BB1CE,8,4,float,
3BB441,object:pl,phase-wrap,3BB441,8,4,float,
3BB490,object:pl,call,3BB490,8,4,float,
3BB677,object:pl,counter,3BB677,7,2,int,
3BB831,object:pl,multiplier,3BB831,8,4,float,
3BB84C,object:pl,float-expr,3BB84C,8,4,float,
3BBE55,object:pl,multiplier,3BBE55,8,4,float,
3BC34B,object:pl,multiplier,3BC34B,8,4,float,
3BC42F,object:pl,multiplier,3BC42F,8,4,float,
3BC4BD,object:pl,counter,3BC4BD,7,2,int,
3BC4D0,object:pl,counter,3BC4D0,7,2,int,
3BC788,object:pl,multiplier,3BC788,8,4,float,
3BC8E3,object:pl,phase-wrap,3BC8E3,9,4,float,
3BC8FF,object:pl,phase-wrap,3BC8FF,9,4,float,
3BC9C9,object:pl,multiplier,3BC9C9,9,4,float,
3BC9E3,object:pl,float-step,3BC9E3,9,4,float,
3BCA8A,object:pl,phase-wrap,3BCA8A,9,4,float,
3BCAA6,object:pl,phase-wrap,3BCAA6,9,4,float,
3BCBDE,object:pl,phase-wrap,3BCBDE,9,4,float,
3BCBFA,object:pl,phase-wrap,3BCBFA,9,4,float,
3BCCBD,object:pl,counter,3BCCBD,8,2,int,
3BCFD3,object:pl,counter,3BCFD3,8,2,int,
3BCFEE,object:pl,counter,3BCFEE,8,2,int,
3BD5A7,object:pl,counter,3BD5A7,8,2,int,
3BD8C4,object:pl,multiplier,3BD8C4,8,4,float,
3BD9F6,object:pl,phase-wrap,3BD9F6,8,4,float,
3BDA28,object:pl,port:timescale,3BDA28,8,4,float,
3BDAF2,object:pl,multiplier,3BDAF2,8,4,float,
3BDB02,object:pl,float-expr,3BDB02,8,4,float,
3BDD19,object:pl,multiplier,3BDD19,8,4,float,
3BDDF2,object:pl,counter,3BDDF2,7,2,int,
3BDE09,object:pl,float-step,3BDE09,8,4,float,
3BDE53,object:pl,float-step,3BDE53,8,4,float,
3BE196,object:pl,counter,3BE196,7,2,int,
3BE1AD,object:pl,float-step,3BE1AD,8,4,float,
3BE1EF,object:pl,float-step,3BE1EF,5,4,float,
3BE204,object:pl,float-step,3BE204,8,4,float,
3BE22A,object:pl,multiplier,3BE22A,8,4,float,
3BE279,object:pl,port:timescale,3BE279,8,4,float,
3BE2E1,object:pl,float-expr,3BE2DD,8,4,float,
3BE2F7,object:pl,float-expr,3BE2F7,5,4,float,
3BE30E,object:pl,port:timescale,3BE30E,5,4,float,
3BE56F,object:pl,counter,3BE56F,7,2,int,
3BE838,object:pl,multiplier,3BE838,8,4,float,
3BE9AC,object:pl,counter,3BE9AC,7,2,int,
3BE9DF,object:pl,multiplier,3BE9DF,8,4,float,
3BEC93,object:pl,lerp,3BEC93,8,4,float,
3BECF6,object:pl,port:mode,3BECF6,8,4,float,
3BEF3B,object:pl,multiplier,3BEF3B,8,4,float,
3BF2B2,object:pl,counter,3BF2B2,7,1,int,
3BF35C,object:pl,counter,3BF35C,7,1,int,
3BF3D7,object:pl,multiplier,3BF3D7,9,4,float,
3BF4EC,object:pl,phase-wrap,3BF4EC,9,4,float,
3BF67E,object:pl,port:timescale,3BF67E,9,4,float,
3BFB9C,object:pl,counter,3BFB9C,8,2,int,
3BFBC9,object:pl,multiplier,3BFBC9,9,4,float,
3BFC61,object:pl,phase-wrap,3BFC61,9,4,float,
3C037A,object:pl,multiplier,3C037A,8,4,float,
3C048C,object:pl,multiplier,3C048C,8,4,float,
3C04A0,object:pl,multiplier,3C04A0,8,4,float,
3C04A8,object:pl,multiplier,3C04A8,8,4,float,
3C0619,object:pl,multiplier,3C0619,8,4,float,
3C06D0,object:pl,phase-wrap,3C06D0,8,4,float,
3C083D,object:pl,phase-wrap,3C083D,8,4,float,
3C09A3,object:pl,phase-wrap,3C09A3,8,4,float,
3C0B47,object:pl,multiplier,3C0B47,8,4,float,
3C0BE1,object:pl,phase-wrap,3C0BE1,8,4,float,
3C0E04,object:pl,multiplier,3C0E04,8,4,float,
3C1041,object:pl,multiplier,3C1041,8,4,float,
3C112D,object:pl,phase-wrap,3C112D,8,4,float,
3C12D4,object:pl,phase-wrap,3C12D4,8,4,float,
3C1690,object:pl,phase-wrap,3C1690,8,4,float,
3C183C,object:pl,phase-wrap,3C183C,8,4,float,
3C1844,object:pl,counter,3C1844,7,2,int,
3C19D4,object:pl,float-step,3C19D4,8,4,float,
3C19EE,object:pl,counter,3C19EE,7,2,int,
3C1F41,object:pl,counter,3C1F41,7,2,int,
3C2136,object:pl,multiplier,3C2136,8,4,float,
3C222D,object:pl,counter,3C222D,6,1,int,
3C22AE,object:pl,float-step,3C22AE,5,4,float,
3C22F0,object:pl,multiplier,3C22F0,8,4,float,
3C231A,object:pl,multiplier,3C231A,8,4,float,
3C2364,object:pl,float-expr,3C2364,8,4,float,
3C23C4,object:pl,float-expr,3C23C0,8,4,float,
3C23DA,object:pl,float-expr,3C23DA,5,4,float,
3C23F1,object:pl,float-expr,3C23F1,5,4,float,
3C249A,object:pl,multiplier,3C249A,8,4,float,
3C2841,object:pl,counter,3C2841,6,1,int,
3C2850,object:pl,counter,3C2850,7,2,int,
3C2865,object:pl,counter,3C2865,6,1,int,
3C28AA,object:pl,multiplier,3C28AA,8,4,float,
3C28D0,object:pl,multiplier,3C28D0,8,4,float,
3C291F,object:pl,float-expr,3C291F,8,4,float,
3C2992,object:pl,float-expr,3C2992,11,4,float,
3C29A7,object:pl,float-expr,3C29A7,5,4,float,
3C29BD,object:pl,float-expr,3C29BD,5,4,float,
3C2A3C,object:pl,float-expr,3C2A38,8,4,float,
3C2A51,object:pl,float-expr,3C2A51,5,4,float,
3C2A67,object:pl,float-expr,3C2A67,5,4,float,
3C2B1D,object:pl,counter,3C2B1D,6,1,int,
3C2EEB,object:pl,multiplier,3C2EEB,8,4,float,
3C2FE0,object:pl,counter,3C2FE0,6,1,int,
3C3090,object:pl,counter,3C3090,6,1,int,
3C3305,object:pl,port:timescale,3C3305,8,4,float,
3C3322,object:pl,port:timescale,3C3322,8,4,float,
3C335C,object:pl,multiplier,3C335C,8,4,float,
3C33B8,object:pl,call,3C33B8,8,4,float,
3C355E,object:pl,phase-wrap,3C355E,8,4,float,
3C372C,object:pl,counter,3C372C,7,2,int,
3C3763,object:pl,multiplier,3C3763,8,4,float,
3C37B4,object:pl,port:mode,3C37B4,8,4,float,
3C3A06,object:pl,lerp,3C3A06,8,4,float,
3C3A83,object:pl,port:mode,3C3A83,8,4,float,
3C3F36,object:pl,float-expr,3C3F36,5,4,float,
3C3F3B,object:pl,int-step,3C3F3B,8,2,int,
3C3FED,object:pl,multiplier,3C3FED,8,4,float,
3C4012,object:pl,multiplier,3C4012,8,4,float,
3C402E,object:pl,port:timescale,3C402E,8,4,float,
3C405C,object:pl,port:timescale,3C405C,8,4,float,
3C4092,object:pl,call,3C4092,8,4,float,
3C40C8,object:pl,call,3C40C8,8,4,float,
3C412A,object:pl,float-expr,3C412A,8,4,float,
3C4148,object:pl,float-expr,3C4148,8,4,float,
3C415B,object:pl,float-expr,3C4157,8,4,float,
3C4173,object:pl,float-expr,3C4173,5,4,float,
3C4188,object:pl,multiplier,3C4188,8,4,float,
3C41A0,object:pl,multiplier,3C41A0,8,4,float,
3C422F,object:pl,counter,3C422F,7,2,int,
3C4656,object:pl,float-expr,3C4656,5,4,float,
3C465B,object:pl,int-step,3C465B,8,2,int,
3C4695,object:pl,port:timescale,3C4695,8,4,float,
3C47CF,object:pl,counter,3C47CF,7,2,int,
3C47EE,object:pl,port:timescale,3C47EE,8,4,float,
3C481A,object:pl,multiplier,3C481A,8,4,float,
3C4844,object:pl,multiplier,3C4844,8,4,float,
3C4869,object:pl,multiplier,3C4869,8,4,float,
3C48BA,object:pl,call,3C48BA,8,4,float,
3C48EF,object:pl,multiplier,3C48EF,8,4,float,
3C4925,object:pl,call,3C4925,8,4,float,
3C4987,object:pl,float-expr,3C4987,8,4,float,
3C49A5,object:pl,float-expr,3C49A5,8,4,float,
3C49B8,object:pl,float-expr,3C49B4,8,4,float,
3C49D0,object:pl,float-expr,3C49D0,5,4,float,
3C49E5,object:pl,multiplier,3C49E5,8,4,float,
3C49FD,object:pl,multiplier,3C49FD,8,4,float,
3C4A78,object:pl,counter,3C4A78,7,2,int,
3C4F2C,object:pl,multiplier,3C4F2C,8,4,float,
3C4FDD,object:pl,multiplier,3C4FDD,8,4,float,
3C4FFE,object:pl,multiplier,3C4FFE,8,4,float,
3C5023,object:pl,multiplier,3C5023,8,4,float,
3C506F,object:pl,call,3C506F,8,4,float,
3C50B3,object:pl,call,3C50B3,8,4,float,
3C50CD,object:pl,multiplier,3C50CD,8,4,float,
3C514C,object:pl,float-expr,3C514C,8,4,float,
3C5154,object:pl,float-expr,3C5154,8,4,float,
3C5160,object:pl,float-expr,3C515C,8,4,float,
3C5178,object:pl,float-expr,3C5178,5,4,float,
3C519D,object:pl,multiplier,3C519D,8,4,float,
3C51A5,object:pl,multiplier,3C51A5,8,4,float,
3C521F,object:pl,counter,3C521F,7,2,int,
3C5389,object:pl,multiplier,3C5389,8,4,float,
3C542F,object:pl,port:timescale,3C542F,8,4,float,
3C545C,object:pl,multiplier,3C545C,8,4,float,
3C54F8,object:pl,call,3C54F8,8,4,float,
3C5684,object:pl,multiplier,3C5684,8,4,float,
3C56BE,object:pl,multiplier,3C56BE,8,4,float,
3C57FF,object:pl,multiplier,3C57FF,8,4,float,
3C5922,object:pl,port:timescale,3C5922,8,4,float,
3C594C,object:pl,multiplier,3C594C,8,4,float,
3C5970,object:pl,multiplier,3C5970,8,4,float,
3C5A99,object:pl,phase-wrap,3C5A99,8,4,float,
3C5AED,object:pl,multiplier,3C5AED,8,4,float,
3C5B0C,object:pl,counter,3C5B0C,7,2,int,
3C5BA9,object:pl,call,3C5BA9,8,4,float,
3C5C45,object:pl,call,3C5C45,8,4,float,
3C5CAF,object:pl,phase-wrap,3C5CAF,8,4,float,
3C5D26,object:pl,phase-wrap,3C5D26,8,4,float,
3C5D41,object:pl,multiplier,3C5D41,8,4,float,
3C5DD3,object:pl,multiplier,3C5DD3,8,4,float,
3C5DE7,object:pl,float-expr,3C5DE3,8,4,float,
3C5DFF,object:pl,float-expr,3C5DFF,5,4,float,
3C5E24,object:pl,multiplier,3C5E24,8,4,float,
3C5E2C,object:pl,multiplier,3C5E2C,8,4,float,
3C5E7A,object:pl,multiplier,3C5E7A,8,4,float,
3C60B4,object:pl,multiplier,3C60B4,8,4,float,
3C61CB,object:pl,phase-wrap,3C61CB,8,4,float,
3C6203,object:pl,phase-wrap,3C6203,8,4,float,
3C625D,object:pl,float-step,3C625D,8,4,float,
3C633F,object:pl,counter,3C633F,7,2,int,
3C64E1,object:pl,counter,3C64E1,7,2,int,
3C6563,object:pl,phase-wrap,3C6563,8,4,float,
3C659B,object:pl,phase-wrap,3C659B,8,4,float,
3C65F5,object:pl,float-step,3C65F5,8,4,float,
3C66C9,object:pl,counter,3C66C9,6,4,int,
3C678F,object:pl,multiplier,3C678F,8,4,float,
3C67F6,object:pl,call,3C67F6,8,4,float,
3C6958,object:pl,counter,3C6958,7,2,int,
3C6989,object:pl,float-expr,3C6989,5,4,float,
3C6B7F,object:pl,counter,3C6B7F,7,2,int,
3C6CA4,object:pl,counter,3C6CA4,7,2,int,
3C71CB,object:pl,phase-wrap,3C71CB,8,4,float,
3C7221,object:pl,multiplier,3C7221,8,4,float,
3C7261,object:pl,float-expr,3C7261,8,4,float,
3C731F,object:pl,phase-wrap,3C731F,8,4,float,
3C732B,object:pl,float-expr,3C7327,8,4,float,
3C7340,object:pl,float-expr,3C7340,5,4,float,
3C73E0,object:pl,multiplier,3C73E0,8,4,float,
3C74B0,object:pl,multiplier,3C74B0,8,4,float,
3C75C8,object:pl,multiplier,3C75C8,8,4,float,
3C77E0,object:pl,multiplier,3C77E0,8,4,float,
3C78F5,object:pl,multiplier,3C78F5,8,4,float,
3C79E6,object:pl,phase-wrap,3C79E6,8,4,float,
3C7A4C,object:pl,phase-wrap,3C7A4C,8,4,float,
3C7BBE,object:pl,counter,3C7BBE,7,2,int,
3C7E9D,object:pl,phase-wrap,3C7E9D,8,4,float,
3C80AE,object:pl,multiplier,3C80AE,8,4,float,
3C8100,object:pl,multiplier,3C8100,8,4,float,
3C8114,object:pl,multiplier,3C8114,8,4,float,
3C811C,object:pl,multiplier,3C811C,8,4,float,
3C816D,object:pl,multiplier,3C816D,8,4,float,
3C8181,object:pl,multiplier,3C8181,8,4,float,
3C8189,object:pl,multiplier,3C8189,8,4,float,
3C8534,object:pl,multiplier,3C8534,8,4,float,
3C876B,object:pl,counter,3C876B,8,2,int,
3C8FF4,object:pl,phase-wrap,3C8FF4,9,4,float,
3C942B,object:pl,multiplier,3C942B,9,4,float,
3C945D,object:pl,multiplier,3C945D,9,4,float,
3C9466,object:pl,multiplier,3C9466,9,4,float,
3C94AA,object:pl,multiplier,3C94AA,9,4,float,
3C94C4,object:pl,multiplier,3C94C4,9,4,float,
3C9853,object:pl,counter,3C9853,7,2,int,
3C9886,object:pl,counter,3C9886,7,2,int,
3C9BC3,object:pl,float-expr,3C9BC3,5,4,float,
3C9BC8,object:pl,int-step,3C9BC8,8,2,int,
3C9BF0,object:pl,port:timescale,3C9BF0,8,4,float,
3C9C1C,object:pl,multiplier,3C9C1C,8,4,float,
3C9C46,object:pl,multiplier,3C9C46,8,4,float,
3C9C6B,object:pl,multiplier,3C9C6B,8,4,float,
3C9CBC,object:pl,call,3C9CBC,8,4,float,
3C9D03,object:pl,call,3C9D03,8,4,float,
3C9D27,object:pl,multiplier,3C9D27,8,4,float,
3C9D89,object:pl,float-expr,3C9D89,8,4,float,
3C9DA7,object:pl,float-expr,3C9DA7,8,4,float,
3C9DBA,object:pl,float-expr,3C9DB6,8,4,float,
3C9DD2,object:pl,float-expr,3C9DD2,5,4,float,
3C9DE7,object:pl,multiplier,3C9DE7,8,4,float,
3C9DFF,object:pl,multiplier,3C9DFF,8,4,float,
3C9E82,object:pl,counter,3C9E82,7,2,int,
3CA235,object:pl,phase-wrap,3CA235,8,4,float,
3CA2E8,object:pl,phase-wrap,3CA2E8,8,4,float,
3CA399,object:pl,multiplier,3CA399,8,4,float,
3CA44F,object:pl,call,3CA44F,8,4,float,
3CA4D0,object:pl,phase-wrap,3CA4D0,8,4,float,
3CA567,object:pl,phase-wrap,3CA567,8,4,float,
3CA582,object:pl,multiplier,3CA582,8,4,float,
3CA65D,object:pl,port:timescale,3CA65D,8,4,float,
3CA706,object:pl,phase-wrap,3CA706,8,4,float,
3CA750,object:pl,multiplier,3CA750,8,4,float,
3CA762,object:pl,multiplier,3CA762,8,4,float,
3CA7A2,object:pl,counter,3CA7A2,7,2,int,
3CA8D6,object:pl,phase-wrap,3CA8D6,8,4,float,
3CA9B9,object:pl,multiplier,3CA9B9,8,4,float,
3CAA58,object:pl,phase-wrap,3CAA58,8,4,float,
3CAB2F,object:pl,counter,3CAB2F,7,2,int,
3CACCF,object:pl,multiplier,3CACCF,8,4,float,
3CACEA,object:pl,float-expr,3CACEA,8,4,float,
3CAFBF,object:pl,float-expr,3CAFBF,5,4,float,
3CB1F1,object:pl,counter,3CB1F1,7,2,int,
3CB52A,object:pl,counter,3CB52A,7,2,int,
3CB575,object:pl,counter,3CB575,6,1,int,
3CB908,object:pl,counter,3CB908,6,1,int,
3CB9CD,object:pl,counter,3CB9CD,7,2,int,
3CBA29,object:pl,counter,3CBA29,6,1,int,
3CBE59,object:pl,counter,3CBE59,6,1,int,
3CC148,object:pl,port:timescale,3CC148,8,4,float,
3CC2AB,object:pl,multiplier,3CC2AB,8,4,float,
3CC401,object:pl,phase-wrap,3CC401,8,4,float,
3CC466,object:pl,multiplier,3CC466,8,4,float,
3CC481,object:pl,float-expr,3CC481,8,4,float,
3CC6C2,object:pl,counter,3CC6C2,7,2,int,
3CCDCD,object:pl,float-expr,3CCDCD,5,4,float,
3CCDE2,object:pl,float-expr,3CCDE2,9,4,float,
3CCDEB,object:pl,float-expr,3CCDEB,9,4,float,
3CCDF4,object:pl,float-step,3CCDF4,9,4,float,
3CCE52,object:pl,counter,3CCE52,7,1,int,
3CD1DF,object:pl,counter,3CD1DF,6,1,int,
3CD2D9,object:pl,counter,3CD2D9,6,1,int,
3CD583,object:pl,counter,3CD583,7,2,int,
3CD5CF,object:pl,counter,3CD5CF,6,1,int,
3CD97D,object:pl,counter,3CD97D,7,2,int,
3CD9DD,object:pl,counter,3CD9DD,7,2,int,
3CEC2F,object:pl,other,3CEC2F,5,4,float,
3CEC8F,object:pl,other,3CEC8F,5,4,float,
3CF018,object:pl,counter,3CF018,6,1,int,
3D0426,object:pl,counter,3D0426,7,2,int,
3D055B,object:pl,counter,3D055B,6,1,int,
3D06ED,object:pl,float-step,3D06ED,8,4,float,
3D0788,object:pl,multiplier,3D0788,8,4,float,
3D0794,object:pl,multiplier,3D0790,8,4,float,
3D0798,object:pl,multiplier,3D0798,8,4,float,
3D07A4,object:pl,float-expr,3D07A0,8,4,float,
3D07BC,object:pl,float-expr,3D07BC,5,4,float,
3D07D5,object:pl,float-expr,3D07D5,5,4,float,
3D08A7,object:pl,counter,3D08A7,7,2,int,
3D0A2F,object:pl,int-expr,3D0A2F,7,2,int,
3D0A53,object:pl,counter,3D0A53,7,2,int,
3D0A5A,object:pl,counter,3D0A5A,7,2,int,
3D0C23,object:pl,float-step,3D0C23,5,4,float,
3D0DD8,object:pl,counter,3D0DD8,7,2,int,
3D0F9A,object:pl,float-step,3D0F9A,8,4,float,
3D101A,object:pl,float-expr,3D1016,8,4,float,
3D1032,object:pl,float-expr,3D1032,5,4,float,
3D104B,object:pl,float-expr,3D104B,5,4,float,
3D10D5,object:pl,float-step,3D10D5,5,4,float,
3D111F,object:pl,counter,3D111F,7,2,int,
3D1209,object:pl,float-step,3D1209,8,4,float,
3D1289,object:pl,float-expr,3D1289,11,4,float,
3D12A1,object:pl,float-expr,3D12A1,5,4,float,
3D12BA,object:pl,float-expr,3D12BA,5,4,float,
3D1301,object:pl,counter,3D1301,7,2,int,
3D13F4,object:pl,counter,3D13F4,7,2,int,
3D1492,object:pl,counter,3D1492,7,2,int,
3D163D,object:pl,counter,3D163D,7,2,int,
3D1789,object:pl,counter,3D1789,7,2,int,
3D18A5,object:pl,counter,3D18A5,7,2,int,
459DA1,object:pl,int-expr,459DA1,8,2,int,
459DBE,object:pl,int-expr,459DBE,8,2,int,
3D1D34,object:plwp/wp,int-step,3D1D34,6,1,int,
3D1D49,object:plwp/wp,int-step,3D1D49,6,1,int,
3D1D76,object:plwp/wp,multiplier,3D1D76,8,4,float,
3D2863,object:plwpsub/wp,int-step,3D2863,6,1,int,
3D2878,object:plwpsub/wp,int-step,3D2878,6,1,int,
3D28A5,object:plwpsub/wp,multiplier,3D28A5,8,4,float,
4BCA60,object:sg,float-expr,4BCA60,8,4,float,
4BCA74,object:sg,float-expr,4BCA74,8,4,float,
4BCF32,object:sg,float-expr,4BCF32,8,4,float,
4BCF46,object:sg,float-expr,4BCF46,8,4,float,
213364,object:ut,float-step,213364,8,4,float,
213FEE,object:ut,counter,213FEE,7,2,int,
21405C,object:ut,counter,21405C,6,4,int,
2146D5,object:ut,float-step,2146D5,8,4,float,
214766,object:ut,float-step,214766,8,4,float,
2152FA,object:ut,float-step,2152FA,8,4,float,
215345,object:ut,float-step,215345,8,4,float,
215B5B,object:ut,counter,215B5B,7,2,int,
215CD3,object:ut,counter,215CD3,7,2,int,
215D31,object:ut,counter,215D31,7,2,int,
215EBB,object:ut,counter,215EBB,7,2,int,
215F8F,object:ut,counter,215F8F,6,1,int,
215FDF,object:ut,counter,215FDF,7,2,int,
216189,object:ut,float-step,216189,8,4,float,
216312,object:ut,counter,216312,6,1,int,
2172B9,object:ut,float-expr,2172B9,5,4,float,
2172F0,object:ut,multiplier,2172F0,8,4,float,
217370,object:ut,float-step,217370,8,4,float,
217447,object:ut,float-step,217447,8,4,float,
217FE4,object:ut,counter,217FE4,6,4,int,
218045,object:ut,counter,218045,6,4,int,
218071,object:ut,counter,218071,6,4,int,
2180D6,object:ut,counter,2180D6,6,4,int,
21813B,object:ut,counter,21813B,6,4,int,
21815F,object:ut,counter,21815F,6,4,int,
218984,object:ut,float-step,218984,8,4,float,
218C35,object:ut,counter,218C35,7,2,int,
21943D,object:ut,counter,21943D,6,1,int,
21A5F3,object:ut,counter,21A5F3,6,1,int,
21A85A,object:ut,counter,21A85A,6,1,int,
21AA6C,object:ut,counter,21AA6C,6,1,int,
21ABD0,object:ut,counter,21ABD0,6,1,int,
21AC12,object:ut,counter,21AC12,6,1,int,
21AD62,object:ut,counter,21AD62,6,1,int,
21B73E,object:ut,lerp,21B73E,8,4,float,
21B930,object:ut,lerp,21B930,5,4,float,
21BF32,object:ut,counter,21BF32,7,2,int,
21BF6E,object:ut,counter,21BF6E,7,2,int,
21C06A,object:ut,counter,21C06A,7,2,int,
21C134,object:ut,counter,21C134,7,2,int,
21CBE7,object:ut,float-step,21CBE7,5,4,float,
21D2CD,object:ut,counter,21D2CD,6,4,int,
21D44D,object:ut,counter,21D44D,6,4,int,
21D83D,object:ut,float-step,21D83D,5,4,float,
21D9E7,object:ut,counter,21D9E7,7,4,int,
21DA75,object:ut,counter,21DA75,7,4,int,
21DC02,object:ut,counter,21DC02,7,4,int,
21DCC8,object:ut,counter,21DCC8,7,4,int,
22021F,object:ut,lerp,22021F,8,4,float,
2202E7,object:ut,counter,2202E7,6,1,int,
22053F,object:ut,lerp,22053F,8,4,float,
220815,object:ut,counter,220815,6,1,int,
220C6E,object:ut,float-step,220C6E,8,4,float,
220C81,object:ut,float-step,220C81,8,4,float,
220C89,object:ut,float-step,220C89,8,4,float,
220CC7,object:ut,float-step,220CC7,8,4,float,
220CCF,object:ut,float-step,220CCF,8,4,float,
220CD7,object:ut,float-step,220CD7,8,4,float,
220F6A,object:ut,counter,220F6A,6,1,int,
22112C,object:ut,lerp,22112C,8,4,float,
22116A,object:ut,counter,22116A,6,4,int,
221893,object:ut,lerp,221893,8,4,float,
2218BB,object:ut,lerp,2218BB,8,4,float,
2218D6,object:ut,lerp,2218D6,8,4,float,
22193F,object:ut,counter,22193F,9,2,int,
221989,object:ut,lerp,221989,8,4,float,
2219A9,object:ut,lerp,2219A9,8,4,float,
221B95,object:ut,phase-wrap,221B95,8,4,float,
221BB4,object:ut,float-step,221BB4,6,4,float,
22207C,object:ut,float-step,22207C,8,4,float,
22273C,object:ut,call,22273C,8,4,float,
222B63,object:ut,lerp,222B63,8,4,float,
222B8B,object:ut,lerp,222B8B,8,4,float,
222B9B,object:ut,lerp,222B9B,8,4,float,
222BC4,object:ut,counter,222BC4,6,1,int,
222EF3,object:ut,counter,222EF3,7,2,int,
2230DA,object:ut,counter,2230DA,6,1,int,
22345A,object:ut,counter,22345A,6,1,int,
22399D,object:ut,lerp,22399D,8,4,float,
2239C5,object:ut,lerp,2239C5,8,4,float,
2239D5,object:ut,lerp,2239D5,8,4,float,
223AF1,object:ut,lerp,223AF1,8,4,float,
223B19,object:ut,lerp,223B19,8,4,float,
223B29,object:ut,lerp,223B29,8,4,float,
224055,object:ut,counter,224055,6,1,int,
22408C,object:ut,counter,22408C,6,1,int,
2251D0,object:ut,lerp,2251D0,8,4,float,
225C43,object:ut,lerp,225C43,8,4,float,
225DF6,object:ut,counter,225DF6,7,1,int,
2261A7,object:ut,float-step,2261A7,8,4,float,
226221,object:ut,counter,226221,7,2,int,
226F12,object:ut,counter,226F12,7,2,int,
22708D,object:ut,counter,22708D,6,1,int,
227491,object:ut,lerp,227491,8,4,float,
22762B,object:ut,phase-wrap,22762B,8,4,float,
227C72,object:ut,counter,227C72,7,2,int,
2281AC,object:ut,float-step,2281AC,5,4,float,
22828A,object:ut,counter,22828A,6,1,int,
228341,object:ut,counter,228341,7,2,int,
228352,object:ut,counter,228352,6,1,int,
22856A,object:ut,counter,22856A,6,1,int,
22864C,object:ut,counter,22864C,7,2,int,
22865D,object:ut,counter,22865D,6,1,int,
228CCE,object:ut,counter,228CCE,7,2,int,
2290B4,object:ut,float-expr,2290B4,8,4,float,
2290D6,object:ut,float-expr,2290D6,8,4,float,
229104,object:ut,float-expr,229104,8,4,float,
22911D,object:ut,float-expr,22911D,8,4,float,
229349,object:ut,lerp,229345,8,4,float,
22936C,object:ut,lerp,22936C,5,4,float,
229B13,object:ut,float-step,229B13,5,4,float,
229B39,object:ut,float-step,229B39,5,4,float,
229BA2,object:ut,lerp,229BA2,8,4,float,
229BCA,object:ut,lerp,229BCA,5,4,float,
229DBE,object:ut,phase-wrap,229DBE,8,4,float,
229F07,object:ut,counter,229F07,7,2,int,
22A013,object:ut,call,22A013,8,4,float,
22A06C,object:ut,float-step,22A06C,8,4,float,
22A0D8,object:ut,float-expr,22A0D4,8,4,float,
22A0F6,object:ut,float-expr,22A0F6,5,4,float,
22A289,object:ut,counter,22A289,7,2,int,
22A2D2,object:ut,phase-wrap,22A2D2,8,4,float,
22A754,object:ut,counter,22A754,7,2,int,
22A76A,object:ut,counter,22A76A,7,2,int,
22AAD0,object:ut,phase-wrap,22AAD0,8,4,float,
22AC3A,object:ut,float-step,22AC3A,8,4,float,
22AD98,object:ut,float-step,22AD98,8,4,float,
22B14C,object:ut,counter,22B14C,7,2,int,
22B1F0,object:ut,counter,22B1F0,6,4,int,
22BEDE,object:ut,float-expr,22BEDE,8,4,float,
22BEF4,object:ut,float-expr,22BEF4,8,4,float,
22C0A0,object:ut,counter,22C0A0,6,1,int,
22C0CF,object:ut,float-step,22C0CF,8,4,float,
22C0DC,object:ut,float-expr,22C0DC,5,4,float,
22C267,object:ut,counter,22C267,6,1,int,
22C362,object:ut,counter,22C362,6,1,int,
22C41E,object:ut,counter,22C41E,6,1,int,
22C902,object:ut,counter,22C902,6,1,int,
22CC5C,object:ut,float-expr,22CC5C,8,4,float,
22CC74,object:ut,float-expr,22CC74,8,4,float,
22CDBA,object:ut,float-expr,22CDBA,8,4,float,
22CDCC,object:ut,float-expr,22CDCC,8,4,float,
22CDE0,object:ut,float-expr,22CDE0,8,4,float,
22CE7B,object:ut,float-expr,22CE7B,8,4,float,
22CE9A,object:ut,counter,22CE9A,6,1,int,
22CEB3,object:ut,float-expr,22CEB3,8,4,float,
22CF32,object:ut,counter,22CF32,6,1,int,
22D5FA,object:ut,multiplier,22D5FA,8,4,float,
22D63A,object:ut,multiplier,22D63A,8,4,float,
22D69E,object:ut,float-step,22D69E,8,4,float,
22D6DF,object:ut,float-step,22D6DF,8,4,float,
22D9F8,object:ut,float-expr,22D9F8,8,4,float,
22DB16,object:ut,multiplier,22DB16,8,4,float,
22DC12,object:ut,float-expr,22DC0F,7,4,float,
22DC27,object:ut,float-expr,22DC27,9,4,float,
22DC40,object:ut,float-expr,22DC40,8,4,float,
22DC98,object:ut,float-expr,22DC98,8,4,float,
22DCA0,object:ut,float-expr,22DCA0,8,4,float,
22E594,object:ut,float-step,22E594,8,4,float,
22E5C9,object:ut,float-step,22E5C9,8,4,float,
22E5D1,object:ut,float-step,22E5D1,8,4,float,
22E60F,object:ut,counter,22E60F,6,1,int,
22E649,object:ut,float-step,22E649,8,4,float,
22E657,object:ut,float-step,22E657,8,4,float,
22E6E7,object:ut,float-expr,22E6E7,8,4,float,
22E717,object:ut,phase-wrap,22E717,8,4,float,
22E73F,object:ut,float-expr,22E73F,8,4,float,
22E757,object:ut,multiplier,22E757,8,4,float,
22E793,object:ut,lerp,22E793,8,4,float,
22E7C3,object:ut,phase-wrap,22E7C3,8,4,float,
22E7E6,object:ut,float-expr,22E7E6,8,4,float,
22E7FE,object:ut,multiplier,22E7FE,8,4,float,
22EB48,object:ut,float-step,22EB48,8,4,float,
22EB60,object:ut,float-step,22EB60,8,4,float,
22EBCF,object:ut,float-step,22EBCF,8,4,float,
22ECB6,object:ut,float-expr,22ECB6,8,4,float,
22ECDF,object:ut,float-expr,22ECDF,8,4,float,
22F2E3,object:ut,counter,22F2E3,6,1,int,
22F46C,object:ut,phase-wrap,22F46C,8,4,float,
22F4C4,object:ut,phase-wrap,22F4C4,8,4,float,
22F4FE,object:ut,phase-wrap,22F4FE,8,4,float,
22F646,object:ut,counter,22F646,7,4,int,
22F679,object:ut,counter,22F679,6,1,int,
22F850,object:ut,float-expr,22F850,5,4,float,
22F872,object:ut,float-step,22F872,8,4,float,
22F8CF,object:ut,counter,22F8CF,6,1,int,
22F8F1,object:ut,counter,22F8F1,6,1,int,
22FF34,object:ut,counter,22FF34,7,2,int,
22FF88,object:ut,counter,22FF88,6,1,int,
23009D,object:ut,counter,23009D,7,2,int,
230144,object:ut,counter,230144,7,2,int,
230261,object:ut,counter,230261,7,2,int,
230314,object:ut,counter,230314,7,2,int,
2303A6,object:ut,float-step,2303A6,8,4,float,
2303D8,object:ut,float-step,2303D8,8,4,float,
23050A,object:ut,phase-wrap,23050A,8,4,float,
230826,object:ut,phase-wrap,230826,8,4,float,
23085F,object:ut,phase-wrap,23085F,8,4,float,
2308A8,object:ut,float-expr,2308A8,8,4,float,
2308C2,object:ut,float-expr,2308C2,8,4,float,
23090B,object:ut,phase-wrap,23090B,8,4,float,
230943,object:ut,phase-wrap,230943,8,4,float,
230987,object:ut,phase-wrap,230987,8,4,float,
230BEA,object:ut,counter,230BEA,6,1,int,
230C7A,object:ut,counter,230C7A,7,1,int,
230EB1,object:ut,lerp,230EB1,8,4,float,
230F35,object:ut,counter,230F35,6,1,int,
23109C,object:ut,phase-wrap,23109C,8,4,float,
2310F0,object:ut,counter,2310F0,6,1,int,
23118A,object:ut,float-step,23118A,8,4,float,
231192,object:ut,float-step,231192,8,4,float,
23119A,object:ut,float-step,23119A,8,4,float,
2311D8,object:ut,counter,2311D8,7,2,int,
231316,object:ut,counter,231316,7,2,int,
231322,object:ut,counter,231322,7,1,int,
2313BE,object:ut,counter,2313BE,6,1,int,
231444,object:ut,phase-wrap,231444,8,4,float,
231479,object:ut,lerp,231475,8,4,float,
23149F,object:ut,lerp,23149F,5,4,float,
2314C6,object:ut,lerp,2314C6,5,4,float,
2314DE,object:ut,float-step,2314DE,8,4,float,
2315E2,object:ut,counter,2315E2,7,2,int,
2315F0,object:ut,lerp,2315F0,8,4,float,
231618,object:ut,lerp,231618,8,4,float,
231628,object:ut,lerp,231628,8,4,float,
23168B,object:ut,lerp,231687,8,4,float,
2316AD,object:ut,lerp,2316AD,5,4,float,
2316D0,object:ut,lerp,2316D0,5,4,float,
23182A,object:ut,counter,23182A,6,1,int,
231C92,object:ut,lerp,231C92,8,4,float,
231CB5,object:ut,lerp,231CB5,8,4,float,
231CC5,object:ut,lerp,231CC5,8,4,float,
231F56,object:ut,counter,231F56,6,1,int,
23221F,object:ut,counter,23221F,7,2,int,
2322C2,object:ut,counter,2322C2,7,2,int,
232456,object:ut,counter,232456,6,1,int,
232798,object:ut,counter,232798,7,1,int,
232A46,object:ut,counter,232A46,6,1,int,
232CB6,object:ut,float-step,232CB6,8,4,float,
232CC9,object:ut,float-step,232CC9,8,4,float,
232CD1,object:ut,float-step,232CD1,8,4,float,
232D88,object:ut,float-step,232D88,8,4,float,
232D90,object:ut,float-step,232D90,8,4,float,
232D98,object:ut,float-step,232D98,8,4,float,
2345B6,object:ut,counter,2345B6,6,1,int,
234694,object:ut,counter,234694,7,2,int,
23472E,object:ut,counter,23472E,7,2,int,
234B45,object:ut,call,234B45,8,4,float,
234B83,object:ut,call,234B83,8,4,float,
234DEB,object:ut,call,234DEB,8,4,float,
234E2F,object:ut,call,234E2F,8,4,float,
234FDB,object:ut,call,234FDB,8,4,float,
23501F,object:ut,call,23501F,8,4,float,
2351A6,object:ut,counter,2351A6,6,1,int,
235859,object:ut,counter,235859,6,1,int,
23590B,object:ut,counter,23590B,7,1,int,
235D1B,object:ut,float-step,235D1B,5,4,float,
235E60,object:ut,float-step,235E60,5,4,float,
235F14,object:ut,counter,235F14,6,1,int,
2360C9,object:ut,phase-wrap,2360C9,8,4,float,
236125,object:ut,counter,236125,7,2,int,
2361C0,object:ut,counter,2361C0,7,2,int,
236314,object:ut,counter,236314,7,2,int,
23637D,object:ut,counter,23637D,7,2,int,
2363FA,object:ut,counter,2363FA,7,2,int,
236431,object:ut,float-step,236431,5,4,float,
236468,object:ut,float-step,236468,5,4,float,
236BDA,object:ut,float-step,236BDA,5,4,float,
236C6E,object:ut,float-step,236C6E,5,4,float,
236D16,object:ut,counter,236D16,6,1,int,
236D94,object:ut,counter,236D94,5,4,int,
236E30,object:ut,counter,236E30,5,4,int,
237073,object:ut,phase-wrap,237073,8,4,float,
23708B,object:ut,counter,23708B,7,2,int,
237136,object:ut,counter,237136,7,2,int,
237219,object:ut,counter,237219,7,2,int,
237295,object:ut,counter,237295,7,2,int,
2372EB,object:ut,counter,2372EB,7,2,int,
23731C,object:ut,float-step,23731C,5,4,float,
237364,object:ut,float-step,237364,5,4,float,
23792B,object:ut,counter,23792B,6,1,int,
2379CA,object:ut,lerp,2379CA,8,4,float,
238436,object:ut,counter,238436,7,2,int,
4E39B1,object:ut,float-step,4E39B1,8,4,float,
4E4106,object:ut,counter,4E4101,7,4,int,
4F08BB,object:ut,float-expr,4F08BB,8,4,float,
4F08EC,object:ut,phase-wrap,4F08EC,8,4,float,
4F08F4,object:ut,counter,4F08F4,7,2,int,
4F0E68,object:ut,float-step,4F0E68,8,4,float,
4F0EAD,object:ut,float-step,4F0EAD,8,4,float,
4F0EC9,object:ut,counter,4F0EC9,7,2,int,
4F0EDF,object:ut,float-expr,4F0EDF,8,4,float,
4F1013,object:ut,int-expr,4F1013,7,2,int,
4F1043,object:ut,float-step,4F1043,8,4,float,
4F1088,object:ut,float-step,4F1088,8,4,float,
4F10A4,object:ut,counter,4F10A4,7,2,int,
4F10BB,object:ut,float-expr,4F10BB,8,4,float,
4F12FE,object:ut,float-expr,4F12FE,8,4,float,
4F132C,object:ut,float-expr,4F132C,8,4,float,
4F1351,object:ut,float-expr,4F1351,8,4,float,
4F1382,object:ut,float-expr,4F1382,8,4,float,
4F13CF,object:ut,float-step,4F13CF,8,4,float,
4F1400,object:ut,float-expr,4F1400,8,4,float,
4F1420,object:ut,float-expr,4F1420,8,4,float,
4F144E,object:ut,float-expr,4F144E,8,4,float,
4F1A76,object:ut,counter,4F1A76,7,2,int,
4F1A99,object:ut,counter,4F1A99,7,2,int,
4F1AF5,object:ut,counter,4F1AF5,7,2,int,
4F1EC2,object:ut,float-expr,4F1EC2,8,4,float,
4F1F06,object:ut,float-expr,4F1F06,5,4,float,
4F21C5,object:ut,float-expr,4F21C5,8,4,float,
4F220C,object:ut,float-expr,4F220C,5,4,float,
4F2385,object:ut,counter,4F2385,7,2,int,
4F2442,object:ut,float-expr,4F2442,8,4,float,
4F2489,object:ut,float-expr,4F2489,5,4,float,
4F2565,object:ut,float-expr,4F2565,8,4,float,
4F25AC,object:ut,float-expr,4F25AC,5,4,float,
4F27BC,object:ut,counter,4F27BC,7,2,int,
4F2A28,object:ut,float-expr,4F2A28,5,4,float,
4F344E,object:ut,counter,4F344E,7,2,int,
4FEC7D,object:ut,counter,4FEC7D,6,1,int,
4FF19D,object:ut,counter,4FF19D,6,1,int,
4FF21D,object:ut,counter,4FF21D,6,1,int,
4FF23C,object:ut,counter,4FF23C,6,1,int,
509DAA,object:ut,counter,509DAA,7,4,int,
509E0A,object:ut,float-expr,509E0A,5,4,float,
509E1F,object:ut,float-step,509E1F,8,4,float,
509E97,object:ut,counter,509E97,6,1,int,
509EEA,object:ut,float-expr,509EEA,5,4,float,
509F9C,object:ut,counter,509F9C,6,1,int,
513F9E,object:ut,counter,513F9E,6,1,int,
513FB0,object:ut,counter,513FB0,6,1,int,
514055,object:ut,counter,514055,6,1,int,
514067,object:ut,counter,514067,6,1,int,
517319,object:ut,counter,517319,6,1,int,
522B7B,object:ut,float-expr,522B7B,8,4,float,
523FC3,object:ut,counter,523FC3,7,2,int,
5247C7,object:ut,float-step,5247C7,8,4,float,
524809,object:ut,float-expr,524809,8,4,float,
524811,object:ut,counter,524811,8,2,int,
5248B0,object:ut,counter,5248B0,8,2,int,
524A0C,object:ut,counter,524A0C,8,2,int,
532BF2,object:ut,counter,532BF2,7,2,int,
532D5A,object:ut,counter,532D5A,7,2,int,
54822D,object:ut,float-step,54822D,6,4,float,
548253,object:ut,counter,548253,6,4,int,
5482FE,object:ut,counter,5482FE,6,1,int,
54836A,object:ut,float-step,54836A,6,4,float,
54838B,object:ut,counter,54838B,6,4,int,
54839E,object:ut,counter,54839E,6,1,int,
55233B,object:ut,counter,55233B,7,2,int,
552601,object:ut,float-expr,552601,5,4,float,
55261E,object:ut,float-step,55261E,8,4,float,
552638,object:ut,float-expr,552638,8,4,float,
5529A1,object:ut,float-step,5529A1,5,4,float,
552A91,object:ut,float-step,552A91,8,4,float,
552CCA,object:ut,counter,552CCA,6,1,int,
552D8A,object:ut,float-step,552D8A,8,4,float,
552E5B,object:ut,float-expr,552E5B,5,4,float,
552EAE,object:ut,float-step,552EAE,8,4,float,
552EE5,object:ut,float-step,552EE5,8,4,float,
552F4D,object:ut,float-expr,552F49,8,4,float,
552F7F,object:ut,float-expr,552F7F,5,4,float,
552FC0,object:ut,float-step,552FC0,8,4,float,
553084,object:ut,float-step,553084,8,4,float,
5530D7,object:ut,float-expr,5530D7,5,4,float,
5530F4,object:ut,float-step,5530F4,8,4,float,
55310E,object:ut,float-expr,55310E,8,4,float,
55317F,object:ut,float-step,55317F,8,4,float,
553227,object:ut,float-expr,553227,5,4,float,
553607,object:ut,float-step,553607,8,4,float,
55361C,object:ut,counter,55361C,6,1,int,
556A54,object:ut,counter,556A54,7,2,int,
556BB1,object:ut,counter,556BB1,7,2,int,
556D05,object:ut,counter,556D05,7,2,int,
556D95,object:ut,counter,556D95,7,2,int,
5573FF,object:ut,counter,5573FF,6,4,int,
55757C,object:ut,counter,55757C,7,2,int,
55B5B9,object:ut,counter,55B5B9,7,2,int,
55B725,object:ut,counter,55B725,7,2,int,
55C64D,object:ut,counter,55C64D,7,2,int,
55CAF3,object:ut,counter,55CAF3,8,1,int,
55CB4E,object:ut,float-expr,55CB4E,8,4,float,
55CB66,object:ut,multiplier,55CB66,8,4,float,
55CB6E,object:ut,float-expr,55CB6E,8,4,float,
55CB86,object:ut,float-step,55CB86,8,4,float,
55CB8E,object:ut,multiplier,55CB8E,8,4,float,
55CB9A,object:ut,float-expr,55CB9A,8,4,float,
55CBEC,object:ut,multiplier,55CBEC,8,4,float,
55CBF4,object:ut,multiplier,55CBF4,8,4,float,
55CBFC,object:ut,multiplier,55CBFC,8,4,float,
55CC0E,object:ut,counter,55CC0E,8,1,int,
55CDE6,object:ut,counter,55CDE6,6,1,int,
55D0EA,object:ut,float-expr,55D0EA,8,4,float,
55D113,object:ut,multiplier,55D113,8,4,float,
55D120,object:ut,lerp,55D120,5,4,float,
55D1D6,object:ut,counter,55D1D6,7,2,int,
55D253,object:ut,counter,55D253,7,2,int,
55D739,object:ut,float-expr,55D739,5,4,float,
55D75D,object:ut,float-step,55D75D,8,4,float,
55DB17,object:ut,float-step,55DB17,9,4,float,
55DBAE,object:ut,lerp,55DBAE,8,4,float,
55DC42,object:ut,float-expr,55DC42,8,4,float,
55DC86,object:ut,float-expr,55DC82,8,4,float,
55DC9B,object:ut,float-expr,55DC9B,5,4,float,
55DCDC,object:ut,lerp,55DCDC,8,4,float,
55DD66,object:ut,float-expr,55DD66,8,4,float,
55DD8E,object:ut,multiplier,55DD8E,8,4,float,
55DDCA,object:ut,float-expr,55DDCA,5,4,float,
55DE63,object:ut,counter,55DE63,6,1,int,
55DE89,object:ut,multiplier,55DE89,8,4,float,
55DED7,object:ut,phase-wrap,55DED7,8,4,float,
55DF54,object:ut,float-expr,55DF50,8,4,float,
55DF69,object:ut,float-expr,55DF69,5,4,float,
55E1E0,object:ut,lerp,55E1E0,8,4,float,
55E26E,object:ut,float-expr,55E26E,8,4,float,
55E2B2,object:ut,float-expr,55E2AE,8,4,float,
55E2C7,object:ut,float-expr,55E2C7,5,4,float,
55E304,object:ut,lerp,55E304,8,4,float,
55E32D,object:ut,float-expr,55E32D,8,4,float,
55E355,object:ut,multiplier,55E355,8,4,float,
55E391,object:ut,float-expr,55E391,5,4,float,
55E3AD,object:ut,multiplier,55E3AD,8,4,float,
55E3FB,object:ut,phase-wrap,55E3FB,8,4,float,
55E477,object:ut,float-expr,55E473,8,4,float,
55E48C,object:ut,float-expr,55E48C,5,4,float,
55E664,object:ut,lerp,55E664,8,4,float,
55E68E,object:ut,float-expr,55E68E,8,4,float,
55E718,object:ut,float-expr,55E718,8,4,float,
55E753,object:ut,float-expr,55E74F,8,4,float,
55E768,object:ut,float-expr,55E768,5,4,float,
55E7A2,object:ut,lerp,55E7A2,8,4,float,
55E84B,object:ut,counter,55E84B,6,1,int,
55E868,object:ut,multiplier,55E868,8,4,float,
55E8B6,object:ut,phase-wrap,55E8B6,8,4,float,
55E932,object:ut,float-expr,55E92E,8,4,float,
55E947,object:ut,float-expr,55E947,5,4,float,
55EAA3,object:ut,counter,55EAA3,6,4,int,
55EB5F,object:ut,counter,55EB5F,7,2,int,
55F2D1,object:ut,lerp,55F2CD,8,4,float,
55F2F4,object:ut,lerp,55F2F4,9,4,float,
55F31C,object:ut,lerp,55F31C,9,4,float,
55F334,object:ut,counter,55F334,9,2,int,
55F34C,object:ut,multiplier,55F34C,6,4,float,
55F39B,object:ut,multiplier,55F39B,9,4,float,
55F3B1,object:ut,multiplier,55F3B1,9,4,float,
55F3E1,object:ut,lerp,55F3DD,8,4,float,
55F401,object:ut,lerp,55F401,5,4,float,
55F422,object:ut,lerp,55F422,5,4,float,
55F4BB,object:ut,float-step,55F4BB,9,4,float,
55F4D1,object:ut,multiplier,55F4D1,5,4,float,
55F4E7,object:ut,multiplier,55F4E7,9,4,float,
55F4FC,object:ut,counter,55F4FC,9,2,int,
55F546,object:ut,counter,55F546,9,2,int,
55F613,object:ut,lerp,55F60F,8,4,float,
55F636,object:ut,lerp,55F636,9,4,float,
55F658,object:ut,lerp,55F658,9,4,float,
55F670,object:ut,counter,55F670,9,2,int,
55F688,object:ut,multiplier,55F688,6,4,float,
55F6D7,object:ut,multiplier,55F6D7,9,4,float,
55F6ED,object:ut,multiplier,55F6ED,9,4,float,
55F7F3,object:ut,lerp,55F7EF,8,4,float,
55F812,object:ut,lerp,55F812,5,4,float,
55F832,object:ut,lerp,55F832,5,4,float,
55F849,object:ut,counter,55F849,9,2,int,
55F912,object:ut,lerp,55F90E,8,4,float,
55F935,object:ut,lerp,55F935,5,4,float,
55F953,object:ut,float-step,55F953,9,4,float,
55F968,object:ut,float-expr,55F968,5,4,float,
55F998,object:ut,multiplier,55F998,9,4,float,
55FA1A,object:ut,multiplier,55FA1A,9,4,float,
55FAA5,object:ut,lerp,55FAA1,8,4,float,
55FAC8,object:ut,lerp,55FAC8,9,4,float,
55FAF0,object:ut,lerp,55FAF0,9,4,float,
55FB08,object:ut,counter,55FB08,9,2,int,
55FB20,object:ut,multiplier,55FB20,6,4,float,
55FB6F,object:ut,multiplier,55FB6F,9,4,float,
55FB85,object:ut,multiplier,55FB85,9,4,float,
55FBA7,object:ut,counter,55FBA7,9,2,int,
55FC54,object:ut,float-step,55FC54,9,4,float,
55FC6A,object:ut,multiplier,55FC6A,5,4,float,
55FC80,object:ut,multiplier,55FC80,9,4,float,
55FC95,object:ut,counter,55FC95,9,2,int,
55FE62,object:ut,counter,55FE62,9,2,int,
5600DB,object:ut,lerp,5600DB,8,4,float,
5601BD,object:ut,counter,5601BD,6,1,int,
5608F5,object:ut,lerp,5608F5,8,4,float,
560905,object:ut,counter,560905,7,2,int,
560932,object:ut,counter,560932,8,2,int,
5609A3,object:ut,lerp,5609A3,5,4,float,
5609DA,object:ut,phase-wrap,5609DA,8,4,float,
560AA1,object:ut,lerp,560A9D,8,4,float,
560AC6,object:ut,lerp,560AC6,5,4,float,
560B4F,object:ut,counter,560B4F,7,2,int,
560B72,object:ut,counter,560B72,7,2,int,
560CA2,object:ut,counter,560CA2,7,2,int,
560E37,object:ut,phase-wrap,560E37,8,4,float,
560E66,object:ut,lerp,560E62,8,4,float,
560E97,object:ut,lerp,560E97,5,4,float,
560EC1,object:ut,lerp,560EC1,5,4,float,
560ED9,object:ut,float-step,560ED9,8,4,float,
560F1B,object:ut,lerp,560F1B,8,4,float,
560F35,object:ut,lerp,560F35,8,4,float,
560F55,object:ut,counter,560F55,7,2,int,
560F7F,object:ut,int-step,560F7F,7,2,int,
560F86,object:ut,int-step,560F86,8,2,int,
56106A,object:ut,counter,56106A,7,2,int,
561094,object:ut,lerp,561094,8,4,float,
5610CE,object:ut,lerp,5610CA,8,4,float,
5610EF,object:ut,lerp,5610EF,5,4,float,
561111,object:ut,lerp,561111,5,4,float,
561141,object:ut,lerp,56113D,8,4,float,
561162,object:ut,lerp,561162,5,4,float,
561184,object:ut,lerp,561184,5,4,float,
5613F0,object:ut,lerp,5613F0,8,4,float,
56141E,object:ut,float-step,56141E,8,4,float,
561436,object:ut,multiplier,561436,8,4,float,
56143E,object:ut,multiplier,56143E,8,4,float,
56164F,object:ut,float-step,56164F,8,4,float,
561667,object:ut,multiplier,561667,8,4,float,
56166F,object:ut,multiplier,56166F,8,4,float,
561825,object:ut,lerp,561825,8,4,float,
561835,object:ut,counter,561835,7,2,int,
561862,object:ut,counter,561862,8,2,int,
5618CB,object:ut,lerp,5618CB,5,4,float,
5618EC,object:ut,float-step,5618EC,8,4,float,
561927,object:ut,phase-wrap,561927,8,4,float,
5619DD,object:ut,counter,5619DD,7,2,int,
561A35,object:ut,counter,561A35,7,2,int,
561A58,object:ut,counter,561A58,7,2,int,
561C45,object:ut,counter,561C45,8,2,int,
561C5A,object:ut,lerp,561C5A,8,4,float,
561CBD,object:ut,lerp,561CBD,5,4,float,
561CED,object:ut,phase-wrap,561CED,8,4,float,
561D93,object:ut,counter,561D93,8,2,int,
561DA8,object:ut,lerp,561DA8,8,4,float,
561E0B,object:ut,lerp,561E0B,5,4,float,
561E3B,object:ut,phase-wrap,561E3B,8,4,float,
561EE1,object:ut,counter,561EE1,8,2,int,
561EF6,object:ut,lerp,561EF6,8,4,float,
561F59,object:ut,lerp,561F59,5,4,float,
561F89,object:ut,phase-wrap,561F89,8,4,float,
562385,object:ut,lerp,562385,5,4,float,
562591,object:ut,counter,562591,7,2,int,
5625D5,object:ut,counter,5625D5,7,2,int,
56268F,object:ut,counter,56268F,7,2,int,
562A34,object:ut,lerp,562A34,8,4,float,
5630A2,object:ut,lerp,5630A2,8,4,float,
5630CB,object:ut,float-expr,5630CB,8,4,float,
563182,object:ut,counter,563182,7,2,int,
563189,object:ut,float-step,563189,8,4,float,
5631B1,object:ut,float-step,5631B1,8,4,float,
5631E0,object:ut,counter,5631E0,7,2,int,
5631E7,object:ut,float-step,5631E7,8,4,float,
56320E,object:ut,multiplier,56320E,8,4,float,
563277,object:ut,phase-wrap,563277,8,4,float,
5632C0,object:ut,multiplier,5632C0,8,4,float,
563309,object:ut,multiplier,563309,8,4,float,
56351B,object:ut,counter,56351B,7,2,int,
563BE8,object:ut,lerp,563BE8,8,4,float,
564154,object:ut,lerp,564154,8,4,float,
56417D,object:ut,float-expr,56417D,8,4,float,
5641CA,object:ut,float-step,5641CA,8,4,float,
56420F,object:ut,float-step,56420F,8,4,float,
56427D,object:ut,lerp,56427D,8,4,float,
5642FE,object:ut,counter,5642FE,7,2,int,
564305,object:ut,float-step,564305,8,4,float,
564331,object:ut,float-step,564331,8,4,float,
564358,object:ut,counter,564358,7,2,int,
56435F,object:ut,float-step,56435F,8,4,float,
564380,object:ut,float-step,564380,8,4,float,
5643BA,object:ut,float-expr,5643BA,8,4,float,
56441A,object:ut,multiplier,56441A,8,4,float,
564483,object:ut,phase-wrap,564483,8,4,float,
5644CC,object:ut,multiplier,5644CC,8,4,float,
564515,object:ut,multiplier,564515,8,4,float,
565013,object:ut,phase-wrap,565013,8,4,float,
565042,object:ut,counter,565042,7,2,int,
56528B,object:ut,phase-wrap,56528B,8,4,float,
5652E5,object:ut,phase-wrap,5652E5,8,4,float,
565395,object:ut,counter,565395,7,2,int,
56546C,object:ut,float-step,56546C,8,4,float,
5654DD,object:ut,counter,5654DD,7,2,int,
5655F7,object:ut,counter,5655F7,6,4,int,
5656AE,object:ut,float-step,5656AE,8,4,float,
5656D0,object:ut,float-step,5656D0,8,4,float,
56584A,object:ut,float-step,56584A,8,4,float,
565996,object:ut,lerp,565992,8,4,float,
5659BB,object:ut,lerp,5659BB,5,4,float,
5659D8,object:ut,call,5659D8,8,4,float,
565A75,object:ut,phase-wrap,565A75,8,4,float,
565AEC,object:ut,counter,565AEC,7,2,int,
56601B,object:ut,phase-wrap,56601B,8,4,float,
5660B3,object:ut,phase-wrap,5660B3,8,4,float,
5661AC,object:ut,lerp,5661AC,8,4,float,
5661D4,object:ut,lerp,5661D4,8,4,float,
5661E4,object:ut,lerp,5661E4,8,4,float,
5663A0,object:ut,float-step,5663A0,5,4,float,
5663CB,object:ut,float-step,5663CB,5,4,float,
56642B,object:ut,float-step,56642B,5,4,float,
566454,object:ut,float-step,566454,5,4,float,
56647F,object:ut,float-step,56647B,8,4,float,
56649E,object:ut,float-step,56649E,6,4,float,
5666EB,object:ut,float-step,5666EB,8,4,float,
56672D,object:ut,float-step,56672D,5,4,float,
566801,object:ut,counter,566801,8,2,int,
5674DB,object:ut,counter,5674DB,6,4,int,
567A8F,object:ut,lerp,567A8F,8,4,float,
567B6B,object:ut,float-step,567B6B,5,4,float,
567B8C,object:ut,multiplier,567B8C,9,4,float,
567DBB,object:ut,float-step,567DBB,8,4,float,
56822E,object:ut,float-step,56822E,5,4,float,
56824D,object:ut,multiplier,56824D,8,4,float,
5682D7,object:ut,lerp,5682D7,8,4,float,
56847B,object:ut,float-step,56847B,8,4,float,
56852A,object:ut,float-step,56852A,5,4,float,
5688A8,object:ut,lerp,5688A8,8,4,float,
568934,object:ut,float-expr,568934,12,4,float,
56894F,object:ut,float-step,56894F,8,4,float,
568977,object:ut,float-expr,568977,8,4,float,
568A90,object:ut,float-step,568A90,8,4,float,
568AFF,object:ut,float-step,568AFF,5,4,float,
568E5F,object:ut,float-step,568E5F,5,4,float,
568E7E,object:ut,multiplier,568E7E,8,4,float,
568F05,object:ut,lerp,568F05,8,4,float,
5690DA,object:ut,float-step,5690DA,8,4,float,
569133,object:ut,float-step,569133,5,4,float,
56A08B,object:ut,counter,56A08B,6,4,int,
56A955,object:ut,lerp,56A955,8,4,float,
56A9E1,object:ut,float-expr,56A9E1,12,4,float,
56A9FC,object:ut,float-step,56A9FC,8,4,float,
56AA24,object:ut,float-expr,56AA24,8,4,float,
56AB3D,object:ut,float-step,56AB3D,8,4,float,
56ABAC,object:ut,float-step,56ABAC,5,4,float,
56AF5A,object:ut,float-step,56AF5A,5,4,float,
56AF79,object:ut,multiplier,56AF79,8,4,float,
56B000,object:ut,lerp,56B000,8,4,float,
56B1CD,object:ut,float-step,56B1CD,8,4,float,
56B222,object:ut,float-step,56B222,5,4,float,
56B5B9,object:ut,float-step,56B5B9,5,4,float,
56B5D8,object:ut,multiplier,56B5D8,8,4,float,
56B6AD,object:ut,lerp,56B6AD,8,4,float,
56B834,object:ut,float-step,56B834,8,4,float,
56B88D,object:ut,float-step,56B88D,5,4,float,
56C05A,object:ut,counter,56C05A,7,2,int,
56C553,object:ut,counter,56C553,8,1,int,
56C5AE,object:ut,float-expr,56C5AE,8,4,float,
56C5C6,object:ut,multiplier,56C5C6,8,4,float,
56C5CE,object:ut,float-expr,56C5CE,8,4,float,
56C5E6,object:ut,float-step,56C5E6,8,4,float,
56C5EE,object:ut,multiplier,56C5EE,8,4,float,
56C5FA,object:ut,float-expr,56C5FA,8,4,float,
56C64C,object:ut,multiplier,56C64C,8,4,float,
56C654,object:ut,multiplier,56C654,8,4,float,
56C65C,object:ut,multiplier,56C65C,8,4,float,
56C66E,object:ut,counter,56C66E,8,1,int,
56D0E3,object:ut,counter,56D0E3,6,1,int,
56D377,object:ut,float-expr,56D377,8,4,float,
56D3A4,object:ut,multiplier,56D3A4,8,4,float,
56D3B1,object:ut,lerp,56D3B1,5,4,float,
56D44A,object:ut,counter,56D44A,7,2,int,
56D48D,object:ut,float-step,56D48D,5,4,float,
56D49C,object:ut,counter,56D49C,7,2,int,
56D4D8,object:ut,float-step,56D4D8,5,4,float,
56D4E7,object:ut,counter,56D4E7,7,2,int,
56DD3C,object:ut,float-step,56DD3C,8,4,float,
56DEB6,object:ut,counter,56DEB6,6,1,int,
56E63D,object:ut,float-step,56E63D,5,4,float,
56E692,object:ut,float-step,56E692,5,4,float,
56E72F,object:ut,counter,56E72F,7,2,int,
56E754,object:ut,float-step,56E754,5,4,float,
56EB13,object:ut,counter,56EB13,8,1,int,
56EB6E,object:ut,float-expr,56EB6E,8,4,float,
56EB86,object:ut,multiplier,56EB86,8,4,float,
56EB8E,object:ut,float-expr,56EB8E,8,4,float,
56EBA6,object:ut,float-step,56EBA6,8,4,float,
56EBAE,object:ut,multiplier,56EBAE,8,4,float,
56EBBA,object:ut,float-expr,56EBBA,8,4,float,
56EC0C,object:ut,multiplier,56EC0C,8,4,float,
56EC14,object:ut,multiplier,56EC14,8,4,float,
56EC1C,object:ut,multiplier,56EC1C,8,4,float,
56EC2E,object:ut,counter,56EC2E,8,1,int,
56F4A2,object:ut,counter,56F4A2,8,2,int,
56F508,object:ut,lerp,56F508,5,4,float,
56F5D0,object:ut,phase-wrap,56F5D0,8,4,float,
56F60A,object:ut,phase-wrap,56F60A,8,4,float,
56F69F,object:ut,lerp,56F69F,8,4,float,
56F6B8,object:ut,lerp,56F6B8,9,4,float,
56F6EE,object:ut,counter,56F6EE,7,2,int,
56F923,object:ut,phase-wrap,56F923,8,4,float,
56F944,object:ut,phase-wrap,56F944,8,4,float,
56F9EA,object:ut,lerp,56F9E6,8,4,float,
56FA0C,object:ut,lerp,56FA0C,5,4,float,
56FA2F,object:ut,lerp,56FA2F,5,4,float,
56FA44,object:ut,float-step,56FA44,8,4,float,
56FAF8,object:ut,phase-wrap,56FAF8,8,4,float,
56FB19,object:ut,phase-wrap,56FB19,8,4,float,
56FB95,object:ut,float-expr,56FB91,8,4,float,
56FBAF,object:ut,float-expr,56FBAF,5,4,float,
56FBCA,object:ut,float-expr,56FBCA,5,4,float,
56FBEB,object:ut,float-expr,56FBEB,8,4,float,
56FBF3,object:ut,float-step,56FBF3,8,4,float,
56FC20,object:ut,counter,56FC20,7,2,int,
56FD14,object:ut,phase-wrap,56FD14,8,4,float,
56FD35,object:ut,phase-wrap,56FD35,8,4,float,
56FE09,object:ut,lerp,56FE05,8,4,float,
56FE2B,object:ut,lerp,56FE2B,5,4,float,
56FE4E,object:ut,lerp,56FE4E,5,4,float,
56FE63,object:ut,float-step,56FE63,8,4,float,
56FED6,object:ut,phase-wrap,56FED6,8,4,float,
56FEFA,object:ut,phase-wrap,56FEFA,8,4,float,
56FF02,object:ut,counter,56FF02,7,2,int,
56FFB9,object:ut,phase-wrap,56FFB9,8,4,float,
56FFDE,object:ut,phase-wrap,56FFDE,8,4,float,
57001E,object:ut,float-step,57001E,8,4,float,
570070,object:ut,multiplier,570070,8,4,float,
5700D8,object:ut,phase-wrap,5700D8,8,4,float,
5700FD,object:ut,phase-wrap,5700FD,8,4,float,
57013C,object:ut,float-step,57013C,8,4,float,
570749,object:ut,counter,570749,8,2,int,
5707AF,object:ut,lerp,5707AF,5,4,float,
570AFE,object:ut,phase-wrap,570AFE,8,4,float,
570B1F,object:ut,phase-wrap,570B1F,8,4,float,
570BB0,object:ut,float-expr,570BAC,8,4,float,
570BCA,object:ut,float-expr,570BCA,5,4,float,
570BE5,object:ut,float-expr,570BE5,5,4,float,
570C06,object:ut,float-step,570C06,8,4,float,
570CEB,object:ut,phase-wrap,570CEB,8,4,float,
570D0C,object:ut,phase-wrap,570D0C,8,4,float,
570D9D,object:ut,float-expr,570D99,8,4,float,
570DB7,object:ut,float-expr,570DB7,5,4,float,
570DD2,object:ut,float-expr,570DD2,5,4,float,
570F4C,object:ut,phase-wrap,570F4C,8,4,float,
570F6D,object:ut,phase-wrap,570F6D,8,4,float,
570FFD,object:ut,float-step,570FFD,8,4,float,
571012,object:ut,float-expr,57100E,8,4,float,
57102C,object:ut,float-expr,57102C,5,4,float,
571047,object:ut,float-expr,571047,5,4,float,
57106C,object:ut,float-step,57106C,8,4,float,
571090,object:ut,float-step,571090,8,4,float,
5710F3,object:ut,float-step,5710F3,5,4,float,
57116A,object:ut,phase-wrap,57116A,8,4,float,
57118F,object:ut,phase-wrap,57118F,8,4,float,
5711CF,object:ut,float-step,5711CF,8,4,float,
571221,object:ut,multiplier,571221,8,4,float,
57128C,object:ut,phase-wrap,57128C,8,4,float,
5712A9,object:ut,phase-wrap,5712A9,8,4,float,
5712CA,object:ut,float-step,5712CA,5,4,float,
5712E5,object:ut,float-step,5712E5,8,4,float,
57A6DE,object:ut,phase-wrap,57A6DE,8,4,float,
57A780,object:ut,phase-wrap,57A780,8,4,float,
57A86A,object:ut,lerp,57A86A,8,4,float,
57A9A5,object:ut,counter,57A9A5,7,2,int,
57A9D4,object:ut,counter,57A9D4,7,2,int,
57AA3B,object:ut,counter,57AA3B,7,2,int,
57AA6A,object:ut,counter,57AA6A,7,2,int,
57AAD1,object:ut,counter,57AAD1,7,2,int,
57AB00,object:ut,counter,57AB00,7,2,int,
57AB6C,object:ut,counter,57AB6C,7,2,int,
57AB9B,object:ut,counter,57AB9B,7,2,int,
57AE89,object:ut,phase-wrap,57AE89,8,4,float,
57AFC2,object:ut,phase-wrap,57AFC2,8,4,float,
57B064,object:ut,phase-wrap,57B064,8,4,float,
57B11C,object:ut,phase-wrap,57B11C,8,4,float,
57B155,object:ut,phase-wrap,57B155,8,4,float,
57B22F,object:ut,phase-wrap,57B22F,8,4,float,
57B296,object:ut,phase-wrap,57B296,8,4,float,
57B338,object:ut,phase-wrap,57B338,8,4,float,
57B3A0,object:ut,phase-wrap,57B3A0,8,4,float,
57B41C,object:ut,phase-wrap,57B41C,8,4,float,
57B4B1,object:ut,counter,57B4B1,7,2,int,
57B528,object:ut,call,57B528,8,4,float,
57B721,object:ut,float-step,57B721,5,4,float,
57B748,object:ut,multiplier,57B748,8,4,float,
57BE62,object:ut,float-expr,57BE5E,8,4,float,
57BE80,object:ut,float-expr,57BE80,5,4,float,
57C049,object:ut,float-expr,57C045,8,4,float,
57C063,object:ut,float-expr,57C063,5,4,float,
57C668,object:ut,float-expr,57C664,8,4,float,
57C682,object:ut,float-expr,57C682,5,4,float,
57C8BF,object:ut,float-step,57C8BF,5,4,float,
57C8DE,object:ut,multiplier,57C8DE,8,4,float,
57CB37,object:ut,float-step,57CB37,5,4,float,
57CBB0,object:ut,counter,57CBB0,7,2,int,
57DC05,object:ut,counter,57DC05,7,2,int,
57DC5D,object:ut,counter,57DC5D,7,2,int,
57DF38,object:ut,lerp,57DF38,8,4,float,
57E121,object:ut,lerp,57E121,8,4,float,
57E14A,object:ut,float-expr,57E14A,8,4,float,
57E23E,object:ut,counter,57E23E,7,2,int,
57E24C,object:ut,float-step,57E24C,8,4,float,
57E2C8,object:ut,counter,57E2C8,7,2,int,
57E313,object:ut,float-step,57E313,8,4,float,
57E33F,object:ut,counter,57E33F,7,2,int,
57E350,object:ut,float-step,57E350,8,4,float,
57E3B0,object:ut,multiplier,57E3B0,8,4,float,
57E3FE,object:ut,phase-wrap,57E3FE,8,4,float,
57E437,object:ut,multiplier,57E437,8,4,float,
57E498,object:ut,multiplier,57E498,8,4,float,
57F129,object:ut,lerp,57F129,8,4,float,
57F59F,object:ut,float-step,57F59F,5,4,float,
57F5DC,object:ut,float-step,57F5DC,5,4,float,
57F859,object:ut,counter,57F859,7,2,int,
57F8B3,object:ut,counter,57F8B3,7,2,int,
58391B,object:ut,float-step,58391B,5,4,float,
583C38,object:ut,counter,583C38,7,1,int,
583D0F,object:ut,float-step,583D0F,5,4,float,
583DB4,object:ut,float-step,583DB4,5,4,float,
5840A6,object:ut,counter,5840A6,7,2,int,
584537,object:ut,counter,584537,7,2,int,
58FF3C,object:ut,float-step,58FF3C,5,4,float,
5A2BC7,object:ut,phase-wrap,5A2BC7,8,4,float,
5A2DBD,object:ut,counter,5A2DBD,6,1,int,
5A2E26,object:ut,counter,5A2E26,8,2,int,
5A33A1,object:ut,counter,5A33A1,6,1,int,
5A3441,object:ut,float-step,5A3441,8,4,float,
5A3B92,object:ut,float-expr,5A3B92,9,4,float,
5A3BC2,object:ut,float-expr,5A3BC2,9,4,float,
5A3D3E,object:ut,float-expr,5A3D3E,8,4,float,
5A414D,object:ut,float-step,5A414D,8,4,float,
5A41B3,object:ut,float-step,5A41B3,8,4,float,
5A4260,object:ut,float-step,5A4260,8,4,float,
5A4693,object:ut,port:timescale,5A4693,8,4,float,
5A46A0,object:ut,port:timescale,5A46A0,5,4,float,
5A49FB,object:ut,phase-wrap,5A49FB,8,4,float,
5A4A10,object:ut,phase-wrap,5A4A10,8,4,float,
5A4A25,object:ut,phase-wrap,5A4A25,8,4,float,
5A4AC8,object:ut,counter,5A4AC8,6,1,int,
5A4B8A,object:ut,counter,5A4B8A,6,1,int,
5A4D45,object:ut,counter,5A4D45,6,1,int,
5A4DDD,object:ut,counter,5A4DDD,6,1,int,
5A4E03,object:ut,phase-wrap,5A4E03,8,4,float,
5A4E50,object:ut,phase-wrap,5A4E50,8,4,float,
5A4F39,object:ut,counter,5A4F39,6,1,int,
5A503B,object:ut,counter,5A503B,6,1,int,
5A52A4,object:ut,phase-wrap,5A52A4,8,4,float,
5A5AAB,object:ut,counter,5A5AAB,6,1,int,
5A5C5A,object:ut,counter,5A5C5A,6,1,int,
5A5E63,object:ut,counter,5A5E63,6,1,int,
5A5FBD,object:ut,phase-wrap,5A5FBD,8,4,float,
5A5FC5,object:ut,counter,5A5FC5,7,1,int,
5A601D,object:ut,phase-wrap,5A601D,8,4,float,
5A6025,object:ut,counter,5A6025,6,1,int,
5A60DC,object:ut,phase-wrap,5A60DC,8,4,float,
5A6116,object:ut,phase-wrap,5A6116,8,4,float,
5A6180,object:ut,counter,5A6180,7,1,int,
5A65E4,object:ut,port:timescale,5A65E4,8,4,float,
5A65F1,object:ut,port:timescale,5A65F1,5,4,float,
5A67F6,object:ut,float-step,5A67F6,8,4,float,
5A6829,object:ut,float-step,5A6829,8,4,float,
5A6FCD,object:ut,int-expr,5A6FCD,6,1,int,
5A7054,object:ut,counter,5A7054,7,2,int,
5A70B6,object:ut,float-step,5A70B6,8,4,float,
5A70D3,object:ut,counter,5A70D3,7,2,int,
5A740B,object:ut,float-step,5A740B,8,4,float,
5A7A2E,object:ut,float-expr,5A7A2E,8,4,float,
5A7A44,object:ut,float-expr,5A7A44,8,4,float,
5A7BCC,object:ut,counter,5A7BCC,6,1,int,
5A7BF6,object:ut,float-step,5A7BF6,8,4,float,
5A7C03,object:ut,float-expr,5A7C03,5,4,float,
5A7F12,object:ut,counter,5A7F12,6,1,int,
5A7FBF,object:ut,counter,5A7FBF,6,1,int,
5A8847,object:ut,float-expr,5A8847,8,4,float,
5A89E0,object:ut,float-expr,5A89E0,8,4,float,
5A8C07,object:ut,float-step,5A8C07,5,4,float,
5A8D90,object:ut,float-expr,5A8D90,8,4,float,
5A9445,object:ut,counter,5A9445,6,4,int,
5A9481,object:ut,counter,5A9481,6,1,int,
5A9678,object:ut,counter,5A9678,6,1,int,
5A986E,object:ut,phase-wrap,5A986E,8,4,float,
5A98CC,object:ut,counter,5A98CC,6,1,int,
5A9BDA,object:ut,counter,5A9BDA,6,1,int,
5AA02F,object:ut,counter,5AA02F,6,1,int,
5AA0E5,object:ut,counter,5AA0E5,6,1,int,
5AA238,object:ut,counter,5AA238,7,1,int,
5AA992,object:ut,counter,5AA992,6,1,int,
5AAAB6,object:ut,counter,5AAAB6,6,1,int,
5AAB24,object:ut,multiplier,5AAB24,8,4,float,
5AAB38,object:ut,multiplier,5AAB38,8,4,float,
5AAB40,object:ut,multiplier,5AAB40,8,4,float,
5AB290,object:ut,float-step,5AB290,8,4,float,
5AB33E,object:ut,float-step,5AB33E,8,4,float,
5ABABF,object:ut,counter,5ABABF,6,1,int,
5ABB20,object:ut,counter,5ABB20,7,1,int,
5ABB56,object:ut,counter,5ABB56,6,1,int,
5ABD4A,object:ut,float-step,5ABD4A,8,4,float,
5ABD60,object:ut,counter,5ABD60,6,1,int,
5AC5AF,object:ut,counter,5AC5AF,6,1,int,
5AC6CA,object:ut,counter,5AC6CA,6,1,int,
5AC9F4,object:ut,phase-wrap,5AC9F4,8,4,float,
5ACAD7,object:ut,phase-wrap,5ACAD7,8,4,float,
5ACBC8,object:ut,counter,5ACBC8,6,4,int,
5B0BB9,object:ut,counter,5B0BB9,6,1,int,
5B0C46,object:ut,counter,5B0C46,6,1,int,
5B0D19,object:ut,counter,5B0D19,6,1,int,
5B0DA4,object:ut,counter,5B0DA4,6,1,int,
5B0E44,object:ut,counter,5B0E44,6,1,int,
5B0EFE,object:ut,counter,5B0EFE,6,1,int,
5B0F86,object:ut,counter,5B0F86,6,1,int,
5FC892,object:ut,counter,5FC892,6,1,int,
6515FE,object:ut,float-step,6515FE,5,4,float,
651767,object:ut,counter,651767,6,1,int,
6519A5,object:ut,port:timescale,6519A5,8,4,float,
6519B5,object:ut,counter,6519B5,7,2,int,
6519D4,object:ut,port:timescale,6519D4,8,4,float,
651A00,object:ut,multiplier,651A00,8,4,float,
651A25,object:ut,multiplier,651A25,8,4,float,
651A76,object:ut,call,651A76,8,4,float,
651ACB,object:ut,call,651ACB,8,4,float,
651C05,object:ut,port:timescale,651C05,8,4,float,
651C15,object:ut,counter,651C15,7,2,int,
651C34,object:ut,port:timescale,651C34,8,4,float,
651C60,object:ut,multiplier,651C60,8,4,float,
651C85,object:ut,multiplier,651C85,8,4,float,
651D32,object:ut,call,651D32,8,4,float,
651D76,object:ut,call,651D76,8,4,float,
651E86,object:ut,multiplier,651E86,8,4,float,
651EAB,object:ut,multiplier,651EAB,8,4,float,
651ECF,object:ut,port:timescale,651ECF,8,4,float,
651F0B,object:ut,call,651F0B,8,4,float,
651F22,object:ut,counter,651F22,6,1,int,
6521BD,object:ut,counter,6521BD,6,1,int,
65297D,object:ut,float-step,65297D,6,4,float,
652999,object:ut,float-expr,652999,8,4,float,
1690B0,object:vt,counter,1690B0,6,1,int,
36598D,object:vt,multiplier,36598D,8,4,float,
3659A1,object:vt,multiplier,3659A1,8,4,float,
36D63C,object:vt,counter,36D63C,7,2,int,
36DA01,object:vt,float-step,36DA01,8,4,float,
36DA4E,object:vt,float-step,36DA4E,8,4,float,
36FF00,object:vt,float-step,36FF00,8,4,float,
3702E0,object:vt,float-step,3702E0,8,4,float,
370B7C,object:vt,counter,370B7C,7,2,int,
37102E,object:vt,float-step,37102E,8,4,float,
37127B,object:vt,float-step,37127B,8,4,float,
371972,object:vt,counter,371972,8,2,int,
371AF1,object:vt,multiplier,371AF1,8,4,float,
371C6B,object:vt,float-step,371C6B,8,4,float,
371F3A,object:vt,phase-wrap,371F3A,8,4,float,
371F57,object:vt,counter,371F57,8,2,int,
3735CA,object:vt,float-step,3735CA,8,4,float,
373653,object:vt,counter,373653,7,2,int,
37530B,object:vt,counter,37530B,7,2,int,
375EFA,object:vt,float-step,375EFA,8,4,float,
375FC4,object:vt,counter,375FC4,6,1,int,
37613B,object:vt,counter,37613B,6,1,int,
376141,object:vt,counter,376141,6,1,int,
24F106,object:wp,counter,24F106,6,1,int,
37F0E4,object:wp,counter,37F0E4,7,2,int,
37F0FF,object:wp,counter,37F0FF,7,2,int,
37F1A2,object:wp,counter,37F1A2,6,1,int,
37F1B4,object:wp,counter,37F1B4,7,2,int,
37F300,object:wp,phase-wrap,37F300,8,4,float,
37F3E1,object:wp,float-step,37F3E1,8,4,float,
37F4A1,object:wp,phase-wrap,37F4A1,8,4,float,
37F4B8,object:wp,counter,37F4B8,7,2,int,
37F555,object:wp,counter,37F555,7,2,int,
37F608,object:wp,counter,37F608,6,1,int,
37F614,object:wp,counter,37F614,7,2,int,
37F69C,object:wp,float-step,37F69C,8,4,float,
37F6C4,object:wp,counter,37F6C4,7,2,int,
37F6E5,object:wp,counter,37F6E5,7,2,int,
37F888,object:wp,counter,37F888,6,1,int,
37F8AE,object:wp,counter,37F8AE,7,2,int,
37F8CA,object:wp,counter,37F8CA,7,2,int,
37FAD0,object:wp,counter,37FAD0,6,1,int,
37FB5A,object:wp,float-expr,37FB5A,8,4,float,
37FC08,object:wp,float-step,37FC08,8,4,float,
37FC34,object:wp,counter,37FC34,7,1,int,
37FC3B,object:wp,counter,37FC3B,7,2,int,
37FC4F,object:wp,counter,37FC4F,6,1,int,
37FC76,object:wp,counter,37FC76,6,1,int,
37FC88,object:wp,counter,37FC88,7,2,int,
37FCBD,object:wp,float-step,37FCBD,8,4,float,
37FDCE,object:wp,counter,37FDCE,6,1,int,
37FE5D,object:wp,counter,37FE5D,7,2,int,
37FEBA,object:wp,counter,37FEBA,6,1,int,
37FF74,object:wp,counter,37FF74,7,2,int,
380077,object:wp,counter,380077,6,1,int,
3800C0,object:wp,float-step,3800C0,8,4,float,
3800F8,object:wp,float-step,3800F8,8,4,float,
380199,object:wp,counter,380199,7,2,int,
3801C1,object:wp,float-expr,3801C1,8,4,float,
380278,object:wp,counter,380278,6,1,int,
380349,object:wp,counter,380349,7,2,int,
38042B,object:wp,counter,38042B,6,1,int,
38043B,object:wp,counter,38043B,7,2,int,
3804DA,object:wp,counter,3804DA,6,1,int,
380553,object:wp,float-step,380553,8,4,float,
38058D,object:wp,float-expr,38058D,8,4,float,
3805D1,object:wp,counter,3805D1,7,2,int,
3825BF,object:wp,counter,3825BF,6,1,int,
382806,object:wp,float-step,382806,9,4,float,
3828D5,object:wp,float-expr,3828D5,6,4,float,
3828EB,object:wp,float-expr,3828EB,10,4,float,
3828F5,object:wp,float-expr,3828F5,10,4,float,
382A83,object:wp,counter,382A7E,8,1,int,
382ABA,object:wp,multiplier,382ABA,5,4,float,
382AE1,object:wp,multiplier,382AE1,9,4,float,
382B7A,object:wp,float-expr,382B7A,6,4,float,
382B93,object:wp,float-expr,382B93,10,4,float,
382BB0,object:wp,float-expr,382BB0,10,4,float,
382BD8,object:wp,multiplier,382BD8,5,4,float,
382BEE,object:wp,float-step,382BEE,9,4,float,
382BF7,object:wp,multiplier,382BF7,9,4,float,
382C1B,object:wp,counter,382C18,5,1,int,
382CF5,object:wp,float-expr,382CF5,6,4,float,
382D0B,object:wp,float-expr,382D0B,10,4,float,
382D15,object:wp,float-step,382D15,10,4,float,
382D4F,object:wp,counter,382D4C,5,1,int,
382E1F,object:wp,lerp,382E1F,10,4,float,
382E2F,object:wp,counter,382E2C,5,1,int,
382FAF,object:wp,float-step,382FAF,9,4,float,
382FBD,object:wp,float-step,382FBD,9,4,float,
383059,object:wp,float-expr,383059,6,4,float,
38306F,object:wp,float-expr,38306F,10,4,float,
383079,object:wp,float-expr,383079,10,4,float,
38317E,object:wp,counter,383179,8,1,int,
383319,object:wp,float-expr,383319,6,4,float,
383332,object:wp,float-expr,383332,10,4,float,
38334F,object:wp,float-expr,38334F,10,4,float,
38336F,object:wp,multiplier,38336F,9,4,float,
383385,object:wp,multiplier,383385,5,4,float,
38338A,object:wp,multiplier,38338A,9,4,float,
383439,object:wp,counter,383434,8,1,int,
383B87,object:wp,other,383B87,8,4,float,
383BC7,object:wp,other,383BC7,8,4,float,
383C3E,object:wp,other,383C3E,8,4,float,
383CCC,object:wp,counter,383CCC,6,1,int,
383D4F,object:wp,phase-wrap,383D4F,8,4,float,
383E90,object:wp,phase-wrap,383E90,8,4,float,
383ED6,object:wp,phase-wrap,383ED6,8,4,float,
383EDE,object:wp,counter,383EDE,7,2,int,
383F25,object:wp,counter,383F25,6,1,int,
383F9E,object:wp,counter,383F9E,6,1,int,
383FB5,object:wp,counter,383FB5,7,2,int,
3840BF,object:wp,multiplier,3840BF,8,4,float,
3840D3,object:wp,multiplier,3840D3,8,4,float,
3840DB,object:wp,multiplier,3840DB,8,4,float,
3840F0,object:wp,float-step,3840F0,5,4,float,
3841F0,object:wp,float-expr,3841EB,9,4,float,
384208,object:wp,float-expr,384208,5,4,float,
384221,object:wp,float-expr,384221,5,4,float,
384A3C,object:wp,counter,384A3C,6,1,int,
384A53,object:wp,counter,384A53,8,2,int,
384B7A,object:wp,counter,384B7A,6,1,int,
384B91,object:wp,counter,384B91,8,2,int,
384C56,object:wp,counter,384C56,6,1,int,
384C6C,object:wp,counter,384C6C,6,1,int,
384CCC,object:wp,counter,384CCC,6,1,int,
384D06,object:wp,counter,384D06,6,1,int,
384D4C,object:wp,counter,384D4C,6,1,int,
384DB9,object:wp,phase-wrap,384DB9,8,4,float,
384DD6,object:wp,phase-wrap,384DD6,8,4,float,
384DF6,object:wp,phase-wrap,384DF6,8,4,float,
384EB2,object:wp,counter,384EB2,6,1,int,
384F0A,object:wp,phase-wrap,384F0A,8,4,float,
385246,object:wp,counter,385246,6,1,int,
38533B,object:wp,phase-wrap,38533B,8,4,float,
385974,object:wp,counter,385974,8,2,int,
385B16,object:wp,multiplier,385B16,8,4,float,
385B2A,object:wp,multiplier,385B2A,8,4,float,
385B32,object:wp,multiplier,385B32,8,4,float,
385B4D,object:wp,float-expr,385B49,8,4,float,
385B65,object:wp,float-expr,385B65,5,4,float,
385B7E,object:wp,float-expr,385B7E,5,4,float,
385BC2,object:wp,counter,385BC2,8,2,int,
385D93,object:wp,multiplier,385D93,8,4,float,
385D9F,object:wp,multiplier,385D9F,8,4,float,
385DB7,object:wp,multiplier,385DB7,8,4,float,
385DC3,object:wp,float-expr,385DBF,8,4,float,
385DDF,object:wp,float-expr,385DDF,5,4,float,
385DFC,object:wp,float-expr,385DFC,5,4,float,
385E06,object:wp,counter,385E06,6,1,int,
385E27,object:wp,float-expr,385E23,8,4,float,
385E3F,object:wp,float-expr,385E3F,5,4,float,
385E58,object:wp,float-expr,385E58,5,4,float,
385E91,object:wp,phase-wrap,385E91,8,4,float,
385F2C,object:wp,float-expr,385F2C,5,4,float,
385F41,object:wp,phase-wrap,385F41,8,4,float,
385F49,object:wp,counter,385F49,8,2,int,
3860CA,object:wp,counter,3860CA,8,2,int,
3865E9,object:wp,counter,3865E9,6,1,int,
3865FB,object:wp,counter,3865FB,8,2,int,
386689,object:wp,counter,386689,6,1,int,
38669B,object:wp,counter,38669B,8,2,int,
38694F,object:wp,counter,38694F,6,1,int,
38704F,object:wp,counter,38704F,7,2,int,
3870B8,object:wp,counter,3870B8,7,2,int,
3871E9,object:wp,counter,3871E9,6,1,int,
38722C,object:wp,counter,38722C,7,2,int,
387246,object:wp,multiplier,387246,8,4,float,
387426,object:wp,counter,387426,6,1,int,
38746C,object:wp,phase-wrap,38746C,8,4,float,
387498,object:wp,float-expr,387498,8,4,float,
3874EA,object:wp,counter,3874EA,6,1,int,
38762F,object:wp,counter,38762F,6,1,int,
387685,object:wp,float-step,387685,8,4,float,
3876B2,object:wp,multiplier,3876B2,8,4,float,
3876C6,object:wp,multiplier,3876C6,8,4,float,
3876CE,object:wp,multiplier,3876CE,8,4,float,
3876E3,object:wp,float-step,3876E3,5,4,float,
3877A3,object:wp,counter,3877A3,7,2,int,
387810,object:wp,float-expr,38780B,9,4,float,
387828,object:wp,float-expr,387828,5,4,float,
387841,object:wp,float-expr,387841,5,4,float,
3878F3,object:wp,counter,3878F3,6,1,int,
387968,object:wp,counter,387968,7,2,int,
387A14,object:wp,counter,387A14,6,1,int,
387A36,object:wp,float-expr,387A36,8,4,float,
387ADF,object:wp,float-step,387ADF,8,4,float,
387CD0,object:wp,float-step,387CD0,8,4,float,
387D2F,object:wp,counter,387D2F,7,2,int,
387E55,object:wp,port:timescale,387E55,8,4,float,
387EB2,object:wp,counter,387EB2,7,2,int,
38805F,object:wp,counter,38805F,6,1,int,
388549,object:wp,counter,388549,6,1,int,
3885D9,object:wp,counter,3885D9,7,2,int,
3885F3,object:wp,multiplier,3885F3,8,4,float,
388698,object:wp,phase-wrap,388698,8,4,float,
3886C7,object:wp,counter,3886C7,6,1,int,
388721,object:wp,counter,388721,6,1,int,
38881C,object:wp,counter,38881C,6,1,int,
3888A7,object:wp,counter,3888A7,7,2,int,
3888C1,object:wp,multiplier,3888C1,8,4,float,
388931,object:wp,counter,388931,6,1,int,
388C5C,object:wp,phase-wrap,388C5C,8,4,float,
388C78,object:wp,phase-wrap,388C78,8,4,float,
388D63,object:wp,counter,388D63,7,2,int,
388E1F,object:wp,call,388E1F,8,4,float,
388E43,object:wp,call,388E43,8,4,float,
388F15,object:wp,call,388F15,8,4,float,
388F48,object:wp,call,388F48,8,4,float,
388FBE,object:wp,float-step,388FBE,5,4,float,
3890C2,object:wp,phase-wrap,3890C2,8,4,float,
3890E0,object:wp,phase-wrap,3890E0,8,4,float,
3891A2,object:wp,counter,3891A2,7,2,int,
3892A9,object:wp,call,3892A9,8,4,float,
3892CD,object:wp,call,3892CD,8,4,float,
389A85,object:wp,counter,389A85,6,1,int,
389AC0,object:wp,phase-wrap,389AC0,8,4,float,
389AEC,object:wp,multiplier,389AEC,8,4,float,
38A02F,object:wp,counter,38A02F,7,2,int,
38A0BD,object:wp,counter,38A0BD,7,2,int,
38A1B5,object:wp,counter,38A1B5,7,2,int,
38A231,object:wp,counter,38A231,6,1,int,
38A2A9,object:wp,float-step,38A2A9,8,4,float,
38A2DB,object:wp,counter,38A2DB,7,2,int,
38A3FF,object:wp,counter,38A3FF,7,2,int,
38A47B,object:wp,counter,38A47B,6,1,int,
38A4F9,object:wp,float-step,38A4F9,8,4,float,
38A52B,object:wp,counter,38A52B,7,2,int,
38A543,object:wp,counter,38A543,7,2,int,
38A6C9,object:wp,counter,38A6C9,6,1,int,
38A753,object:wp,counter,38A753,7,2,int,
38A7EC,object:wp,counter,38A7EC,6,1,int,
38A8A3,object:wp,counter,38A8A3,7,2,int,
38A99F,object:wp,counter,38A99F,6,1,int,
38A9AB,object:wp,counter,38A9AB,7,2,int,
38AAE2,object:wp,float-expr,38AAE2,8,4,float,
38AB98,object:wp,counter,38AB98,7,2,int,
38AC5D,object:wp,counter,38AC5D,6,1,int,
38AC7F,object:wp,float-expr,38AC7F,8,4,float,
38ACC2,object:wp,counter,38ACC2,6,1,int,
38AD3B,object:wp,float-expr,38AD3B,8,4,float,
38AE78,object:wp,call,38AE78,8,4,float,
38AE99,object:wp,phase-wrap,38AE99,8,4,float,
38AF30,object:wp,float-expr,38AF30,8,4,float,
38B16F,object:wp,counter,38B16F,6,1,int,
38B594,object:wp,counter,38B594,6,1,int,
38B5B5,object:wp,counter,38B5B5,7,2,int,
38B6EF,object:wp,counter,38B6EF,7,2,int,
38B79E,object:wp,counter,38B79E,7,2,int,
38B7B8,object:wp,multiplier,38B7B8,8,4,float,
38B899,object:wp,counter,38B899,6,1,int,
38B8AB,object:wp,phase-wrap,38B8AB,8,4,float,
38B8F6,object:wp,phase-wrap,38B8F6,8,4,float,
38B97B,object:wp,counter,38B97B,7,2,int,
38BA9D,object:wp,float-step,38BA9D,8,4,float,
38BAD0,object:wp,multiplier,38BAD0,8,4,float,
38BAE4,object:wp,multiplier,38BAE4,8,4,float,
38BAEC,object:wp,multiplier,38BAEC,8,4,float,
38BB00,object:wp,counter,38BB00,6,1,int,
38BBB4,object:wp,counter,38BBB4,7,2,int,
38BC0F,object:wp,float-expr,38BC0A,9,4,float,
38BC27,object:wp,float-expr,38BC27,5,4,float,
38BC40,object:wp,float-expr,38BC40,5,4,float,
38BD9F,object:wp,counter,38BD9F,6,1,int,
38C260,object:wp,counter,38C260,6,1,int,
38C266,object:wp,phase-wrap,38C266,8,4,float,
38C2B0,object:wp,phase-wrap,38C2B0,8,4,float,
38C308,object:wp,phase-wrap,38C308,8,4,float,
38C343,object:wp,counter,38C343,7,2,int,
38C387,object:wp,multiplier,38C387,8,4,float,
38C3A6,object:wp,multiplier,38C3A6,8,4,float,
38C4C9,object:wp,float-step,38C4C9,8,4,float,
38C4F7,object:wp,multiplier,38C4F7,8,4,float,
38C50B,object:wp,multiplier,38C50B,8,4,float,
38C513,object:wp,multiplier,38C513,8,4,float,
38C527,object:wp,counter,38C527,6,1,int,
38C553,object:wp,counter,38C553,7,2,int,
38C5B5,object:wp,counter,38C5B5,7,2,int,
38C621,object:wp,float-expr,38C61C,9,4,float,
38C639,object:wp,float-expr,38C639,5,4,float,
38C652,object:wp,float-expr,38C652,5,4,float,
38C78F,object:wp,counter,38C78F,6,1,int,
38CB27,object:wp,float-step,38CB27,8,4,float,
38CC06,object:wp,counter,38CC06,7,2,int,
38CC20,object:wp,multiplier,38CC20,8,4,float,
38CC83,object:wp,counter,38CC83,7,2,int,
38CC8F,object:wp,phase-wrap,38CC8F,8,4,float,
38CE39,object:wp,counter,38CE39,6,1,int,
38CE90,object:wp,phase-wrap,38CE90,8,4,float,
38CED0,object:wp,counter,38CED0,6,1,int,
38CF9D,object:wp,float-step,38CF9D,8,4,float,
38CFCB,object:wp,multiplier,38CFCB,8,4,float,
38CFDF,object:wp,multiplier,38CFDF,8,4,float,
38CFE7,object:wp,multiplier,38CFE7,8,4,float,
38CFFB,object:wp,counter,38CFFB,6,1,int,
38D0E5,object:wp,float-expr,38D0E1,8,4,float,
38D0FD,object:wp,float-expr,38D0FD,5,4,float,
38D116,object:wp,float-expr,38D116,5,4,float,
38D14D,object:wp,counter,38D14D,7,2,int,
38D159,object:wp,phase-wrap,38D159,8,4,float,
38D174,object:wp,counter,38D174,7,2,int,
38D5AE,object:wp,float-expr,38D5AE,5,4,float,
38D634,object:wp,port:timescale,38D634,8,4,float,
38D8D8,object:wp,counter,38D8D8,8,1,int,
38D94E,object:wp,float-expr,38D94E,8,4,float,
38D965,object:wp,multiplier,38D965,8,4,float,
38D96D,object:wp,float-expr,38D96D,8,4,float,
38D988,object:wp,float-step,38D988,8,4,float,
38D990,object:wp,multiplier,38D990,8,4,float,
38D9A0,object:wp,float-expr,38D9A0,8,4,float,
38DA10,object:wp,multiplier,38DA10,8,4,float,
38DA28,object:wp,multiplier,38DA28,8,4,float,
38DA30,object:wp,multiplier,38DA30,8,4,float,
38DA8C,object:wp,counter,38DA8C,8,1,int,
38DBC2,object:wp,float-expr,38DBC2,11,4,float,
38DBDA,object:wp,float-expr,38DBDA,5,4,float,
38DC07,object:wp,multiplier,38DC07,8,4,float,
38DC16,object:wp,multiplier,38DC16,8,4,float,
38DD32,object:wp,float-expr,38DD32,8,4,float,
38DD82,object:wp,float-expr,38DD7E,8,4,float,
38DD9A,object:wp,float-expr,38DD9A,5,4,float,
38DDC7,object:wp,multiplier,38DDC7,8,4,float,
38DDD6,object:wp,multiplier,38DDD6,8,4,float,
38DF99,object:wp,multiplier,38DF99,8,4,float,
38DFAD,object:wp,multiplier,38DFAD,8,4,float,
38DFB5,object:wp,float-expr,38DFB5,8,4,float,
38DFBD,object:wp,float-expr,38DFBD,8,4,float,
38E117,object:wp,float-step,38E117,8,4,float,
38E176,object:wp,float-step,38E176,8,4,float,
38E545,object:wp,float-expr,38E545,5,4,float,
38E5CB,object:wp,port:timescale,38E5CB,8,4,float,
38E7B2,object:wp,float-expr,38E7B2,8,4,float,
38E7BA,object:wp,float-expr,38E7BA,8,4,float,
38E7D6,object:wp,float-expr,38E7D3,7,4,float,
38E7EE,object:wp,float-expr,38E7EE,5,4,float,
38E81B,object:wp,multiplier,38E81B,8,4,float,
38E82A,object:wp,multiplier,38E82A,8,4,float,
38EA9A,object:wp,multiplier,38EA9A,8,4,float,
38EAAA,object:wp,multiplier,38EAAA,8,4,float,
38EABA,object:wp,float-expr,38EABA,8,4,float,
38EAC2,object:wp,float-expr,38EAC2,8,4,float,
38EAE0,object:wp,float-expr,38EAE0,8,4,float,
38EAE8,object:wp,float-expr,38EAE8,8,4,float,
38EB20,object:wp,float-expr,38EB20,8,4,float,
38EB44,object:wp,float-expr,38EB44,8,4,float,
38EB62,object:wp,float-expr,38EB62,8,4,float,
38EBAE,object:wp,float-expr,38EBAE,8,4,float,
38EBB6,object:wp,float-expr,38EBB6,8,4,float,
38EBD2,object:wp,float-expr,38EBCF,7,4,float,
38EBEA,object:wp,float-expr,38EBEA,5,4,float,
38EC17,object:wp,multiplier,38EC17,8,4,float,
38EC26,object:wp,multiplier,38EC26,8,4,float,
38EFCA,object:wp,port:timescale,38EFCA,8,4,float,
38F047,object:wp,float-expr,38F047,5,4,float,
38F065,object:wp,multiplier,38F065,8,4,float,
38F0E5,object:wp,port:timescale,38F0E5,8,4,float,
38F2CA,object:wp,float-expr,38F2CA,8,4,float,
38F2EA,object:wp,float-expr,38F2EA,8,4,float,
38F306,object:wp,float-expr,38F303,7,4,float,
38F31E,object:wp,float-expr,38F31E,5,4,float,
38F34B,object:wp,multiplier,38F34B,8,4,float,
38F35A,object:wp,multiplier,38F35A,8,4,float,
38F5EA,object:wp,multiplier,38F5EA,8,4,float,
38F5F2,object:wp,multiplier,38F5F2,8,4,float,
38F5FA,object:wp,float-expr,38F5FA,8,4,float,
38F602,object:wp,float-expr,38F602,8,4,float,
38F630,object:wp,float-expr,38F630,8,4,float,
38F638,object:wp,float-expr,38F638,8,4,float,
38F674,object:wp,float-expr,38F674,8,4,float,
38F6AE,object:wp,float-expr,38F6AE,8,4,float,
38F6C0,object:wp,float-expr,38F6C0,8,4,float,
38F6D0,object:wp,float-expr,38F6D0,8,4,float,
38F724,object:wp,float-expr,38F724,8,4,float,
38F72C,object:wp,float-expr,38F72C,8,4,float,
38F748,object:wp,float-expr,38F745,7,4,float,
38F760,object:wp,float-expr,38F760,5,4,float,
38F78D,object:wp,multiplier,38F78D,8,4,float,
38F79C,object:wp,multiplier,38F79C,8,4,float,
38F9AF,object:wp,counter,38F9AF,6,1,int,
38FEB9,object:wp,counter,38FEB9,7,2,int,
38FEEE,object:wp,float-step,38FEEE,8,4,float,
38FFC6,object:wp,float-step,38FFC6,5,4,float,
39000C,object:wp,counter,39000C,6,1,int,
39003A,object:wp,phase-wrap,39003A,8,4,float,
390048,object:wp,float-expr,390048,8,4,float,
3900A3,object:wp,counter,3900A3,6,1,int,
3900B7,object:wp,float-expr,3900B3,8,4,float,
3900CF,object:wp,float-expr,3900CF,5,4,float,
3900E8,object:wp,float-expr,3900E8,5,4,float,
390172,object:wp,counter,390172,7,2,int,
3901A7,object:wp,float-step,3901A7,8,4,float,
390222,object:wp,float-step,390222,8,4,float,
390251,object:wp,counter,390251,6,1,int,
39031D,object:wp,phase-wrap,39031D,8,4,float,
39032D,object:wp,counter,39032D,7,2,int,
390387,object:wp,counter,390387,6,1,int,
390503,object:wp,float-step,390503,9,4,float,
3906DE,object:wp,counter,3906DE,7,1,int,
390720,object:wp,call,390720,9,4,float,
39074E,object:wp,float-expr,39074E,9,4,float,
390759,object:wp,counter,390759,7,1,int,
39078E,object:wp,float-expr,39078E,5,4,float,
3907A4,object:wp,phase-wrap,3907A4,9,4,float,
3907BB,object:wp,counter,3907BB,7,1,int,
390820,object:wp,float-expr,390820,9,4,float,
3908AC,object:wp,float-expr,3908AC,9,4,float,
3909EC,object:wp,call,3909EC,9,4,float,
390A12,object:wp,phase-wrap,390A12,9,4,float,
390A84,object:wp,counter,390A84,7,1,int,
390AA0,object:wp,counter,390AA0,7,1,int,
390AB4,object:wp,counter,390AB4,8,2,int,
390AEA,object:wp,float-step,390AEA,9,4,float,
390C61,object:wp,float-step,390C61,8,4,float,
390D19,object:wp,float-expr,390D19,8,4,float,
390DA0,object:wp,float-expr,390DA0,8,4,float,
390ED5,object:wp,call,390ED5,8,4,float,
390EF9,object:wp,phase-wrap,390EF9,8,4,float,
39110A,object:wp,counter,39110A,6,1,int,
391132,object:wp,float-expr,391132,8,4,float,
39113C,object:wp,counter,39113C,6,1,int,
391167,object:wp,float-expr,391167,5,4,float,
39119B,object:wp,phase-wrap,39119B,8,4,float,
3911BF,object:wp,phase-wrap,3911BF,8,4,float,
391424,object:wp,counter,391424,6,1,int,
3914A1,object:wp,float-expr,3914A1,8,4,float,
3914C7,object:wp,float-expr,3914C7,8,4,float,
391527,object:wp,float-step,391527,8,4,float,
391651,object:wp,float-step,391651,9,4,float,
391707,object:wp,float-expr,391707,9,4,float,
39177D,object:wp,float-expr,39177D,9,4,float,
3918BD,object:wp,call,3918BD,9,4,float,
3918E3,object:wp,phase-wrap,3918E3,9,4,float,
391AB9,object:wp,counter,391AB9,7,1,int,
391AEC,object:wp,float-expr,391AEC,9,4,float,
391AF7,object:wp,counter,391AF7,7,1,int,
391B42,object:wp,phase-wrap,391B42,9,4,float,
391B9F,object:wp,float-expr,391B9F,9,4,float,
391BCF,object:wp,float-expr,391BCF,5,4,float,
391BE5,object:wp,phase-wrap,391BE5,9,4,float,
391DE1,object:wp,float-step,391DE1,8,4,float,
391F78,object:wp,counter,391F78,6,1,int,
391FE4,object:wp,phase-wrap,391FE4,8,4,float,
392041,object:wp,float-expr,392041,8,4,float,
392067,object:wp,float-expr,392067,5,4,float,
392084,object:wp,phase-wrap,392084,8,4,float,
3920A2,object:wp,float-expr,3920A2,8,4,float,
3920B0,object:wp,counter,3920B0,6,1,int,
3920C7,object:wp,counter,3920C7,6,1,int,
3920F3,object:wp,float-expr,3920F3,8,4,float,
3920FD,object:wp,counter,3920FD,6,1,int,
392157,object:wp,phase-wrap,392157,8,4,float,
3921CF,object:wp,float-expr,3921CF,5,4,float,
3921E4,object:wp,phase-wrap,3921E4,8,4,float,
3921FA,object:wp,counter,3921FA,6,1,int,
39225D,object:wp,float-expr,39225D,8,4,float,
3922CB,object:wp,float-expr,3922CB,8,4,float,
3923F3,object:wp,call,3923F3,8,4,float,
392A28,object:wp,counter,392A28,6,1,int,
392AA2,object:wp,counter,392AA2,7,2,int,
392AAE,object:wp,counter,392AAE,6,1,int,
392B43,object:wp,counter,392B43,6,1,int,
392C9D,object:wp,counter,392C9D,7,2,int,
392E16,object:wp,counter,392E16,6,1,int,
392E3F,object:wp,counter,392E3F,7,2,int,
392E62,object:wp,counter,392E62,6,1,int,
392E77,object:wp,counter,392E77,7,2,int,
392EF4,object:wp,counter,392EF4,6,1,int,
392F06,object:wp,counter,392F06,7,2,int,
392F30,object:wp,counter,392F30,6,1,int,
3934DF,object:wp,float-expr,3934DF,8,4,float,
39350F,object:wp,phase-wrap,39350F,8,4,float,
393537,object:wp,float-expr,393537,8,4,float,
39354F,object:wp,multiplier,39354F,8,4,float,
39358B,object:wp,lerp,39358B,8,4,float,
3935BB,object:wp,phase-wrap,3935BB,8,4,float,
3935E1,object:wp,float-expr,3935E1,8,4,float,
3935F9,object:wp,multiplier,3935F9,8,4,float,
3970ED,object:wp,lerp,3970ED,8,4,float,
397120,object:wp,phase-wrap,397120,8,4,float,
397148,object:wp,float-expr,397148,8,4,float,
397160,object:wp,multiplier,397160,8,4,float,
39719D,object:wp,lerp,39719D,8,4,float,
3971D0,object:wp,phase-wrap,3971D0,8,4,float,
3971F5,object:wp,float-expr,3971F5,8,4,float,
39720D,object:wp,multiplier,39720D,8,4,float,
397EDE,object:wp,counter,397EDE,6,1,int,
398141,object:wp,float-step,398141,10,4,float,
3981CE,object:wp,float-expr,3981CE,9,4,float,
3981D7,object:wp,float-expr,3981D7,10,4,float,
3981EA,object:wp,float-expr,3981EA,9,4,float,
3982E0,object:wp,counter,3982E0,5,1,int,
398366,object:wp,multiplier,398366,5,4,float,
39838D,object:wp,multiplier,39838D,9,4,float,
39843A,object:wp,float-expr,398436,8,4,float,
398450,object:wp,float-expr,398450,9,4,float,
39846B,object:wp,float-expr,39846B,9,4,float,
398493,object:wp,multiplier,398493,6,4,float,
3984AA,object:wp,float-step,3984AA,9,4,float,
3984B3,object:wp,multiplier,3984B3,9,4,float,
3984D6,object:wp,counter,3984D6,6,1,int,
3986B3,object:wp,float-expr,3986B0,7,4,float,
3986C9,object:wp,float-expr,3986C9,9,4,float,
3986E4,object:wp,float-expr,3986E4,9,4,float,
398792,object:wp,counter,398792,5,1,int,
398833,object:wp,counter,398833,5,1,int,
398BBD,object:wp,counter,398BBD,6,1,int,
398D4C,object:wp,float-step,398D4C,9,4,float,
398DE1,object:wp,float-expr,398DE1,9,4,float,
398DEA,object:wp,float-expr,398DEA,6,4,float,
398DFF,object:wp,float-expr,398DFF,9,4,float,
398F48,object:wp,counter,398F48,10,1,int,
398FCD,object:wp,multiplier,398FCD,5,4,float,
398FF4,object:wp,multiplier,398FF4,9,4,float,
39909E,object:wp,float-expr,39909A,8,4,float,
3990B4,object:wp,float-expr,3990B4,9,4,float,
3990CF,object:wp,float-expr,3990CF,9,4,float,
3990F7,object:wp,multiplier,3990F7,6,4,float,
39910E,object:wp,float-step,39910E,9,4,float,
399117,object:wp,multiplier,399117,9,4,float,
399139,object:wp,counter,399139,5,1,int,
3992DD,object:wp,float-expr,3992DD,6,4,float,
3992F5,object:wp,float-expr,3992F5,9,4,float,
399310,object:wp,float-expr,399310,9,4,float,
399410,object:wp,counter,399410,10,1,int,
39949C,object:wp,counter,39949C,6,1,int,
39982D,object:wp,counter,39982D,6,1,int,
3999BC,object:wp,float-step,3999BC,9,4,float,
399A51,object:wp,float-expr,399A51,9,4,float,
399A5A,object:wp,float-expr,399A5A,6,4,float,
399A6F,object:wp,float-expr,399A6F,9,4,float,
399B81,object:wp,counter,399B81,10,1,int,
399C06,object:wp,multiplier,399C06,5,4,float,
399C2D,object:wp,multiplier,399C2D,9,4,float,
399CD7,object:wp,float-expr,399CD3,8,4,float,
399CED,object:wp,float-expr,399CED,9,4,float,
399D08,object:wp,float-expr,399D08,9,4,float,
399D30,object:wp,multiplier,399D30,6,4,float,
399D47,object:wp,float-step,399D47,9,4,float,
399D50,object:wp,multiplier,399D50,9,4,float,
399D72,object:wp,counter,399D72,5,1,int,
399F16,object:wp,float-expr,399F16,6,4,float,
399F2E,object:wp,float-expr,399F2E,9,4,float,
399F49,object:wp,float-expr,399F49,9,4,float,
39A01A,object:wp,counter,39A01A,10,1,int,
39A0A6,object:wp,counter,39A0A6,6,1,int,
39A678,object:wp,float-step,39A678,8,4,float,
39A6FF,object:wp,counter,39A6FF,6,1,int,
39A711,object:wp,counter,39A711,6,1,int,
39A89F,object:wp,counter,39A89F,6,1,int,
39A8C5,object:wp,counter,39A8C5,6,1,int,
39ADA4,object:wp,counter,39ADA4,7,2,int,
39ADBF,object:wp,counter,39ADBF,7,2,int,
39AE7C,object:wp,counter,39AE7C,6,1,int,
39AE8E,object:wp,counter,39AE8E,7,2,int,
39AF14,object:wp,counter,39AF14,6,1,int,
39AF1A,object:wp,counter,39AF1A,7,2,int,
39AFC2,object:wp,counter,39AFC2,6,1,int,
39AFC8,object:wp,counter,39AFC8,7,2,int,
39B050,object:wp,float-step,39B050,8,4,float,
39B092,object:wp,counter,39B092,8,2,int,
39B0A3,object:wp,counter,39B0A3,7,2,int,
39B0BF,object:wp,counter,39B0BF,7,2,int,
39B27F,object:wp,counter,39B27F,6,1,int,
39B285,object:wp,counter,39B285,7,2,int,
39B2B0,object:wp,counter,39B2B0,8,2,int,
39B2C1,object:wp,counter,39B2C1,7,2,int,
39B2DD,object:wp,counter,39B2DD,7,2,int,
39B489,object:wp,counter,39B489,6,1,int,
39B48F,object:wp,counter,39B48F,7,2,int,
39B650,object:wp,float-step,39B650,8,4,float,
39B6A6,object:wp,float-expr,39B6A6,8,4,float,
39B6EF,object:wp,float-expr,39B6EF,8,4,float,
39B845,object:wp,phase-wrap,39B845,8,4,float,
39B84D,object:wp,counter,39B84D,7,2,int,
39B869,object:wp,counter,39B869,7,2,int,
39BA24,object:wp,multiplier,39BA24,12,4,float,
39BA28,object:wp,multiplier,39BA24,12,4,float,
39BA82,object:wp,counter,39BA82,7,2,int,
39BA8E,object:wp,float-step,39BA8E,8,4,float,
39BABB,object:wp,float-expr,39BABB,8,4,float,
39BBDB,object:wp,counter,39BBDB,6,1,int,
39BBEE,object:wp,counter,39BBEE,7,2,int,
39BD00,object:wp,float-expr,39BD00,8,4,float,
39BD5E,object:wp,phase-wrap,39BD5E,8,4,float,
39BD7C,object:wp,counter,39BD7C,6,1,int,
39BE19,object:wp,counter,39BE19,6,1,int,
39BF23,object:wp,counter,39BF23,6,1,int,
39BF33,object:wp,counter,39BF33,7,2,int,
39BFFC,object:wp,counter,39BFFC,7,2,int,
39C04C,object:wp,counter,39C04C,6,1,int,
39C081,object:wp,counter,39C081,7,2,int,
39C091,object:wp,counter,39C091,6,1,int,
39C1EF,object:wp,counter,39C1EF,6,1,int,
39C396,object:wp,counter,39C396,6,1,int,
39C3BC,object:wp,float-step,39C3BC,8,4,float,
39C3F4,object:wp,float-step,39C3F4,8,4,float,
39C490,object:wp,counter,39C490,7,2,int,
39C4C7,object:wp,counter,39C4C7,6,1,int,
39C4E3,object:wp,counter,39C4E3,7,2,int,
39C616,object:wp,counter,39C616,6,1,int,
39C774,object:wp,counter,39C774,6,1,int,
39C79E,object:wp,float-step,39C79E,8,4,float,
39C832,object:wp,float-step,39C832,8,4,float,
39C872,object:wp,counter,39C872,7,2,int,
39C8A9,object:wp,counter,39C8A9,6,1,int,
39C8C5,object:wp,counter,39C8C5,7,2,int,
39CDF9,object:wp,counter,39CDF9,6,1,int,
39CEB2,object:wp,counter,39CEB2,6,1,int,
39CECA,object:wp,counter,39CECA,6,1,int,
39CF3C,object:wp,counter,39CF3C,6,1,int,
39CFF3,object:wp,counter,39CFF3,6,1,int,
39D064,object:wp,counter,39D064,6,1,int,
39D14A,object:wp,counter,39D14A,6,1,int,
39D5CF,object:wp,counter,39D5CF,6,1,int,
39D656,object:wp,counter,39D656,6,1,int,
39D69F,object:wp,float-expr,39D69F,8,4,float,
39D6D1,object:wp,float-expr,39D6D1,8,4,float,
39D76B,object:wp,float-expr,39D76B,8,4,float,
39D7B7,object:wp,counter,39D7B7,7,2,int,
39DC41,object:wp,phase-wrap,39DC41,8,4,float,
39DC86,object:wp,counter,39DC86,6,1,int,
39DD17,object:wp,counter,39DD17,7,2,int,
39DD68,object:wp,counter,39DD68,6,1,int,
39DD8B,object:wp,counter,39DD8B,7,2,int,
39DE23,object:wp,counter,39DE23,6,1,int,
39DE72,object:wp,phase-wrap,39DE72,8,4,float,
39DEAB,object:wp,counter,39DEAB,7,2,int,
39E07F,object:wp,int-expr,39E07F,6,4,int,
39E0E3,object:wp,int-step,39E0E3,10,4,int,
39E558,object:wp,counter,39E558,6,1,int,
39E83F,object:wp,counter,39E83F,6,1,int,
39E94C,object:wp,phase-wrap,39E94C,8,4,float,
39EA0A,object:wp,float-expr,39EA0A,8,4,float,
39EB30,object:wp,counter,39EB30,6,1,int,
39EB60,object:wp,float-expr,39EB60,8,4,float,
39EC0E,object:wp,counter,39EC0E,6,1,int,
39EC43,object:wp,float-expr,39EC43,8,4,float,
39EC4D,object:wp,counter,39EC4D,6,1,int,
39EF34,object:wp,counter,39EF34,6,1,int,
39EF81,object:wp,float-expr,39EF81,8,4,float,
39EF8F,object:wp,counter,39EF8F,6,1,int,
39EFF1,object:wp,counter,39EFF1,6,1,int,
39F07D,object:wp,float-expr,39F07D,8,4,float,
39F156,object:wp,float-expr,39F156,8,4,float,
39F234,object:wp,counter,39F234,6,1,int,
39F24C,object:wp,float-expr,39F24C,8,4,float,
39F403,object:wp,counter,39F403,6,1,int,
39F44E,object:wp,counter,39F44E,6,1,int,
39F48C,object:wp,counter,39F48C,6,1,int,
39F4CC,object:wp,float-expr,39F4CC,8,4,float,
39F4DA,object:wp,counter,39F4DA,6,1,int,
39F5B6,object:wp,phase-wrap,39F5B6,8,4,float,
39F5E9,object:wp,float-expr,39F5E9,8,4,float,
39F633,object:wp,float-expr,39F633,8,4,float,
39F9BF,object:wp,counter,39F9BF,6,1,int,
39FFF2,object:wp,counter,39FFF2,6,1,int,
39FFFF,object:wp,counter,39FFFF,7,2,int,
3A005E,object:wp,counter,3A005E,6,1,int,
3A00AB,object:wp,counter,3A00AB,7,2,int,
3A01BA,object:wp,counter,3A01BA,6,1,int,
3A0210,object:wp,float-step,3A0210,8,4,float,
3A023D,object:wp,multiplier,3A023D,8,4,float,
3A0251,object:wp,multiplier,3A0251,8,4,float,
3A0259,object:wp,multiplier,3A0259,8,4,float,
3A026E,object:wp,float-step,3A026E,5,4,float,
3A02F3,object:wp,counter,3A02F3,7,2,int,
3A0360,object:wp,float-expr,3A035B,9,4,float,
3A0378,object:wp,float-expr,3A0378,5,4,float,
3A0391,object:wp,float-expr,3A0391,5,4,float,
3A03D2,object:wp,counter,3A03D2,6,1,int,
3A03F8,object:wp,counter,3A03F8,7,2,int,
3A053E,object:wp,counter,3A053E,6,1,int,
3A054B,object:wp,counter,3A054B,7,2,int,
3A05B0,object:wp,counter,3A05B0,6,1,int,
3A05F9,object:wp,float-expr,3A05F9,8,4,float,
3A0616,object:wp,counter,3A0616,7,2,int,
3A0C1E,object:wp,counter,3A0C1E,6,1,int,
3A0C30,object:wp,counter,3A0C30,8,2,int,
3A0CA2,object:wp,counter,3A0CA2,6,1,int,
3A0CB4,object:wp,counter,3A0CB4,8,2,int,
3A0DB5,object:wp,counter,3A0DB5,6,1,int,
3A0E91,object:wp,float-expr,3A0E91,8,4,float,
3A0F3C,object:wp,counter,3A0F3C,6,1,int,
3A0F7D,object:wp,counter,3A0F7D,6,1,int,
3A1092,object:wp,counter,3A1092,6,1,int,
3A10DF,object:wp,float-step,3A10DF,8,4,float,
3A1117,object:wp,float-step,3A1117,8,4,float,
3A117B,object:wp,counter,3A117B,7,2,int,
3A11A8,object:wp,float-expr,3A11A8,8,4,float,
3A1216,object:wp,counter,3A1216,6,1,int,
3A12CA,object:wp,counter,3A12CA,7,2,int,
3A142F,object:wp,counter,3A142F,6,1,int,
3A19F6,object:wp,counter,3A19F6,6,1,int,
3A1AED,object:wp,counter,3A1AED,6,1,int,
3A1B1F,object:wp,float-expr,3A1B1F,8,4,float,
3A1C14,object:wp,counter,3A1C14,6,1,int,
3A1D24,object:wp,phase-wrap,3A1D24,8,4,float,
3A1D39,object:wp,counter,3A1D39,6,1,int,
3A1D78,object:wp,counter,3A1D78,6,1,int,
3A1E75,object:wp,counter,3A1E75,6,1,int,
3A1EAA,object:wp,float-expr,3A1EAA,8,4,float,
3A1F78,object:wp,counter,3A1F78,6,1,int,
3A1F9D,object:wp,float-expr,3A1F9D,8,4,float,
3A2071,object:wp,counter,3A2071,6,1,int,
3A2096,object:wp,counter,3A2096,6,1,int,
3A21BF,object:wp,counter,3A21BF,6,1,int,
3A25B2,object:wp,float-expr,3A25B2,8,4,float,
3A25C9,object:wp,float-step,3A25C9,8,4,float,
3A25F6,object:wp,float-step,3A25F6,8,4,float,
3A2609,object:wp,float-step,3A2609,8,4,float,
3A26D2,object:wp,float-expr,3A26D2,8,4,float,
3A2783,object:wp,float-step,3A2783,8,4,float,
3A27B8,object:wp,multiplier,3A27B8,8,4,float,
3A27CC,object:wp,multiplier,3A27CC,8,4,float,
3A27D4,object:wp,multiplier,3A27D4,8,4,float,
3A27E9,object:wp,float-step,3A27E9,5,4,float,
3A2808,object:wp,counter,3A2808,6,1,int,
3A288E,object:wp,counter,3A288E,7,2,int,
13A93D,ui,counter,13A93D,5,1,int,
14635C,ui,counter,14635C,6,4,int,
146A3A,ui,counter,146A3A,6,4,int,
146A7D,ui,counter,146A7D,6,4,int,
146B94,ui,counter,146B94,6,4,int,
146CFC,ui,counter,146CFC,6,4,int,
146E63,ui,counter,146E63,6,4,int,
1470E6,ui,float-step,1470E6,5,4,float,
147776,ui,int-step,147776,7,2,int,
147D17,ui,counter,147D17,6,4,int,
147FFF,ui,counter,147FFF,6,4,int,
1487ED,ui,counter,1487ED,6,4,int,
1489C7,ui,counter,1489C7,6,4,int,
1489DB,ui,counter,,,,,branch target inside
1493E6,ui,counter,1493E6,8,2,int,
149411,ui,counter,149411,7,2,int,
149941,ui,counter,149941,6,4,int,
14B3A4,ui,counter,14B3A4,6,4,int,
14B447,ui,counter,14B447,6,4,int,
14BC6B,ui,float-step,14BC6B,5,4,float,
14BC87,ui,float-step,14BC87,5,4,float,
14BCA3,ui,float-step,14BCA3,5,4,float,
14BCBF,ui,float-step,14BCBF,5,4,float,
14C3FC,ui,counter,14C3FC,6,4,int,
14C410,ui,counter,,,,,branch target inside
14C46C,ui,counter,14C46C,6,4,int,
14C514,ui,other,14C514,10,4,int,
14C687,ui,counter,14C687,6,4,int,
153DAD,ui,counter,153DAD,10,4,int,
153E2A,ui,counter,153E2A,6,4,int,
153F8B,ui,counter,153F89,5,4,int,
153FE3,ui,float-expr,153FE3,8,4,float,
15404B,ui,counter,15404B,6,4,int,
15409F,ui,float-expr,15409F,8,4,float,
1541BB,ui,counter,1541B9,5,4,int,
154213,ui,float-expr,154213,8,4,float,
15427B,ui,counter,15427B,6,4,int,
1542CF,ui,float-expr,1542CF,8,4,float,
154BA8,ui,counter,154BA8,6,4,int,
154BC0,ui,counter,154BBE,5,4,int,
155F55,ui,counter,155F55,10,4,int,
155FCE,ui,counter,155FCE,7,4,int,
1560BD,ui,counter,1560BD,8,2,int,
156182,ui,counter,156182,7,2,int,
156852,ui,counter,156852,8,1,int,
156860,ui,counter,156860,8,1,int,
15690E,ui,counter,15690E,7,1,int,
156951,ui,counter,156951,7,1,int,
156BA6,ui,counter,156BA6,9,2,int,
156C66,ui,counter,156C66,8,2,int,
158C48,ui,counter,158C48,10,4,int,
158CC5,ui,counter,158CC5,6,4,int,
159675,ui,counter,159675,6,4,int,
159689,ui,counter,159689,6,4,int,
15A67E,ui,counter,15A67E,7,4,int,
15A789,ui,counter,15A789,6,4,int,
15AB68,ui,counter,15AB68,10,4,int,
15ABE5,ui,counter,15ABE5,6,4,int,
15BDA8,ui,counter,15BDA8,6,4,int,
15BDBC,ui,counter,15BDBC,5,4,int,
15D8D8,ui,counter,15D8D8,10,4,int,
15D955,ui,counter,15D955,6,4,int,
15E124,ui,counter,15E124,6,4,int,
15E138,ui,counter,15E138,6,4,int,
1AD770,ui,call,1AD770,6,1,int,
1AD8B0,ui,call,1AD8B0,6,1,int,
1ADA59,ui,call,1ADA59,5,1,int,
1ADB00,ui,call,1ADB00,6,1,int,
1ADC30,ui,call,1ADC30,6,1,int,
1BE95F,ui,counter,1BE95F,6,4,int,
1BE967,ui,counter,1BE967,6,4,int,
1BEA13,ui,float-step,1BEA13,8,4,float,
1BEA4D,ui,counter,1BEA4D,6,4,int,
1BEA55,ui,counter,1BEA55,7,4,int,
1BEB30,ui,float-step,1BEB30,8,4,float,
1BEC4F,ui,counter,1BEC4F,6,4,int,
1BF1F2,ui,counter,1BF1F2,6,4,int,
1BF4B0,ui,counter,1BF4B0,6,4,int,
1C1FD0,ui,counter,1C1FD0,6,4,int,
1C3887,ui,counter,1C3880,10,2,int,
1C44C0,ui,counter,1C44C0,6,4,int,
1C5001,ui,counter,1C5001,6,4,int,
1C5032,ui,float-expr,1C5032,8,4,float,
1C5068,ui,float-step,1C5068,8,4,float,
1C595A,ui,multiplier,1C595A,8,4,float,
1C5962,ui,float-expr,1C5962,8,4,float,
1C73B2,ui,float-step,1C73B2,5,4,float,
1CA37B,ui,float-expr,1CA37B,7,4,float,
1CA399,ui,float-expr,1CA399,7,4,float,
20DC63,ui,counter,20DC63,6,1,int,
33E448,ui,float-expr,33E448,8,4,float,
33E46C,ui,float-expr,33E46C,8,4,float,
33E490,ui,float-expr,33E490,8,4,float,
3ECA47,ui,counter,3ECA47,7,4,int,
3F0FD8,ui,counter,3F0FD6,5,1,int,
3F1143,ui,counter,3F1143,8,1,int,
3F1374,ui,counter,3F1374,5,1,int,
3F13E5,ui,counter,3F13E5,5,1,int,
3F14C4,ui,counter,3F14C4,8,1,int,
3F3B19,ui,counter,3F3B19,6,4,int,
3F656C,ui,multiplier,3F656C,8,4,float,
3F6574,ui,multiplier,3F6574,8,4,float,
3F6593,ui,multiplier,3F6593,8,4,float,
3F65AE,ui,multiplier,3F65AE,8,4,float,
3F66A5,ui,counter,3F66A2,7,2,int,
3F66C0,ui,counter,3F66BD,7,2,int,
3F6AA1,ui,int-expr,3F6AA1,6,4,int,
3F6B62,ui,int-expr,3F6B62,6,4,int,
3F7544,ui,counter,3F7544,6,4,int,
3F77ED,ui,counter,3F77ED,7,2,int,
3F7BC1,ui,int-step,3F7BC1,8,2,int,
3F8589,ui,counter,3F8585,7,1,int,
3F877A,ui,counter,3F877A,7,2,int,
3F87C8,ui,counter,3F87C8,6,1,int,
3F896C,ui,counter,3F896C,8,2,int,
3F8A73,ui,counter,3F8A73,6,1,int,
3F8AE4,ui,counter,3F8AE4,6,1,int,
3F8B58,ui,counter,3F8B58,6,1,int,
3F8BCC,ui,counter,3F8BCC,6,1,int,
3F8C3C,ui,counter,3F8C3C,6,1,int,
3F8CBF,ui,counter,3F8CBF,6,1,int,
3F8D5C,ui,counter,3F8D5C,6,1,int,
3F8E13,ui,counter,3F8E13,6,1,int,
3F8EC5,ui,counter,3F8EC5,6,1,int,
3F8F77,ui,counter,3F8F77,6,1,int,
3F9050,ui,counter,3F9050,6,1,int,
3F9082,ui,counter,3F9082,6,1,int,
3F90B9,ui,counter,3F90B9,6,1,int,
3F91DD,ui,counter,3F91DD,6,1,int,
3F922F,ui,counter,3F922D,5,1,int,
3F96E6,ui,counter,3F96E6,9,1,int,
3F972D,ui,counter,3F972D,9,1,int,
3F97A1,ui,counter,3F97A1,7,2,int,
3F97E7,ui,counter,3F97E7,9,1,int,
3F98AE,ui,counter,3F98AE,8,2,int,
3F99D4,ui,counter,3F99CE,9,1,int,
3F9A8E,ui,counter,3F9A8E,8,2,int,
3F9BC5,ui,counter,3F9BBF,9,1,int,
3F9D26,ui,counter,3F9D26,7,2,int,
3F9D9F,ui,counter,3F9D9F,9,1,int,
3F9DBC,ui,counter,3F9DBC,9,1,int,
3F9E12,ui,counter,3F9E12,9,1,int,
3F9E42,ui,counter,3F9E42,9,1,int,
3F9E5E,ui,counter,3F9E5E,9,1,int,
3FA8D4,ui,counter,3FA8D4,5,2,int,
3FAA23,ui,float-step,3FAA23,5,4,float,
3FAA40,ui,float-step,3FAA40,5,4,float,
3FAB26,ui,float-step,3FAB26,5,4,float,
3FAB2D,ui,counter,3FAB2B,6,1,int,
3FAB45,ui,multiplier,3FAB45,5,4,float,
3FAD65,ui,float-step,3FAD65,5,4,float,
3FAE87,ui,int-step,3FAE85,6,1,int,
3FAE8B,ui,int-step,3FAE8B,14,1,int,
3FAE8F,ui,int-step,3FAE8B,14,1,int,
3FAE93,ui,int-step,3FAE8B,14,1,int,
3FAEA1,ui,int-step,3FAE9F,6,1,int,
3FAEA5,ui,int-step,3FAEA5,14,1,int,
3FAEA9,ui,int-step,3FAEA5,14,1,int,
3FAEAD,ui,int-step,3FAEA5,14,1,int,
3FAEBC,ui,int-step,3FAEBA,6,1,int,
3FAEC0,ui,int-step,3FAEC0,14,1,int,
3FAEC4,ui,int-step,3FAEC0,14,1,int,
3FAEC8,ui,int-step,3FAEC0,14,1,int,
3FAED7,ui,int-step,3FAED5,6,1,int,
3FAEDB,ui,int-step,3FAEDB,12,1,int,
3FAEDF,ui,int-step,3FAEDB,12,1,int,
3FAEE3,ui,int-step,3FAEDB,12,1,int,
3FB4AE,ui,port:mode,3FB4AE,8,4,float,
3FBC75,ui,float-step,3FBC75,5,4,float,
3FC00F,ui,counter,3FC00F,6,1,int,
3FC06B,ui,counter,3FC06B,7,2,int,
3FC12F,ui,float-step,3FC12F,5,4,float,
3FC14C,ui,float-step,3FC14C,5,4,float,
3FC38A,ui,float-step,3FC38A,5,4,float,
3FC45B,ui,counter,3FC45B,6,2,int,
3FC467,ui,counter,3FC467,6,2,int,
3FC46D,ui,counter,,,,,branch target inside
3FCA2B,ui,counter,,,,,branch target inside
3FCACB,ui,counter,3FCACB,9,1,int,
3FCBDC,ui,counter,,,,,branch target inside
3FCE4E,ui,counter,3FCE4E,5,2,int,
3FCE65,ui,counter,3FCE62,6,1,int,
3FCE9C,ui,counter,3FCE9C,5,2,int,
3FCEB1,ui,counter,3FCEB1,7,1,int,
3FCED3,ui,counter,3FCED3,5,2,int,
3FCEE4,ui,counter,3FCEE1,6,1,int,
3FCF50,ui,counter,3FCF50,5,2,int,
3FCF57,ui,counter,3FCF55,5,1,int,
3FCF7E,ui,float-step,3FCF7E,5,4,float,
3FCF90,ui,float-step,3FCF90,5,4,float,
3FCFA9,ui,float-step,3FCFA9,5,4,float,
3FCFAE,ui,float-step,3FCFAE,5,4,float,
3FCFD4,ui,float-step,3FCFD4,5,4,float,
3FCFDB,ui,counter,3FCFD9,5,1,int,
3FD0E6,ui,counter,3FD0E6,7,2,int,
3FD11C,ui,counter,3FD11A,5,1,int,
3FD1C4,ui,counter,3FD1C4,5,2,int,
3FD282,ui,counter,3FD282,7,1,int,
3FD3F3,ui,counter,3FD3F3,9,4,int,
3FD400,ui,float-step,3FD400,5,4,float,
3FD409,ui,float-expr,3FD409,6,4,float,
3FD52E,ui,multiplier,3FD52E,5,4,float,
3FD55B,ui,multiplier,3FD55B,5,4,float,
3FD686,ui,float-step,3FD686,5,4,float,
3FD6A8,ui,float-step,3FD6A8,5,4,float,
3FD753,ui,counter,3FD753,7,4,int,
3FD8BD,ui,counter,3FD8BD,6,4,int,
3FD8E8,ui,counter,3FD8E8,6,4,int,
3FDA26,ui,float-step,3FDA26,5,4,float,
3FDB53,ui,counter,3FDB53,6,4,int,
3FDB5D,ui,counter,3FDB5D,6,4,int,
3FDBCF,ui,counter,3FDBCF,7,2,int,
3FDBD8,ui,counter,3FDBD8,8,2,int,
3FE011,ui,float-step,3FE011,5,4,float,
3FE1F0,ui,counter,3FE1ED,5,4,int,
3FE1F9,ui,int-expr,3FE1F9,6,4,int,
3FE356,ui,counter,3FE356,7,2,int,
3FE52A,ui,counter,3FE528,5,4,int,
3FE5A7,ui,float-step,3FE5A7,5,4,float,
3FE5C4,ui,float-step,3FE5C4,5,4,float,
3FE9BC,ui,int-step,3FE9BC,7,1,int,
3FE9D2,ui,counter,3FE9D2,7,1,int,
3FE9EC,ui,int-step,3FE9EC,7,1,int,
3FEA02,ui,counter,3FEA02,7,1,int,
3FEA21,ui,int-step,3FEA21,7,1,int,
3FEA37,ui,counter,3FEA37,7,1,int,
3FEA4E,ui,int-step,3FEA4E,7,1,int,
3FEA61,ui,counter,3FEA61,7,1,int,
3FEA7D,ui,int-step,3FEA7D,7,1,int,
3FEA90,ui,counter,3FEA90,7,1,int,
3FEAA7,ui,int-step,3FEAA7,7,1,int,
3FEC77,ui,counter,3FEC77,7,4,int,
3FF1D6,ui,float-step,3FF1D6,5,4,float,
3FF7C7,ui,counter,3FF7C7,6,1,int,
3FF869,ui,counter,3FF869,7,1,int,
3FF960,ui,counter,3FF960,5,2,int,
3FF9C2,ui,float-step,3FF9C2,5,4,float,
3FF9E5,ui,float-step,3FF9E5,5,4,float,
3FFC39,ui,counter,3FFC36,7,2,int,
40027E,ui,float-step,40027E,5,4,float,
4003BC,ui,phase-wrap,4003BC,5,4,float,
4004F1,ui,counter,4004F1,6,1,int,
40059A,ui,counter,400598,5,4,int,
4006CA,ui,counter,4006CA,7,4,int,
4006E5,ui,counter,4006E5,6,1,int,
400824,ui,float-step,400824,5,4,float,
400846,ui,float-step,400846,5,4,float,
4009C7,ui,float-step,4009C7,5,4,float,
401A15,ui,counter,401A15,8,2,int,
401ACB,ui,float-step,401ACB,8,4,float,
401D51,ui,counter,401D51,9,1,int,
401E69,ui,float-step,401E69,8,4,float,
401E8C,ui,float-step,401E8C,8,4,float,
4020AB,ui,counter,4020AB,10,1,int,
4022BA,ui,counter,4022B6,8,2,int,
402BE4,ui,int-expr,402BE4,5,4,int,
402BEB,ui,counter,402BEB,7,4,int,
402C8B,ui,multiplier,402C8B,5,4,float,
402CA6,ui,multiplier,402CA6,5,4,float,
402CBD,ui,phase-wrap,402CBD,5,4,float,
403035,ui,float-step,403035,5,4,float,
40436B,ui,counter,40436B,8,2,int,
40437A,ui,counter,40437A,6,1,int,
40524C,ui,counter,40524C,7,2,int,
405EF8,ui,float-step,405EF8,5,4,float,
405F21,ui,float-step,405F21,5,4,float,
406ADA,ui,float-step,406ADA,5,4,float,
406D0E,ui,counter,406D0E,8,2,int,
406D2D,ui,multiplier,406D2D,5,4,float,
4070CE,ui,counter,4070CE,5,2,int,
407188,ui,float-step,407188,5,4,float,
4071B1,ui,float-step,4071B1,5,4,float,
407565,ui,float-step,407565,5,4,float,
407AD0,ui,int-expr,407AD0,6,4,int,
407B92,ui,counter,407B92,6,4,int,
407BB2,ui,port:mode,407BB2,6,4,int,
407D66,ui,port:mode,407D66,5,4,float,
409182,ui,counter,409182,5,4,int,
409192,ui,counter,409192,9,4,int,
409A5A,ui,counter,409A5A,6,4,int,
409A93,ui,counter,409A93,6,4,int,
40AA9E,ui,counter,40AA9E,6,4,int,
40AABE,ui,counter,40AABE,6,4,int,
40D36A,ui,counter,40D36A,6,1,int,
40D50D,ui,counter,40D50D,7,1,int,
40D618,ui,counter,40D616,5,1,int,
40D6B3,ui,counter,40D6B1,5,1,int,
40D76E,ui,counter,40D76C,5,1,int,
40D98D,ui,multiplier,40D98A,6,1,int,
40D9D8,ui,multiplier,40D9D8,8,1,int,
40DA2A,ui,int-step,40DA2A,8,1,int,
40DB64,ui,counter,40DB61,6,1,int,
40DCCB,ui,float-step,40DCCB,5,4,float,
40E07E,ui,int-step,40E07A,8,1,int,
40E090,ui,int-step,40E08C,8,1,int,
40E0A2,ui,int-step,40E09E,8,1,int,
40E0C9,ui,int-step,40E0C5,8,1,int,
40E0DB,ui,int-step,40E0D7,8,1,int,
40E0ED,ui,int-step,40E0E9,8,1,int,
40E0FB,ui,int-step,40E0FB,8,1,int,
40E537,ui,float-step,40E537,5,4,float,
410606,ui,counter,410606,6,1,int,
410739,ui,counter,410739,6,1,int,
410796,ui,float-step,410796,5,4,float,
410C8C,ui,counter,410C8C,6,1,int,
410F13,ui,float-expr,410F13,5,4,float,
411299,ui,float-expr,411299,5,4,float,
4112AD,ui,counter,4112AD,6,1,int,
411465,ui,float-expr,411465,5,4,float,
411479,ui,counter,411479,6,1,int,
4116EF,ui,counter,4116EF,6,1,int,
41177B,ui,float-step,41177B,5,4,float,
41199D,ui,counter,41199D,6,1,int,
4119B9,ui,counter,4119B9,8,1,int,
4119DB,ui,counter,4119DB,6,1,int,
411D43,ui,counter,411D43,6,1,int,
411D83,ui,counter,411D83,6,1,int,
411D92,ui,float-expr,411D92,5,4,float,
411E0A,ui,counter,411E0A,6,1,int,
411E4A,ui,counter,411E4A,6,1,int,
411E55,ui,float-expr,411E55,5,4,float,
4128A3,ui,phase-wrap,4128A3,8,4,float,
413D0B,ui,counter,413D0B,8,2,int,
413DF6,ui,counter,413DF6,8,2,int,
413FB2,ui,counter,413FB2,6,1,int,
414026,ui,counter,414026,7,2,int,
4140F4,ui,multiplier,4140F4,8,4,float,
414103,ui,float-expr,414103,8,4,float,
414111,ui,counter,414111,6,1,int,
414138,ui,counter,414138,7,2,int,
414156,ui,counter,414156,6,1,int,
4141B3,ui,counter,4141B3,6,1,int,
414252,ui,counter,414252,6,1,int,
414296,ui,counter,414296,6,1,int,
4142FD,ui,counter,4142FD,6,1,int,
414378,ui,counter,414378,6,1,int,
414405,ui,counter,414405,6,1,int,
4144D0,ui,counter,4144D0,6,1,int,
414539,ui,counter,414539,6,1,int,
414548,ui,counter,414548,6,1,int,
4146CB,ui,counter,4146CB,6,1,int,
4146E8,ui,counter,4146E8,6,1,int,
4146FD,ui,counter,4146FD,6,1,int,
4147C2,ui,counter,4147C2,6,1,int,
414964,ui,counter,414964,6,1,int,
414998,ui,counter,414998,6,1,int,
414BB2,ui,call,414BB2,6,1,int,
414C58,ui,call,414C58,6,1,int,
414FB2,ui,call,414FB2,6,1,int,
41506F,ui,call,41506F,6,1,int,
4151C2,ui,call,4151C2,6,1,int,
41590B,ui,counter,41590B,6,1,int,
415BB3,ui,float-step,415BB3,8,4,float,
415BCA,ui,float-expr,415BCA,8,4,float,
415BE7,ui,multiplier,415BE7,8,4,float,
415C3A,ui,counter,415C3A,7,1,int,
415CA4,ui,counter,415CA4,6,1,int,
415D0C,ui,counter,415D0C,6,1,int,
418CEB,ui,counter,418CEB,8,1,int,
41B61A,ui,counter,41B61A,5,1,int,
41B7DD,ui,counter,41B7DD,6,1,int,
41B923,ui,counter,41B923,6,1,int,
41B9A0,ui,counter,41B9A0,9,1,int,
41BBC4,ui,float-step,41BBC4,5,4,float,
41BBD7,ui,float-step,41BBD7,6,4,float,
41BBEC,ui,counter,41BBEC,7,1,int,
41BC72,ui,int-step,41BC72,8,1,int,
41BE5C,ui,float-step,41BE5C,5,4,float,
41BE6F,ui,float-step,41BE6F,6,4,float,
41BE84,ui,counter,41BE84,7,1,int,
41BF04,ui,int-step,41BF04,8,1,int,
41C2FF,ui,float-expr,41C2FF,6,4,float,
41C34B,ui,float-expr,41C34B,5,4,float,
41C366,ui,float-expr,41C366,5,4,float,
41C381,ui,float-expr,41C381,5,4,float,
41C3A4,ui,float-expr,41C3A4,5,4,float,
41C3BF,ui,float-expr,41C3BF,5,4,float,
41C3DA,ui,float-expr,41C3DA,5,4,float,
41C41F,ui,float-step,41C41F,5,4,float,
41C460,ui,float-step,41C460,5,4,float,
41C497,ui,float-expr,41C497,5,4,float,
41C4AF,ui,float-expr,41C4AF,5,4,float,
41C4EB,ui,float-step,41C4EB,5,4,float,
41C52C,ui,float-step,41C52C,5,4,float,
41C588,ui,counter,41C588,6,1,int,
41C6B7,ui,counter,41C6B7,6,1,int,
41CA9B,ui,counter,41CA95,9,1,int,
41CB8D,ui,counter,41CB87,9,1,int,
41CFB0,ui,counter,41CFAE,5,1,int,
41D0A2,ui,counter,41D0A2,7,1,int,
41D506,ui,counter,41D506,5,1,int,
41E1E4,ui,float-expr,41E1E4,5,4,float,
41E1F2,ui,counter,41E1F2,6,4,int,
41E77F,ui,counter,41E77F,10,1,int,
41E904,ui,counter,41E904,9,1,int,
41EB99,ui,counter,41EB99,6,1,int,
41EEFE,ui,float-expr,41EEFE,5,4,float,
41EF0C,ui,counter,41EF0C,6,4,int,
41EF7D,ui,counter,41EF7D,13,1,int,
41F042,ui,counter,41F042,8,1,int,
41F2C8,ui,counter,41F2C8,9,1,int,
41F323,ui,counter,41F323,9,1,int,
41F626,ui,float-expr,41F626,5,4,float,
41F62B,ui,counter,41F62B,7,4,int,
41F97C,ui,counter,41F97A,5,1,int,
41F99F,ui,counter,41F99F,9,1,int,
41FAF7,ui,counter,41FAF7,9,1,int,
41FF01,ui,counter,41FF01,6,1,int,
42036A,ui,float-expr,42036A,5,4,float,
42036F,ui,counter,42036F,7,4,int,
42068A,ui,counter,42068A,11,1,int,
4207AA,ui,counter,4207AA,9,1,int,
4207FD,ui,counter,4207FD,9,1,int,
420937,ui,counter,420933,7,1,int,
4209C0,ui,counter,4209BD,6,1,int,
420D64,ui,counter,420D64,8,1,int,
42109F,ui,counter,42109F,8,1,int,
4210D2,ui,counter,4210D2,7,1,int,
4210EE,ui,counter,4210EE,9,1,int,
421377,ui,counter,421377,6,1,int,
421842,ui,float-step,421842,5,4,float,
421A82,ui,float-step,421A82,5,4,float,
4231FD,ui,counter,4231FD,9,1,int,
42334C,ui,counter,,,,,branch target inside
4234D4,ui,counter,4234D4,6,1,int,
4234DA,ui,float-step,4234DA,8,4,float,
423554,ui,counter,423554,6,1,int,
42355A,ui,float-step,42355A,8,4,float,
423F4E,ui,counter,423F4E,7,1,int,
423F87,ui,counter,423F85,5,1,int,
424CEC,ui,counter,424CEC,7,1,int,
424D9D,ui,int-step,424D9B,5,1,int,
424DF5,ui,int-step,424DF3,5,1,int,
425475,ui,counter,425475,6,1,int,
4257FF,ui,counter,4257FF,7,1,int,
42592F,ui,float-step,42592F,5,4,float,
425AC1,ui,counter,425ABF,5,1,int,
425B80,ui,counter,425B80,5,1,int,
426EC3,ui,other,426EC3,7,8,int,
426ECF,ui,other,426ECF,7,8,int,
42EEEF,ui,float-step,42EEEF,8,4,float,
42EF13,ui,float-step,42EF13,8,4,float,
42F947,ui,counter,42F947,7,1,int,
42FDAE,ui,counter,42FDAE,7,1,int,
42FE60,ui,counter,42FE60,10,1,int,
42FEB4,ui,counter,,,,,branch target inside
4304D2,ui,counter,4304D2,7,1,int,
4304F3,ui,counter,4304F3,5,1,int,
4305D0,ui,counter,4305D0,7,1,int,
430602,ui,counter,430600,5,1,int,
4306AF,ui,counter,4306AB,7,1,int,
430740,ui,counter,430740,8,1,int,
43075F,ui,counter,43075F,8,1,int,
430E40,ui,counter,430E40,5,1,int,
430EFB,ui,counter,,,,,branch target inside
4312D0,ui,counter,4312D0,6,1,int,
431340,ui,counter,431340,6,1,int,
4331E4,ui,int-expr,4331E4,8,2,int,
433219,ui,int-expr,433219,8,2,int,
433221,ui,counter,433221,6,1,int,
433269,ui,int-expr,433269,7,2,int,
433292,ui,int-expr,433292,7,2,int,
4332AB,ui,counter,4332A9,5,1,int,
4332F4,ui,int-expr,4332F4,8,2,int,
433329,ui,int-expr,433329,8,2,int,
433331,ui,counter,433331,6,1,int,
433372,ui,int-expr,433372,7,2,int,
4333AA,ui,int-expr,4333AA,7,2,int,
4333B1,ui,counter,4333B1,6,1,int,
434108,ui,multiplier,434108,6,4,float,
434481,ui,counter,434481,6,1,int,
434527,ui,int-step,434527,6,1,int,
43454E,ui,int-expr,43454E,7,2,int,
434582,ui,int-step,434582,6,1,int,
4345A9,ui,int-expr,4345A9,7,2,int,
4345DD,ui,int-step,4345DD,6,1,int,
434604,ui,int-expr,434604,7,2,int,
43463C,ui,int-step,43463C,6,1,int,
434663,ui,int-expr,434663,7,2,int,
43497F,ui,counter,43497F,7,1,int,
434B46,ui,counter,434B46,8,2,int,
434DF5,ui,counter,434DF5,6,1,int,
434E71,ui,counter,434E71,6,1,int,
434F19,ui,counter,434F19,7,2,int,
434FD5,ui,int-expr,434FD5,7,2,int,
43500D,ui,counter,43500D,6,1,int,
4350BE,ui,counter,4350BE,7,2,int,
435178,ui,int-expr,435178,7,2,int,
4351B0,ui,counter,4351B0,6,1,int,
435261,ui,counter,435261,7,2,int,
43531A,ui,int-expr,43531A,7,2,int,
435352,ui,counter,435352,6,1,int,
435402,ui,counter,435402,7,2,int,
4354BE,ui,int-expr,4354BE,7,2,int,
4354F6,ui,counter,4354F6,6,1,int,
439810,ui,float-expr,439810,8,4,float,
43984B,ui,float-expr,43984B,5,4,float,
439855,ui,counter,439855,9,2,int,
43986E,ui,counter,43986E,7,1,int,
43988C,ui,multiplier,43988C,5,4,float,
439891,ui,multiplier,439891,5,4,float,
439A38,ui,counter,439A38,8,1,int,
439AC4,ui,counter,439ABA,13,1,int,
439B0D,ui,float-step,439B0D,5,4,float,
439B1E,ui,counter,439B1E,5,1,int,
439B2D,ui,counter,439B2D,7,1,int,
439B53,ui,float-step,439B53,5,4,float,
439B5A,ui,counter,439B58,5,1,int,
499EB1,ui,float-expr,499EB1,8,4,float,
499ED5,ui,float-expr,499ED5,8,4,float,
499EF9,ui,float-expr,499EF9,8,4,float,
5FE299,ui,int-expr,5FE28F,13,4,int,
5FE403,ui,counter,5FE403,6,4,int,
1B1F90,ui-layout-player,counter,1B1F90,7,4,int,
1B1FB0,ui-layout-player,counter,1B1FB0,5,4,int,
1B1FD7,ui-layout-player,counter,1B1FD4,6,4,int,
1B1FF6,ui-layout-player,counter,1B1FF3,5,4,int,
1B2026,ui-layout-player,counter,1B2023,5,4,int,
1B2266,ui-layout-player,counter,1B2263,5,4,int,
1B251E,ui-layout-player,int-expr,1B251E,6,2,int,
1B2587,ui-layout-player,counter,1B2587,7,2,int,
1B2736,ui-layout-player,counter,1B2736,7,2,int,
1B2897,ui-layout-player,counter,1B2897,7,2,int,
1B2997,ui-layout-player,counter,1B2997,7,2,int,
1B2AC3,ui-layout-player,counter,1B2AC3,7,1,int,
1B2C03,ui-layout-player,counter,1B2C03,7,1,int,
1B2C1B,ui-layout-player,counter,1B2C1B,7,1,int,
1B2D55,ui-layout-player,phase-wrap,1B2D55,5,4,float,
1B2EBD,ui-layout-player,multiplier,1B2EBD,7,1,int,
1B2EDC,ui-layout-player,multiplier,1B2EDC,7,1,int,
1B2EFB,ui-layout-player,multiplier,1B2EFB,7,1,int,
1B2F1A,ui-layout-player,multiplier,1B2F15,8,1,int,
1B2F37,ui-layout-player,float-expr,1B2F37,5,4,float,
1B2F3C,ui-layout-player,float-expr,1B2F3C,5,4,float,
1B7585,ui-layout-player,counter,1B7583,5,4,int,
1B8628,ui-layout-player,counter,1B8628,6,4,int,
1B86BF,ui-layout-player,counter,1B86BF,6,4,int,
1B8F2E,ui-layout-player,counter,1B8F2A,7,4,int,
1B98FE,ui-layout-player,multiplier,1B98FE,5,2,int,
1B990B,ui-layout-player,multiplier,1B990B,5,2,int,
1B9910,ui-layout-player,multiplier,1B9910,5,2,int,
1B9938,ui-layout-player,float-expr,1B9938,7,2,int,
1B994E,ui-layout-player,float-expr,1B994E,5,2,int,
1B9965,ui-layout-player,float-expr,1B9965,5,2,int,
12031D,unattributed,int-expr,12031D,5,4,int,
121F44,unattributed,int-mult,121F44,7,4,int,
121F52,unattributed,int-expr,121F52,7,4,int,
124054,unattributed,int-mult,124054,7,4,int,
124061,unattributed,int-expr,124061,7,4,int,
1261BA,unattributed,counter,1261BA,6,4,int,
126353,unattributed,counter,12634F,7,4,int,
126480,unattributed,counter,126480,6,4,int,
127CF1,unattributed,int-expr,127CEF,5,4,int,
1280C4,unattributed,counter,1280C4,6,4,int,
12812C,unattributed,counter,12812C,6,4,int,
1283D8,unattributed,int-expr,1283D4,8,4,int,
128418,unattributed,int-expr,128416,5,4,int,
12845C,unattributed,int-expr,12845A,5,4,int,
1286D1,unattributed,int-expr,1286CF,6,4,int,
12938E,unattributed,int-expr,12938E,6,4,int,
1298DD,unattributed,other,1298DD,6,4,int,
1298E3,unattributed,int-expr,1298E3,6,4,int,
1298E9,unattributed,int-expr,1298E9,5,4,int,
12991F,unattributed,other,12991F,6,4,int,
129925,unattributed,int-expr,129925,6,4,int,
12992B,unattributed,int-expr,12992B,5,4,int,
1299B6,unattributed,other,1299B4,6,4,int,
1299BD,unattributed,int-expr,1299BD,6,4,int,
1299C3,unattributed,int-expr,1299C3,5,4,int,
1299FE,unattributed,other,1299FC,6,4,int,
129A05,unattributed,int-expr,129A05,9,4,int,
129A0B,unattributed,int-expr,129A05,9,4,int,
129AC2,unattributed,int-expr,129AC2,6,4,int,
129AC8,unattributed,int-expr,129AC8,5,4,int,
129AE2,unattributed,int-expr,129AE2,9,4,int,
129AE8,unattributed,int-expr,129AE2,9,4,int,
129E51,unattributed,int-expr,129E51,5,4,int,
129F2E,unattributed,int-expr,129F2E,5,4,int,
12A5C8,unattributed,counter,12A5C8,6,4,int,
132B0E,unattributed,int-expr,132B0B,7,8,int,
132B21,unattributed,int-expr,132B21,7,8,int,
132BB4,unattributed,int-expr,132BB1,7,8,int,
132BC8,unattributed,int-expr,132BC8,8,8,int,
13350C,unattributed,int-expr,133509,7,8,int,
13351F,unattributed,int-expr,13351F,7,8,int,
1335B2,unattributed,int-expr,1335AF,7,8,int,
1335C6,unattributed,int-expr,1335C6,8,8,int,
13475E,unattributed,other,13475B,6,2,int,
134F30,unattributed,int-expr,134F2D,7,8,int,
134F3F,unattributed,int-expr,134F3C,6,8,int,
13509E,unattributed,other,13509B,6,2,int,
135DA9,unattributed,float-expr,135DA9,6,4,float,
135E57,unattributed,float-expr,135E57,6,4,float,
1369E7,unattributed,float-expr,1369E7,7,4,float,
136C8E,unattributed,other,136C8B,6,2,int,
137ABE,unattributed,other,137ABB,6,2,int,
13887E,unattributed,other,13887B,6,2,int,
138DDE,unattributed,other,138DDB,6,2,int,
1396DE,unattributed,other,1396DB,6,2,int,
139F7E,unattributed,other,139F7B,6,2,int,
13A4E3,unattributed,int-expr,13A4E3,9,1,int,
13A703,unattributed,counter,13A703,9,1,int,
13A715,unattributed,int-expr,13A715,9,2,int,
13A8C2,unattributed,counter,13A8C0,5,1,int,
13A8D3,unattributed,counter,,,,,branch target inside
13ABAE,unattributed,other,13ABAB,6,2,int,
13B0DE,unattributed,other,13B0DB,6,2,int,
13B3A7,unattributed,int-expr,13B3A7,6,4,int,
13B3BE,unattributed,int-step,13B3B9,8,4,int,
13B5EE,unattributed,other,13B5EB,6,2,int,
13BE29,unattributed,counter,13BE27,5,4,int,
13F1C1,unattributed,counter,13F1C1,5,4,int,
13F687,unattributed,port:mode,13F687,8,1,int,
13F702,unattributed,port:mode,13F702,8,1,int,
140172,unattributed,int-expr,140172,6,1,int,
141175,unattributed,counter,,,,,branch target inside
141A1F,unattributed,counter,,,,,branch target inside
14200D,unattributed,counter,14200D,7,4,int,
142A83,unattributed,counter,142A83,10,4,int,
142B7A,unattributed,int-expr,142B76,7,4,int,
143050,unattributed,counter,143050,7,4,int,
14ADDE,unattributed,counter,14ADDB,6,4,int,
0A5357,unattributed,counter,0A5357,6,4,int,
14F094,unattributed,int-step,14F094,5,8,int,
14F3E3,unattributed,int-expr,14F3E3,5,8,int,
14F543,unattributed,int-expr,14F543,5,8,int,
14F95B,unattributed,counter,14F95B,6,4,int,
150153,unattributed,int-expr,150153,7,8,int,
151D29,unattributed,counter,151D29,7,4,int,
15F061,unattributed,counter,15F05F,5,4,int,
15F095,unattributed,float-expr,15F095,6,4,float,
15F0CD,unattributed,counter,15F0CD,8,4,int,
15F0FE,unattributed,float-expr,15F0FE,6,4,float,
15FDA5,unattributed,counter,15FDA5,6,4,int,
15FDC1,unattributed,counter,15FDC1,6,4,int,
160348,unattributed,counter,160346,5,1,int,
160384,unattributed,counter,160382,5,1,int,
1603A2,unattributed,counter,1603A2,5,1,int,
160446,unattributed,counter,160446,5,1,int,
1605FA,unattributed,counter,1605F8,5,1,int,
1606A4,unattributed,counter,1606A2,5,1,int,
1608F0,unattributed,counter,,,,,branch target inside
160E99,unattributed,float-expr,160E99,6,4,float,
1610F6,unattributed,float-expr,1610F6,6,4,float,
161102,unattributed,float-expr,161102,6,4,float,
161150,unattributed,float-expr,161150,5,4,float,
16116B,unattributed,float-expr,16116B,5,4,float,
161186,unattributed,float-expr,161186,5,4,float,
1611A1,unattributed,float-expr,1611A1,5,4,float,
1611BC,unattributed,float-expr,1611BC,5,4,float,
161202,unattributed,float-expr,161202,5,4,float,
161296,unattributed,counter,161296,8,1,int,
1612A1,unattributed,counter,16129E,6,1,int,
161490,unattributed,counter,16148C,7,1,int,
16163F,unattributed,counter,16163F,7,1,int,
1616F5,unattributed,float-expr,1616F5,6,4,float,
161875,unattributed,counter,161875,7,1,int,
161A2C,unattributed,counter,161A26,9,1,int,
161BDD,unattributed,float-step,161BDD,5,4,float,
161BF9,unattributed,float-step,161BF9,5,4,float,
161C15,unattributed,float-step,161C15,5,4,float,
161C31,unattributed,float-step,161C31,5,4,float,
161C4D,unattributed,float-step,161C4D,5,4,float,
161C69,unattributed,float-step,161C69,5,4,float,
161C7C,unattributed,float-step,161C7C,5,4,float,
161CBF,unattributed,counter,161CBF,8,1,int,
161E5F,unattributed,counter,161E5F,7,1,int,
1620AC,unattributed,counter,1620AC,5,1,int,
1620F7,unattributed,counter,1620F7,5,1,int,
163769,unattributed,int-expr,163769,7,8,int,
1637F9,unattributed,int-expr,1637F9,7,8,int,
164034,unattributed,other,164034,8,8,int,
165F8A,unattributed,counter,165F8A,6,2,int,
1677A3,unattributed,float-expr,1677A3,5,4,float,
1677B3,unattributed,float-expr,1677B3,5,4,float,
168217,unattributed,counter,168217,6,4,int,
16827A,unattributed,counter,16827A,6,4,int,
16C9BC,unattributed,counter,16C9BC,6,4,int,
16CA1D,unattributed,counter,16CA1B,6,4,int,
16CA91,unattributed,counter,16CA91,6,4,int,
16CF69,unattributed,counter,16CF69,6,4,int,
16CF78,unattributed,counter,16CF76,5,4,int,
16CF85,unattributed,counter,16CF85,6,4,int,
16D106,unattributed,counter,16D106,6,4,int,
16D134,unattributed,counter,16D132,5,4,int,
16D18E,unattributed,counter,16D18E,6,4,int,
16D28C,unattributed,counter,16D28C,6,4,int,
16D433,unattributed,counter,16D433,6,4,int,
16D552,unattributed,counter,16D552,6,4,int,
16D755,unattributed,counter,16D755,6,4,int,
16D7E9,unattributed,counter,16D7E9,6,4,int,
16F097,unattributed,counter,16F097,6,4,int,
16F7A2,unattributed,lerp,16F7A2,6,4,float,
16F7C0,unattributed,float-step,16F7C0,9,4,float,
170396,unattributed,counter,170396,7,4,int,
1734F7,unattributed,counter,1734F7,7,4,int,
1767F8,unattributed,counter,1767F8,6,4,int,
177CC1,unattributed,counter,177CC1,6,1,int,
177DA2,unattributed,counter,177DA2,6,4,int,
178461,unattributed,counter,178461,7,4,int,
178637,unattributed,int-expr,178637,6,4,int,
178942,unattributed,int-expr,178942,6,4,int,
179190,unattributed,counter,179190,6,4,int,
179A77,unattributed,int-expr,179A77,7,4,int,
179D28,unattributed,int-expr,179D28,6,4,int,
17B54C,unattributed,counter,17B54C,6,4,int,
17B6C4,unattributed,counter,17B6C4,6,4,int,
17C7F2,unattributed,other,17C7F2,6,4,int,
17C998,unattributed,other,17C998,5,4,float,
17CBAA,unattributed,int-expr,17CBAA,6,4,int,
17CCAF,unattributed,float-expr,17CCAF,10,4,float,
17CCC3,unattributed,float-expr,17CCC3,10,4,float,
17CCFD,unattributed,other,17CCFD,10,4,float,
17CD15,unattributed,other,17CD15,10,4,float,
17CF46,unattributed,other,17CF46,6,4,int,
17D04A,unattributed,other,17D04A,5,4,float,
17D25A,unattributed,int-expr,17D25A,6,4,int,
17D3B7,unattributed,float-expr,17D3B7,10,4,float,
17D3CB,unattributed,float-expr,17D3CB,10,4,float,
17D405,unattributed,other,17D405,10,4,float,
17D41D,unattributed,other,17D41D,10,4,float,
17D6CC,unattributed,float-expr,17D6CC,10,4,float,
17D6E2,unattributed,float-expr,17D6E2,10,4,float,
17D844,unattributed,counter,17D844,8,4,int,
17DB85,unattributed,counter,17DB85,6,4,int,
17DB97,unattributed,counter,17DB97,6,4,int,
17DC1E,unattributed,other,,,,,not a store (census artifact)
17DC78,unattributed,counter,17DC78,8,4,int,
17E080,unattributed,counter,17E07E,5,4,int,
17E088,unattributed,counter,17E086,6,4,int,
17E990,unattributed,lerp,17E990,5,4,float,
17E995,unattributed,lerp,17E995,5,4,float,
17F018,unattributed,float-expr,17F018,9,4,float,
17F01C,unattributed,float-expr,17F018,9,4,float,
17F103,unattributed,other,17F103,6,4,int,
17F10B,unattributed,counter,17F109,6,4,int,
17F153,unattributed,other,17F153,5,4,int,
18257B,unattributed,int-expr,18257B,5,2,int,
182602,unattributed,counter,182602,6,2,int,
182618,unattributed,counter,182618,5,2,int,
1826D4,unattributed,port:mode,1826D4,6,4,int,
182832,unattributed,int-expr,182832,7,2,int,
18283B,unattributed,int-step,182839,5,2,int,
182854,unattributed,int-step,182852,6,2,int,
182868,unattributed,int-expr,182868,9,2,int,
182A9B,unattributed,other,182A9B,6,4,int,
182AA9,unattributed,other,182AA9,6,4,int,
182AD0,unattributed,int-expr,182AD0,6,4,int,
182ADC,unattributed,int-expr,182ADC,6,4,int,
182B20,unattributed,float-expr,182B20,6,4,int,
182B52,unattributed,float-expr,182B52,6,4,int,
182BB5,unattributed,other,182BB5,6,4,int,
182BD1,unattributed,other,182BD1,6,4,int,
1834D2,unattributed,float-expr,1834D2,7,4,int,
1835E3,unattributed,int-expr,1835E3,7,4,int,
1835F4,unattributed,int-expr,1835F4,7,4,int,
18383B,unattributed,float-expr,18383B,7,4,int,
183953,unattributed,int-expr,183953,7,4,int,
18395F,unattributed,int-expr,18395F,7,4,int,
183991,unattributed,other,183991,7,4,int,
1839B3,unattributed,other,1839B3,7,4,int,
184343,unattributed,counter,184343,7,4,int,
184360,unattributed,counter,184360,7,4,int,
18437D,unattributed,counter,18437D,7,4,int,
184BF6,unattributed,port:mode,184BF6,7,1,int,
184C2B,unattributed,port:mode,184C2B,6,1,int,
186469,unattributed,counter,186469,6,4,int,
1866EB,unattributed,counter,1866EB,6,4,int,
186F64,unattributed,counter,186F61,6,4,int,
187506,unattributed,int-expr,187500,8,1,int,
187510,unattributed,int-expr,187510,7,1,int,
1875F5,unattributed,float-expr,1875F5,9,4,float,
187610,unattributed,float-expr,187610,9,4,float,
18762B,unattributed,float-expr,18762B,9,4,float,
187845,unattributed,float-expr,187845,9,4,float,
18785F,unattributed,float-expr,18785F,9,4,float,
18834D,unattributed,int-expr,18834D,6,4,int,
188364,unattributed,int-step,18835F,8,4,int,
188396,unattributed,float-expr,188396,5,4,float,
1883C8,unattributed,float-expr,1883C8,5,4,float,
18854E,unattributed,counter,18854B,7,2,int,
18863E,unattributed,counter,18863B,7,2,int,
188CD1,unattributed,counter,188CD1,6,2,int,
189507,unattributed,counter,189507,5,2,int,
189742,unattributed,counter,189742,5,2,int,
18980F,unattributed,counter,18980F,6,2,int,
18A18F,unattributed,counter,18A18C,7,2,int,
18A243,unattributed,counter,18A243,5,2,int,
18B616,unattributed,int-expr,18B616,6,8,int,
19072C,unattributed,float-expr,19072C,6,4,float,
19073C,unattributed,float-expr,19073C,6,4,float,
190748,unattributed,float-expr,190748,6,4,float,
190754,unattributed,float-expr,190754,6,4,float,
19099B,unattributed,float-expr,190997,8,4,float,
19144F,unattributed,counter,19144F,6,1,int,
1967E7,unattributed,multiplier,1967E7,8,4,float,
196F17,unattributed,multiplier,196F17,8,4,float,
19816D,unattributed,counter,19816D,5,4,int,
1981D2,unattributed,counter,1981D2,5,4,int,
198235,unattributed,counter,198235,5,4,int,
19829D,unattributed,counter,19829D,5,4,int,
19830D,unattributed,counter,19830D,5,4,int,
19854F,unattributed,int-expr,19854F,5,2,int,
198897,unattributed,int-expr,198897,8,8,int,
19889B,unattributed,int-expr,198897,8,2,int,
198B42,unattributed,call,198B3E,8,1,int,
199745,unattributed,counter,199743,6,2,int,
19986F,unattributed,counter,19986F,8,4,int,
199887,unattributed,counter,199887,8,4,int,
199937,unattributed,counter,199937,5,4,int,
1999D6,unattributed,counter,1999D6,6,4,int,
199E8F,unattributed,counter,199E8D,5,4,int,
19C5DE,unattributed,counter,19C5DC,6,2,int,
1ADFB9,unattributed,call,1ADFB9,6,1,int,
1AE0F9,unattributed,int-expr,1AE0F9,7,8,int,
1AE189,unattributed,int-expr,1AE189,7,8,int,
1AEB85,unattributed,int-expr,1AEB83,5,4,int,
1AEC72,unattributed,int-expr,1AEC72,8,8,int,
1AEC93,unattributed,counter,1AEC93,7,4,int,
1AECE7,unattributed,counter,1AECE4,6,4,int,
1AEEF9,unattributed,int-expr,1AEEF9,8,8,int,
1AEF3B,unattributed,int-expr,1AEF37,6,4,int,
1AEF4F,unattributed,counter,1AEF4B,7,4,int,
1AEF6A,unattributed,counter,1AEF67,6,4,int,
1AF29E,unattributed,int-step,1AF29E,5,8,int,
1AF2D0,unattributed,int-step,1AF2D0,5,8,int,
1B033B,unattributed,counter,1B033B,5,4,int,
1B06E3,unattributed,counter,1B06E1,5,4,int,
1B0B99,unattributed,counter,1B0B99,7,4,int,
1B0BA2,unattributed,counter,1B0BA2,6,4,int,
1B0E6B,unattributed,counter,1B0E6B,6,4,int,
1BA4FF,unattributed,float-expr,1BA4FF,5,4,float,
1BA50E,unattributed,float-expr,1BA50E,5,4,float,
1BA519,unattributed,float-expr,1BA519,5,4,float,
1BA55D,unattributed,port:timescale,1BA55D,5,4,float,
1BA610,unattributed,float-expr,1BA610,5,4,float,
1BA615,unattributed,float-expr,1BA615,5,4,float,
1BAB96,unattributed,float-expr,1BAB96,5,4,float,
1BABA6,unattributed,float-expr,1BABA6,5,4,float,
1BABB1,unattributed,float-expr,1BABB1,5,4,float,
1BABF5,unattributed,port:timescale,1BABF5,5,4,float,
1BACB3,unattributed,float-expr,1BACB3,5,4,float,
1BACB8,unattributed,float-expr,1BACB8,5,4,float,
1BB199,unattributed,multiplier,1BB199,5,4,float,
1BB1A3,unattributed,multiplier,1BB1A3,6,4,float,
1BB1AE,unattributed,multiplier,1BB1AE,6,4,float,
1BB1B9,unattributed,multiplier,1BB1B9,6,4,float,
1BB1C4,unattributed,multiplier,1BB1C4,6,4,float,
1BB1CF,unattributed,multiplier,1BB1CF,5,4,float,
1BB1D4,unattributed,multiplier,1BB1D4,6,4,float,
1BB1DA,unattributed,multiplier,1BB1DA,5,4,float,
1BB1DF,unattributed,multiplier,1BB1DF,6,4,float,
1BBA48,unattributed,other,1BBA46,5,4,int,
1BC276,unattributed,float-expr,1BC276,9,4,float,
1BC27F,unattributed,float-expr,1BC27F,5,4,float,
1BC29D,unattributed,float-expr,1BC29D,9,4,float,
1BC2A6,unattributed,float-expr,1BC2A6,5,4,float,
1BC380,unattributed,float-expr,1BC380,5,4,float,
1BC3A6,unattributed,multiplier,1BC3A6,5,4,float,
1BC7D4,unattributed,int-expr,1BC7D4,7,4,int,
1BC83B,unattributed,int-expr,1BC839,6,4,int,
1BD5BB,unattributed,int-expr,1BD5BB,7,4,int,
1BD5EB,unattributed,int-expr,1BD5EB,7,4,int,
1BD69B,unattributed,int-expr,1BD69B,8,4,int,
1BD6EB,unattributed,int-expr,1BD6EB,5,4,int,
1BECD1,unattributed,counter,1BECCF,5,4,int,
1BEE7A,unattributed,other,1BEE77,6,1,int,
1BF9B3,unattributed,other,1BF9B0,6,1,int,
1BFE9A,unattributed,port:mode,,,,,not a store (census artifact)
1C0BC1,unattributed,counter,1C0BBF,5,4,int,
1C0BCA,unattributed,counter,1C0BCA,6,4,int,
1C1162,unattributed,counter,1C1162,6,4,int,
1C1177,unattributed,counter,1C1175,5,4,int,
1C8CBE,unattributed,counter,1C8CBC,6,1,int,
1C8DC5,unattributed,counter,,,,,branch target inside
1C8F59,unattributed,counter,1C8F57,6,1,int,
1C8FD0,unattributed,call,1C8FCD,7,8,int,
1C8FF9,unattributed,counter,1C8FF9,7,2,int,
1CA187,unattributed,float-expr,1CA187,5,4,float,
1CA2D8,unattributed,float-expr,1CA2D8,5,4,float,
1CAE15,unattributed,float-expr,1CAE15,8,4,float,
1CAE94,unattributed,float-expr,1CAE94,8,4,float,
1CAEA7,unattributed,int-expr,1CAEA7,6,4,int,
1CAEBB,unattributed,int-expr,1CAEB8,6,8,int,
1CC533,unattributed,int-expr,1CC530,6,8,int,
1CC63C,unattributed,int-expr,1CC63C,6,8,int,
1CC681,unattributed,int-expr,1CC681,6,8,int,
1CC6FE,unattributed,int-expr,1CC6FE,6,8,int,
1CC754,unattributed,int-expr,1CC751,6,8,int,
1CC82C,unattributed,int-expr,1CC82C,6,8,int,
1CC860,unattributed,int-expr,,,,,branch target inside
1CC91C,unattributed,int-expr,1CC91C,6,8,int,
1CC950,unattributed,int-expr,,,,,branch target inside
1CCA0C,unattributed,int-expr,1CCA0C,6,8,int,
1CCA40,unattributed,int-expr,,,,,branch target inside
1CCC2D,unattributed,int-expr,1CCC2A,6,8,int,
1CEC43,unattributed,other,1CEC43,7,8,int,
1CEED6,unattributed,int-expr,1CEED6,6,4,int,
1CEEF1,unattributed,int-expr,1CEEF1,7,8,int,
1CEF1B,unattributed,int-expr,1CEF1B,5,4,int,
1CEF33,unattributed,int-expr,1CEF30,6,8,int,
1D0311,unattributed,counter,1D030E,7,2,int,
1D039A,unattributed,counter,1D039A,6,1,int,
1D04F2,unattributed,counter,1D04EE,7,1,int,
1D0500,unattributed,counter,1D0500,6,4,int,
1D0558,unattributed,counter,1D0556,5,1,int,
1D09CB,unattributed,int-expr,1D09CB,6,4,int,
1D09E6,unattributed,int-expr,1D09E6,7,8,int,
1D0BB7,unattributed,counter,1D0BB7,7,2,int,
1D0C05,unattributed,counter,1D0C05,7,2,int,
1D0C7A,unattributed,counter,1D0C7A,7,2,int,
1D0E20,unattributed,counter,,,,,branch target inside
1D0EFB,unattributed,int-expr,1D0EFB,6,4,int,
1D101A,unattributed,int-expr,1D1018,5,4,int,
1D1060,unattributed,int-expr,1D105E,5,4,int,
1D10AA,unattributed,int-expr,1D10A8,5,4,int,
1D10CE,unattributed,int-expr,1D10CE,5,4,int,
1D10E1,unattributed,int-expr,1D10E1,6,8,int,
1D1A61,unattributed,counter,1D1A61,6,1,int,
1D1B99,unattributed,counter,,,,,branch target inside
1D1B9C,unattributed,counter,1D1B9C,6,4,int,
1D1BEA,unattributed,counter,1D1BE8,5,1,int,
1D1D61,unattributed,counter,,,,,branch target inside
1D1FA1,unattributed,counter,1D1FA1,8,1,int,
1D20E5,unattributed,int-expr,1D20E5,6,4,int,
1D2100,unattributed,int-expr,1D2100,7,8,int,
1D2478,unattributed,counter,1D2476,5,4,int,
1D2811,unattributed,counter,1D2811,6,1,int,
1D2817,unattributed,counter,1D2817,7,4,int,
1D2820,unattributed,counter,1D281E,5,1,int,
1D283A,unattributed,counter,1D283A,6,1,int,
1D2840,unattributed,counter,1D2840,7,4,int,
1D28CC,unattributed,counter,1D28CC,6,1,int,
1D28D2,unattributed,counter,1D28D2,7,4,int,
1D2B42,unattributed,counter,1D2B3F,7,2,int,
1D2F57,unattributed,counter,1D2F57,7,2,int,
1D2FA5,unattributed,counter,1D2FA5,7,2,int,
1D2FCF,unattributed,counter,1D2FCF,7,2,int,
1D34F5,unattributed,counter,1D34F5,7,4,int,
1D356A,unattributed,counter,1D3567,6,1,int,
1D35D5,unattributed,counter,,,,,branch target inside
1D35DF,unattributed,counter,1D35DC,7,4,int,
1D3683,unattributed,counter,1D3681,5,1,int,
1D391F,unattributed,counter,1D391D,5,4,int,
1D3A04,unattributed,counter,1D39FD,10,1,int,
1D3C4E,unattributed,counter,,,,,branch target inside
1D3CDE,unattributed,counter,,,,,branch target inside
1DC143,unattributed,counter,1DC143,7,2,int,
1EC992,unattributed,counter,1EC992,6,4,int,
20013C,unattributed,counter,20013C,6,1,int,
20024B,unattributed,multiplier,20024B,8,4,float,
200282,unattributed,counter,200282,6,1,int,
200292,unattributed,phase-wrap,200292,8,4,float,
2002E7,unattributed,counter,2002E7,7,1,int,
200392,unattributed,counter,200392,6,1,int,
200569,unattributed,counter,200569,6,1,int,
20057F,unattributed,counter,20057F,6,1,int,
200600,unattributed,counter,200600,6,1,int,
20062B,unattributed,counter,20062B,8,2,int,
200635,unattributed,counter,200635,6,1,int,
20068E,unattributed,counter,20068E,6,1,int,
2008B5,unattributed,counter,2008B5,6,1,int,
20141B,unattributed,lerp,20141B,8,4,float,
2025E6,unattributed,float-expr,2025E6,8,4,float,
2025FB,unattributed,float-expr,2025FB,8,4,float,
202659,unattributed,lerp,202659,8,4,float,
20269E,unattributed,counter,20269E,6,1,int,
202CF3,unattributed,float-expr,202CF3,8,4,float,
202D15,unattributed,phase-wrap,202D15,8,4,float,
202D36,unattributed,multiplier,202D36,12,4,float,
202D3A,unattributed,multiplier,202D36,12,4,float,
202D70,unattributed,multiplier,202D68,12,4,float,
202D7D,unattributed,multiplier,202D7D,8,4,float,
202E00,unattributed,multiplier,202E00,8,4,float,
202E1B,unattributed,float-expr,202E1B,12,4,float,
202E33,unattributed,float-expr,202E33,5,4,float,
202E5F,unattributed,multiplier,202E5F,8,4,float,
202E67,unattributed,multiplier,202E67,8,4,float,
2030D1,unattributed,counter,2030D1,6,4,int,
203190,unattributed,counter,203190,6,4,int,
203896,unattributed,counter,203896,7,2,int,
203C7A,unattributed,counter,203C7A,6,1,int,
203DE1,unattributed,multiplier,203DE1,8,4,float,
203DE9,unattributed,multiplier,203DE9,8,4,float,
203DF8,unattributed,multiplier,203DF8,11,4,float,
203F70,unattributed,lerp,203F70,8,4,float,
203F9E,unattributed,lerp,203F9E,8,4,float,
203FCC,unattributed,lerp,203FCC,8,4,float,
204119,unattributed,float-expr,204115,8,4,float,
204137,unattributed,float-expr,204137,5,4,float,
204159,unattributed,call,204159,8,4,float,
204A86,unattributed,phase-wrap,204A86,8,4,float,
204C7A,unattributed,call,204C7A,8,4,float,
20523D,unattributed,float-step,20523D,8,4,float,
20543D,unattributed,counter,20543D,6,1,int,
20544F,unattributed,counter,20544F,6,1,int,
205511,unattributed,float-expr,20550D,8,4,float,
20553F,unattributed,float-expr,20553F,11,4,float,
20556C,unattributed,multiplier,20556C,8,4,float,
205584,unattributed,multiplier,205584,8,4,float,
20565E,unattributed,counter,20565E,6,1,int,
20566C,unattributed,counter,20566C,8,2,int,
205676,unattributed,counter,205676,6,1,int,
2056DC,unattributed,counter,2056DC,6,1,int,
206371,unattributed,counter,206371,7,2,int,
2066E0,unattributed,multiplier,2066E0,6,1,int,
2066FD,unattributed,multiplier,2066FD,6,1,int,
20673C,unattributed,float-expr,20673C,8,4,float,
206769,unattributed,counter,206769,7,2,int,
207482,unattributed,float-expr,207482,5,4,float,
207BF1,unattributed,counter,207BF1,9,1,int,
207C42,unattributed,float-expr,207C42,8,4,float,
207C5D,unattributed,multiplier,207C5D,8,4,float,
207C65,unattributed,float-expr,207C65,8,4,float,
207C80,unattributed,float-step,207C80,8,4,float,
207C88,unattributed,multiplier,207C88,8,4,float,
207C98,unattributed,float-expr,207C98,8,4,float,
207D0B,unattributed,multiplier,207D0B,8,4,float,
207D23,unattributed,multiplier,207D23,8,4,float,
207D2B,unattributed,multiplier,207D2B,8,4,float,
207D9A,unattributed,counter,207D9A,5,1,int,
209387,unattributed,float-step,209387,8,4,float,
20938F,unattributed,float-step,20938F,8,4,float,
209397,unattributed,float-step,209397,8,4,float,
2093F2,unattributed,counter,2093F2,7,2,int,
20958D,unattributed,float-step,20958D,8,4,float,
209611,unattributed,counter,209611,7,2,int,
209753,unattributed,float-step,209753,8,4,float,
20AEE3,unattributed,counter,20AEE3,8,1,int,
20AF3E,unattributed,float-expr,20AF3E,8,4,float,
20AF56,unattributed,multiplier,20AF56,8,4,float,
20AF5E,unattributed,float-expr,20AF5E,8,4,float,
20AF76,unattributed,float-step,20AF76,8,4,float,
20AF7E,unattributed,multiplier,20AF7E,8,4,float,
20AF8A,unattributed,float-expr,20AF8A,8,4,float,
20AFE0,unattributed,multiplier,20AFE0,8,4,float,
20AFF0,unattributed,multiplier,20AFF0,8,4,float,
20AFFC,unattributed,multiplier,20AFFC,8,4,float,
20B060,unattributed,counter,20B060,8,1,int,
20C963,unattributed,counter,20C963,6,1,int,
20D337,unattributed,counter,20D337,6,1,int,
20D91A,unattributed,counter,20D91A,6,1,int,
20DA46,unattributed,counter,20DA46,6,1,int,
20E09F,unattributed,phase-wrap,20E09F,8,4,float,
20E185,unattributed,float-expr,20E181,8,4,float,
20E19B,unattributed,float-expr,20E19B,5,4,float,
20E282,unattributed,phase-wrap,20E282,8,4,float,
20E2DC,unattributed,phase-wrap,20E2DC,8,4,float,
20E645,unattributed,float-expr,20E645,5,4,float,
20E6C4,unattributed,float-step,20E6C4,8,4,float,
20E94C,unattributed,port:timescale,20E94C,8,4,float,
20E959,unattributed,port:timescale,20E959,5,4,float,
20E9F1,unattributed,float-expr,20E9ED,8,4,float,
20EA07,unattributed,float-expr,20EA07,5,4,float,
20EA1E,unattributed,float-expr,20EA1E,5,4,float,
20EBB5,unattributed,float-step,20EBB5,5,4,float,
20EBD3,unattributed,float-step,20EBD3,5,4,float,
20EBFD,unattributed,float-expr,20EBFD,5,4,float,
20EC50,unattributed,float-expr,20EC50,8,4,float,
20ED13,unattributed,multiplier,20ED13,8,4,float,
20F380,unattributed,counter,20F380,6,1,int,
20F392,unattributed,counter,20F392,6,1,int,
20F418,unattributed,counter,20F418,6,1,int,
20F42A,unattributed,counter,20F42A,6,1,int,
20F4C1,unattributed,counter,20F4C1,6,1,int,
20F4D3,unattributed,counter,20F4D3,6,1,int,
20F4EE,unattributed,phase-wrap,20F4EE,8,4,float,
20F50B,unattributed,phase-wrap,20F50B,8,4,float,
20F52B,unattributed,phase-wrap,20F52B,8,4,float,
20F5C1,unattributed,counter,20F5C1,6,1,int,
20F5D3,unattributed,counter,20F5D3,6,1,int,
20F681,unattributed,counter,20F681,6,1,int,
20F693,unattributed,counter,20F693,6,1,int,
20F730,unattributed,float-expr,20F730,5,4,float,
20F745,unattributed,float-expr,20F745,5,4,float,
20F795,unattributed,float-expr,20F795,5,4,float,
20F7A9,unattributed,float-expr,20F7A9,5,4,float,
2102D1,unattributed,lerp,2102D1,8,4,float,
2102ED,unattributed,lerp,2102ED,5,4,float,
21034E,unattributed,float-expr,21034E,8,4,float,
21036A,unattributed,float-expr,21036A,5,4,float,
210410,unattributed,float-expr,210410,9,4,float,
210414,unattributed,float-expr,210410,9,4,float,
2104E2,unattributed,counter,,,,,branch target inside
210541,unattributed,counter,,,,,branch target inside
2105D8,unattributed,counter,2105D8,6,4,int,
2106B1,unattributed,counter,2106B1,7,4,int,
210BB9,unattributed,counter,210BB9,8,2,int,
2111B5,unattributed,counter,,,,,branch target inside
211EEA,unattributed,counter,211EEA,6,4,int,
211FCA,unattributed,counter,211FC8,5,4,int,
21210F,unattributed,counter,21210F,6,4,int,
21D4AF,unattributed,counter,21D4AF,6,4,int,
21E98A,unattributed,counter,21E98A,6,4,int,
21E9B9,unattributed,float-step,21E9B9,8,4,float,
21EA1E,unattributed,counter,21EA1E,7,4,int,
21EBA5,unattributed,counter,21EBA5,6,1,int,
21ED02,unattributed,counter,21ED02,6,4,int,
21ED6A,unattributed,counter,21ED6A,6,1,int,
21ED9D,unattributed,lerp,21ED9D,8,4,float,
21EDCC,unattributed,counter,21EDCC,6,4,int,
21F0C2,unattributed,counter,21F0C2,6,4,int,
21F12A,unattributed,counter,21F12A,6,1,int,
21F15D,unattributed,lerp,21F15D,8,4,float,
21F18C,unattributed,counter,21F18C,6,4,int,
21F2BF,unattributed,counter,21F2BF,6,1,int,
21F4BF,unattributed,counter,21F4BF,6,1,int,
21F4CA,unattributed,counter,21F4CA,7,4,int,
21F4D9,unattributed,counter,21F4D9,6,1,int,
21F5A1,unattributed,counter,21F5A1,6,1,int,
21F5AE,unattributed,counter,21F5AE,6,1,int,
21F5B9,unattributed,counter,21F5B9,7,4,int,
21F64B,unattributed,counter,21F64B,6,1,int,
21F663,unattributed,float-step,21F663,8,4,float,
21F66D,unattributed,counter,21F66D,7,4,int,
21F84F,unattributed,counter,21F84F,6,1,int,
21F85A,unattributed,counter,21F85A,7,4,int,
21F869,unattributed,counter,21F869,6,1,int,
21F8ED,unattributed,counter,21F8ED,6,1,int,
21F8FA,unattributed,counter,21F8FA,6,1,int,
21F905,unattributed,counter,21F905,7,4,int,
21F95B,unattributed,counter,21F95B,6,1,int,
21F973,unattributed,float-step,21F973,8,4,float,
21F97D,unattributed,counter,21F97D,7,4,int,
221223,unattributed,lerp,221223,8,4,float,
22124B,unattributed,lerp,22124B,8,4,float,
221266,unattributed,lerp,221266,8,4,float,
2212E8,unattributed,counter,2212E8,9,2,int,
22133E,unattributed,lerp,22133E,8,4,float,
22135E,unattributed,lerp,22135E,8,4,float,
22154D,unattributed,phase-wrap,221548,9,4,float,
232FC6,unattributed,counter,232FC6,6,1,int,
23880F,unattributed,counter,23880F,7,2,int,
238BDF,unattributed,counter,238BDF,6,4,int,
238C62,unattributed,int-expr,238C62,6,1,int,
238D8F,unattributed,counter,238D8F,7,2,int,
238DA5,unattributed,counter,238DA5,7,2,int,
239068,unattributed,counter,239068,6,1,int,
2398AC,unattributed,multiplier,2398AC,6,4,int,
239ACE,unattributed,multiplier,239ACE,8,4,float,
239B17,unattributed,float-expr,239B17,8,4,float,
23A32E,unattributed,phase-wrap,23A32E,8,4,float,
23A8F9,unattributed,int-mult,23A8F9,6,4,int,
23AB41,unattributed,counter,23AB41,7,2,int,
23ABDA,unattributed,other,,,,,not a store (census artifact)
23AE3A,unattributed,other,,,,,not a store (census artifact)
23AED5,unattributed,counter,23AED5,7,2,int,
23B493,unattributed,counter,23B493,6,1,int,
23B4D0,unattributed,counter,23B4D0,6,1,int,
23B50C,unattributed,counter,23B50C,6,1,int,
23B548,unattributed,counter,23B548,6,1,int,
23B8DE,unattributed,other,23B8DE,6,4,int,
23B929,unattributed,counter,23B929,7,2,int,
23BA6F,unattributed,counter,23BA6F,6,1,int,
23BAF1,unattributed,counter,23BAF1,6,1,int,
23BB09,unattributed,counter,23BB09,6,1,int,
23BB31,unattributed,counter,23BB31,6,1,int,
23CA06,unattributed,counter,23CA04,6,4,int,
23D0AD,unattributed,int-expr,23D0AA,6,4,int,
23D1D1,unattributed,counter,23D1D1,6,4,int,
23D293,unattributed,counter,23D293,6,4,int,
23D2C7,unattributed,counter,23D2C7,6,4,int,
23D446,unattributed,counter,23D446,6,4,int,
23D789,unattributed,counter,23D787,5,4,int,
23D900,unattributed,counter,23D900,10,4,int,
23D90D,unattributed,counter,23D90D,5,4,int,
23E371,unattributed,int-expr,23E371,5,4,int,
23E3E9,unattributed,counter,23E3E9,8,4,int,
23E466,unattributed,counter,23E466,8,4,int,
23E488,unattributed,counter,23E488,8,4,int,
23E687,unattributed,counter,23E685,5,4,int,
23F04A,unattributed,counter,23F04A,8,4,int,
23F15E,unattributed,float-step,23F15E,5,4,float,
23F1D3,unattributed,counter,23F1D3,7,4,int,
23F3B2,unattributed,counter,23F3B2,6,1,int,
23F3DE,unattributed,counter,23F3DE,6,1,int,
23F465,unattributed,counter,23F465,6,1,int,
23F47B,unattributed,counter,23F47B,6,1,int,
23FA59,unattributed,counter,23FA59,8,1,int,
23FADC,unattributed,counter,23FADC,8,1,int,
23FB23,unattributed,counter,23FB23,8,1,int,
23FBDB,unattributed,counter,23FBDB,7,1,int,
23FC5C,unattributed,counter,23FC5C,7,1,int,
23FC85,unattributed,counter,23FC85,7,1,int,
23FD6B,unattributed,counter,23FD6B,7,1,int,
23FDEC,unattributed,counter,23FDEC,7,1,int,
23FE15,unattributed,counter,23FE15,7,1,int,
23FEF9,unattributed,counter,23FEF9,8,1,int,
23FF7C,unattributed,counter,23FF7C,8,1,int,
23FFEA,unattributed,counter,23FFEA,8,1,int,
24008B,unattributed,counter,24008B,7,1,int,
240105,unattributed,counter,240105,7,1,int,
240148,unattributed,counter,240148,7,1,int,
242913,unattributed,float-expr,242913,8,4,float,
24291B,unattributed,float-expr,24291B,8,4,float,
242B20,unattributed,phase-wrap,242B20,8,4,float,
242B57,unattributed,float-expr,242B57,8,4,float,
242BA8,unattributed,float-expr,242BA8,8,4,float,
242BB0,unattributed,float-expr,242BB0,8,4,float,
242DC5,unattributed,multiplier,242DBE,11,4,float,
242DF0,unattributed,multiplier,242DE9,11,4,float,
242E04,unattributed,multiplier,242E04,8,4,float,
242FBE,unattributed,int-expr,242FBE,7,2,int,
243062,unattributed,counter,243062,6,1,int,
2430A6,unattributed,counter,2430A6,6,1,int,
243118,unattributed,counter,243118,6,1,int,
2432A5,unattributed,counter,2432A5,7,2,int,
2434BA,unattributed,counter,2434BA,6,1,int,
24375B,unattributed,call,24375B,8,4,float,
2437D0,unattributed,float-expr,2437CC,8,4,float,
2437F0,unattributed,float-expr,2437F0,5,4,float,
24388C,unattributed,call,24388C,8,4,float,
2438F9,unattributed,float-expr,2438F5,8,4,float,
243919,unattributed,float-expr,243919,5,4,float,
243928,unattributed,counter,243928,7,2,int,
243A1A,unattributed,call,243A1A,8,4,float,
243A8F,unattributed,float-expr,243A8B,8,4,float,
243AAF,unattributed,float-expr,243AAF,5,4,float,
243B42,unattributed,port:timescale,243B42,8,4,float,
243BA0,unattributed,multiplier,243BA0,8,4,float,
243EB5,unattributed,float-expr,243EB5,8,4,float,
243FB9,unattributed,call,243FB9,8,4,float,
2440BE,unattributed,call,2440BE,8,4,float,
244518,unattributed,counter,244518,6,1,int,
24458A,unattributed,counter,24458A,6,1,int,
2446A1,unattributed,counter,2446A1,6,1,int,
24489A,unattributed,counter,24489A,6,1,int,
2448EA,unattributed,counter,2448EA,6,1,int,
24498B,unattributed,counter,24498B,6,1,int,
244AA1,unattributed,counter,244AA1,6,1,int,
244ABD,unattributed,counter,244ABD,6,1,int,
244B0A,unattributed,port:timescale,244B0A,8,4,float,
244B5F,unattributed,counter,244B5F,6,1,int,
244B96,unattributed,counter,244B96,6,1,int,
244C05,unattributed,counter,244C05,6,1,int,
244DCC,unattributed,counter,244DCC,7,1,int,
244DDF,unattributed,counter,244DDF,6,1,int,
244E09,unattributed,float-step,244E09,8,4,float,
244E2C,unattributed,float-step,244E2C,8,4,float,
244E4F,unattributed,float-step,244E4F,8,4,float,
244F1B,unattributed,counter,244F1B,6,1,int,
244F2F,unattributed,counter,244F2F,6,1,int,
244FEE,unattributed,counter,244FEE,7,2,int,
24510C,unattributed,float-step,24510C,8,4,float,
245120,unattributed,float-step,245120,8,4,float,
245128,unattributed,float-step,245128,8,4,float,
24527F,unattributed,counter,24527F,6,1,int,
245367,unattributed,counter,245367,6,1,int,
245387,unattributed,counter,245387,7,2,int,
2455A6,unattributed,float-expr,2455A6,8,4,float,
2455AE,unattributed,float-expr,2455AE,8,4,float,
245843,unattributed,float-expr,245843,8,4,float,
24584B,unattributed,float-expr,24584B,8,4,float,
245AE3,unattributed,float-expr,245AE3,8,4,float,
245AEB,unattributed,float-expr,245AEB,8,4,float,
245D8A,unattributed,float-expr,245D8A,8,4,float,
245D92,unattributed,float-expr,245D92,8,4,float,
245E0C,unattributed,counter,245E0C,7,2,int,
245F6B,unattributed,float-step,245F6B,5,4,float,
245F75,unattributed,counter,245F75,6,1,int,
245FC0,unattributed,counter,245FC0,6,1,int,
245FC6,unattributed,counter,245FC6,7,2,int,
246092,unattributed,counter,246092,6,1,int,
2460CC,unattributed,counter,2460CC,6,1,int,
2460D2,unattributed,counter,2460D2,7,2,int,
246173,unattributed,counter,246173,6,1,int,
2461B4,unattributed,counter,2461B4,6,1,int,
2461BA,unattributed,counter,2461BA,7,2,int,
246259,unattributed,counter,246259,6,1,int,
24633F,unattributed,counter,24633F,7,2,int,
246678,unattributed,counter,246678,6,1,int,
24673F,unattributed,counter,24673F,6,1,int,
246775,unattributed,float-expr,246775,8,4,float,
24697E,unattributed,counter,24697E,6,1,int,
246CF1,unattributed,counter,246CF1,6,1,int,
246DCB,unattributed,float-expr,246DCB,8,4,float,
247657,unattributed,phase-wrap,247657,8,4,float,
24772B,unattributed,float-expr,24772B,8,4,float,
247773,unattributed,counter,247773,7,2,int,
2477CE,unattributed,counter,2477CE,7,2,int,
2477F0,unattributed,counter,2477F0,7,2,int,
247A08,unattributed,multiplier,247A08,8,4,float,
247AC6,unattributed,float-expr,247AC6,8,4,float,
247BAE,unattributed,float-expr,247BAE,8,4,float,
247BF4,unattributed,counter,247BF4,7,2,int,
248866,unattributed,phase-wrap,248866,8,4,float,
2489E7,unattributed,multiplier,2489E7,8,4,float,
248AFF,unattributed,float-expr,248AFF,8,4,float,
248B28,unattributed,port:timescale,248B28,8,4,float,
248BA7,unattributed,phase-wrap,248BA7,8,4,float,
248C3D,unattributed,counter,248C3D,7,2,int,
248CBB,unattributed,float-expr,248CBB,8,4,float,
248FB9,unattributed,multiplier,248FB9,8,4,float,
249020,unattributed,phase-wrap,249020,8,4,float,
249089,unattributed,float-expr,249085,8,4,float,
24909F,unattributed,float-expr,24909F,5,4,float,
2490B6,unattributed,float-expr,2490B6,5,4,float,
24937B,unattributed,phase-wrap,24937B,8,4,float,
249478,unattributed,float-expr,249478,8,4,float,
2494B3,unattributed,counter,2494B3,7,2,int,
2494FE,unattributed,counter,2494FE,7,2,int,
24951B,unattributed,counter,24951B,7,2,int,
2496B1,unattributed,phase-wrap,2496B1,8,4,float,
24971D,unattributed,phase-wrap,24971D,8,4,float,
249739,unattributed,counter,249739,7,2,int,
2499ED,unattributed,counter,2499ED,6,1,int,
249A74,unattributed,float-expr,249A74,8,4,float,
249BBF,unattributed,multiplier,249BBF,8,4,float,
249CD7,unattributed,float-expr,249CD7,8,4,float,
249CF7,unattributed,port:timescale,249CF7,8,4,float,
249D3A,unattributed,phase-wrap,249D3A,8,4,float,
249F60,unattributed,counter,249F60,6,1,int,
24A1A4,unattributed,counter,24A1A4,6,1,int,
24A3F7,unattributed,counter,24A3F7,7,1,int,
24A40D,unattributed,counter,24A40D,6,1,int,
24A6B7,unattributed,call,24A6B7,8,4,float,
24A6F3,unattributed,call,24A6F3,8,4,float,
24C837,unattributed,float-expr,24C837,5,4,float,
24C872,unattributed,float-expr,24C872,5,4,float,
24C8EA,unattributed,float-expr,24C8EA,5,4,float,
24C911,unattributed,phase-wrap,24C911,8,4,float,
24FACE,unattributed,counter,24FACE,6,1,int,
24FCF8,unattributed,float-expr,24FCF8,8,4,float,
252E1A,unattributed,counter,252E1A,6,1,int,
252F81,unattributed,counter,252F81,6,1,int,
252FD8,unattributed,counter,252FD8,6,1,int,
253011,unattributed,counter,253011,6,1,int,
253073,unattributed,counter,253073,6,1,int,
253089,unattributed,counter,253089,6,1,int,
2530D7,unattributed,counter,2530D7,6,1,int,
253113,unattributed,float-expr,253113,8,4,float,
25311D,unattributed,counter,25311D,6,1,int,
25316B,unattributed,counter,25316B,6,1,int,
2532AB,unattributed,float-expr,2532AB,8,4,float,
2533F6,unattributed,counter,2533F6,6,1,int,
253504,unattributed,counter,253504,6,1,int,
25363B,unattributed,counter,25363B,6,1,int,
253759,unattributed,counter,253759,6,1,int,
253879,unattributed,counter,253879,6,1,int,
2539EA,unattributed,counter,2539EA,6,1,int,
253A01,unattributed,counter,253A01,7,2,int,
253A12,unattributed,counter,253A12,6,1,int,
253B64,unattributed,counter,253B64,6,1,int,
253B7A,unattributed,counter,253B7A,6,1,int,
253BCE,unattributed,counter,253BCE,6,1,int,
253BED,unattributed,counter,253BED,6,1,int,
253C46,unattributed,counter,253C46,6,1,int,
253CB1,unattributed,float-expr,253CB1,8,4,float,
253DA9,unattributed,counter,253DA9,6,1,int,
253EEB,unattributed,float-step,253EEB,5,4,float,
253F04,unattributed,counter,253F04,6,1,int,
253F6B,unattributed,counter,253F6B,6,1,int,
2540E1,unattributed,counter,2540E1,6,1,int,
254221,unattributed,counter,254221,6,1,int,
254253,unattributed,counter,254253,6,1,int,
254344,unattributed,float-expr,254344,8,4,float,
25453F,unattributed,counter,25453F,6,1,int,
254545,unattributed,phase-wrap,254545,8,4,float,
254D79,unattributed,counter,254D79,6,1,int,
254DEA,unattributed,counter,254DEA,6,1,int,
254E03,unattributed,counter,254E03,6,1,int,
254ED6,unattributed,counter,254ED6,6,1,int,
254F2E,unattributed,float-expr,254F2E,8,4,float,
254FBE,unattributed,float-expr,254FBE,8,4,float,
255372,unattributed,counter,255372,6,1,int,
25544F,unattributed,counter,25544F,7,2,int,
255643,unattributed,float-expr,255643,8,4,float,
255842,unattributed,counter,255842,6,1,int,
25586F,unattributed,counter,25586F,6,1,int,
2558C1,unattributed,counter,2558C1,6,1,int,
2559DB,unattributed,counter,2559DB,6,1,int,
255B9D,unattributed,counter,255B9D,6,1,int,
255BCA,unattributed,counter,255BCA,6,1,int,
255C22,unattributed,counter,255C22,6,1,int,
255CB9,unattributed,counter,255CB9,6,1,int,
255DE6,unattributed,counter,255DE6,6,1,int,
255E49,unattributed,phase-wrap,255E49,8,4,float,
255FAB,unattributed,counter,255FAB,6,1,int,
25603E,unattributed,phase-wrap,25603E,8,4,float,
2560BE,unattributed,phase-wrap,2560BE,8,4,float,
2560D0,unattributed,counter,2560D0,7,2,int,
25616F,unattributed,counter,25616F,6,1,int,
2561E4,unattributed,counter,2561E4,6,1,int,
256242,unattributed,float-expr,25623E,8,4,float,
25625A,unattributed,float-expr,25625A,5,4,float,
25627E,unattributed,float-expr,25627E,8,4,float,
256362,unattributed,counter,256362,6,1,int,
256379,unattributed,counter,256379,7,2,int,
256577,unattributed,counter,256577,6,1,int,
256624,unattributed,counter,256624,7,2,int,
25678E,unattributed,counter,25678E,6,1,int,
256915,unattributed,multiplier,256915,8,4,float,
25694F,unattributed,counter,25694F,6,1,int,
256995,unattributed,float-expr,256995,8,4,float,
256AA9,unattributed,multiplier,256AA9,8,4,float,
256B5E,unattributed,counter,256B5E,6,1,int,
256C79,unattributed,counter,256C79,6,1,int,
256DD8,unattributed,counter,256DD8,6,1,int,
256F70,unattributed,counter,256F70,6,1,int,
256FA8,unattributed,float-expr,256FA8,8,4,float,
2570F1,unattributed,counter,2570F1,6,1,int,
257117,unattributed,counter,257117,6,1,int,
257160,unattributed,counter,257160,6,1,int,
25726A,unattributed,counter,25726A,6,1,int,
2573AA,unattributed,counter,2573AA,6,1,int,
257590,unattributed,counter,257590,6,1,int,
25765B,unattributed,counter,25765B,6,1,int,
257697,unattributed,counter,257697,7,1,int,
2576A4,unattributed,counter,2576A4,6,1,int,
25771D,unattributed,counter,25771D,6,1,int,
257844,unattributed,counter,257844,6,1,int,
257871,unattributed,counter,257871,6,1,int,
257906,unattributed,counter,257906,6,1,int,
257937,unattributed,float-expr,257937,8,4,float,
257941,unattributed,counter,257941,6,1,int,
2579A6,unattributed,counter,2579A6,6,1,int,
257AF4,unattributed,counter,257AF4,6,1,int,
257B1A,unattributed,counter,257B1A,6,1,int,
257BCC,unattributed,counter,257BCC,6,1,int,
257C62,unattributed,float-expr,257C62,8,4,float,
257D88,unattributed,counter,257D88,6,1,int,
257DAE,unattributed,counter,257DAE,6,1,int,
257E1B,unattributed,counter,257E1B,6,1,int,
258063,unattributed,counter,258063,6,1,int,
258080,unattributed,counter,258080,6,1,int,
2580E8,unattributed,counter,2580E8,6,1,int,
25811A,unattributed,float-expr,25811A,8,4,float,
258136,unattributed,counter,258136,7,1,int,
258239,unattributed,counter,258239,6,1,int,
25832F,unattributed,counter,25832F,6,1,int,
258463,unattributed,counter,258463,6,1,int,
258490,unattributed,counter,258490,6,1,int,
2584EF,unattributed,counter,2584EF,6,1,int,
25852D,unattributed,counter,25852D,7,1,int,
25853A,unattributed,counter,25853A,6,1,int,
258586,unattributed,counter,258586,6,1,int,
2587E1,unattributed,counter,2587E1,6,1,int,
258828,unattributed,float-expr,258828,5,4,float,
25884A,unattributed,phase-wrap,25884A,8,4,float,
258A9E,unattributed,counter,258A9E,6,1,int,
258BEB,unattributed,counter,258BEB,6,1,int,
258C13,unattributed,counter,258C13,6,1,int,
2598AA,unattributed,phase-wrap,2598AA,8,4,float,
25E48B,unattributed,phase-wrap,25E48B,8,4,float,
25E4A2,unattributed,int-expr,25E4A2,6,1,int,
2728C4,unattributed,float-expr,2728C4,5,4,float,
272900,unattributed,float-expr,272900,5,4,float,
272976,unattributed,float-expr,272976,5,4,float,
27299D,unattributed,phase-wrap,27299D,8,4,float,
272E7B,unattributed,phase-wrap,272E7B,8,4,float,
272E92,unattributed,int-expr,272E92,6,1,int,
2815DC,unattributed,float-step,2815DC,8,4,float,
283E0B,unattributed,float-expr,283E0B,8,4,float,
283FAF,unattributed,counter,283FAF,6,4,int,
287D98,unattributed,float-expr,287D98,8,4,float,
287DB2,unattributed,multiplier,287DB2,8,4,float,
287DBA,unattributed,counter,287DBA,6,1,int,
29A8AA,unattributed,float-step,29A8AA,8,4,float,
29CA6B,unattributed,multiplier,29CA6B,8,4,float,
29D02B,unattributed,multiplier,29D02B,8,4,float,
29FD44,unattributed,counter,29FD44,6,1,int,
29FF4F,unattributed,counter,29FF4F,6,1,int,
2A0059,unattributed,counter,2A0059,6,1,int,
2A006F,unattributed,counter,2A006F,6,1,int,
2A00D0,unattributed,counter,2A00D0,6,1,int,
2A035C,unattributed,counter,2A035C,6,1,int,
2A049A,unattributed,counter,2A049A,6,1,int,
2A04FE,unattributed,counter,2A04FE,6,1,int,
2A05DB,unattributed,counter,2A05DB,6,1,int,
2A065D,unattributed,counter,2A065D,6,1,int,
2A0673,unattributed,counter,2A0673,6,1,int,
2A06FD,unattributed,counter,2A06FD,6,1,int,
2A0859,unattributed,counter,2A0859,6,1,int,
2A09C6,unattributed,counter,2A09C6,6,1,int,
2A0A58,unattributed,counter,2A0A58,6,1,int,
2A0B46,unattributed,counter,2A0B46,6,1,int,
2A0B62,unattributed,counter,2A0B62,6,1,int,
2A0BC9,unattributed,counter,2A0BC9,6,1,int,
2A0BF0,unattributed,counter,2A0BF0,7,2,int,
2A0C28,unattributed,counter,2A0C28,6,1,int,
2A0C91,unattributed,counter,2A0C91,6,1,int,
2A0DA3,unattributed,counter,2A0DA3,6,1,int,
2A0EC3,unattributed,counter,2A0EC3,6,1,int,
2A0FCD,unattributed,counter,2A0FCD,6,1,int,
2A1073,unattributed,counter,2A1073,7,2,int,
2A10F0,unattributed,counter,2A10F0,6,1,int,
2A110E,unattributed,counter,2A110E,6,1,int,
2A11E0,unattributed,counter,2A11E0,6,1,int,
2A1689,unattributed,float-expr,2A1689,8,4,float,
2A17F9,unattributed,call,2A17F9,8,4,float,
2A186E,unattributed,float-expr,2A186A,8,4,float,
2A188E,unattributed,float-expr,2A188E,5,4,float,
2A193F,unattributed,call,2A193F,8,4,float,
2A19AC,unattributed,float-expr,2A19A8,8,4,float,
2A19CC,unattributed,float-expr,2A19CC,5,4,float,
2A19DB,unattributed,counter,2A19DB,7,2,int,
2A1A9E,unattributed,call,2A1A9E,8,4,float,
2A1B13,unattributed,float-expr,2A1B0F,8,4,float,
2A1B33,unattributed,float-expr,2A1B33,5,4,float,
2A1BD6,unattributed,port:timescale,2A1BD6,8,4,float,
2A1C2E,unattributed,multiplier,2A1C2E,8,4,float,
2A1D29,unattributed,counter,2A1D29,6,1,int,
2A1F76,unattributed,call,2A1F76,8,4,float,
2A2030,unattributed,call,2A2030,8,4,float,
2A2146,unattributed,counter,2A2146,6,1,int,
2A2239,unattributed,counter,2A2239,6,1,int,
2A257A,unattributed,counter,2A257A,6,1,int,
2A25D8,unattributed,counter,2A25D8,6,1,int,
2A260E,unattributed,float-expr,2A260E,8,4,float,
2A27D0,unattributed,counter,2A27D0,6,1,int,
2A28AD,unattributed,counter,2A28AD,6,1,int,
2A29FD,unattributed,counter,2A29FD,6,1,int,
2A2A64,unattributed,float-expr,2A2A64,5,4,float,
2A2A89,unattributed,phase-wrap,2A2A89,8,4,float,
2A2AC6,unattributed,float-expr,2A2AC6,8,4,float,
2A2BE5,unattributed,counter,2A2BE5,6,1,int,
2A2C31,unattributed,float-expr,2A2C31,8,4,float,
2A2C59,unattributed,float-step,2A2C59,8,4,float,
2A2CA1,unattributed,float-step,2A2CA1,8,4,float,
2A2D38,unattributed,phase-wrap,2A2D38,8,4,float,
2A2D6E,unattributed,float-expr,2A2D6E,5,4,float,
2A2D90,unattributed,phase-wrap,2A2D90,8,4,float,
2A2DFD,unattributed,float-expr,2A2DFD,8,4,float,
2A2FCC,unattributed,counter,2A2FCC,6,1,int,
2A3208,unattributed,float-expr,2A3208,8,4,float,
2A330A,unattributed,float-expr,2A330A,8,4,float,
2A3483,unattributed,counter,2A3483,6,1,int,
2A3576,unattributed,counter,2A3576,6,1,int,
2A36AE,unattributed,counter,2A36AE,6,1,int,
2A37C6,unattributed,counter,2A37C6,6,1,int,
2A38DC,unattributed,counter,2A38DC,6,1,int,
2A3A02,unattributed,counter,2A3A02,6,1,int,
2A3AA5,unattributed,counter,2A3AA5,6,1,int,
2A4C6F,unattributed,counter,2A4C6F,6,1,int,
2A4C7B,unattributed,float-step,2A4C7B,8,4,float,
2A4C93,unattributed,counter,2A4C93,6,1,int,
2A4D0C,unattributed,counter,2A4D0C,6,1,int,
2A4DE3,unattributed,counter,2A4DE3,6,1,int,
2A4DF6,unattributed,float-step,2A4DF6,8,4,float,
2A4E4C,unattributed,counter,2A4E4C,7,2,int,
2A4EC6,unattributed,counter,2A4EC6,6,1,int,
2A5020,unattributed,counter,2A5020,6,1,int,
2A5036,unattributed,counter,2A5036,6,1,int,
2A50E2,unattributed,counter,2A50E2,6,1,int,
2A5277,unattributed,counter,2A5277,6,1,int,
2A52A8,unattributed,counter,2A52A8,6,1,int,
2A52FC,unattributed,counter,2A52FC,6,1,int,
2A533B,unattributed,counter,2A533B,6,1,int,
2A5399,unattributed,counter,2A5399,6,1,int,
2A5542,unattributed,phase-wrap,2A5542,8,4,float,
2A5573,unattributed,counter,2A5573,6,1,int,
2A5584,unattributed,float-step,2A5584,8,4,float,
2A55D5,unattributed,phase-wrap,2A55D5,8,4,float,
2A5605,unattributed,call,2A5605,8,4,float,
2A565B,unattributed,counter,2A565B,7,2,int,
2A5687,unattributed,counter,2A5687,7,2,int,
2A56B7,unattributed,counter,2A56B7,7,2,int,
2A56F1,unattributed,float-expr,2A56F1,8,4,float,
2A580F,unattributed,counter,2A580F,6,1,int,
2A588D,unattributed,float-expr,2A588D,8,4,float,
2A5A8E,unattributed,counter,2A5A8E,6,1,int,
2A5AE6,unattributed,call,2A5AE6,8,4,float,
2A5AFE,unattributed,counter,2A5AFE,7,1,int,
2A5B0B,unattributed,counter,2A5B0B,6,1,int,
2A5B9A,unattributed,counter,2A5B9A,6,1,int,
2A5BE5,unattributed,float-expr,2A5BE5,8,4,float,
2A5D76,unattributed,counter,2A5D76,6,1,int,
2A5D89,unattributed,float-step,2A5D89,8,4,float,
2A5DBE,unattributed,counter,2A5DBE,6,1,int,
2A5E0F,unattributed,counter,2A5E0F,6,1,int,
2A5E3B,unattributed,counter,2A5E3B,6,1,int,
2A5EA0,unattributed,counter,2A5EA0,6,1,int,
2A5F96,unattributed,float-expr,2A5F92,8,4,float,
2A5FB6,unattributed,float-expr,2A5FB6,5,4,float,
2A60E7,unattributed,counter,2A60E7,6,1,int,
2A613B,unattributed,counter,2A613B,6,1,int,
2A6177,unattributed,counter,2A6177,7,1,int,
2A6191,unattributed,counter,2A6191,6,1,int,
2A61E5,unattributed,counter,2A61E5,6,1,int,
2A6279,unattributed,counter,2A6279,6,1,int,
2B5DE6,unattributed,multiplier,2B5DE6,9,4,float,
2B5DF7,unattributed,multiplier,2B5DF7,5,4,float,
2B5DFC,unattributed,multiplier,2B5DFC,5,4,float,
2DA1C4,unattributed,phase-wrap,2DA1C4,8,4,float,
2DA1D9,unattributed,phase-wrap,2DA1D9,8,4,float,
2DA1EE,unattributed,phase-wrap,2DA1EE,8,4,float,
2DC472,unattributed,float-expr,2DC472,6,1,int,
2DC4C7,unattributed,multiplier,2DC4C7,6,1,int,
2DC51C,unattributed,multiplier,2DC51C,6,1,int,
2DC565,unattributed,multiplier,2DC565,6,1,int,
2DF5C4,unattributed,multiplier,2DF5C0,8,4,float,
2DF5D0,unattributed,multiplier,2DF5D0,6,4,float,
2DF5E9,unattributed,multiplier,2DF5E9,5,4,float,
2DF626,unattributed,multiplier,2DF626,5,4,float,
2DF62B,unattributed,multiplier,2DF62B,6,4,float,
2DF631,unattributed,multiplier,2DF631,5,4,float,
2E4904,unattributed,multiplier,2E4904,8,4,float,
2EB122,unattributed,float-step,2EB122,5,4,float,
2F5081,unattributed,counter,2F5081,6,1,int,
2F7A0E,unattributed,float-expr,2F7A0E,7,4,float,
2F7A35,unattributed,float-expr,2F7A35,5,4,float,
2F7A60,unattributed,float-expr,2F7A60,5,4,float,
2F8ED2,unattributed,counter,2F8ED2,6,1,int,
2F8EF1,unattributed,counter,2F8EF1,6,1,int,
2FFB6E,unattributed,float-step,2FFB6E,5,4,float,
301A34,unattributed,float-expr,301A2F,9,4,float,
301A44,unattributed,float-expr,301A44,5,4,float,
301B54,unattributed,float-expr,301B4F,9,4,float,
301B64,unattributed,float-expr,301B64,5,4,float,
3038BB,unattributed,counter,3038BB,7,2,int,
303B7C,unattributed,counter,303B7C,6,1,int,
303FBD,unattributed,int-step,303FBD,6,1,int,
30417B,unattributed,float-expr,30417B,6,1,int,
30425D,unattributed,int-step,30425D,6,1,int,
304472,unattributed,float-expr,304472,8,4,float,
30448C,unattributed,float-expr,30448C,8,4,float,
3045FD,unattributed,float-step,3045FD,8,4,float,
3048FF,unattributed,lerp,3048FB,8,4,float,
304922,unattributed,lerp,304922,5,4,float,
30493A,unattributed,call,30493A,8,4,float,
304A2D,unattributed,counter,304A2D,6,1,int,
304A5C,unattributed,counter,304A5C,7,2,int,
305ABA,unattributed,int-step,305ABA,6,1,int,
305C9B,unattributed,counter,305C9B,6,1,int,
3072E2,unattributed,counter,3072E2,6,1,int,
307328,unattributed,counter,307328,6,1,int,
307622,unattributed,float-expr,30761D,9,4,float,
30764B,unattributed,float-expr,30764B,5,4,float,
30765F,unattributed,counter,30765F,7,2,int,
30768C,unattributed,counter,30768C,8,2,int,
30770A,unattributed,counter,30770A,6,1,int,
30771F,unattributed,counter,30771F,7,2,int,
307C64,unattributed,counter,307C64,7,2,int,
307CBF,unattributed,counter,307CBF,7,2,int,
307D1F,unattributed,counter,307D1F,7,2,int,
307D2C,unattributed,counter,307D2C,7,2,int,
307D77,unattributed,counter,307D77,7,2,int,
307E98,unattributed,counter,307E98,6,1,int,
307F27,unattributed,counter,307F27,7,2,int,
30818F,unattributed,counter,30818F,6,1,int,
308269,unattributed,counter,308269,6,1,int,
308415,unattributed,counter,308415,7,2,int,
3084AD,unattributed,counter,3084AD,7,2,int,
30852F,unattributed,counter,30852F,7,2,int,
3085B0,unattributed,counter,3085B0,7,2,int,
3086AE,unattributed,counter,3086AE,6,1,int,
30873D,unattributed,counter,30873D,7,2,int,
30885F,unattributed,counter,30885F,6,1,int,
308894,unattributed,counter,308894,7,2,int,
3089E1,unattributed,counter,3089E1,7,2,int,
308ACE,unattributed,counter,308ACE,6,1,int,
308C01,unattributed,counter,308C01,6,1,int,
30902C,unattributed,counter,30902C,7,2,int,
30906A,unattributed,counter,30906A,7,2,int,
309099,unattributed,counter,309099,6,1,int,
309104,unattributed,counter,309104,8,2,int,
3091DA,unattributed,counter,3091DA,8,2,int,
309257,unattributed,counter,309257,8,2,int,
309584,unattributed,counter,309584,7,2,int,
309612,unattributed,counter,309612,7,2,int,
309619,unattributed,counter,309619,8,2,int,
309623,unattributed,counter,309623,6,1,int,
3096B1,unattributed,counter,3096B1,7,2,int,
30970B,unattributed,counter,30970B,7,2,int,
309787,unattributed,counter,309787,7,2,int,
30978E,unattributed,counter,30978E,8,2,int,
309798,unattributed,counter,309798,6,1,int,
30983F,unattributed,counter,30983F,7,2,int,
30987B,unattributed,counter,30987B,7,2,int,
309882,unattributed,counter,309882,8,2,int,
30988C,unattributed,counter,30988C,6,1,int,
3099EB,unattributed,counter,3099EB,6,1,int,
309A49,unattributed,counter,309A49,7,2,int,
309C97,unattributed,counter,309C97,6,1,int,
309FED,unattributed,counter,309FED,6,1,int,
30A007,unattributed,counter,30A007,7,2,int,
30A01C,unattributed,counter,30A01C,6,1,int,
30A0AD,unattributed,counter,30A0AD,6,1,int,
30A0FC,unattributed,counter,30A0FC,7,2,int,
30A10D,unattributed,counter,30A10D,6,1,int,
30A139,unattributed,counter,30A139,6,1,int,
30A169,unattributed,counter,30A169,6,1,int,
30A25D,unattributed,counter,30A25D,6,1,int,
30A28B,unattributed,counter,30A28B,7,2,int,
30A2A0,unattributed,counter,30A2A0,6,1,int,
30A331,unattributed,counter,30A331,6,1,int,
30A3B4,unattributed,counter,30A3B4,7,2,int,
30A3C1,unattributed,counter,30A3C1,6,1,int,
30A3ED,unattributed,counter,30A3ED,6,1,int,
30A4C6,unattributed,counter,30A4C6,6,1,int,
30A4D8,unattributed,counter,30A4D8,7,2,int,
30A4ED,unattributed,counter,30A4ED,6,1,int,
30A568,unattributed,counter,30A568,6,1,int,
30A5E4,unattributed,counter,30A5E4,7,2,int,
30A5F1,unattributed,counter,30A5F1,6,1,int,
30A60E,unattributed,counter,30A60E,6,1,int,
30A761,unattributed,counter,30A761,7,2,int,
30A84E,unattributed,counter,30A84E,6,1,int,
30A9EF,unattributed,counter,30A9EF,7,2,int,
30AAB4,unattributed,counter,30AAB4,6,1,int,
30AC1F,unattributed,counter,30AC1F,7,2,int,
30ACFE,unattributed,counter,30ACFE,6,1,int,
30AF46,unattributed,counter,30AF46,6,1,int,
30B093,unattributed,counter,30B093,6,1,int,
30B1AE,unattributed,counter,30B1AE,6,1,int,
30B5B8,unattributed,counter,30B5B8,7,2,int,
30B5C9,unattributed,counter,30B5C9,6,1,int,
30B7E8,unattributed,counter,30B7E8,6,1,int,
30B82B,unattributed,counter,30B82B,6,1,int,
30B917,unattributed,counter,30B917,6,1,int,
30B95A,unattributed,counter,30B95A,6,1,int,
30B9D5,unattributed,counter,30B9D5,6,1,int,
30BC61,unattributed,counter,30BC61,6,1,int,
30BCB1,unattributed,counter,30BCB1,8,2,int,
30BD13,unattributed,counter,30BD13,6,1,int,
30C1E1,unattributed,counter,30C1E1,7,2,int,
30C2B0,unattributed,counter,30C2B0,6,1,int,
30C52F,unattributed,counter,30C52F,6,1,int,
30C5CC,unattributed,counter,30C5CC,6,1,int,
30C6E1,unattributed,counter,30C6E1,7,2,int,
30C71A,unattributed,counter,30C71A,7,2,int,
30CB24,unattributed,counter,30CB24,6,1,int,
30D081,unattributed,counter,30D081,6,1,int,
30D0F7,unattributed,counter,30D0F7,6,1,int,
30D143,unattributed,counter,30D143,8,2,int,
30D151,unattributed,counter,30D151,6,1,int,
30D190,unattributed,counter,30D190,6,1,int,
30D1C7,unattributed,counter,30D1C7,6,1,int,
30D1E4,unattributed,counter,30D1E4,7,2,int,
30D220,unattributed,counter,30D220,7,2,int,
30D2FB,unattributed,counter,30D2FB,6,1,int,
30D344,unattributed,counter,30D344,7,2,int,
30D474,unattributed,lerp,30D470,8,4,float,
30D499,unattributed,lerp,30D499,5,4,float,
30D582,unattributed,counter,30D582,6,1,int,
30D77D,unattributed,counter,30D77D,6,1,int,
30D7B7,unattributed,counter,30D7B7,7,2,int,
30D97E,unattributed,counter,30D97E,6,1,int,
30D9DC,unattributed,counter,30D9DC,6,1,int,
30E0A3,unattributed,counter,30E0A3,6,1,int,
30E36A,unattributed,counter,30E36A,6,1,int,
30EC13,unattributed,counter,30EC13,6,1,int,
310FE6,unattributed,counter,310FE6,7,2,int,
310FF7,unattributed,counter,310FF7,6,1,int,
3112CB,unattributed,counter,3112CB,6,1,int,
311535,unattributed,counter,311535,6,1,int,
3115F4,unattributed,float-step,3115F4,8,4,float,
31162E,unattributed,counter,31162E,6,1,int,
311A67,unattributed,counter,311A67,6,1,int,
311C01,unattributed,counter,311C01,6,1,int,
311FED,unattributed,counter,311FED,6,1,int,
3121C1,unattributed,counter,3121C1,6,1,int,
31331B,unattributed,counter,31331B,7,4,int,
313731,unattributed,counter,313731,6,2,int,
313911,unattributed,counter,313911,7,2,int,
313A83,unattributed,counter,313A83,6,2,int,
313B13,unattributed,counter,313B13,7,2,int,
314177,unattributed,counter,314177,6,4,int,
315C97,unattributed,multiplier,315C97,8,4,float,
315DB4,unattributed,float-step,315DB4,8,4,float,
315DE2,unattributed,float-step,315DE2,8,4,float,
315EB6,unattributed,counter,315EB6,6,1,int,
315F0F,unattributed,float-expr,315F0B,8,4,float,
315F39,unattributed,float-expr,315F39,5,4,float,
315F63,unattributed,float-expr,315F63,5,4,float,
315F77,unattributed,counter,315F77,7,2,int,
315F97,unattributed,float-step,315F97,8,4,float,
31607B,unattributed,lerp,316077,8,4,float,
3160A8,unattributed,float-step,3160A8,8,4,float,
3160C9,unattributed,float-expr,3160C9,5,4,float,
316195,unattributed,counter,316195,6,1,int,
3161E7,unattributed,counter,3161E7,6,1,int,
31621D,unattributed,multiplier,31621D,8,4,float,
3162B3,unattributed,counter,3162B3,6,1,int,
316317,unattributed,counter,316317,6,1,int,
31634A,unattributed,counter,31634A,6,1,int,
316436,unattributed,other,316436,6,1,int,
316538,unattributed,counter,316538,7,2,int,
316551,unattributed,counter,316551,6,1,int,
3165AA,unattributed,other,3165AA,6,1,int,
3165E6,unattributed,counter,3165E6,6,1,int,
316627,unattributed,counter,316627,6,1,int,
316646,unattributed,multiplier,316646,8,4,float,
3166E7,unattributed,multiplier,3166E7,8,4,float,
316796,unattributed,other,316796,6,1,int,
316AD3,unattributed,float-step,316AD3,5,4,float,
316FEF,unattributed,counter,316FEF,5,1,int,
317175,unattributed,phase-wrap,317175,8,4,float,
317182,unattributed,phase-wrap,317182,7,4,float,
317684,unattributed,call,317684,8,4,float,
3176DA,unattributed,call,3176DA,8,4,float,
317730,unattributed,call,317730,8,4,float,
317786,unattributed,call,317786,8,4,float,
317845,unattributed,call,317845,8,4,float,
31785A,unattributed,call,31785A,8,4,float,
3179BD,unattributed,counter,3179BA,7,2,int,
317D53,unattributed,counter,317D53,8,4,int,
31F0A0,unattributed,counter,31F0A0,6,1,int,
3206F4,unattributed,counter,3206F4,6,1,int,
320718,unattributed,counter,320718,7,2,int,
32072E,unattributed,counter,32072E,7,2,int,
320821,unattributed,counter,320821,7,2,int,
33057D,unattributed,counter,33057D,6,1,int,
330596,unattributed,counter,330596,6,1,int,
3305AF,unattributed,counter,3305AF,6,1,int,
330C7C,unattributed,float-expr,330C7C,5,4,float,
330C90,unattributed,float-expr,330C90,5,4,float,
330D2B,unattributed,counter,330D2B,6,1,int,
330DB9,unattributed,float-expr,330DB9,8,4,float,
33D73A,unattributed,counter,33D73A,6,1,int,
33DBB9,unattributed,multiplier,33DBB9,8,4,float,
359BA0,unattributed,counter,359BA0,7,2,int,
35A211,unattributed,int-expr,35A211,5,8,int,
35A24D,unattributed,int-expr,35A24D,5,8,int,
35A354,unattributed,int-expr,35A354,5,8,int,
35A385,unattributed,int-expr,35A385,5,8,int,
35A9AF,unattributed,int-expr,35A9AF,8,8,int,
35A9B7,unattributed,int-expr,35A9B7,7,8,int,
35A9BB,unattributed,call,35A9B7,7,8,int,
35AA4D,unattributed,int-expr,35AA4D,8,8,int,
35AAD8,unattributed,call,35AAD8,8,8,int,
35ABE7,unattributed,int-expr,35ABE7,7,8,int,
35AE5E,unattributed,int-step,35AE5E,5,8,int,
35AE90,unattributed,int-step,35AE90,5,8,int,
35DB2C,unattributed,counter,35DB2C,6,4,int,
365C7C,unattributed,float-step,365C7C,8,4,float,
365CEC,unattributed,counter,365CEC,7,2,int,
36766D,unattributed,float-step,36766D,8,4,float,
367675,unattributed,float-step,367675,8,4,float,
36767D,unattributed,float-step,36767D,8,4,float,
367700,unattributed,counter,367700,7,2,int,
36E42D,unattributed,multiplier,36E42D,8,4,float,
36E441,unattributed,multiplier,36E441,8,4,float,
36E52C,unattributed,float-step,36E52C,8,4,float,
36E59C,unattributed,counter,36E59C,7,2,int,
36EEC1,unattributed,multiplier,36EEC1,8,4,float,
370DF0,unattributed,multiplier,370DF0,8,4,float,
376283,unattributed,other,,,,,not a store (census artifact)
3768BC,unattributed,phase-wrap,3768BC,8,4,float,
3768D1,unattributed,phase-wrap,3768D1,8,4,float,
3768E6,unattributed,phase-wrap,3768E6,8,4,float,
3769F6,unattributed,float-expr,3769F6,6,4,float,
376A00,unattributed,float-expr,3769FC,8,4,float,
376A20,unattributed,float-expr,376A20,5,4,float,
376A2B,unattributed,float-expr,376A2B,5,4,float,
37D07E,unattributed,float-expr,37D07E,9,4,float,
37D092,unattributed,float-expr,37D092,5,4,float,
37D0A7,unattributed,float-expr,37D0A7,5,4,float,
37D0D6,unattributed,float-expr,37D0D6,6,4,float,
37D0E1,unattributed,float-expr,37D0DC,9,4,float,
37D10D,unattributed,float-expr,37D10D,5,4,float,
37D119,unattributed,float-expr,37D119,5,4,float,
37D14A,unattributed,float-expr,37D146,8,4,float,
37D15E,unattributed,float-expr,37D15E,5,4,float,
37D173,unattributed,float-expr,37D173,5,4,float,
37D1EA,unattributed,float-expr,37D1E6,8,4,float,
37D1FF,unattributed,float-expr,37D1FF,5,4,float,
37D215,unattributed,float-expr,37D215,5,4,float,
37D284,unattributed,float-expr,37D280,8,4,float,
37D299,unattributed,float-expr,37D299,5,4,float,
37D2AF,unattributed,float-expr,37D2AF,5,4,float,
37D2DF,unattributed,float-expr,37D2DF,6,4,float,
37D2EA,unattributed,float-expr,37D2E5,9,4,float,
37D312,unattributed,float-expr,37D312,5,4,float,
37D31E,unattributed,float-expr,37D31E,5,4,float,
37D448,unattributed,float-expr,37D448,9,4,float,
37D45C,unattributed,float-expr,37D45C,5,4,float,
37D471,unattributed,float-expr,37D471,5,4,float,
37D4A0,unattributed,float-expr,37D4A0,6,4,float,
37D4AB,unattributed,float-expr,37D4A6,9,4,float,
37D4D7,unattributed,float-expr,37D4D7,5,4,float,
37D4E7,unattributed,float-expr,37D4E7,5,4,float,
37D52A,unattributed,float-expr,37D526,8,4,float,
37D53E,unattributed,float-expr,37D53E,5,4,float,
37D553,unattributed,float-expr,37D553,5,4,float,
37D5CA,unattributed,float-expr,37D5C6,8,4,float,
37D5DF,unattributed,float-expr,37D5DF,5,4,float,
37D5F5,unattributed,float-expr,37D5F5,5,4,float,
37D664,unattributed,float-expr,37D660,8,4,float,
37D679,unattributed,float-expr,37D679,5,4,float,
37D68F,unattributed,float-expr,37D68F,5,4,float,
37D6BF,unattributed,float-expr,37D6BF,6,4,float,
37D6CA,unattributed,float-expr,37D6C5,9,4,float,
37D6F2,unattributed,float-expr,37D6F2,5,4,float,
37D6FE,unattributed,float-expr,37D6FE,5,4,float,
37E7AB,unattributed,phase-wrap,37E7AB,8,4,float,
37E7C0,unattributed,phase-wrap,37E7C0,8,4,float,
37E7D5,unattributed,phase-wrap,37E7D5,8,4,float,
380722,unattributed,counter,380722,6,1,int,
380789,unattributed,counter,380789,6,1,int,
380DE5,unattributed,float-step,380DE5,10,4,float,
380ECF,unattributed,float-expr,380ECF,9,4,float,
380ED8,unattributed,float-expr,380ED8,10,4,float,
380EEB,unattributed,float-expr,380EEB,9,4,float,
380FE7,unattributed,counter,380FE7,5,1,int,
381016,unattributed,multiplier,381016,5,4,float,
38103D,unattributed,multiplier,38103D,9,4,float,
3810E9,unattributed,float-expr,3810E5,8,4,float,
3810FF,unattributed,float-expr,3810FF,9,4,float,
38111A,unattributed,float-expr,38111A,9,4,float,
381142,unattributed,multiplier,381142,6,4,float,
381159,unattributed,float-step,381159,9,4,float,
381162,unattributed,multiplier,381162,9,4,float,
381185,unattributed,counter,381185,6,1,int,
381298,unattributed,float-expr,381298,9,4,float,
3812A1,unattributed,float-expr,3812A1,10,4,float,
3812B4,unattributed,float-step,3812B4,9,4,float,
3812EF,unattributed,counter,3812EF,6,1,int,
3813E8,unattributed,lerp,3813E8,9,4,float,
3813F9,unattributed,counter,3813F9,6,1,int,
381534,unattributed,float-step,381534,10,4,float,
381543,unattributed,float-step,381543,10,4,float,
3815EE,unattributed,float-expr,3815EE,9,4,float,
3815F7,unattributed,float-expr,3815F7,10,4,float,
38160A,unattributed,float-expr,38160A,9,4,float,
381720,unattributed,counter,381720,5,1,int,
381BDD,unattributed,counter,381BDD,5,1,int,
381C1B,unattributed,multiplier,381C1B,8,4,float,
381C33,unattributed,multiplier,381C33,8,4,float,
381C79,unattributed,float-step,381C79,8,4,float,
381C91,unattributed,multiplier,381C91,8,4,float,
381C99,unattributed,multiplier,381C99,8,4,float,
381CA9,unattributed,counter,381CA9,6,1,int,
381D3F,unattributed,counter,381D3F,6,1,int,
381D5A,unattributed,counter,381D5A,6,1,int,
381F7F,unattributed,counter,381F7D,5,1,int,
3821A5,unattributed,counter,3821A5,9,1,int,
3821F2,unattributed,multiplier,3821F2,8,4,float,
38220A,unattributed,multiplier,38220A,8,4,float,
38224A,unattributed,float-step,38224A,8,4,float,
382262,unattributed,multiplier,382262,8,4,float,
38226A,unattributed,multiplier,38226A,8,4,float,
38227B,unattributed,counter,382278,6,1,int,
39304F,unattributed,float-step,39304F,8,4,float,
39308A,unattributed,float-step,39308A,8,4,float,
393092,unattributed,float-step,393092,8,4,float,
3930CE,unattributed,counter,3930CB,5,1,int,
393105,unattributed,float-step,393105,8,4,float,
393113,unattributed,float-step,393113,8,4,float,
3942F6,unattributed,float-step,3942F6,5,4,float,
394375,unattributed,float-step,394375,10,4,float,
39445B,unattributed,float-expr,39445B,9,4,float,
394464,unattributed,float-expr,394464,10,4,float,
394477,unattributed,float-expr,394477,9,4,float,
394573,unattributed,counter,394573,5,1,int,
3945A2,unattributed,multiplier,3945A2,5,4,float,
3945C9,unattributed,multiplier,3945C9,9,4,float,
394675,unattributed,float-expr,394671,8,4,float,
39468B,unattributed,float-expr,39468B,9,4,float,
3946A6,unattributed,float-expr,3946A6,9,4,float,
3946CE,unattributed,multiplier,3946CE,6,4,float,
3946E5,unattributed,float-step,3946E5,9,4,float,
3946EE,unattributed,multiplier,3946EE,9,4,float,
394711,unattributed,counter,394711,6,1,int,
394824,unattributed,float-expr,394824,9,4,float,
39482D,unattributed,float-expr,39482D,10,4,float,
394840,unattributed,float-step,394840,9,4,float,
39487B,unattributed,counter,39487B,6,1,int,
394974,unattributed,lerp,394974,9,4,float,
394985,unattributed,counter,394985,6,1,int,
394AC0,unattributed,float-step,394AC0,10,4,float,
394ACF,unattributed,float-step,394ACF,10,4,float,
394B84,unattributed,float-expr,394B84,9,4,float,
394B8D,unattributed,float-expr,394B8D,10,4,float,
394BA0,unattributed,float-expr,394BA0,9,4,float,
394CA2,unattributed,counter,394CA2,5,1,int,
39515D,unattributed,counter,39515D,5,1,int,
39519B,unattributed,multiplier,39519B,8,4,float,
3951B3,unattributed,multiplier,3951B3,8,4,float,
3951F9,unattributed,float-step,3951F9,8,4,float,
395211,unattributed,multiplier,395211,8,4,float,
395219,unattributed,multiplier,395219,8,4,float,
395229,unattributed,counter,395229,6,1,int,
3952BF,unattributed,counter,3952BF,6,1,int,
3952DA,unattributed,counter,3952DA,6,1,int,
3954FF,unattributed,counter,3954FD,5,1,int,
395725,unattributed,counter,395725,9,1,int,
395772,unattributed,multiplier,395772,8,4,float,
39578A,unattributed,multiplier,39578A,8,4,float,
3957CA,unattributed,float-step,3957CA,8,4,float,
3957E2,unattributed,multiplier,3957E2,8,4,float,
3957EA,unattributed,multiplier,3957EA,8,4,float,
3957FB,unattributed,counter,3957F8,6,1,int,
395B42,unattributed,counter,395B42,6,1,int,
395CC5,unattributed,float-expr,395CC5,6,4,float,
395CDB,unattributed,float-expr,395CDB,10,4,float,
395CE5,unattributed,float-step,395CE5,10,4,float,
395FFC,unattributed,float-step,395FFC,9,4,float,
3960CF,unattributed,float-expr,3960CF,6,4,float,
3960E5,unattributed,float-expr,3960E5,10,4,float,
3960EF,unattributed,float-expr,3960EF,10,4,float,
39623F,unattributed,counter,39623A,8,1,int,
396276,unattributed,multiplier,396276,5,4,float,
39629D,unattributed,multiplier,39629D,9,4,float,
396336,unattributed,float-expr,396336,6,4,float,
39634F,unattributed,float-expr,39634F,10,4,float,
39636C,unattributed,float-expr,39636C,10,4,float,
396394,unattributed,multiplier,396394,5,4,float,
3963AA,unattributed,float-step,3963AA,9,4,float,
3963B3,unattributed,multiplier,3963B3,9,4,float,
3963D7,unattributed,counter,3963D4,5,1,int,
3964A0,unattributed,float-expr,3964A0,6,4,float,
3964B6,unattributed,float-expr,3964B6,10,4,float,
3964C0,unattributed,float-step,3964C0,10,4,float,
3964D0,unattributed,counter,3964CD,5,1,int,
396624,unattributed,lerp,396624,10,4,float,
396634,unattributed,counter,396631,5,1,int,
39679A,unattributed,float-step,39679A,9,4,float,
3967AD,unattributed,float-step,3967AD,9,4,float,
396849,unattributed,float-expr,396849,6,4,float,
39685F,unattributed,float-expr,39685F,10,4,float,
396869,unattributed,float-expr,396869,10,4,float,
3968CB,unattributed,counter,3968CB,10,1,int,
396A67,unattributed,float-expr,396A67,6,4,float,
396A80,unattributed,float-expr,396A80,10,4,float,
396A9D,unattributed,float-expr,396A9D,10,4,float,
396ABD,unattributed,multiplier,396ABD,9,4,float,
396AD3,unattributed,multiplier,396AD3,5,4,float,
396AD8,unattributed,multiplier,396AD8,9,4,float,
396B85,unattributed,counter,396B80,8,1,int,
396F0F,unattributed,float-step,396F0F,8,4,float,
396F4A,unattributed,float-step,396F4A,8,4,float,
396F52,unattributed,float-step,396F52,8,4,float,
396F8E,unattributed,counter,396F8B,5,1,int,
396FC5,unattributed,float-step,396FC5,8,4,float,
396FD3,unattributed,float-step,396FD3,8,4,float,
39F860,unattributed,call,39F860,8,4,float,
39F896,unattributed,phase-wrap,39F896,8,4,float,
3A7BDA,unattributed,phase-wrap,3A7BDA,8,4,float,
3A7D80,unattributed,phase-wrap,3A7D80,8,4,float,
3A7E99,unattributed,counter,3A7E99,6,1,int,
3A7FB7,unattributed,phase-wrap,3A7FB7,8,4,float,
3AED43,unattributed,phase-wrap,3AED43,8,4,float,
3BFEF8,unattributed,multiplier,3BFEF8,8,4,float,
3BFFA0,unattributed,port:timescale,3BFFA0,8,4,float,
3C0091,unattributed,multiplier,3C0091,8,4,float,
3CC87A,unattributed,counter,3CC87A,7,2,int,
3CCFCE,unattributed,float-expr,3CCFCE,5,4,float,
3CCFE8,unattributed,float-expr,3CCFE8,10,4,float,
3CCFF2,unattributed,float-expr,3CCFF2,10,4,float,
3CCFFC,unattributed,float-step,3CCFFC,10,4,float,
3CD076,unattributed,counter,3CD076,6,1,int,
3CE0D0,unattributed,counter,3CE0D0,7,2,int,
3CF3DE,unattributed,counter,3CF3DE,6,1,int,
3D34E6,unattributed,float-expr,3D34E6,5,4,float,
3D34EB,unattributed,float-expr,3D34EB,5,4,float,
3D34FA,unattributed,counter,,,,,branch target inside
3D782B,unattributed,int-step,3D7824,11,1,int,
3D782F,unattributed,float-step,3D782F,8,4,float,
3D8ED9,unattributed,counter,3D8ED7,5,1,int,
3D9C8F,unattributed,phase-wrap,3D9C8F,5,4,float,
3DDD77,unattributed,lerp,3DDD77,6,1,int,
3DDD99,unattributed,lerp,3DDD99,6,1,int,
3DDDB7,unattributed,lerp,3DDDB2,8,1,int,
3DDDF5,unattributed,lerp,3DDDF5,6,1,int,
3DDE16,unattributed,lerp,3DDE13,5,1,int,
3DDE34,unattributed,lerp,3DDE34,5,1,int,
3DF2CA,unattributed,counter,3DF2CA,6,4,int,
3DF39A,unattributed,counter,3DF398,5,4,int,
3DF46F,unattributed,counter,3DF46F,6,4,int,
3E26FF,unattributed,multiplier,3E26FC,7,4,float,
3E271C,unattributed,lerp,3E271C,8,4,float,
3E2724,unattributed,multiplier,3E2724,5,4,float,
3E2747,unattributed,lerp,3E2747,5,4,float,
3E2750,unattributed,multiplier,3E2750,5,4,float,
3E275D,unattributed,multiplier,3E275D,5,4,float,
3E2789,unattributed,lerp,3E2789,5,4,float,
3E27CC,unattributed,lerp,3E27CC,6,4,float,
3E2C38,unattributed,counter,3E2C38,5,2,int,
3E3026,unattributed,counter,3E3026,6,4,int,
3E3030,unattributed,int-expr,3E3030,7,4,int,
3E303B,unattributed,counter,3E303B,6,4,int,
3E3041,unattributed,int-expr,3E3041,7,4,int,
3E3370,unattributed,counter,3E3370,6,4,int,
3E3379,unattributed,int-expr,3E3379,7,4,int,
3E3383,unattributed,counter,3E3380,5,4,int,
3E3389,unattributed,int-expr,3E3389,8,4,int,
3E34B1,unattributed,int-expr,3E34B1,7,4,int,
3E34BD,unattributed,int-expr,3E34BD,6,4,int,
3E34F2,unattributed,int-expr,3E34F2,6,4,int,
3E3523,unattributed,int-expr,3E3523,6,4,int,
3E55AF,unattributed,int-step,3E55AF,5,8,int,
3E5AC8,unattributed,float-expr,3E5AC4,8,4,float,
3E5AEE,unattributed,float-expr,3E5AEE,5,4,float,
3E5B03,unattributed,float-step,3E5B03,5,4,float,
3E5B18,unattributed,float-step,3E5B18,5,4,float,
3E5B9F,unattributed,float-expr,3E5B9B,8,4,float,
3E5BB0,unattributed,float-expr,3E5BB0,5,4,float,
3E5BC0,unattributed,float-expr,3E5BC0,5,4,float,
3E5BC5,unattributed,float-expr,3E5BC5,5,4,float,
3ED574,unattributed,float-expr,3ED574,5,4,float,
3ED589,unattributed,float-expr,3ED589,5,4,float,
3ED59F,unattributed,float-expr,3ED59F,5,4,float,
3ED5B4,unattributed,float-expr,3ED5B4,5,4,float,
3ED5CA,unattributed,float-expr,3ED5CA,5,4,float,
3ED5DF,unattributed,float-expr,3ED5DF,5,4,float,
3ED5F5,unattributed,float-expr,3ED5F5,5,4,float,
3ED60A,unattributed,float-expr,3ED60A,5,4,float,
3ED620,unattributed,float-expr,3ED620,5,4,float,
3ED630,unattributed,float-expr,3ED630,5,4,float,
3ED646,unattributed,float-expr,3ED646,5,4,float,
3ED65C,unattributed,float-expr,3ED65C,5,4,float,
3EDCC7,unattributed,int-step,3EDCC7,6,2,int,
3EDD54,unattributed,int-step,3EDD54,6,2,int,
3EDDD4,unattributed,int-step,3EDDD4,6,2,int,
3EDE54,unattributed,int-step,3EDE54,6,2,int,
3F0C61,unattributed,counter,3F0C61,6,1,int,
3F12A4,unattributed,counter,3F12A4,5,1,int,
3F1ED9,unattributed,int-expr,3F1ED9,7,8,int,
3F2924,unattributed,int-step,3F2924,5,8,int,
3F394D,unattributed,phase-wrap,3F394D,8,4,float,
3F4647,unattributed,other,3F4647,7,8,int,
3F509F,unattributed,int-step,3F509F,5,8,int,
3F50C8,unattributed,int-step,3F50C8,5,8,int,
3F5416,unattributed,int-expr,3F5416,6,4,int,
3F6875,unattributed,counter,3F6875,6,4,int,
3F68B7,unattributed,int-expr,3F68B7,7,4,int,
3F68BE,unattributed,int-expr,3F68BE,7,4,int,
3F68D0,unattributed,int-expr,3F68D0,6,4,int,
3F6975,unattributed,counter,3F6975,7,4,int,
3F69C3,unattributed,int-expr,3F69C3,7,4,int,
3F69CA,unattributed,int-expr,3F69CA,7,4,int,
3FA3DE,unattributed,counter,3FA3DE,6,4,int,
3FA42C,unattributed,int-expr,3FA42C,7,4,int,
3FA433,unattributed,int-expr,3FA433,6,4,int,
3FA44A,unattributed,counter,3FA44A,6,4,int,
3FA498,unattributed,int-expr,3FA498,7,4,int,
3FA49F,unattributed,int-expr,3FA49F,6,4,int,
3FA4B6,unattributed,counter,3FA4B6,6,4,int,
3FA506,unattributed,int-expr,3FA506,7,4,int,
3FA50D,unattributed,int-expr,3FA50D,6,4,int,
3FA524,unattributed,counter,3FA524,6,4,int,
3FA576,unattributed,int-expr,3FA576,7,4,int,
3FA57D,unattributed,int-expr,3FA57D,6,4,int,
3FA590,unattributed,counter,3FA590,6,4,int,
3FA5D6,unattributed,int-expr,3FA5D6,7,4,int,
3FA5DD,unattributed,int-expr,3FA5DD,6,4,int,
3FCC05,unattributed,counter,3FCC05,7,1,int,
3FDECB,unattributed,int-expr,3FDECB,6,4,int,
403B20,unattributed,int-expr,403B20,6,4,int,
40B2F0,unattributed,float-step,40B2F0,5,4,float,
40B30B,unattributed,float-step,40B30B,5,4,float,
40B326,unattributed,float-step,40B326,5,4,float,
40B33E,unattributed,float-step,40B33E,5,4,float,
40BA8A,unattributed,counter,40BA8A,6,1,int,
40BAEC,unattributed,counter,40BAE6,9,1,int,
40BCB2,unattributed,counter,40BCB2,10,1,int,
40BCE0,unattributed,counter,40BCDE,5,1,int,
40BD92,unattributed,counter,40BD92,6,1,int,
40BFD2,unattributed,counter,40BFD2,6,1,int,
40C0C3,unattributed,counter,40C0C3,6,1,int,
40C197,unattributed,counter,40C197,6,1,int,
40C27F,unattributed,counter,40C27F,6,1,int,
40C2F7,unattributed,counter,40C2F7,6,1,int,
40C400,unattributed,counter,40C400,6,1,int,
40CABD,unattributed,counter,40CABD,6,1,int,
40CC09,unattributed,float-expr,40CC09,5,4,float,
40CC34,unattributed,float-expr,40CC34,5,4,float,
40CC5A,unattributed,counter,40CC5A,6,1,int,
40CD48,unattributed,counter,40CD48,6,1,int,
40CEB1,unattributed,float-expr,40CEB1,5,4,float,
40CED8,unattributed,float-expr,40CED8,5,4,float,
40CEFE,unattributed,counter,40CEFE,6,1,int,
40D240,unattributed,counter,40D23D,6,1,int,
40D7C8,unattributed,counter,40D7C6,5,1,int,
40F560,unattributed,float-expr,40F560,5,4,float,
40F576,unattributed,float-expr,40F576,5,4,float,
40F859,unattributed,float-step,40F859,5,4,float,
40F887,unattributed,float-step,40F887,5,4,float,
40F8B1,unattributed,float-step,40F8B1,5,4,float,
40F989,unattributed,int-step,40F989,7,1,int,
40FA7F,unattributed,int-step,40FA7F,7,1,int,
40FEB7,unattributed,float-expr,40FEB7,5,4,float,
417CD0,unattributed,counter,417CD0,6,4,int,
426386,unattributed,counter,426386,7,1,int,
432A87,unattributed,counter,432A87,7,1,int,
432C06,unattributed,counter,432C04,5,1,int,
432CAB,unattributed,counter,432CA9,5,1,int,
432F19,unattributed,counter,432F19,6,1,int,
432F41,unattributed,counter,432F3F,5,1,int,
4338BC,unattributed,int-expr,4338BC,10,1,int,
434A4E,unattributed,counter,434A4E,7,1,int,
4362F3,unattributed,counter,4362F0,7,2,int,
43832C,unattributed,counter,43832C,5,1,int,
438367,unattributed,counter,438365,5,1,int,
438501,unattributed,counter,438501,5,1,int,
438551,unattributed,counter,438551,5,1,int,
438566,unattributed,counter,438566,9,1,int,
4385A2,unattributed,counter,4385A2,6,2,int,
43C02F,unattributed,float-step,43C02F,8,4,float,
43C046,unattributed,float-expr,43C046,8,4,float,
43C063,unattributed,multiplier,43C063,8,4,float,
43C61D,unattributed,counter,43C61D,6,1,int,
43C647,unattributed,counter,43C647,6,1,int,
43C6AD,unattributed,counter,43C6AD,6,1,int,
43C6FF,unattributed,counter,43C6FF,6,1,int,
43CAA1,unattributed,counter,43CAA1,6,1,int,
43CEAF,unattributed,counter,43CEAF,6,1,int,
43CEFF,unattributed,counter,43CEFF,6,1,int,
43CFDA,unattributed,counter,43CFDA,6,1,int,
43D093,unattributed,counter,43D093,6,1,int,
43D325,unattributed,counter,43D325,6,1,int,
43D621,unattributed,counter,43D621,6,1,int,
43D8C4,unattributed,counter,43D8C4,6,1,int,
43D9D8,unattributed,counter,43D9D8,6,1,int,
43D9EC,unattributed,counter,43D9EC,7,1,int,
43DD9E,unattributed,counter,43DD9E,6,1,int,
43DE28,unattributed,counter,43DE28,6,1,int,
43DF3B,unattributed,counter,43DF3B,6,1,int,
43DFF3,unattributed,counter,43DFF3,6,1,int,
43E1E5,unattributed,multiplier,43E1E5,8,4,float,
43E1F4,unattributed,float-expr,43E1F4,8,4,float,
43E231,unattributed,counter,43E231,6,1,int,
43E6BD,unattributed,counter,43E6BD,6,1,int,
43EA0E,unattributed,counter,43EA0E,6,1,int,
43ED6D,unattributed,counter,43ED6D,6,1,int,
43F6CF,unattributed,float-step,43F6CF,8,4,float,
43F6E6,unattributed,float-expr,43F6E6,8,4,float,
43F703,unattributed,multiplier,43F703,8,4,float,
43F9A5,unattributed,counter,43F9A5,6,1,int,
43FA6D,unattributed,counter,43FA6D,6,1,int,
43FA9A,unattributed,counter,43FA9A,6,1,int,
43FDA8,unattributed,counter,43FDA8,6,1,int,
44002E,unattributed,counter,44002E,6,1,int,
440133,unattributed,counter,440133,6,1,int,
44023D,unattributed,counter,44023D,6,1,int,
44035D,unattributed,counter,44035D,6,1,int,
440E7C,unattributed,counter,440E7C,7,1,int,
440E8A,unattributed,counter,440E8A,7,1,int,
44109F,unattributed,counter,44109F,7,1,int,
4410AA,unattributed,counter,4410AA,7,1,int,
441114,unattributed,int-expr,441114,7,1,int,
441626,unattributed,counter,441626,7,2,int,
4416C3,unattributed,counter,4416C3,7,2,int,
441781,unattributed,counter,441781,7,2,int,
4418E2,unattributed,counter,4418E2,7,2,int,
4427AF,unattributed,float-step,4427AF,8,4,float,
4427C6,unattributed,float-expr,4427C6,8,4,float,
4427E3,unattributed,multiplier,4427E3,8,4,float,
442A36,unattributed,counter,442A36,6,1,int,
442CB9,unattributed,counter,442CB9,6,1,int,
442EDC,unattributed,counter,442EDC,6,1,int,
44307D,unattributed,counter,44307D,6,1,int,
44318D,unattributed,counter,44318D,6,1,int,
443E44,unattributed,counter,443E44,7,2,int,
444301,unattributed,counter,444301,6,4,int,
444559,unattributed,counter,444559,6,4,int,
444714,unattributed,counter,444714,6,4,int,
444EB0,unattributed,counter,444EB0,8,4,int,
445001,unattributed,counter,,,,,branch target inside
4455CE,unattributed,counter,4455CE,7,2,int,
445690,unattributed,int-step,44568B,9,2,int,
445A82,unattributed,int-step,445A82,8,2,int,
445B74,unattributed,int-expr,445B74,8,2,int,
445BB4,unattributed,int-expr,445BB4,8,2,int,
445D1A,unattributed,multiplier,445D1A,8,2,int,
445D42,unattributed,multiplier,445D42,8,2,int,
445D67,unattributed,multiplier,445D67,8,2,int,
445D87,unattributed,multiplier,445D87,8,2,int,
445DAC,unattributed,multiplier,445DAC,8,2,int,
445DCC,unattributed,multiplier,445DCC,8,2,int,
445E19,unattributed,multiplier,445E19,8,2,int,
445E39,unattributed,multiplier,445E39,8,2,int,
445E61,unattributed,multiplier,445E61,8,2,int,
445E81,unattributed,multiplier,445E81,8,2,int,
445EA9,unattributed,multiplier,445EA9,8,2,int,
445EC9,unattributed,multiplier,445EC9,8,2,int,
445EF1,unattributed,multiplier,445EF1,8,2,int,
445F11,unattributed,multiplier,445F11,8,2,int,
44870C,unattributed,counter,44870C,6,4,int,
448A8C,unattributed,float-expr,448A8C,8,4,float,
448AD2,unattributed,float-expr,448AD2,8,4,float,
448B18,unattributed,float-expr,448B18,8,4,float,
448B5E,unattributed,float-expr,448B5E,8,4,float,
448BA4,unattributed,float-expr,448BA4,8,4,float,
448BEA,unattributed,float-expr,448BEA,8,4,float,
448C30,unattributed,float-expr,448C30,8,4,float,
448C76,unattributed,float-expr,448C76,8,4,float,
448CBB,unattributed,float-expr,448CBB,6,4,float,
44DD2B,unattributed,counter,44DD2B,6,4,int,
44DDF5,unattributed,counter,44DDF5,5,4,int,
44DEE9,unattributed,counter,44DEE9,5,4,int,
44DF36,unattributed,counter,44DF34,6,4,int,
450637,unattributed,counter,450635,5,4,int,
4507DA,unattributed,counter,4507D8,5,4,int,
450867,unattributed,counter,450865,5,4,int,
4508BB,unattributed,counter,4508B9,5,4,int,
450D85,unattributed,counter,450D83,5,4,int,
450E43,unattributed,counter,450E41,5,4,int,
451A79,unattributed,counter,451A79,6,4,int,
451B59,unattributed,float-step,451B59,6,4,float,
451B68,unattributed,float-step,451B68,6,4,float,
451B8C,unattributed,float-step,451B8C,5,4,float,
451B9C,unattributed,float-step,451B9C,5,4,float,
451BD6,unattributed,float-step,451BD6,5,4,float,
451BE7,unattributed,float-expr,451BE7,5,4,float,
451CB7,unattributed,float-step,451CB7,8,4,float,
451CCA,unattributed,float-step,451CCA,8,4,float,
451CFC,unattributed,float-step,451CFC,8,4,float,
451D0F,unattributed,float-step,451D0F,8,4,float,
451D60,unattributed,float-step,451D60,8,4,float,
451D68,unattributed,float-expr,451D68,8,4,float,
4526BC,unattributed,counter,4526BC,6,4,int,
45331C,unattributed,counter,45331C,6,4,int,
454013,unattributed,counter,454013,6,4,int,
4549C7,unattributed,int-expr,4549C5,6,2,int,
4559DA,unattributed,int-expr,4559DA,5,2,int,
4559F8,unattributed,int-expr,4559F8,5,2,int,
455AB6,unattributed,counter,455AB2,7,4,int,
455B13,unattributed,int-expr,455B0E,9,2,int,
4566CB,unattributed,counter,4566CB,6,2,int,
456A42,unattributed,counter,456A40,6,2,int,
456A8A,unattributed,counter,456A8A,9,2,int,
456BB3,unattributed,counter,456BB3,5,2,int,
456C4A,unattributed,counter,456C4A,5,2,int,
456C9B,unattributed,counter,456C9B,5,2,int,
456CC1,unattributed,counter,456CC1,6,4,int,
457FA9,unattributed,counter,457FA9,6,1,int,
458094,unattributed,counter,458094,6,1,int,
4584DB,unattributed,counter,4584DB,6,1,int,
458823,unattributed,counter,458823,6,1,int,
45897A,unattributed,counter,45897A,6,1,int,
458B80,unattributed,counter,458B80,6,1,int,
458CE0,unattributed,counter,458CE0,6,1,int,
458DA3,unattributed,counter,458DA3,6,1,int,
458DE6,unattributed,counter,458DE6,6,1,int,
459080,unattributed,counter,459080,6,1,int,
4590CF,unattributed,counter,4590CF,6,1,int,
459106,unattributed,counter,459106,6,1,int,
45917F,unattributed,counter,45917F,9,4,int,
459188,unattributed,counter,459188,6,1,int,
4591BF,unattributed,float-step,4591BF,8,4,float,
4591CF,unattributed,float-expr,4591CF,5,4,float,
459264,unattributed,counter,459264,6,1,int,
459C2D,unattributed,counter,459C2D,6,1,int,
45AEDE,unattributed,int-expr,45AEDB,7,8,int,
45AEE2,unattributed,int-expr,45AEE2,20,8,int,
45AEE6,unattributed,int-expr,45AEE2,20,8,int,
45AEEA,unattributed,int-expr,45AEE2,20,8,int,
45AEEE,unattributed,int-expr,45AEE2,20,8,int,
4642A7,unattributed,int-expr,4642A4,7,8,int,
4642AB,unattributed,int-expr,4642AB,20,8,int,
4642AF,unattributed,int-expr,4642AB,20,8,int,
4642B3,unattributed,int-expr,4642AB,20,8,int,
4642B7,unattributed,int-expr,4642AB,20,8,int,
464322,unattributed,int-expr,46431F,7,8,int,
464326,unattributed,int-expr,464326,20,8,int,
46432A,unattributed,int-expr,464326,20,8,int,
46432E,unattributed,int-expr,464326,20,8,int,
464332,unattributed,int-expr,464326,20,8,int,
464859,unattributed,float-expr,464855,8,4,float,
46486E,unattributed,float-expr,46486E,5,4,float,
4648F5,unattributed,float-expr,4648F5,7,4,float,
46490D,unattributed,float-expr,46490D,5,4,float,
464E7D,unattributed,float-expr,464E7D,9,4,float,
464F01,unattributed,float-expr,464F01,9,4,float,
464F05,unattributed,float-expr,464F01,9,4,float,
464F0E,unattributed,float-expr,464F0E,5,4,float,
467D23,unattributed,counter,467D20,5,1,int,
468335,unattributed,float-step,468335,8,4,float,
46834D,unattributed,float-step,46834D,8,4,float,
468452,unattributed,port:timescale,468452,8,4,float,
46847C,unattributed,multiplier,46847C,8,4,float,
4684A6,unattributed,multiplier,4684A6,8,4,float,
4684AE,unattributed,float-expr,4684AE,8,4,float,
4684C0,unattributed,multiplier,4684C0,8,4,float,
4684F7,unattributed,multiplier,4684F7,8,4,float,
468526,unattributed,multiplier,468526,8,4,float,
4686A0,unattributed,float-step,4686A0,8,4,float,
4686B8,unattributed,float-step,4686B8,8,4,float,
46881C,unattributed,multiplier,46881C,8,4,float,
4689DD,unattributed,float-step,4689DD,8,4,float,
4689F5,unattributed,float-step,4689F5,8,4,float,
468F2F,unattributed,float-step,468F2F,8,4,float,
468F47,unattributed,float-step,468F47,8,4,float,
469062,unattributed,multiplier,469062,8,4,float,
4690BB,unattributed,multiplier,4690BB,8,4,float,
4690D3,unattributed,float-step,4690D3,8,4,float,
4690EB,unattributed,float-step,4690EB,8,4,float,
4692A2,unattributed,multiplier,4692A2,8,4,float,
469303,unattributed,multiplier,469303,8,4,float,
46931B,unattributed,float-step,46931B,8,4,float,
469333,unattributed,float-step,469333,8,4,float,
469516,unattributed,multiplier,469516,8,4,float,
469577,unattributed,multiplier,469577,8,4,float,
46958F,unattributed,float-step,46958F,8,4,float,
4695A7,unattributed,float-step,4695A7,8,4,float,
469BF8,unattributed,float-expr,469BF8,8,4,float,
469D40,unattributed,phase-wrap,469D40,8,4,float,
469D87,unattributed,phase-wrap,469D87,8,4,float,
46A419,unattributed,counter,46A419,6,1,int,
46A699,unattributed,phase-wrap,46A699,8,4,float,
46A6AE,unattributed,phase-wrap,46A6AE,8,4,float,
46AD59,unattributed,phase-wrap,46AD59,8,4,float,
46ADA0,unattributed,phase-wrap,46ADA0,8,4,float,
46B403,unattributed,float-expr,46B403,8,4,float,
46B61D,unattributed,counter,46B61D,7,2,int,
46B7A8,unattributed,counter,46B7A8,7,2,int,
46B7F0,unattributed,counter,46B7F0,7,2,int,
46B808,unattributed,phase-wrap,46B808,12,4,float,
46B81C,unattributed,phase-wrap,46B81C,8,4,float,
46BF35,unattributed,float-step,46BF35,8,4,float,
46C043,unattributed,phase-wrap,46C043,8,4,float,
46C08A,unattributed,phase-wrap,46C08A,8,4,float,
46C7A2,unattributed,float-expr,46C7A2,8,4,float,
46C8E8,unattributed,phase-wrap,46C8E8,8,4,float,
46C902,unattributed,phase-wrap,46C902,8,4,float,
46CE36,unattributed,phase-wrap,46CE36,8,4,float,
46CE63,unattributed,phase-wrap,46CE63,8,4,float,
46CF5D,unattributed,lerp,46CF5D,8,4,float,
46CF89,unattributed,lerp,46CF89,8,4,float,
46CFA5,unattributed,lerp,46CFA5,8,4,float,
46D033,unattributed,lerp,46D033,5,4,float,
46D052,unattributed,lerp,46D052,8,4,float,
46D06C,unattributed,lerp,46D06C,8,4,float,
46D096,unattributed,phase-wrap,46D096,8,4,float,
46D0AE,unattributed,phase-wrap,46D0AE,8,4,float,
46D1A7,unattributed,lerp,46D1A7,8,4,float,
46D1D3,unattributed,lerp,46D1D3,8,4,float,
46D1EF,unattributed,lerp,46D1EF,8,4,float,
46D219,unattributed,phase-wrap,46D219,8,4,float,
46D22E,unattributed,phase-wrap,46D22E,8,4,float,
46D38C,unattributed,lerp,46D38C,8,4,float,
46D3B4,unattributed,lerp,46D3B4,8,4,float,
46D3D4,unattributed,lerp,46D3D4,8,4,float,
46D3FE,unattributed,phase-wrap,46D3FE,8,4,float,
46D41A,unattributed,phase-wrap,46D41A,8,4,float,
46D4D1,unattributed,lerp,46D4D1,8,4,float,
46D4FF,unattributed,lerp,46D4FF,8,4,float,
46D513,unattributed,lerp,46D513,8,4,float,
46D748,unattributed,float-expr,46D748,8,4,float,
46D7A2,unattributed,float-expr,46D7A2,8,4,float,
46D853,unattributed,float-expr,46D853,8,4,float,
46D870,unattributed,phase-wrap,46D870,8,4,float,
46D888,unattributed,phase-wrap,46D888,8,4,float,
46DBAF,unattributed,phase-wrap,46DBAF,8,4,float,
46DBC7,unattributed,phase-wrap,46DBC7,8,4,float,
46DD99,unattributed,lerp,46DD99,8,4,float,
46E1A6,unattributed,phase-wrap,46E1A6,8,4,float,
46E235,unattributed,phase-wrap,46E235,6,4,float,
46EC3E,unattributed,phase-wrap,46EC3E,8,4,float,
46EC56,unattributed,phase-wrap,46EC56,8,4,float,
46EE6B,unattributed,multiplier,46EE6B,8,4,float,
46EE88,unattributed,multiplier,46EE88,8,4,float,
46F0E1,unattributed,phase-wrap,46F0E1,8,4,float,
46F0F9,unattributed,phase-wrap,46F0F9,8,4,float,
46F5CC,unattributed,phase-wrap,46F5CC,8,4,float,
46F5E4,unattributed,phase-wrap,46F5E4,8,4,float,
4700CD,unattributed,float-expr,4700CD,8,4,float,
4700F2,unattributed,float-expr,4700F2,8,4,float,
47013B,unattributed,float-expr,47013B,8,4,float,
470150,unattributed,phase-wrap,470150,8,4,float,
470168,unattributed,phase-wrap,470168,8,4,float,
47064E,unattributed,float-step,47064E,8,4,float,
47066C,unattributed,float-step,47066C,8,4,float,
4706AB,unattributed,float-step,4706AB,8,4,float,
4706C0,unattributed,phase-wrap,4706C0,8,4,float,
4706D8,unattributed,phase-wrap,4706D8,8,4,float,
470F2A,unattributed,counter,470F2A,7,2,int,
470F31,unattributed,call,470F31,8,4,float,
470F64,unattributed,counter,470F64,11,2,int,
470F6B,unattributed,call,470F64,11,4,float,
470F9B,unattributed,phase-wrap,470F9B,12,4,float,
470FAF,unattributed,phase-wrap,470FAF,8,4,float,
47175C,unattributed,float-expr,47175C,8,4,float,
47177B,unattributed,float-expr,47177B,8,4,float,
4717C1,unattributed,float-expr,4717C1,8,4,float,
4717D6,unattributed,phase-wrap,4717D6,8,4,float,
4717EE,unattributed,phase-wrap,4717EE,8,4,float,
471C9D,unattributed,float-expr,471C9D,8,4,float,
471CBC,unattributed,float-expr,471CBC,8,4,float,
471D02,unattributed,float-expr,471D02,8,4,float,
471D17,unattributed,phase-wrap,471D17,8,4,float,
471D2F,unattributed,phase-wrap,471D2F,8,4,float,
472803,unattributed,counter,472803,7,2,int,
47280A,unattributed,call,47280A,8,4,float,
47283D,unattributed,counter,47283D,7,2,int,
472F4F,unattributed,counter,472F4F,8,2,int,
472F83,unattributed,counter,472F83,7,2,int,
472F90,unattributed,counter,472F90,7,2,int,
4746E4,unattributed,phase-wrap,4746E4,8,4,float,
4746F9,unattributed,phase-wrap,4746F9,8,4,float,
475398,unattributed,multiplier,475398,5,4,float,
47544A,unattributed,multiplier,47544A,5,4,float,
4754A2,unattributed,multiplier,4754A2,5,4,float,
47552B,unattributed,other,475527,8,4,float,
47552F,unattributed,other,47552F,5,4,float,
47554F,unattributed,float-expr,47554B,8,4,float,
475576,unattributed,float-expr,475576,5,4,float,
475ECF,unattributed,counter,475ECF,7,2,int,
475EE3,unattributed,lerp,475EE3,5,4,float,
475F04,unattributed,lerp,475F04,8,4,float,
475F28,unattributed,lerp,475F28,8,4,float,
475F46,unattributed,lerp,475F46,5,4,float,
475F67,unattributed,lerp,475F67,8,4,float,
475F8B,unattributed,lerp,475F8B,8,4,float,
475FA7,unattributed,lerp,475FA7,8,4,float,
475FB4,unattributed,float-expr,475FB4,8,4,float,
476059,unattributed,multiplier,476059,8,4,float,
476079,unattributed,phase-wrap,476079,8,4,float,
476081,unattributed,counter,476081,7,1,int,
4760A4,unattributed,multiplier,4760A4,8,4,float,
4760C4,unattributed,phase-wrap,4760C4,8,4,float,
4760CC,unattributed,counter,4760CC,7,1,int,
4761B1,unattributed,counter,4761B1,6,1,int,
476808,unattributed,counter,476808,7,2,int,
4769C0,unattributed,multiplier,4769C0,9,4,float,
476A1E,unattributed,port:mode,476A1E,8,4,float,
476ABD,unattributed,port:mode,476ABD,8,4,float,
476D07,unattributed,counter,476D07,6,1,int,
476FCC,unattributed,counter,476FCC,7,2,int,
4771A1,unattributed,counter,4771A1,6,1,int,
4772F6,unattributed,float-expr,4772F6,5,4,float,
47730A,unattributed,float-expr,47730A,5,4,float,
47730F,unattributed,float-expr,47730F,8,4,float,
477326,unattributed,float-expr,477326,8,4,float,
47732E,unattributed,float-expr,47732E,8,4,float,
477336,unattributed,float-expr,477336,8,4,float,
477686,unattributed,counter,477686,6,1,int,
477CC1,unattributed,counter,477CC1,6,1,int,
477D20,unattributed,lerp,477D20,5,4,float,
477D41,unattributed,lerp,477D41,8,4,float,
477D65,unattributed,lerp,477D65,8,4,float,
477D83,unattributed,lerp,477D83,5,4,float,
477DA4,unattributed,lerp,477DA4,8,4,float,
477DC8,unattributed,lerp,477DC8,8,4,float,
477DE4,unattributed,lerp,477DE4,8,4,float,
47809F,unattributed,phase-wrap,47809F,5,4,float,
4780B1,unattributed,phase-wrap,4780B1,8,4,float,
4780D7,unattributed,phase-wrap,4780D7,8,4,float,
47810C,unattributed,call,47810C,8,4,float,
478121,unattributed,counter,478121,7,2,int,
478128,unattributed,call,478128,8,4,float,
47881E,unattributed,counter,47881E,7,2,int,
478A78,unattributed,call,478A78,8,4,float,
478A8A,unattributed,counter,478A8A,7,2,int,
478B1E,unattributed,counter,478B1E,7,2,int,
478B25,unattributed,call,478B25,8,4,float,
478B58,unattributed,counter,478B58,7,2,int,
478B5F,unattributed,call,478B5F,5,4,float,
478B8F,unattributed,call,478B8F,5,4,float,
478BC1,unattributed,phase-wrap,478BC1,5,4,float,
478BD6,unattributed,phase-wrap,478BD6,8,4,float,
478FA0,unattributed,lerp,478FA0,8,4,float,
479106,unattributed,lerp,479106,9,4,float,
479127,unattributed,lerp,479127,8,4,float,
4792A3,unattributed,float-expr,4792A3,8,4,float,
4792C7,unattributed,float-expr,4792C7,8,4,float,
4794B5,unattributed,counter,4794B5,7,2,int,
4794BC,unattributed,call,4794BC,8,4,float,
4794D9,unattributed,phase-wrap,4794D9,12,4,float,
4794ED,unattributed,phase-wrap,4794ED,8,4,float,
479849,unattributed,lerp,479849,8,4,float,
479A06,unattributed,lerp,479A06,9,4,float,
479A27,unattributed,lerp,479A27,8,4,float,
479CB1,unattributed,phase-wrap,479CB1,8,4,float,
479D46,unattributed,phase-wrap,479D46,6,4,float,
47A447,unattributed,lerp,47A447,8,4,float,
47A662,unattributed,lerp,47A662,9,4,float,
47A683,unattributed,lerp,47A683,8,4,float,
47AC1B,unattributed,counter,47AC1B,7,2,int,
47ACBF,unattributed,counter,47ACBF,7,2,int,
47ACE5,unattributed,phase-wrap,47ACE5,5,4,float,
47ACFA,unattributed,phase-wrap,47ACFA,8,4,float,
47AD9D,unattributed,multiplier,47AD9D,8,4,float,
47ADBE,unattributed,multiplier,47ADBE,8,4,float,
47AE39,unattributed,port:timescale,47AE39,8,4,float,
47AE54,unattributed,port:timescale,47AE54,8,4,float,
47AE5C,unattributed,port:timescale,47AE5C,8,4,float,
47B5B8,unattributed,counter,47B5B8,7,2,int,
47BB73,unattributed,lerp,47BB73,8,4,float,
47BD13,unattributed,lerp,47BD13,9,4,float,
47BD34,unattributed,lerp,47BD34,8,4,float,
47C03A,unattributed,counter,47C03A,7,2,int,
47C05F,unattributed,phase-wrap,47C05F,5,4,float,
47C074,unattributed,phase-wrap,47C074,8,4,float,
47C120,unattributed,multiplier,47C120,8,4,float,
47C1A6,unattributed,port:timescale,47C1A6,8,4,float,
47C1C1,unattributed,port:timescale,47C1C1,8,4,float,
47C1CD,unattributed,port:timescale,47C1CD,8,4,float,
47CFAA,unattributed,counter,47CFAA,7,2,int,
47D0A9,unattributed,counter,47D0A9,7,2,int,
47D0EE,unattributed,counter,47D0EE,7,2,int,
47D144,unattributed,phase-wrap,47D144,12,4,float,
47D158,unattributed,phase-wrap,47D158,8,4,float,
47D4FA,unattributed,phase-wrap,47D4FA,8,4,float,
47D587,unattributed,phase-wrap,47D587,8,4,float,
47D60C,unattributed,phase-wrap,47D60C,7,4,float,
47D6A1,unattributed,phase-wrap,47D6A1,7,4,float,
47E0E9,unattributed,counter,47E0E9,7,2,int,
47E206,unattributed,counter,47E206,7,2,int,
47E24B,unattributed,counter,47E24B,7,2,int,
47E2AA,unattributed,phase-wrap,47E2AA,12,4,float,
47E2BE,unattributed,phase-wrap,47E2BE,8,4,float,
47E660,unattributed,phase-wrap,47E660,8,4,float,
47E6EF,unattributed,phase-wrap,47E6EF,8,4,float,
47E77F,unattributed,phase-wrap,47E77F,7,4,float,
47E80B,unattributed,phase-wrap,47E80B,7,4,float,
47F0E3,unattributed,counter,47F0E3,7,2,int,
47F0EA,unattributed,call,47F0EA,8,4,float,
47F11D,unattributed,counter,47F11D,7,2,int,
480401,unattributed,counter,480401,7,2,int,
480408,unattributed,call,480408,8,4,float,
48043B,unattributed,counter,48043B,7,2,int,
481889,unattributed,port:timescale,481889,8,4,float,
4818C5,unattributed,lerp,4818C5,8,4,float,
481959,unattributed,port:timescale,481959,8,4,float,
481995,unattributed,lerp,481995,8,4,float,
482B1F,unattributed,call,482B1F,8,4,float,
482C91,unattributed,call,482C91,8,4,float,
482CBA,unattributed,call,482CBA,8,4,float,
482D44,unattributed,call,482D44,8,4,float,
482D90,unattributed,call,482D90,8,4,float,
482DD3,unattributed,call,482DD3,8,4,float,
482E2D,unattributed,call,482E2D,8,4,float,
482E98,unattributed,multiplier,482E98,8,4,float,
482EC2,unattributed,multiplier,482EC2,8,4,float,
482EE6,unattributed,multiplier,482EE6,8,4,float,
482F29,unattributed,call,482F29,8,4,float,
482F51,unattributed,call,482F51,8,4,float,
482F90,unattributed,call,482F90,8,4,float,
482FB8,unattributed,call,482FB8,8,4,float,
482FF6,unattributed,call,482FF6,8,4,float,
483071,unattributed,call,483071,8,4,float,
4830EC,unattributed,call,4830EC,8,4,float,
48313C,unattributed,call,48313C,8,4,float,
48318E,unattributed,call,48318E,8,4,float,
4832D2,unattributed,float-expr,4832D2,8,4,float,
483300,unattributed,float-expr,483300,8,4,float,
4893CB,unattributed,counter,4893C8,6,2,int,
489529,unattributed,counter,,,,,branch target inside
489658,unattributed,counter,489658,8,1,int,
489D93,unattributed,counter,489D93,7,4,int,
489DB0,unattributed,counter,489DB0,6,1,int,
489EBE,unattributed,counter,489EBE,6,1,int,
489F8F,unattributed,counter,489F8F,7,4,int,
48A01F,unattributed,float-step,48A01F,8,4,float,
48A05B,unattributed,counter,48A05B,6,4,int,
48A06B,unattributed,counter,48A06B,6,1,int,
48A088,unattributed,float-step,48A088,8,4,float,
48A30D,unattributed,float-step,48A30D,5,4,float,
48A739,unattributed,counter,48A737,5,4,int,
48A89F,unattributed,counter,48A89D,5,4,int,
48A8E8,unattributed,counter,48A8E8,5,4,int,
48AB1B,unattributed,other,,,,,not a store (census artifact)
48AD5B,unattributed,float-step,48AD5B,5,4,float,
48AF57,unattributed,float-step,48AF57,5,4,float,
48BEEE,unattributed,counter,,,,,branch target inside
48C0A6,unattributed,counter,,,,,branch target inside
48C0FC,unattributed,counter,,,,,branch target inside
48C146,unattributed,counter,,,,,branch target inside
48C4C9,unattributed,counter,,,,,branch target inside
48C4EA,unattributed,counter,,,,,branch target inside
48C4F5,unattributed,counter,,,,,branch target inside
48C51B,unattributed,counter,,,,,branch target inside
48C5AB,unattributed,counter,,,,,branch target inside
48C5CE,unattributed,counter,48C5CC,5,1,int,
48DAE0,unattributed,counter,48DAE0,7,1,int,
48DCB6,unattributed,counter,48DCB6,7,1,int,
48DDA6,unattributed,float-expr,48DDA6,8,4,float,
48DE43,unattributed,int-expr,48DE43,6,4,int,
48DE49,unattributed,counter,48DE49,6,1,int,
48E00D,unattributed,counter,48E00D,6,1,int,
48E07A,unattributed,float-expr,48E07A,8,4,float,
48E0A7,unattributed,counter,48E0A7,6,1,int,
48E227,unattributed,counter,48E227,7,2,int,
48E251,unattributed,counter,48E251,7,1,int,
48F331,unattributed,counter,48F331,7,2,int,
48F4E1,unattributed,float-step,48F4E1,5,4,float,
48FC5D,unattributed,counter,48FC5D,6,1,int,
48FCE1,unattributed,counter,48FCE1,6,1,int,
48FF25,unattributed,counter,48FF25,6,1,int,
48FF69,unattributed,counter,48FF69,7,1,int,
48FFD4,unattributed,counter,48FFD4,6,1,int,
490394,unattributed,counter,490394,6,1,int,
49041C,unattributed,counter,49041C,6,1,int,
4904A1,unattributed,counter,4904A1,5,1,int,
4905A8,unattributed,counter,4905A8,5,1,int,
490978,unattributed,counter,490978,5,1,int,
490AEA,unattributed,counter,490AEA,5,1,int,
49125A,unattributed,counter,49125A,7,2,int,
491392,unattributed,counter,491392,6,1,int,
4913B7,unattributed,counter,4913B7,6,1,int,
491479,unattributed,counter,491479,6,1,int,
491512,unattributed,counter,491512,6,1,int,
491575,unattributed,counter,491575,6,1,int,
491699,unattributed,counter,491699,8,2,int,
491799,unattributed,counter,491799,6,1,int,
491851,unattributed,counter,491851,6,1,int,
4918D6,unattributed,counter,4918D6,6,1,int,
493564,unattributed,int-expr,493564,6,4,int,
493E53,unattributed,counter,493E53,6,1,int,
493F21,unattributed,counter,493F21,6,1,int,
493FFF,unattributed,counter,493FFF,6,1,int,
49415F,unattributed,counter,49415F,6,1,int,
49422D,unattributed,counter,49422D,6,1,int,
49430B,unattributed,counter,49430B,6,1,int,
495F36,unattributed,counter,495F36,6,4,int,
496521,unattributed,int-expr,496521,5,4,int,
496542,unattributed,int-expr,496542,5,4,int,
496587,unattributed,int-expr,496587,6,4,int,
4965B9,unattributed,int-expr,4965B9,6,4,int,
496706,unattributed,int-step,496703,6,4,int,
49671A,unattributed,int-expr,49671A,7,4,int,
4967DD,unattributed,int-expr,4967DD,5,2,int,
498E49,unattributed,multiplier,498E49,8,4,float,
49D1AB,unattributed,int-step,49D1A7,8,2,int,
49DD00,unattributed,counter,49DCFE,5,4,int,
49DD33,unattributed,counter,49DD31,6,2,int,
49DE86,unattributed,counter,49DE86,5,1,int,
49E0A6,unattributed,counter,49E0A6,5,1,int,
4A04BE,unattributed,counter,4A04BE,8,2,int,
4A0526,unattributed,counter,4A0526,11,2,int,
4A0A79,unattributed,counter,,,,,branch target inside
4A0AA7,unattributed,counter,4A0AA7,6,2,int,
4A1007,unattributed,counter,4A1007,5,1,int,
4A100F,unattributed,counter,,,,,branch target inside
4A1E30,unattributed,float-step,4A1E30,8,4,float,
4A1E53,unattributed,float-expr,4A1E53,8,4,float,
4A1E69,unattributed,float-expr,4A1E69,8,4,float,
4A1E8E,unattributed,float-step,4A1E8E,8,4,float,
4A3CA0,unattributed,counter,4A3CA0,5,4,int,
4A3CAC,unattributed,counter,,,,,branch target inside
4A5C72,unattributed,int-expr,4A5C6E,6,4,int,
4A6862,unattributed,float-step,4A6862,8,4,float,
4A68A2,unattributed,float-step,4A68A2,8,4,float,
4A77AC,unattributed,multiplier,4A77AC,5,4,float,
4A77B1,unattributed,multiplier,4A77B1,6,4,float,
4A77B7,unattributed,multiplier,4A77B7,6,4,float,
4A77C9,unattributed,multiplier,4A77C9,5,4,float,
4A77E1,unattributed,multiplier,4A77E1,5,4,float,
4A77FF,unattributed,multiplier,4A77FF,5,4,float,
4A792B,unattributed,float-expr,4A792B,5,4,float,
4A7934,unattributed,float-expr,4A7934,5,4,float,
4A7939,unattributed,float-expr,4A7939,5,4,float,
4A7995,unattributed,float-expr,4A7995,5,4,float,
4A79B2,unattributed,float-expr,4A79B2,5,4,float,
4A79BF,unattributed,float-expr,4A79BF,5,4,float,
4A8A34,unattributed,float-expr,4A8A34,5,4,float,
4A8A70,unattributed,float-expr,4A8A70,5,4,float,
4A8C36,unattributed,lerp,4A8C36,5,4,float,
4A8C45,unattributed,float-expr,4A8C45,5,4,float,
4A8C53,unattributed,lerp,4A8C53,5,4,float,
4A8CA4,unattributed,float-expr,4A8CA4,5,4,float,
4A8CBA,unattributed,float-expr,4A8CBA,5,4,float,
4A8CC3,unattributed,float-expr,4A8CC3,5,4,float,
4AA9D9,unattributed,counter,4AA9D9,6,1,int,
4AAB1E,unattributed,counter,4AAB1E,6,1,int,
4AAB43,unattributed,counter,4AAB43,7,2,int,
4AAB62,unattributed,counter,4AAB62,6,1,int,
4AABD0,unattributed,counter,4AABD0,6,1,int,
4AABE8,unattributed,counter,4AABE8,7,2,int,
4AACD6,unattributed,counter,4AACD6,6,1,int,
4AAD7D,unattributed,counter,4AAD7D,6,1,int,
4AAD97,unattributed,counter,4AAD97,7,2,int,
4AADA8,unattributed,counter,4AADA8,6,1,int,
4AAE90,unattributed,counter,4AAE90,6,1,int,
4AAF9F,unattributed,counter,4AAF9F,6,1,int,
4AAFCA,unattributed,counter,4AAFCA,7,2,int,
4AB095,unattributed,counter,4AB095,6,1,int,
4AB111,unattributed,counter,4AB111,6,1,int,
4AB1E8,unattributed,counter,4AB1E8,6,1,int,
4AB2F5,unattributed,counter,4AB2F5,6,1,int,
4AB3B1,unattributed,counter,4AB3B1,6,1,int,
4AB4BD,unattributed,counter,4AB4BD,6,1,int,
4AB525,unattributed,counter,4AB525,6,1,int,
4AB55A,unattributed,counter,4AB55A,6,1,int,
4AB656,unattributed,counter,4AB656,6,1,int,
4AB6AE,unattributed,counter,4AB6AE,7,2,int,
4ABB42,unattributed,counter,4ABB42,6,1,int,
4ABBDB,unattributed,counter,4ABBDB,6,1,int,
4ABC15,unattributed,phase-wrap,4ABC15,8,4,float,
4ABC5B,unattributed,counter,4ABC5B,6,1,int,
4ABD4D,unattributed,counter,4ABD4D,6,1,int,
4ABDB8,unattributed,counter,4ABDB8,6,1,int,
4ABDE4,unattributed,counter,4ABDE4,7,2,int,
4ABDF5,unattributed,counter,4ABDF5,6,1,int,
4ABEAA,unattributed,counter,4ABEAA,6,1,int,
4ABF08,unattributed,float-step,4ABF08,8,4,float,
4ABF27,unattributed,int-expr,4ABF27,7,2,int,
4ABFD7,unattributed,counter,4ABFD7,6,1,int,
4AC02C,unattributed,counter,4AC02C,6,1,int,
4AC03E,unattributed,counter,4AC03E,6,1,int,
4AC119,unattributed,counter,4AC119,6,1,int,
4AC187,unattributed,counter,4AC187,6,1,int,
4AD014,unattributed,float-step,4AD014,8,4,float,
4AD026,unattributed,float-expr,4AD026,8,4,float,
4AD051,unattributed,float-step,4AD051,8,4,float,
4AD063,unattributed,float-expr,4AD063,8,4,float,
4AD0F3,unattributed,counter,4AD0F3,6,1,int,
4AD32C,unattributed,float-expr,4AD32C,8,4,float,
4AEDB0,unattributed,int-step,4AEDB0,7,4,int,
4AEDCA,unattributed,int-step,4AEDC5,8,4,int,
4AEDD9,unattributed,int-step,4AEDD4,8,4,int,
4AEE1F,unattributed,counter,4AEE1F,7,2,int,
4AF8C2,unattributed,counter,4AF8C0,5,4,int,
4AF991,unattributed,counter,4AF98F,5,4,int,
4AF9B9,unattributed,counter,4AF9B4,9,2,int,
4AFBF5,unattributed,int-step,4AFBF5,7,4,int,
4AFC0E,unattributed,int-step,4AFC09,8,4,int,
4AFC1D,unattributed,int-step,4AFC18,8,4,int,
4AFC61,unattributed,counter,4AFC61,7,2,int,
4B2F8B,unattributed,counter,4B2F8B,7,1,int,
4B320B,unattributed,counter,4B320B,6,2,int,
4B323E,unattributed,counter,4B323E,6,1,int,
4B33C0,unattributed,counter,4B33C0,6,1,int,
4B6466,unattributed,int-expr,4B6466,6,4,int,
4B651E,unattributed,frame-derived,4B651E,6,4,int,
4B668B,unattributed,port:mode,4B668B,9,4,int,
4B6D58,unattributed,counter,4B6D58,6,4,int,
4B6EF8,unattributed,int-step,4B6EF8,7,8,int,
4B72F2,unattributed,int-step,4B72F2,7,8,int,
4B786E,unattributed,multiplier,4B786E,10,4,float,
4B7931,unattributed,phase-wrap,4B7931,10,4,float,
4B7950,unattributed,phase-wrap,4B7950,10,4,float,
4B7978,unattributed,multiplier,4B7978,10,4,float,
4B79DF,unattributed,lerp,4B79DF,10,4,float,
4B7A34,unattributed,lerp,4B7A34,10,4,float,
4B7A9B,unattributed,lerp,4B7A9B,10,4,float,
4B7BB5,unattributed,lerp,4B7BB5,8,4,float,
4B7C18,unattributed,lerp,4B7C18,5,4,float,
4B7C80,unattributed,lerp,4B7C80,5,4,float,
4B7D45,unattributed,call,4B7D45,8,4,float,
4B7DAB,unattributed,call,4B7DAB,8,4,float,
4B7E11,unattributed,call,4B7E11,8,4,float,
4B7FF0,unattributed,lerp,4B7FF0,8,4,float,
4B804C,unattributed,lerp,4B804C,8,4,float,
4B80A8,unattributed,lerp,4B80A8,8,4,float,
4B8294,unattributed,multiplier,4B8294,9,4,float,
4B834E,unattributed,phase-wrap,4B834E,9,4,float,
4B836B,unattributed,phase-wrap,4B836B,9,4,float,
4B8397,unattributed,multiplier,4B8397,9,4,float,
4B9D73,unattributed,counter,4B9D73,6,4,int,
4B9F22,unattributed,float-expr,4B9F22,8,4,float,
4B9FFF,unattributed,float-expr,4B9FFF,8,4,float,
4BA82F,unattributed,int-expr,4BA82F,6,4,int,
4BAAB6,unattributed,int-expr,4BAAB6,6,4,int,
4BBED9,unattributed,float-expr,4BBED9,5,4,float,
4BBF01,unattributed,counter,4BBF01,8,4,int,
4BBF17,unattributed,float-expr,4BBF17,5,4,float,
4BDA0A,unattributed,int-expr,4BDA0A,6,4,int,
4BDA21,unattributed,int-step,4BDA1C,8,4,int,
4BE6DB,unattributed,float-step,4BE6DB,8,4,float,
4BE6E3,unattributed,float-expr,4BE6E3,8,4,float,
4C1194,unattributed,counter,4C1192,5,4,int,
4C1263,unattributed,counter,4C1263,8,4,int,
4C133F,unattributed,counter,4C133F,10,4,int,
4C1547,unattributed,counter,4C1547,7,4,int,
4C15AE,unattributed,counter,4C15AE,10,4,int,
4C1695,unattributed,counter,4C1695,10,4,int,
4C16D4,unattributed,counter,4C16D4,10,4,int,
4C19A6,unattributed,counter,4C19A6,10,4,int,
4C1A5B,unattributed,counter,4C1A5B,5,4,int,
4C1C03,unattributed,float-step,4C1C03,5,4,float,
4C1C26,unattributed,float-step,4C1C26,5,4,float,
4C1C49,unattributed,float-step,4C1C49,5,4,float,
4C1C6C,unattributed,float-step,4C1C6C,5,4,float,
4C1C8F,unattributed,float-step,4C1C8F,5,4,float,
4C1CB2,unattributed,float-step,4C1CB2,5,4,float,
4C1CD5,unattributed,float-step,4C1CD5,5,4,float,
4C2106,unattributed,float-step,4C2106,8,4,float,
4C2140,unattributed,float-step,4C2140,8,4,float,
4C2E41,unattributed,counter,4C2E3F,5,4,int,
4C34B3,unattributed,counter,4C34B3,10,4,int,
4C3543,unattributed,counter,4C3543,10,4,int,
4C35E5,unattributed,counter,4C35DE,10,4,int,
4C3610,unattributed,float-expr,4C3610,8,4,float,
4C3618,unattributed,float-expr,4C3618,8,4,float,
4C3620,unattributed,float-expr,4C3620,8,4,float,
4C3658,unattributed,float-expr,4C3658,8,4,float,
4C3A56,unattributed,float-step,4C3A56,8,4,float,
4C3A5E,unattributed,float-step,4C3A5E,8,4,float,
4C3A66,unattributed,float-step,4C3A66,8,4,float,
4C3A9D,unattributed,float-step,4C3A9D,8,4,float,
4C3AB1,unattributed,float-step,4C3AB1,8,4,float,
4C3AC5,unattributed,float-step,4C3AC5,8,4,float,
4C3B24,unattributed,float-step,4C3B24,8,4,float,
4C3B2C,unattributed,float-step,4C3B2C,8,4,float,
4C3B34,unattributed,float-step,4C3B34,8,4,float,
4C3B6D,unattributed,float-step,4C3B6D,8,4,float,
4C3E1B,unattributed,float-step,4C3E1B,5,4,float,
4C3E3E,unattributed,float-step,4C3E3E,5,4,float,
4C3E61,unattributed,float-step,4C3E61,5,4,float,
4C3E84,unattributed,float-step,4C3E84,5,4,float,
4C3EA7,unattributed,float-step,4C3EA7,5,4,float,
4C3ECA,unattributed,float-step,4C3ECA,5,4,float,
4C3EFB,unattributed,float-step,4C3EFB,5,4,float,
4C7B24,unattributed,counter,4C7B24,6,4,int,
4C807D,unattributed,float-step,4C807D,8,4,float,
4C809D,unattributed,float-step,4C809D,8,4,float,
4C80BD,unattributed,float-step,4C80BD,8,4,float,
4C8125,unattributed,float-step,4C8125,8,4,float,
4C835F,unattributed,counter,4C835F,5,4,int,
4C84B4,unattributed,float-step,4C84B4,8,4,float,
4C850D,unattributed,float-step,4C850D,8,4,float,
4C9726,unattributed,counter,4C9726,10,4,int,
4CBBB1,unattributed,float-step,4CBBB1,8,4,float,
4CBBC9,unattributed,float-step,4CBBC9,8,4,float,
4CBBE1,unattributed,float-step,4CBBE1,8,4,float,
4CBC3C,unattributed,float-step,4CBC3C,8,4,float,
4CBC54,unattributed,float-step,4CBC54,8,4,float,
4CBC6C,unattributed,float-step,4CBC6C,8,4,float,
4CBCD0,unattributed,float-expr,4CBCD0,8,4,float,
4CBCE8,unattributed,float-expr,4CBCE8,8,4,float,
4CBD00,unattributed,float-expr,4CBD00,8,4,float,
4CBD4C,unattributed,float-expr,4CBD4C,8,4,float,
4CF15C,unattributed,float-step,4CF15C,8,4,float,
4D2650,unattributed,float-expr,4D2650,8,4,float,
4D373A,unattributed,counter,4D3733,10,4,int,
4D37BA,unattributed,counter,4D37BA,5,4,int,
4D514C,unattributed,float-step,4D514C,8,4,float,
4D5154,unattributed,float-step,4D5154,8,4,float,
4D515C,unattributed,float-step,4D515C,8,4,float,
4D519D,unattributed,float-step,4D519D,8,4,float,
4D51B1,unattributed,float-step,4D51B1,8,4,float,
4D51C5,unattributed,float-step,4D51C5,8,4,float,
4D5CF5,unattributed,float-step,4D5CF5,5,4,float,
4D6EA8,unattributed,float-step,4D6EA8,8,4,float,
4D73DC,unattributed,counter,4D73D9,5,1,int,
4D7BC9,unattributed,counter,4D7BC9,6,4,int,
4D7C98,unattributed,float-step,4D7C98,8,4,float,
4D7CA0,unattributed,float-step,4D7CA0,8,4,float,
4D7CA8,unattributed,float-step,4D7CA8,8,4,float,
4D7CF5,unattributed,float-step,4D7CF5,8,4,float,
4D7D09,unattributed,float-step,4D7D09,8,4,float,
4D7D11,unattributed,float-step,4D7D11,8,4,float,
4D7D46,unattributed,float-step,4D7D46,8,4,float,
4D7D5A,unattributed,float-step,4D7D5A,8,4,float,
4D7D6E,unattributed,float-step,4D7D6E,8,4,float,
4D7DD6,unattributed,float-step,4D7DD6,8,4,float,
4D7DDE,unattributed,float-step,4D7DDE,8,4,float,
4D7DE6,unattributed,float-step,4D7DE6,8,4,float,
4D7E1F,unattributed,float-step,4D7E1F,8,4,float,
4DA5C2,unattributed,float-step,4DA5C2,8,4,float,
4DA5D6,unattributed,float-step,4DA5D6,8,4,float,
4E0780,unattributed,counter,4E0780,5,4,int,
4E07D8,unattributed,float-step,4E07D8,8,4,float,
4E07EC,unattributed,float-step,4E07EC,8,4,float,
4E07F4,unattributed,float-step,4E07F4,8,4,float,
4E082E,unattributed,float-step,4E082E,8,4,float,
4E0836,unattributed,float-step,4E0836,8,4,float,
4E083E,unattributed,float-step,4E083E,8,4,float,
4E0898,unattributed,float-step,4E0898,8,4,float,
4E08A0,unattributed,float-step,4E08A0,8,4,float,
4E08A8,unattributed,float-step,4E08A8,8,4,float,
4E08E1,unattributed,float-step,4E08E1,8,4,float,
4E2261,unattributed,float-step,4E2261,8,4,float,
4E2269,unattributed,float-step,4E2269,8,4,float,
4E2271,unattributed,float-step,4E2271,8,4,float,
4E22AD,unattributed,float-step,4E22AD,8,4,float,
4E22C1,unattributed,float-step,4E22C1,8,4,float,
4E22D5,unattributed,float-step,4E22D5,8,4,float,
4EE8B0,unattributed,counter,4EE8B0,5,4,int,
4EE908,unattributed,float-step,4EE908,8,4,float,
4EE91C,unattributed,float-step,4EE91C,8,4,float,
4EE924,unattributed,float-step,4EE924,8,4,float,
4EE95E,unattributed,float-step,4EE95E,8,4,float,
4EE966,unattributed,float-step,4EE966,8,4,float,
4EE96E,unattributed,float-step,4EE96E,8,4,float,
4EE9C8,unattributed,float-step,4EE9C8,8,4,float,
4EE9D0,unattributed,float-step,4EE9D0,8,4,float,
4EE9D8,unattributed,float-step,4EE9D8,8,4,float,
4EEA11,unattributed,float-step,4EEA11,8,4,float,
4EF891,unattributed,float-step,4EF891,8,4,float,
4EF899,unattributed,float-step,4EF899,8,4,float,
4EF8A1,unattributed,float-step,4EF8A1,8,4,float,
4EF8DD,unattributed,float-step,4EF8DD,8,4,float,
4EF8F1,unattributed,float-step,4EF8F1,8,4,float,
4EF905,unattributed,float-step,4EF905,8,4,float,
4F3665,unattributed,counter,4F3665,11,2,int,
4F3CD1,unattributed,counter,4F3CD1,6,1,int,
4F5698,unattributed,counter,4F5696,5,1,int,
4FCCC4,unattributed,counter,,,,,branch target inside
4FECD7,unattributed,counter,4FECD7,6,1,int,
4FFF45,unattributed,float-step,4FFF45,8,4,float,
50122B,unattributed,counter,,,,,branch target inside
5015C7,unattributed,counter,5015C7,6,4,int,
504BE8,unattributed,float-step,504BE8,8,4,float,
504C07,unattributed,float-step,504C07,8,4,float,
504C26,unattributed,float-step,504C26,8,4,float,
504C8A,unattributed,float-step,504C8A,8,4,float,
504E76,unattributed,counter,504E76,5,4,int,
504FD2,unattributed,float-step,504FD2,8,4,float,
50502C,unattributed,float-step,50502C,8,4,float,
5070C0,unattributed,float-step,5070C0,8,4,float,
5070D7,unattributed,float-step,5070D7,8,4,float,
5070EE,unattributed,float-step,5070EE,8,4,float,
50714B,unattributed,float-step,50714B,8,4,float,
507162,unattributed,float-step,507162,8,4,float,
507179,unattributed,float-step,507179,8,4,float,
5071CF,unattributed,float-expr,5071CF,8,4,float,
5071E6,unattributed,float-expr,5071E6,8,4,float,
5071FD,unattributed,float-expr,5071FD,8,4,float,
507245,unattributed,float-expr,507245,8,4,float,
50826C,unattributed,counter,50826C,6,4,int,
508293,unattributed,counter,508293,6,4,int,
5082D2,unattributed,counter,5082D2,6,4,int,
5089D9,unattributed,counter,5089D9,6,4,int,
508A1C,unattributed,counter,508A1C,6,4,int,
50AEFE,unattributed,counter,,,,,branch target inside
50B0B6,unattributed,counter,50B0B6,7,4,int,
50B1F6,unattributed,counter,,,,,branch target inside
50B206,unattributed,counter,,,,,branch target inside
50B3EE,unattributed,counter,50B3EE,7,4,int,
50B549,unattributed,float-step,50B549,5,4,float,
50C047,unattributed,counter,50C047,7,2,int,
50C0B4,unattributed,counter,50C0B4,7,2,int,
50C41D,unattributed,counter,50C41D,6,1,int,
50C4C8,unattributed,counter,50C4C8,6,1,int,
50C550,unattributed,counter,50C550,5,1,int,
50C727,unattributed,counter,50C727,5,1,int,
50CA12,unattributed,counter,50CA12,5,1,int,
50CA77,unattributed,counter,50CA77,5,1,int,
50CBC2,unattributed,counter,50CBC2,7,1,int,
50F7A5,unattributed,counter,,,,,branch target inside
50FA71,unattributed,counter,50FA71,5,1,int,
50FCC1,unattributed,counter,50FCC1,8,1,int,
50FCED,unattributed,counter,,,,,branch target inside
50FFFD,unattributed,int-step,50FFFD,5,1,int,
510019,unattributed,multiplier,510016,6,1,int,
510025,unattributed,multiplier,510025,7,1,int,
51003C,unattributed,multiplier,51003C,8,1,int,
51007A,unattributed,int-step,51007A,8,1,int,
51008E,unattributed,multiplier,51008E,7,1,int,
5100A5,unattributed,multiplier,5100A5,7,1,int,
5100BF,unattributed,multiplier,5100BA,8,1,int,
5100D6,unattributed,int-step,5100D6,8,1,int,
5100EA,unattributed,multiplier,5100EA,7,1,int,
510101,unattributed,multiplier,510101,7,1,int,
510118,unattributed,multiplier,510118,7,1,int,
51015A,unattributed,int-step,51015A,8,1,int,
51016E,unattributed,multiplier,51016E,7,1,int,
510185,unattributed,multiplier,510185,7,1,int,
51019C,unattributed,multiplier,51019C,7,1,int,
510238,unattributed,int-step,510238,8,1,int,
51024C,unattributed,multiplier,51024C,7,1,int,
510263,unattributed,multiplier,510263,7,1,int,
51027A,unattributed,multiplier,51027A,7,1,int,
511179,unattributed,counter,511177,5,1,int,
51173B,unattributed,float-step,51173B,5,4,float,
511779,unattributed,float-step,511779,5,4,float,
51186B,unattributed,float-step,51186B,5,4,float,
513454,unattributed,counter,51344E,9,4,int,
51395D,unattributed,counter,51395D,5,1,int,
513A17,unattributed,counter,513A17,7,1,int,
514DCE,unattributed,counter,514DCE,6,4,int,
514E29,unattributed,counter,514E29,6,4,int,
51C021,unattributed,float-expr,51C021,8,4,float,
51C035,unattributed,float-expr,51C035,5,4,float,
51C04F,unattributed,float-expr,51C04F,5,4,float,
51C390,unattributed,float-expr,51C390,5,4,float,
51C3D4,unattributed,float-expr,51C3D0,8,4,float,
51C3E8,unattributed,float-expr,51C3E8,5,4,float,
51C402,unattributed,float-expr,51C402,5,4,float,
51CCF9,unattributed,counter,51CCF2,9,1,int,
51CD45,unattributed,counter,51CD3E,9,1,int,
51CD91,unattributed,counter,51CD8A,9,1,int,
51CDDD,unattributed,counter,51CDD6,9,1,int,
51F72F,unattributed,float-step,51F72F,8,4,float,
51F751,unattributed,float-step,51F751,8,4,float,
51F7D1,unattributed,float-step,51F7D1,8,4,float,
51F7F3,unattributed,float-step,51F7F3,8,4,float,
51FC10,unattributed,counter,51FC10,5,4,int,
51FC68,unattributed,float-step,51FC68,8,4,float,
51FC7C,unattributed,float-step,51FC7C,8,4,float,
51FC84,unattributed,float-step,51FC84,8,4,float,
51FCBE,unattributed,float-step,51FCBE,8,4,float,
51FCC6,unattributed,float-step,51FCC6,8,4,float,
51FCCE,unattributed,float-step,51FCCE,8,4,float,
51FD28,unattributed,float-step,51FD28,8,4,float,
51FD30,unattributed,float-step,51FD30,8,4,float,
51FD38,unattributed,float-step,51FD38,8,4,float,
51FD71,unattributed,float-step,51FD71,8,4,float,
520289,unattributed,float-step,520289,8,4,float,
520291,unattributed,float-step,520291,8,4,float,
520299,unattributed,float-step,520299,8,4,float,
5202DD,unattributed,float-step,5202DD,8,4,float,
5202F1,unattributed,float-step,5202F1,8,4,float,
520305,unattributed,float-step,520305,8,4,float,
520742,unattributed,float-step,520742,5,4,float,
52075B,unattributed,float-step,52075B,5,4,float,
5207E6,unattributed,float-step,5207E6,5,4,float,
5207FB,unattributed,float-step,5207FB,5,4,float,
5210EA,unattributed,float-step,5210EA,8,4,float,
521105,unattributed,float-step,521105,8,4,float,
521120,unattributed,float-step,521120,8,4,float,
52116F,unattributed,float-step,52116F,8,4,float,
52118A,unattributed,float-step,52118A,8,4,float,
5211A5,unattributed,float-step,5211A5,8,4,float,
52120E,unattributed,float-step,52120E,8,4,float,
521229,unattributed,float-step,521229,8,4,float,
52127F,unattributed,float-step,52127F,8,4,float,
52129A,unattributed,float-step,52129A,8,4,float,
52144F,unattributed,counter,52144F,6,4,int,
52147F,unattributed,counter,52147F,6,4,int,
526423,unattributed,float-step,526423,9,4,float,
52647F,unattributed,float-step,52647F,11,4,float,
52BDA2,unattributed,counter,52BDA2,8,1,int,
52E4C9,unattributed,float-step,52E4C9,5,4,float,
52E4F0,unattributed,float-step,52E4F0,5,4,float,
52E528,unattributed,float-step,52E528,5,4,float,
52E57A,unattributed,float-step,52E57A,5,4,float,
52E5A1,unattributed,float-step,52E5A1,5,4,float,
52E5F6,unattributed,float-step,52E5F6,5,4,float,
52E610,unattributed,float-step,52E610,5,4,float,
52EE71,unattributed,counter,52EE71,10,4,int,
52EF11,unattributed,counter,52EF11,5,4,int,
52F045,unattributed,counter,52F045,5,4,int,
5300F2,unattributed,float-step,5300F2,8,4,float,
5300FA,unattributed,float-step,5300FA,8,4,float,
530102,unattributed,float-step,530102,8,4,float,
53013D,unattributed,float-step,53013D,8,4,float,
530151,unattributed,float-step,530151,8,4,float,
530165,unattributed,float-step,530165,8,4,float,
5301D6,unattributed,float-expr,5301D6,8,4,float,
5301DE,unattributed,float-expr,5301DE,8,4,float,
5301E6,unattributed,float-expr,5301E6,8,4,float,
53021E,unattributed,float-expr,53021E,8,4,float,
5309C7,unattributed,lerp,5309C7,8,4,float,
5309EB,unattributed,lerp,5309EB,8,4,float,
530A02,unattributed,lerp,530A02,8,4,float,
530A11,unattributed,counter,530A11,10,4,int,
530A58,unattributed,lerp,530A58,8,4,float,
530A77,unattributed,lerp,530A77,8,4,float,
530A96,unattributed,lerp,530A96,8,4,float,
530AA5,unattributed,counter,530AA5,10,4,int,
530AF7,unattributed,float-step,530AF7,8,4,float,
530B07,unattributed,lerp,530B07,8,4,float,
530B26,unattributed,lerp,530B26,8,4,float,
530B3D,unattributed,lerp,530B3D,8,4,float,
530B7E,unattributed,float-step,530B7E,8,4,float,
530B9D,unattributed,lerp,530B9D,8,4,float,
530BBC,unattributed,lerp,530BBC,8,4,float,
530BDB,unattributed,lerp,530BDB,8,4,float,
531346,unattributed,float-step,531346,8,4,float,
53134E,unattributed,float-step,53134E,8,4,float,
531356,unattributed,float-step,531356,8,4,float,
53139D,unattributed,float-step,53139D,8,4,float,
5313B1,unattributed,float-step,5313B1,8,4,float,
5313C5,unattributed,float-step,5313C5,8,4,float,
531424,unattributed,float-step,531424,8,4,float,
53142C,unattributed,float-step,53142C,8,4,float,
531434,unattributed,float-step,531434,8,4,float,
53146D,unattributed,float-step,53146D,8,4,float,
535625,unattributed,phase-wrap,535625,8,4,float,
539CDA,unattributed,counter,539CDA,7,4,int,
539DCC,unattributed,counter,539DCC,6,1,int,
539DEE,unattributed,counter,539DEE,6,1,int,
53A2C4,unattributed,counter,53A2C4,7,1,int,
53A2D3,unattributed,counter,,,,,branch target inside
53A410,unattributed,counter,53A410,10,1,int,
53A8E2,unattributed,counter,53A8DE,8,1,int,
53A900,unattributed,counter,53A900,11,1,int,
5428AE,unattributed,counter,5428AE,7,4,int,
5440B9,unattributed,counter,5440B9,6,1,int,
5440DE,unattributed,counter,5440DE,6,1,int,
54447A,unattributed,counter,54447A,6,4,int,
5447F2,unattributed,counter,5447EB,10,4,int,
54BED7,unattributed,float-step,54BED7,8,4,float,
54F2D9,unattributed,float-expr,54F2D9,8,4,float,
54F380,unattributed,counter,,,,,branch target inside
54F601,unattributed,float-step,54F601,8,4,float,
54F669,unattributed,float-expr,54F669,8,4,float,
54F8AB,unattributed,float-expr,54F8AB,8,4,float,
54F903,unattributed,float-step,54F903,8,4,float,
54F9DB,unattributed,float-expr,54F9DB,8,4,float,
551F61,unattributed,phase-wrap,551F61,5,4,float,
553A36,unattributed,other,,,,,not a store (census artifact)
553AAC,unattributed,other,,,,,not a store (census artifact)
553ABC,unattributed,other,553ABC,7,4,int,
553AE3,unattributed,other,553AE3,7,4,int,
553B04,unattributed,other,553B04,6,4,int,
553B4B,unattributed,counter,553B4B,6,4,int,
553B51,unattributed,other,553B51,6,4,int,
553B8F,unattributed,counter,553B8F,6,4,int,
553B95,unattributed,other,553B95,6,4,int,
553BBA,unattributed,other,553BBA,6,4,int,
553C15,unattributed,counter,553C15,6,4,int,
553C1B,unattributed,other,553C1B,6,4,int,
553C42,unattributed,counter,553C42,6,4,int,
553C48,unattributed,other,553C48,6,4,int,
553C85,unattributed,counter,553C85,6,4,int,
553C95,unattributed,other,553C95,6,4,int,
553CC4,unattributed,counter,553CC4,6,4,int,
553CE3,unattributed,other,553CE3,6,4,int,
5542AA,unattributed,counter,5542A8,5,4,int,
554340,unattributed,counter,554340,12,4,int,
554343,unattributed,counter,554340,12,4,int,
554346,unattributed,counter,554340,12,4,int,
559F25,unattributed,counter,559F1E,10,2,int,
55A4D7,unattributed,counter,55A4D5,5,2,int,
55A589,unattributed,float-step,55A589,8,4,float,
55A5C5,unattributed,float-step,55A5C5,8,4,float,
55A62D,unattributed,float-step,55A62D,8,4,float,
55A669,unattributed,float-step,55A669,8,4,float,
55A6D5,unattributed,float-step,55A6D5,8,4,float,
55A711,unattributed,float-step,55A711,8,4,float,
55A770,unattributed,float-step,55A770,8,4,float,
55A784,unattributed,float-step,55A784,8,4,float,
55A78C,unattributed,float-step,55A78C,8,4,float,
55A7CB,unattributed,float-step,55A7CB,8,4,float,
55A7DE,unattributed,float-step,55A7DE,8,4,float,
55A7E6,unattributed,float-step,55A7E6,8,4,float,
55A818,unattributed,float-step,55A818,8,4,float,
55A864,unattributed,float-step,55A864,8,4,float,
55A878,unattributed,float-step,55A878,8,4,float,
55A880,unattributed,float-step,55A880,8,4,float,
55A8C6,unattributed,float-step,55A8C6,8,4,float,
55A8CE,unattributed,float-step,55A8CE,8,4,float,
55A8D6,unattributed,float-step,55A8D6,8,4,float,
55A908,unattributed,float-step,55A908,8,4,float,
55C081,unattributed,counter,55C081,9,1,int,
55C0DE,unattributed,float-expr,55C0DE,8,4,float,
55C0F9,unattributed,multiplier,55C0F9,8,4,float,
55C101,unattributed,float-expr,55C101,8,4,float,
55C11C,unattributed,float-step,55C11C,8,4,float,
55C124,unattributed,multiplier,55C124,8,4,float,
55C134,unattributed,float-expr,55C134,8,4,float,
55C18E,unattributed,multiplier,55C18E,8,4,float,
55C1A6,unattributed,multiplier,55C1A6,8,4,float,
55C1AE,unattributed,multiplier,55C1AE,8,4,float,
55C1C7,unattributed,counter,55C1C7,5,1,int,
56BCE1,unattributed,counter,56BCE1,9,1,int,
56BD3E,unattributed,float-expr,56BD3E,8,4,float,
56BD59,unattributed,multiplier,56BD59,8,4,float,
56BD61,unattributed,float-expr,56BD61,8,4,float,
56BD7C,unattributed,float-step,56BD7C,8,4,float,
56BD84,unattributed,multiplier,56BD84,8,4,float,
56BD94,unattributed,float-expr,56BD94,8,4,float,
56BDEE,unattributed,multiplier,56BDEE,8,4,float,
56BE06,unattributed,multiplier,56BE06,8,4,float,
56BE0E,unattributed,multiplier,56BE0E,8,4,float,
56BE27,unattributed,counter,56BE27,5,1,int,
56E161,unattributed,counter,56E161,9,1,int,
56E1BE,unattributed,float-expr,56E1BE,8,4,float,
56E1D9,unattributed,multiplier,56E1D9,8,4,float,
56E1E1,unattributed,float-expr,56E1E1,8,4,float,
56E1FC,unattributed,float-step,56E1FC,8,4,float,
56E204,unattributed,multiplier,56E204,8,4,float,
56E214,unattributed,float-expr,56E214,8,4,float,
56E26E,unattributed,multiplier,56E26E,8,4,float,
56E286,unattributed,multiplier,56E286,8,4,float,
56E28E,unattributed,multiplier,56E28E,8,4,float,
56E2A7,unattributed,counter,56E2A7,5,1,int,
57040A,unattributed,counter,57040A,7,2,int,
570499,unattributed,counter,570499,7,2,int,
572199,unattributed,lerp,572195,8,4,float,
5721BD,unattributed,float-expr,5721BD,5,4,float,
5721E2,unattributed,call,5721E2,8,4,float,
57225D,unattributed,lerp,572259,8,4,float,
572281,unattributed,float-expr,572281,5,4,float,
572293,unattributed,call,572293,8,4,float,
5740CA,unattributed,counter,5740CA,10,4,int,
57414B,unattributed,counter,57414B,5,4,int,
57709C,unattributed,float-step,57709C,8,4,float,
5770A4,unattributed,float-step,5770A4,8,4,float,
5770AC,unattributed,float-step,5770AC,8,4,float,
5770ED,unattributed,float-step,5770ED,8,4,float,
577101,unattributed,float-step,577101,8,4,float,
577115,unattributed,float-step,577115,8,4,float,
577184,unattributed,float-expr,577184,8,4,float,
57718C,unattributed,float-expr,57718C,8,4,float,
577194,unattributed,float-expr,577194,8,4,float,
5771CC,unattributed,float-expr,5771CC,8,4,float,
5775BA,unattributed,float-step,5775BA,8,4,float,
577600,unattributed,float-step,577600,8,4,float,
577D16,unattributed,float-step,577D16,8,4,float,
577D1E,unattributed,float-step,577D1E,8,4,float,
577D26,unattributed,float-step,577D26,8,4,float,
577D5D,unattributed,float-step,577D5D,8,4,float,
577D71,unattributed,float-step,577D71,8,4,float,
577D85,unattributed,float-step,577D85,8,4,float,
577DE4,unattributed,float-step,577DE4,8,4,float,
577DEC,unattributed,float-step,577DEC,8,4,float,
577DF4,unattributed,float-step,577DF4,8,4,float,
577E2D,unattributed,float-step,577E2D,8,4,float,
579B02,unattributed,counter,579B02,6,4,int,
579F14,unattributed,counter,579F14,5,4,int,
58246B,unattributed,float-step,58246B,8,4,float,
58249A,unattributed,float-step,58249A,8,4,float,
5824C9,unattributed,float-step,5824C9,8,4,float,
5824F8,unattributed,float-step,5824F8,8,4,float,
582527,unattributed,float-step,582527,8,4,float,
58259B,unattributed,float-step,58259B,6,4,float,
5825C2,unattributed,float-step,5825C2,8,4,float,
5825F1,unattributed,float-step,5825F1,8,4,float,
582620,unattributed,float-step,582620,8,4,float,
582652,unattributed,float-step,582652,6,4,float,
585DCB,unattributed,float-step,585DCB,8,4,float,
585DEE,unattributed,float-step,585DEE,8,4,float,
585E11,unattributed,float-step,585E11,8,4,float,
585E85,unattributed,float-step,585E85,8,4,float,
586035,unattributed,counter,586035,6,4,int,
586197,unattributed,float-step,586197,8,4,float,
5861F0,unattributed,float-step,5861F0,8,4,float,
5868E4,unattributed,float-step,5868E4,8,4,float,
5868FF,unattributed,float-step,5868FF,8,4,float,
58691A,unattributed,float-step,58691A,8,4,float,
58697F,unattributed,float-step,58697F,8,4,float,
58699A,unattributed,float-step,58699A,8,4,float,
5869B5,unattributed,float-step,5869B5,8,4,float,
586A23,unattributed,float-expr,586A23,8,4,float,
586A3E,unattributed,float-expr,586A3E,8,4,float,
586A59,unattributed,float-expr,586A59,8,4,float,
586AB1,unattributed,float-expr,586AB1,8,4,float,
5885E0,unattributed,counter,5885E0,5,4,int,
588625,unattributed,float-step,588625,8,4,float,
58863D,unattributed,float-step,58863D,8,4,float,
588655,unattributed,float-step,588655,8,4,float,
58867B,unattributed,float-step,58867B,8,4,float,
588693,unattributed,float-step,588693,8,4,float,
5886AB,unattributed,float-step,5886AB,8,4,float,
588701,unattributed,float-step,588701,8,4,float,
58871A,unattributed,float-step,58871A,8,4,float,
588733,unattributed,float-step,588733,8,4,float,
58877F,unattributed,float-step,58877F,8,4,float,
588F53,unattributed,float-step,588F53,8,4,float,
588F72,unattributed,float-step,588F72,8,4,float,
588F91,unattributed,float-step,588F91,8,4,float,
588FFC,unattributed,float-step,588FFC,8,4,float,
58901B,unattributed,float-step,58901B,8,4,float,
58903A,unattributed,float-step,58903A,8,4,float,
58996D,unattributed,counter,58996D,6,4,int,
589994,unattributed,counter,589991,6,4,int,
589997,unattributed,counter,589997,10,4,int,
58BC77,unattributed,counter,58BC77,10,4,int,
58BCFB,unattributed,counter,58BCFB,5,4,int,
58C9BF,unattributed,float-step,58C9BF,8,4,float,
58C9C7,unattributed,float-step,58C9C7,8,4,float,
58C9CF,unattributed,float-step,58C9CF,8,4,float,
58CA0D,unattributed,float-step,58CA0D,8,4,float,
58CA21,unattributed,float-step,58CA21,8,4,float,
58CA35,unattributed,float-step,58CA35,8,4,float,
58CAA5,unattributed,float-expr,58CAA5,8,4,float,
58CAAD,unattributed,float-expr,58CAAD,8,4,float,
58CAB5,unattributed,float-expr,58CAB5,8,4,float,
58CAED,unattributed,float-expr,58CAED,8,4,float,
58CE6A,unattributed,float-step,58CE6A,8,4,float,
58CEB0,unattributed,float-step,58CEB0,8,4,float,
58D2A6,unattributed,float-step,58D2A6,8,4,float,
58D2AE,unattributed,float-step,58D2AE,8,4,float,
58D2B6,unattributed,float-step,58D2B6,8,4,float,
58D2ED,unattributed,float-step,58D2ED,8,4,float,
58D301,unattributed,float-step,58D301,8,4,float,
58D315,unattributed,float-step,58D315,8,4,float,
58D374,unattributed,float-step,58D374,8,4,float,
58D37C,unattributed,float-step,58D37C,8,4,float,
58D384,unattributed,float-step,58D384,8,4,float,
58D3BD,unattributed,float-step,58D3BD,8,4,float,
58F5D5,unattributed,counter,58F5CE,10,4,int,
58FAE7,unattributed,counter,58FAE0,10,4,int,
590FF7,unattributed,counter,590FF5,5,1,int,
596BA2,unattributed,counter,596BA0,5,1,int,
5971F6,unattributed,counter,5971F4,5,1,int,
597AF0,unattributed,counter,597AEE,5,1,int,
598BB0,unattributed,float-step,598BB0,8,4,float,
598BE3,unattributed,float-step,598BE3,8,4,float,
598BEB,unattributed,float-step,598BEB,8,4,float,
598C2C,unattributed,counter,598C2C,6,1,int,
598C66,unattributed,float-step,598C66,8,4,float,
598C74,unattributed,float-step,598C74,8,4,float,
59AC5F,unattributed,float-step,59AC5F,8,4,float,
59D652,unattributed,float-step,59D64F,7,4,float,
59D656,unattributed,float-step,59D656,8,4,float,
59D65E,unattributed,float-step,59D65E,8,4,float,
59D68D,unattributed,float-step,59D689,8,4,float,
59D69D,unattributed,float-step,59D69D,8,4,float,
59D6B1,unattributed,float-step,59D6B1,8,4,float,
59FDB0,unattributed,counter,59FDB0,5,4,int,
59FE08,unattributed,float-step,59FE08,8,4,float,
59FE1C,unattributed,float-step,59FE1C,8,4,float,
59FE24,unattributed,float-step,59FE24,8,4,float,
59FE5E,unattributed,float-step,59FE5E,8,4,float,
59FE66,unattributed,float-step,59FE66,8,4,float,
59FE6E,unattributed,float-step,59FE6E,8,4,float,
59FEC8,unattributed,float-step,59FEC8,8,4,float,
59FED0,unattributed,float-step,59FED0,8,4,float,
59FED8,unattributed,float-step,59FED8,8,4,float,
59FF11,unattributed,float-step,59FF11,8,4,float,
5A07E3,unattributed,float-step,5A07E3,8,4,float,
5A0815,unattributed,float-step,5A0815,8,4,float,
5A0833,unattributed,float-step,5A0833,8,4,float,
5A0847,unattributed,float-step,5A0847,8,4,float,
5A0854,unattributed,float-step,5A0854,8,4,float,
5A1273,unattributed,counter,5A1273,7,1,int,
5A129D,unattributed,counter,5A129D,7,1,int,
5A238A,unattributed,counter,5A2383,10,4,int,
5A2C87,unattributed,phase-wrap,5A2C87,8,4,float,
5A36DE,unattributed,float-expr,5A36DE,8,4,float,
5AA9F6,unattributed,counter,5AA9F6,6,1,int,
5ADAA5,unattributed,float-step,5ADAA5,5,4,float,
5ADF9C,unattributed,float-step,5ADF9C,5,4,float,
5ADFBC,unattributed,float-step,5ADFB8,8,4,float,
5AE061,unattributed,float-step,5AE061,5,4,float,
5AE081,unattributed,float-step,5AE07D,8,4,float,
5B1F23,unattributed,float-step,5B1F23,9,4,float,
5B1F7F,unattributed,float-step,5B1F7F,11,4,float,
5B3D2D,unattributed,counter,5B3D2D,9,4,int,
5B3D30,unattributed,counter,5B3D2D,9,4,int,
5B3D33,unattributed,counter,5B3D2D,9,4,int,
5B5CC8,unattributed,float-step,5B5CC8,6,4,float,
5B5CF5,unattributed,counter,5B5CF5,5,4,int,
5B5D09,unattributed,float-step,5B5D09,6,4,float,
5B6A67,unattributed,counter,5B6A63,6,4,int,
5B6AD7,unattributed,counter,5B6AD3,6,4,int,
5B6B47,unattributed,counter,5B6B43,6,4,int,
5B6BB7,unattributed,counter,5B6BB3,6,4,int,
5B6C27,unattributed,counter,5B6C23,6,4,int,
5B7BB3,unattributed,float-step,5B7BB3,9,4,float,
5B7C0F,unattributed,float-step,5B7C0F,11,4,float,
5BCA82,unattributed,phase-wrap,5BCA82,5,4,float,
5C24E4,unattributed,phase-wrap,5C24E4,5,4,float,
5C4B60,unattributed,float-step,5C4B60,5,4,float,
5C4B9C,unattributed,float-step,5C4B9C,8,4,float,
5C4BA4,unattributed,float-step,5C4BA4,8,4,float,
5C4BB9,unattributed,float-step,5C4BB9,5,4,float,
5C4C06,unattributed,float-step,5C4C06,5,4,float,
5C4C50,unattributed,float-step,5C4C50,5,4,float,
5C4C89,unattributed,float-step,5C4C89,5,4,float,
5C4CD7,unattributed,float-step,5C4CD7,5,4,float,
5C4D11,unattributed,float-step,5C4D11,5,4,float,
5C4D4E,unattributed,float-step,5C4D4E,5,4,float,
5C4D8C,unattributed,float-step,5C4D8C,5,4,float,
5C4DCD,unattributed,float-step,5C4DCD,5,4,float,
5C4E0B,unattributed,float-step,5C4E0B,5,4,float,
5C4E48,unattributed,float-step,5C4E48,5,4,float,
5C4E86,unattributed,float-step,5C4E86,5,4,float,
5C4EC9,unattributed,float-step,5C4EC9,5,4,float,
5C4F3A,unattributed,float-step,5C4F3A,8,4,float,
5C4F42,unattributed,float-step,5C4F42,8,4,float,
5CBD25,unattributed,multiplier,5CBD25,8,4,float,
5CBD36,unattributed,float-expr,5CBD36,8,4,float,
5CBD4F,unattributed,float-expr,5CBD4F,8,4,float,
5CBDF2,unattributed,counter,5CBDF2,6,1,int,
5CBEA0,unattributed,multiplier,5CBEA0,8,4,float,
5CBF3E,unattributed,multiplier,5CBF3E,8,4,float,
5CBFC8,unattributed,phase-wrap,5CBFC8,8,4,float,
5CDBFD,unattributed,phase-wrap,5CDBFD,8,4,float,
5D3DBE,unattributed,float-expr,5D3DBE,5,4,float,
5D4CAD,unattributed,phase-wrap,5D4CAD,8,4,float,
5DE18D,unattributed,phase-wrap,5DE18D,8,4,float,
5E1468,unattributed,multiplier,5E1468,8,4,float,
5EA3EE,unattributed,float-expr,5EA3EE,8,4,float,
5EA408,unattributed,counter,5EA408,6,4,int,
5F81F8,unattributed,float-expr,5F81F8,8,4,float,
5FB843,unattributed,counter,5FB843,6,4,int,
5FB852,unattributed,counter,5FB852,6,4,int,
5FBA68,unattributed,float-step,5FBA68,8,4,float,
5FBA78,unattributed,float-expr,5FBA78,8,4,float,
5FBA93,unattributed,float-expr,5FBA93,5,4,float,
5FBC43,unattributed,counter,5FBC43,6,4,int,
5FBC50,unattributed,counter,5FBC50,6,4,int,
5FBE4D,unattributed,counter,5FBE4D,6,4,int,
5FD4EC,unattributed,float-step,5FD4EC,5,4,float,
5FD50D,unattributed,float-step,5FD50D,5,4,float,
5FD5B4,unattributed,float-step,5FD5B4,5,4,float,
5FD5D5,unattributed,float-step,5FD5D5,5,4,float,
5FF34F,unattributed,int-expr,5FF34F,7,8,int,
5FF4E6,unattributed,counter,5FF4E6,5,1,int,
5FF4FF,unattributed,counter,5FF4FF,9,1,int,
5FF8A7,unattributed,float-step,5FF8A7,5,4,float,
5FFA3D,unattributed,float-step,5FFA3D,5,4,float,
5FFA56,unattributed,float-step,5FFA56,5,4,float,
5FFA6F,unattributed,float-step,5FFA6F,5,4,float,
5FFA88,unattributed,float-step,5FFA88,5,4,float,
5FFAA5,unattributed,float-step,5FFAA5,5,4,float,
5FFB4A,unattributed,float-step,5FFB4A,5,4,float,
5FFB69,unattributed,float-step,5FFB69,5,4,float,
5FFB88,unattributed,float-step,5FFB88,5,4,float,
5FFBA7,unattributed,float-step,5FFBA7,5,4,float,
5FFC06,unattributed,float-step,5FFC06,5,4,float,
5FFC0B,unattributed,float-step,5FFC0B,5,4,float,
5FFC49,unattributed,float-step,5FFC49,5,4,float,
5FFC4E,unattributed,float-step,5FFC4E,5,4,float,
5FFCB5,unattributed,multiplier,5FFCB5,5,4,float,
5FFCC7,unattributed,multiplier,5FFCC7,5,4,float,
6000B6,unattributed,counter,6000B3,7,2,int,
600247,unattributed,counter,600245,5,1,int,
6002C5,unattributed,counter,6002C5,5,1,int,
600318,unattributed,counter,600318,5,1,int,
600334,unattributed,counter,600331,6,1,int,
6006AD,unattributed,multiplier,6006AD,6,4,float,
6006CF,unattributed,multiplier,6006CF,6,4,float,
600A9D,unattributed,int-step,600A9D,5,8,int,
600B52,unattributed,int-step,600B52,5,8,int,
600C07,unattributed,int-step,600C07,5,8,int,
600CC9,unattributed,int-step,600CC9,5,8,int,
600D92,unattributed,int-step,600D92,5,8,int,
6011BC,unattributed,float-step,6011BC,5,4,float,
6011F5,unattributed,float-step,6011F5,5,4,float,
601235,unattributed,phase-wrap,601235,5,4,float,
6013CB,unattributed,counter,6013CB,7,1,int,
601440,unattributed,counter,601440,7,1,int,
6014E4,unattributed,counter,6014E4,7,1,int,
601588,unattributed,counter,601588,7,1,int,
6015F1,unattributed,counter,6015F1,7,1,int,
601644,unattributed,counter,601644,7,1,int,
6016DA,unattributed,counter,6016DA,7,1,int,
60173B,unattributed,counter,60173B,7,1,int,
601755,unattributed,counter,601752,6,1,int,
60178C,unattributed,counter,60178A,5,1,int,
6017AA,unattributed,counter,6017AA,11,1,int,
601904,unattributed,counter,601904,5,1,int,
601927,unattributed,counter,601927,9,1,int,
6019A9,unattributed,counter,6019A9,9,1,int,
6019CF,unattributed,counter,6019CF,9,1,int,
601A2C,unattributed,counter,601A2C,5,1,int,
601A4A,unattributed,counter,601A45,8,1,int,
601A92,unattributed,counter,601A92,10,1,int,
601C46,unattributed,counter,601C46,7,1,int,
601D12,unattributed,counter,601D12,5,1,int,
601E89,unattributed,counter,601E86,6,4,int,
601EA3,unattributed,float-expr,601EA3,5,4,float,
601EA8,unattributed,float-expr,601EA8,5,4,float,
601EAD,unattributed,int-step,601EAD,7,1,int,
601F34,unattributed,counter,601F34,7,2,int,
602175,unattributed,counter,602175,5,1,int,
602193,unattributed,counter,60218E,8,1,int,
6021CD,unattributed,int-step,,,,,branch target inside
6024D5,unattributed,counter,6024D5,6,1,int,
602530,unattributed,counter,602530,6,1,int,
602DDE,unattributed,float-step,602DDE,5,4,float,
603227,unattributed,counter,603227,5,1,int,
60327D,unattributed,counter,60327D,5,1,int,
603798,unattributed,float-step,603798,5,4,float,
603851,unattributed,float-step,603851,5,4,float,
603934,unattributed,float-step,603934,5,4,float,
603950,unattributed,float-step,603950,5,4,float,
603D29,unattributed,counter,603D29,5,2,int,
603D46,unattributed,counter,603D46,7,2,int,
603D58,unattributed,other,603D55,6,1,int,
603F47,unattributed,counter,603F47,6,1,int,
6040C1,unattributed,counter,6040C1,7,2,int,
604116,unattributed,int-step,604116,7,2,int,
6041B1,unattributed,counter,6041B1,5,2,int,
604218,unattributed,int-expr,604218,7,2,int,
6042C6,unattributed,counter,6042C6,7,2,int,
60435E,unattributed,counter,60435E,7,2,int,
6043D8,unattributed,int-step,6043D8,5,2,int,
604456,unattributed,int-step,604456,5,2,int,
6045CB,unattributed,int-expr,6045CB,7,2,int,
604FDF,unattributed,counter,604FDF,6,2,int,
605041,unattributed,counter,,,,,branch target inside
60535A,unattributed,counter,60535A,6,1,int,
6053EA,unattributed,counter,6053EA,6,1,int,
605952,unattributed,float-step,605952,5,4,float,
605A71,unattributed,counter,605A6F,5,1,int,
605AF4,unattributed,counter,605AF2,5,1,int,
606625,unattributed,float-step,606625,5,4,float,
606869,unattributed,float-step,606869,5,4,float,
606B23,unattributed,float-step,606B23,5,4,float,
606B28,unattributed,counter,606B28,7,1,int,
606BA1,unattributed,float-step,606BA1,5,4,float,
606BA6,unattributed,counter,606BA6,7,1,int,
606C53,unattributed,counter,606C50,7,1,int,
606CBD,unattributed,counter,606CBA,7,1,int,
606EF3,unattributed,other,606EF0,6,1,int,
60712D,unattributed,counter,60712D,6,1,int,
607144,unattributed,counter,607144,6,1,int,
6074B0,unattributed,counter,6074B0,6,1,int,
60755A,unattributed,counter,607557,6,1,int,
6075A6,unattributed,counter,,,,,branch target inside
60766D,unattributed,counter,60766A,6,1,int,
6076B6,unattributed,counter,6076B3,6,1,int,
6076CA,unattributed,int-step,6076C7,6,1,int,
607742,unattributed,counter,60773F,6,1,int,
6077D8,unattributed,counter,6077D5,6,1,int,
60781F,unattributed,counter,60781F,7,1,int,
60789D,unattributed,int-step,60789D,7,1,int,
607922,unattributed,int-step,607922,7,1,int,
60866A,unattributed,counter,608666,7,1,int,
60876A,unattributed,counter,608766,7,1,int,
60A699,unattributed,counter,60A699,5,1,int,
60A8AE,unattributed,counter,60A8A7,10,4,int,
60C66F,unattributed,float-step,60C66F,5,4,float,
60EDB9,unattributed,counter,60EDB9,5,1,int,
60EF39,unattributed,counter,60EF39,5,1,int,
60F174,unattributed,counter,60F174,6,4,int,
61127C,unattributed,phase-wrap,61127C,8,4,float,
615E81,unattributed,phase-wrap,615E81,8,4,float,
615EC1,unattributed,phase-wrap,615EC1,8,4,float,
617CA6,unattributed,counter,617CA6,6,1,int,
617D07,unattributed,counter,617D07,6,4,int,
617EB4,unattributed,float-step,617EB4,8,4,float,
617ECF,unattributed,float-step,617ECF,8,4,float,
617EEA,unattributed,float-step,617EEA,8,4,float,
617F4F,unattributed,float-step,617F4F,8,4,float,
617F6A,unattributed,float-step,617F6A,8,4,float,
617F85,unattributed,float-step,617F85,8,4,float,
617FF3,unattributed,float-expr,617FF3,8,4,float,
61800E,unattributed,float-expr,61800E,8,4,float,
618029,unattributed,float-expr,618029,8,4,float,
618081,unattributed,float-expr,618081,8,4,float,
618A77,unattributed,float-step,618A77,8,4,float,
618ACF,unattributed,float-step,618ACF,8,4,float,
618CA9,unattributed,counter,618CA9,6,1,int,
618FAD,unattributed,counter,618FAD,6,1,int,
61AA99,unattributed,counter,61AA99,6,4,int,
61AB5C,unattributed,counter,61AB5C,6,4,int,
61AC10,unattributed,counter,61AC10,6,4,int,
61AC29,unattributed,float-expr,61AC29,8,4,float,
61AC4B,unattributed,float-expr,61AC4B,8,4,float,
61AC6D,unattributed,float-expr,61AC6D,8,4,float,
61ACE1,unattributed,float-expr,61ACE1,8,4,float,
61AF21,unattributed,counter,61AF21,7,4,int,
61C3E3,unattributed,float-step,61C3E3,9,4,float,
61C42D,unattributed,float-step,61C429,8,4,float,
61F047,unattributed,float-step,61F047,5,4,float,
61F05E,unattributed,float-step,61F05E,5,4,float,
62293B,unattributed,float-step,62293B,8,4,float,
622959,unattributed,float-step,622959,8,4,float,
622E05,unattributed,float-step,622E05,8,4,float,
6230AD,unattributed,float-expr,6230A9,8,4,float,
6230C3,unattributed,float-expr,6230C3,5,4,float,
6230DA,unattributed,float-expr,6230DA,5,4,float,
62366F,unattributed,float-expr,62366B,8,4,float,
62367D,unattributed,float-expr,62367D,5,4,float,
623794,unattributed,float-expr,623794,5,4,float,
623805,unattributed,counter,623805,8,1,int,
62385D,unattributed,float-expr,623859,8,4,float,
623870,unattributed,float-expr,623870,5,4,float,
6246C0,unattributed,counter,6246C0,5,1,int,
6263C9,unattributed,float-expr,6263C9,5,4,float,
6263EE,unattributed,float-step,6263EE,5,4,float,
6264EB,unattributed,counter,6264EB,6,1,int,
626518,unattributed,counter,626518,6,1,int,
626524,unattributed,int-step,626524,7,1,int,
62668E,unattributed,counter,62668E,6,1,int,
626BA8,unattributed,float-step,626BA8,8,4,float,
626BE8,unattributed,float-expr,626BE8,5,4,float,
626C14,unattributed,float-step,626C14,5,4,float,
626C8C,unattributed,float-expr,626C8C,5,4,float,
626D9A,unattributed,counter,626D9A,6,4,int,
627D30,unattributed,counter,627D30,5,4,int,
627D78,unattributed,float-step,627D78,8,4,float,
627D93,unattributed,float-step,627D93,8,4,float,
627DAE,unattributed,float-step,627DAE,8,4,float,
627DDA,unattributed,float-step,627DDA,8,4,float,
627DF5,unattributed,float-step,627DF5,8,4,float,
627E10,unattributed,float-step,627E10,8,4,float,
627E74,unattributed,float-step,627E74,8,4,float,
627E90,unattributed,float-step,627E90,8,4,float,
627EAC,unattributed,float-step,627EAC,8,4,float,
627F04,unattributed,float-step,627F04,8,4,float,
6285A6,unattributed,float-step,6285A6,8,4,float,
6285C8,unattributed,float-step,6285C8,8,4,float,
6285EA,unattributed,float-step,6285EA,8,4,float,
62865F,unattributed,float-step,62865F,8,4,float,
628681,unattributed,float-step,628681,8,4,float,
6286A3,unattributed,float-step,6286A3,8,4,float,
629680,unattributed,counter,629680,6,4,int,
634FA4,unattributed,float-expr,634FA4,5,4,float,
634FF1,unattributed,float-expr,634FF1,5,4,float,
635B47,unattributed,counter,635B47,6,1,int,
63A8F4,unattributed,float-step,63A8F4,5,4,float,
63E549,unattributed,counter,63E549,6,1,int,
63E842,unattributed,float-step,63E842,8,4,float,
63E8D3,unattributed,float-step,63E8D3,8,4,float,
63FD4B,unattributed,float-expr,63FD4B,5,4,float,
63FD87,unattributed,float-expr,63FD87,6,4,float,
64010B,unattributed,float-expr,64010B,5,4,float,
640147,unattributed,float-expr,640147,6,4,float,
6433DC,unattributed,counter,6433DC,6,1,int,
648F49,unattributed,float-step,648F49,8,4,float,
648F6F,unattributed,float-step,648F6F,8,4,float,
64E653,unattributed,float-step,64E653,8,4,float,
64E6AC,unattributed,float-step,64E6AC,8,4,float,
64EA91,unattributed,counter,64EA91,10,4,int,
65083B,unattributed,counter,65083B,7,1,int,
652A10,unattributed,counter,652A10,6,1,int,
652A50,unattributed,counter,652A50,6,1,int,
652C0F,unattributed,float-step,652C0F,5,4,float,
652C37,unattributed,float-step,652C37,5,4,float,
652C57,unattributed,float-step,652C57,5,4,float,
652CD8,unattributed,float-step,652CD8,5,4,float,
652D00,unattributed,float-step,652D00,5,4,float,
652D20,unattributed,float-step,652D20,5,4,float,
658381,unattributed,float-expr,658381,5,4,float,
65CB91,unattributed,counter,65CB8F,6,4,int,
65CBC9,unattributed,counter,65CBC7,6,4,int,
65D07E,unattributed,counter,65D07E,6,4,int,
