site,group,kind,instruction,reason,function,status,proof,window,stub,temp,probe
35D6C9,sky,dst,"mulss xmm1, xmm7","objScroll UV scroll (35D5B0), each material: U(+60) += data(+14) * 0.001 * (1 or 0.1) a tick, wrapped to +-1; xmm1 is that step, added to U next",35D635,selected,the step's next reader is its accumulation,35D6C6,1F0A0,,1434
35D77C,sky,dst,"mulss xmm1, xmm7","objScroll UV scroll: V(+64) += data(+15) * 0.001 * (1 or 0.1) a tick, wrapped",35D635,selected,the step's next reader is its accumulation,35D779,1F0C0,,1435
35D862,sky,dst,"mulss xmm0, xmm7","objScroll UV scroll, placement flag 0x80 (every material, no wrap): U += step",35D82B,selected,the step's next reader is its accumulation,35D85E,1F0E0,,1436
35D886,sky,dst,"mulss xmm0, xmm7","objScroll UV scroll, placement flag 0x80: V += step",35D82B,selected,the step's next reader is its accumulation,35D882,1F100,,1437
1BA559,swing,src,"subss xmm0, xmm1","swing step (1BA350): v.y(+64) -= ts * gravity(+74) a tick; v is a displacement per tick (x += v; v = (x - x_old) * f), so gravity needs ts^2: the port's ts, and s here",1BA350,selected,xmm5 dead after the site on every path,1BA559,F210,xmm5,169
1BA574,swing,sq,"mulss xmm0, dword ptr [rip + 0x4b83b0]","swing step, inside a wind field (168F50 type 6): v.xz += rotate(0, 0, rand * 0.2 + 0.5) a tick, an acceleration: K*s^2",1BA350,selected,K*s^2 = 0.2 at 67292C,slot 8100,,,
1BA58D,swing,sq,"addss xmm0, dword ptr [rip + 0x4b7873]",the same wind push's constant term,1BA350,selected,K*s^2 = 0.5 at 671E08,slot 8104,,,
1BA9D1,swing,root,"movaps xmm2, xmm0","swing step: v(+60) = (x - x_old) * (rand * 0.1 + damping(+78), 0.8) a tick, passed to cVec::Scale in xmm2: the factor per tick is f^s",1BA350,selected,flags dead after the copy (1BA9D4 on),1BA9CC,F240,,170
1BABF1,swing,src,"subss xmm0, xmm1","swing step (1BAA20, the sibling): v.y -= ts * gravity, as 1BA559",1BAA20,selected,xmm5 dead after the site on every path,1BABF1,F280,xmm5,171
1BAC14,swing,sq,"mulss xmm0, dword ptr [rip + 0x4b7d10]","1BAA20's wind push, as 1BA574",1BAA20,selected,K*s^2 = 0.2 at 67292C,slot 8100,,,
1BAC2D,swing,sq,"addss xmm0, dword ptr [rip + 0x4b71d3]","1BAA20's wind push, as 1BA58D",1BAA20,selected,K*s^2 = 0.5 at 671E08,slot 8104,,,
1BAF31,swing,root,"movaps xmm2, xmm0","1BAA20's damping, as 1BA9D1",1BAA20,selected,flags dead after the copy (1BAF34 on),1BAF2C,F2B0,,172
304464,human,pre,"addss xmm0, dword ptr [rdi + 0x12f0]","talk head-bob (3043C0, every tick from the human update 305840): weight(+12F0) += 1 while the speaking flag (+11FC bit 31) is set, -0.2 otherwise, then clamped to [0, 1]; xmm0 is that step (both paths join here)",3043EC,selected,addss is commutative: the step in xmm0 is scaled first,304464,1CAA0,,1295
3045E6,human,src,"addss xmm1, xmm9","talk head-bob: frame(+12EC) += 1 a tick while the weight is up, wrapped at the keyframe track's length; the head's scale and rotation are sampled at it (4B9690 interpolates between keys)",3044B1,selected,xmm5 dead after the site on every path,3045E6,1CAC0,xmm5,1296
304A59,human,count,inc ax,"waypoint follower (3049D0): ticks since the last waypoint(+1272) += 1 a tick, up to 210; past 30 they raise the turn limit, so a villager stuck against something turns harder",304950,selected,arithmetic flags overwritten before use; load 304A48 and store 304A5C one field,304A57,1CAE0,,1297
30EB40,human,gatefn,push rbx,"mood particles (30EB40, from 305840): while a villager plays its mood idle (motion table +F0) or flag +11EF, a countdown(+1277) spawns its effect set 100 and reloads 4-7. Skipping only the decrement would still fire on the tick after, 13% too often: the whole function runs on stock ticks",30EB40,selected,entry; callers 305B14 ignore rax,30EB40,1CEA0,,1310
304190,human,gatefn,push rbx,"a villager's shadow fade (304190): +1224 += 0x11 a tick up to 255, or -= 8 or 0x22 down to 0; a byte, so the whole function runs on stock ticks",304190,selected,entry; callers 305A73 ignore rax,304190,1CA50,,1294
303F00,human,gatefn,push rbx,a villager's fade (303F00): +1221 += or -= 0x11 a tick between 0 and 255; the whole function runs on stock ticks,303F00,selected,entry; callers 305A6B ignore rax,303F00,1C940,,1291
20E230,turn,argscale,"movaps xmm6, xmm2","turn toward a point (20E210, 439 calls): heading(+B4) += clamp(angle to the point, -limit, limit) a tick; the limit is copied to xmm6, used only as the clamp bound",20E210,selected,"the limit's copy in xmm6 is only copied out, then restored",20E22B,11AF0,,352
20E2A6,turn,argscale,"movaps xmm6, xmm2","turn toward an angle (20E290, 15 calls): the same clamp, the limit in xmm6",20E290,selected,"the limit's copy in xmm6 is only copied out, then restored",20E2A6,11B10,,353
20786F,scenery,count,inc word ptr [rbx + 0x1112],"sway phase (cKihonObj's update 207760: every cKiType* and most vt* scenery, 122 classes): +1112 += 1 a tick; 20A460 makes the sway angle and scale pulse of it",207760,selected,arithmetic flags overwritten before use,20786F,119C0,,348
3404CD,scenery,count,inc word ptr [rdi + 0x1112],"cEnemyObj's update (340440): the same sway phase, its formula inline",340440,selected,arithmetic flags overwritten before use,3404CD,1EBD0,,1411
36D63C,scenery,count,inc word ptr [rdi + 0x1112],vt2b's update (36D5C0): the same sway phase,36D5C0,selected,arithmetic flags overwritten before use,36D63C,1F890,,1462
370B7C,scenery,count,inc word ptr [rdi + 0x1112],vt16/vt21's update (370A90): the same sway phase,370A90,selected,arithmetic flags overwritten before use,370B7C,1F950,,1464
206A7C,scenery,count,dec dl,cKihonObj's reaction cooldown (206A10): +11A8 -= 1 a tick while not 0; a reaction sets it to 65 ticks and none starts before it is 0,206A10,selected,arithmetic flags overwritten before use; load 206A4B and store 206A7E one field,206A78,11960,,347
340501,scenery,count,dec al,cEnemyObj's cooldown +1298: -= 1 a tick while not 0,3404E4,selected,arithmetic flags overwritten before use; load 3404D4 and store 340503 one field,3404FD,1EC30,,1412
340514,scenery,count,dec al,cEnemyObj's cooldown +1299: -= 1 a tick while not 0,3404E4,selected,arithmetic flags overwritten before use; load 340509 and store 340516 one field,340510,1EC90,,1413
39325C,objects,lin,"movss xmm7, dword ptr [rip + 0x2e69cc]","wp20 (393210), model 620: materials 0-2's U(+60) += 0.02 a tick, wrapped at 1: the reflector's flowing texture",39324F,selected,K*s = 0.02 at 679C30,slot 8108,,,
3932F3,objects,lin,"movss xmm2, dword ptr [rip + 0x2deb09]","wp20, model 620: the glow's colour(+50..58) -= 0.1 a tick down to 0.6, then up",39324F,selected,K*s = 0.1 at 671E04,slot 810C,,,
39333B,objects,lin,"movss xmm2, dword ptr [rip + 0x2deac1]","wp20, model 620: the glow's colour += 0.1 a tick up to 2.0, then down",39324F,selected,K*s = 0.1 at 671E04,slot 810C,,,
497C95,objects,src,"addss xmm1, dword ptr [rcx + 0x11dc]","item pickup (cItemObj, 497C70): alpha(+11E0, copied to +D2C) += rate(+11DC) a tick, clamped to [0, 1]; the rate is set to 0.1 after each step",497C70,selected,xmm5 dead after the site on every path,497C95,2D190,xmm5,2327
497D7F,objects,lin,"movss xmm1, dword ptr [rip + 0x1e02f5]","item pickup (497D60): +11D4 -= 0.1 a tick in state 1/10, clamped to [0.7, 1]",497C70,selected,K*s = -0.1 at 67807C,slot 8110,,,
497D89,objects,lin,"movss xmm1, dword ptr [rip + 0x1da073]","item pickup (497D60): +11D4 += 0.1 a tick otherwise, clamped to [0.7, 1]",497C70,selected,K*s = 0.1 at 671E04,slot 810C,,,
3D1D34,objects,count,"mov byte ptr [rdi + 0x1070], al","the player's weapon (plwp and the wp* it draws, 3D1CB0, once a tick): its fade byte +1070 -= 10 a tick down to 0 while hidden, and its alpha +D2C = the owner's x +1070 / 255 right after: the byte's store is skipped between stock ticks, so it fades at stock's 10 a stock tick",3D1CDE,selected,arithmetic flags overwritten before use,3D1D34,26DC0,,1969
3D1D49,objects,count,"mov byte ptr [rdi + 0x1070], al",the same fade byte += 10 a tick up to 255 while shown,3D1CDE,selected,arithmetic flags overwritten before use,3D1D49,26E20,,1970
2DC3B0,objects,gatefn,"test cl, cl","an object's alpha fade (2DC3B0, 68 calls from 61 object updates: scenery, animals, enemies): alpha byte(+D78) lerps toward a target set by distance or state, by a factor a tick with a minimum step, truncated to a byte. A lerp's factor cannot be taken to the 1/N power on a byte (it would stall short of the target): the whole function runs on stock ticks",2DC3B0,selected,"entry; callers 1A65C2, 1A859D, 20B647, 20B6C0, 212D9E, 212E02, 212E52, 2130BA, 213716, 219825, 219DC7, 21B2C6, 21BC95, 21C35F, 21D285, 21E1C1, 223F80, 227803, 22C644, 232554, 233A31, 2E1861, 2E2283, 2F67B4, 2F6FB0, 2F9945, 2F9FB4, 305652, 33AC1F, 340491, 34421B, 345123, 3451B7, 35B959, 35B993, 35BB79, 35BBAE, 365136, 365143, 36D5FA, 370B3A, 3759EC, 484653, 49587E, 4A1552, 4D0F8B, 5107A5, 522AC7, 52392F, 523C84, 524691, 529511, 552264, 55265B, 55B920, 57CF31, 57E863, 57ED77, 57FDFF, 599411, 5A2A64, 5A4505, 5A7378, 5A8393, 5AA7E1, 5AB719, 61C0DA, 63B011 ignore rax",2DC3B0,1B150,,1217
1928F6,effect,count,inc word ptr [rcx + 0x260],particle age (the shared step 1928F0): age(+260) += 1 a tick; the particle dies once its lifetime(+262) <= age,1928F0,selected,arithmetic flags overwritten before use,1928F6,DEF0,,77
1A214D,effect,count,"mov dword ptr [rsi + 0x308], eax","esp10's grow-in (1A20A0): while +308 < its length, +308 = +308 + 1 a tick and the chain grows to +308 / length of itself; the count's store is skipped between stock ticks (the register it was incremented in gives the same fraction as the last stock tick's until the next), so it grows as stock does",1A20A0,selected,arithmetic flags overwritten before use,1A214D,EAF0,,134
1A3130,effect,count,"mov dword ptr [rdi + 0x308], eax",esp13's grow-in (1A30C0): the same count,1A30C0,selected,arithmetic flags overwritten before use,1A3130,EBD0,,137
19292C,effect,count,inc byte ptr [rcx + 0x277],the fade-out window: +277 += 1 a tick; the particle dies at +276,1928F0,selected,arithmetic flags overwritten before use,19292C,DF50,,78
192974,effect,zlast,"movss xmm0, dword ptr [rbx + 0x170]","velocity(+160) += acceleration(+170) a tick (1928F0), x, after the position used it in slot 14: on the last tick of each stock period",1928F0,selected,the step's next reader is its accumulation,192974,DFB0,,79
192987,effect,zlast,"movss xmm1, dword ptr [rbx + 0x174]","velocity += acceleration, y",1928F0,selected,the step's next reader is its accumulation,192987,DFE0,,80
1929A2,effect,zlast,"movss xmm0, dword ptr [rbx + 0x178]","velocity += acceleration, z",1928F0,selected,the step's next reader is its accumulation,1929A2,E010,,81
1929EA,effect,lin,"mulss xmm0, dword ptr [rip + 0x4e4bfa]","spin(+27C) += data byte(+295) / 90 a tick, through the angle wrap",1928F0,selected,K*s = 0.0111111 at 6775EC,slot 8114,,,
18FF60,effect,gate0,"sub rsp, 0x28","keyframe index (slot 9, 18FF60): key(+264) += 1 a tick; once the OLD index reaches its count(+266) it loops, holds or kills. Skipping only the increment would end the last key 3 ticks early at /4: it runs on stock ticks only, and between them returns al = 0, what its own no-op path (18FFAC) returns",18FF60,selected,entry (a vtable slot); its no-op path 18FFAC returns al = 0,18FF60,D9D0,,53
190AF9,effect,count,dec al,"spawn delay (slot 10, 190AD0): delay(+113) -= 1 a tick; at 0 the particle attaches to its parent and appears",190AD0,selected,arithmetic flags overwritten before use; load 190AEA and store 190AFB one field,190AF9,DA30,,54
18FBE0,effect,count,dec byte ptr [rcx + 0x26d],"flipbook (slot 11, 18FBD0): hold(+26D) -= 1 a tick; at 0 the cell(+26E) advances and the hold reloads from +26C",18FBB0,selected,arithmetic flags overwritten before use,18FBE0,D970,,52
190E0D,effect,src,"addss xmm2, xmm3","scale growth mode 0 (slot 12, 190DA0): scale x += rate(+180) a tick, clamped at +184; xmm3 (the rate) is also the direction test after",190DA0,selected,xmm5 dead after the site on every path,190E0D,DAF0,xmm5,58
190E4E,effect,src,"addss xmm2, xmm3","scale growth mode 0: scale y += rate(+188), clamped at +18C",190DA0,selected,xmm5 dead after the site on every path,190E4E,DB10,xmm5,59
190EB9,effect,countlast,"mulss xmm0, dword ptr [rbx + 0x190]","scale growth mode 2: rate x(+188) *= decay(+190) a tick, after the scale used it: on the last tick of each stock period",190DA0,selected,"a factor: skipped, the rate is kept; arithmetic flags overwritten before use",190EB9,DB30,,60
190EE1,effect,pre,"addss xmm6, dword ptr [rbx + 0x180]",scale growth mode 2: scale x(+180) += the rate before its decay (xmm6),190DA0,selected,addss is commutative: the step in xmm6 is scaled first,190EE1,DB90,,61
190EFC,effect,count,"add word ptr [rbx + 0x1a0], ax","scale growth mode 2: wobble phase x(+1A0) += +19C a tick, a short angle (2048 a turn): an integer, so it steps on stock ticks",190DA0,selected,arithmetic flags overwritten before use,190EFC,DBB0,,62
190F9C,effect,countlast,"mulss xmm1, dword ptr [rbx + 0x194]","scale growth mode 2: rate y(+18C) *= decay(+194) a tick, on the last tick",190DA0,selected,"a factor: skipped, the rate is kept; arithmetic flags overwritten before use",190F9C,DC10,,63
190FA4,effect,pre,"addss xmm0, xmm7",scale growth mode 2: scale y(+184) += the rate y copied before its decay (xmm0; xmm7 is the scale),190DA0,selected,addss is commutative: the step in xmm0 is scaled first,190FA4,DC70,,64
190FC1,effect,count,"add word ptr [rbx + 0x1a2], ax",scale growth mode 2: wobble phase y(+1A2) += +19E a tick,190DA0,selected,arithmetic flags overwritten before use,190FC1,DCA0,,65
190D20,effect,dstarg,"movss xmm3, dword ptr [rbx + 0x1bc]","rotation (slot 13, 190D00): rot(+50) += angular velocity(+1B4..1BC) a tick, each wrapped: z, into cVec(x, y, z, w) and AddXYZ",190D00,selected,"untouched until cVec(x, y, z, w) at 190D3E",190D20,DA90,,55
190D28,effect,dstarg,"movss xmm2, dword ptr [rbx + 0x1b8]","rotation, y",190D00,selected,"untouched until cVec(x, y, z, w) at 190D3E",190D28,DAB0,,56
190D30,effect,dstarg,"movss xmm1, dword ptr [rbx + 0x1b4]","rotation, x",190D00,selected,"untouched until cVec(x, y, z, w) at 190D3E",190D30,DAD0,,57
19111D,effect,dstarg,"movss xmm3, dword ptr [rcx + 0x168]","position (slot 14, 191110): pos += velocity(+160) a tick: z, into cVec(x, y, z, 1) and operator+= on the position",191110,selected,"untouched until cVec(x, y, z, w) at 191153",19111D,DD40,,67
191128,effect,dstarg,"movss xmm2, dword ptr [rcx + 0x164]","position += velocity, y",191110,selected,"untouched until cVec(x, y, z, w) at 191153",191128,DD60,,68
191130,effect,dstarg,"movss xmm1, dword ptr [rcx + 0x160]","position += velocity, x",191110,selected,"untouched until cVec(x, y, z, w) at 191153",191130,DD80,,69
191282,effect,zfirst,"mulss xmm0, xmm1","turbulence (data flag 0x200000): amplitude(+294) += data short(+2B6) * 0.001 a tick, before its use this tick: on the first tick of each stock period",19118D,selected,the step's next reader is its accumulation,19127F,DDA0,,70
1912AB,effect,ufirst,"addss xmm9, xmm6",turbulence: amplitude *= 1 + data char(+2B5) * 0.001 a tick; xmm9 is that factor: on the first tick,19118D,selected,the factor's next reader multiplies by it,1912AB,DDD0,,71
1912D0,effect,ufirst,"addss xmm2, xmm6","turbulence: phase rate(+298) *= 1 + data char(+2B4) * 0.001 a tick, before the phases use it: on the first tick",19118D,selected,the factor's next reader multiplies by it,1912CC,DE00,,72
1912F2,effect,dst,"mulss xmm0, xmm2",turbulence: phase x(+288) += data char(+2B0) * rate a tick,19118D,selected,the step's next reader is its accumulation,1912EF,DE30,,73
191316,effect,dst,"mulss xmm8, xmm2",turbulence: phase y(+28C) += data char(+2B1) * rate a tick,19118D,selected,the step's next reader is its accumulation,191316,DE50,,74
19133B,effect,dst,"mulss xmm7, xmm2",turbulence: phase z(+290) += data char(+2B2) * rate a tick,19118D,selected,the step's next reader is its accumulation,191338,DE70,,75
1910CA,effect,ulast,"movss xmm1, dword ptr [rbx + 0x16c]","drag (slot 15, 191090): velocity(+160) *= drag(+16C) a tick, passed to cVec::operator*= in xmm1: on the last tick",191090,selected,the factor's next reader multiplies by it,1910CA,DD00,,66
1A6DBB,effect,dst,"movss xmm0, dword ptr [rbx + 0x2d0]","esp20 (EFF_TEX, 1A6C60), a model's surface: its material 0's U(+60) += rate(+2D0) a tick, wrapped; flowing water and portals are the likely users",1A6C9D,selected,the step's next reader is its accumulation,1A6DBB,EF00,,151
1A6DD3,effect,dst,"movss xmm1, dword ptr [rbx + 0x2d4]",esp20: V(+64) += rate(+2D4) a tick,1A6C9D,selected,the step's next reader is its accumulation,1A6DD3,EF20,,152
1A6E01,effect,dst,"mulss xmm0, dword ptr [rbx + 0x2d8]",esp20: U += sin(phase +2E8) * amplitude(+2D8) a tick,1A6C9D,selected,the step's next reader is its accumulation,1A6E01,EF40,,153
1A6E1B,effect,src,"addss xmm0, dword ptr [rbx + 0x2e0]","esp20: phase U(+2E8) += rate(+2E0) a tick, wrapped",1A6C9D,selected,xmm5 dead after the site on every path,1A6E1B,EF60,xmm5,154
1A6E4C,effect,dst,"mulss xmm0, dword ptr [rbx + 0x2dc]",esp20: V += cos(phase +2EC) * amplitude(+2DC) a tick,1A6C9D,selected,the step's next reader is its accumulation,1A6E4C,EF90,,155
1A6E66,effect,src,"addss xmm0, dword ptr [rbx + 0x2e4]","esp20: phase V(+2EC) += rate(+2E4) a tick, wrapped",1A6C9D,selected,xmm5 dead after the site on every path,1A6E66,EFB0,xmm5,156
1A6F03,effect,dst,"movss xmm0, dword ptr [rbx + 0x30c]","esp20: spin(+308) += rate(+30C) a tick, wrapped",1A6EE5,selected,the step's next reader is its accumulation,1A6F03,EFE0,,157
19FB20,effect,dst,"movss xmm2, dword ptr [rcx + 0x2d0]","esp08/esp40 (19FB20): texture offset U(+2C8) += rate(+2D0) a tick, wrapped to +-2",19F9B0,selected,the step's next reader is its accumulation,19FB20,EA90,,131
19FB30,effect,dst,"movss xmm0, dword ptr [rcx + 0x2d4]",esp08/esp40: texture offset V(+2CC) += rate(+2D4) a tick,19F9B0,selected,the step's next reader is its accumulation,19FB30,EAB0,,132
1A02C0,effect,pre,"addss xmm0, dword ptr [rbx + 0x2ec]","the strips' step (1A02A0: espStrip, esp38, and esp09/10/13/31/32/41 through it): scroll(+2EC) += rate(+2F0) a tick, wrapped to [0, 1); xmm0 is the rate",1A02A0,selected,addss is commutative: the step in xmm0 is scaled first,1A02C0,EAD0,,133
1A8CB5,effect,dst,"movaps xmm1, xmm0","esp25 (1A8C80), a model playing a motion: progress(+2F0) += rate(+2D8) a tick, and the model's frame is set from it; xmm1 is the rate's copy",1A8C80,selected,the step's next reader is its accumulation,1A8CAD,F000,,158
1A8CC8,effect,countlast,"addss xmm0, dword ptr [rbx + 0x2dc]","esp25: rate(+2D8) += acceleration(+2DC) a tick, after the progress used it: on the last tick",1A8CB8,selected,"a change: skipped, the rate is kept; arithmetic flags overwritten before use",1A8CC8,F020,,159
1A2978,effect,pre,"addss xmm0, xmm2","esp12 (1A28F0): progress(+2D4) += rate(+2D8) a tick (it picks a colour key); xmm0 is the rate's copy, xmm2 the progress",1A28F0,selected,addss is commutative: the step in xmm0 is scaled first,1A2978,EBB0,,136
1A2970,effect,countlast,"addss xmm1, dword ptr [rbx + 0x2dc]","esp12: rate(+2D8) += acceleration(+2DC) a tick, after its use: on the last tick",1A28F0,selected,"a change: skipped, the rate is kept; arithmetic flags overwritten before use",1A2970,EB50,,135
1A31E3,effect,dst,"movaps xmm6, xmm1","esp13 (1A30C0), a strip: fade(+310) += rate(+314) a tick, the strip dies at 1",1A31C6,selected,the step's next reader is its accumulation,1A31E3,EC30,,138
1A31EE,effect,countlast,"addss xmm1, dword ptr [rdi + 0x318]","esp13: rate(+314) += acceleration(+318) a tick, after its use: on the last tick",1A31C6,selected,"a change: skipped, the rate is kept; arithmetic flags overwritten before use",1A31EE,EC50,,139
1AA23D,effect,dst,"movss xmm0, dword ptr [rdi + 0x328]","esp31 (1AA210), a strip: phase(+338) += rate(+328) a tick, wrapped",1AA233,selected,the step's next reader is its accumulation,1AA23D,F140,,166
1A407F,effect,zlast,"movss xmm0, dword ptr [rbp - 9]","esp17, the coins (1A3CA0), once collected: velocity(+160) += the direction to Amaterasu x speed(+2D0) a tick, after the shared step used it: on the last tick; x (the speed's own ramp reads the pinned mode byte, 60 fps's half step: 2x at 120)",1A3E9E,selected,the step's next reader is its accumulation,1A407F,EE10,,145
1A408C,effect,zlast,"movss xmm1, dword ptr [rbp - 5]","esp17: velocity += direction x speed, y",1A3E9E,selected,the step's next reader is its accumulation,1A408C,EE40,,146
1A40A1,effect,zlast,"movss xmm0, dword ptr [rbp - 1]","esp17: velocity += direction x speed, z",1A3E9E,selected,the step's next reader is its accumulation,1A40A1,EE70,,147
1A44BB,effect,src,"addss xmm6, xmm8","esp18 (1A43E0): phase(+2E8) += rate(+2EC) a tick, wrapped; +2E4 = sin(phase) x amplitude(+2E0)",1A44A1,selected,xmm5 dead after the site on every path,1A44BB,EEE0,xmm5,150
195D6B,emitter,src,"addss xmm0, xmm7","emitter age(+1A0) += 1 a tick (the update 195A20 of espEmitter, 01, 03): its start delay(+1A6) and life(+1A8) are in ticks",195BDB,selected,xmm5 dead after the site on every path,195D63,E970,xmm5,125
195D59,emitter,lin,"addss xmm0, dword ptr [rip + 0x4dfed3]",emitter age += 0.25 a tick in the game's own slow motion (23B750),195BDB,selected,K*s = 0.25 at 675C34,slot 8118,,,
195DE8,emitter,src,"addss xmm0, xmm7",emission age(+248) += 1 a tick: it spawns while (short)age < duration(+244),195BDB,selected,xmm5 dead after the site on every path,195DE0,E9A0,xmm5,126
195DD6,emitter,lin,"addss xmm0, dword ptr [rip + 0x4dfe56]",emission age += 0.25 a tick in slow motion,195BDB,selected,K*s = 0.25 at 675C34,slot 8118,,,
195411,emitter,src,"addss xmm1, xmm6",espEmitter02's update (1952F0): emission age(+248) += 1 a tick,195331,selected,xmm5 dead after the site on every path,19540A,E830,xmm5,120
195673,emitter,src,"addss xmm0, xmm6",espEmitter02: emitter age(+1A0) += 1 a tick,19563B,selected,xmm5 dead after the site on every path,19566B,E940,xmm5,124
195661,emitter,lin,"addss xmm0, dword ptr [rip + 0x4e05cb]",espEmitter02: emitter age += 0.25 a tick in slow motion,19563B,selected,K*s = 0.25 at 675C34,slot 8118,,,
1954DB,emitter,countlast,"addss xmm1, dword ptr [rbx + 0x258]","espEmitter02 (1952F0): spin rate(+254) += +258 a tick, after the angle used it: on the last tick",1954AB,selected,"a change: skipped, the rate is kept; arithmetic flags overwritten before use",1954DB,E860,,121
1954E3,emitter,pre,"addss xmm0, dword ptr [rbx + 0x250]","espEmitter02: spawn angle(+250, about the axis it picks) += rate a tick; xmm0 is the rate's copy from before its change",1954AB,selected,addss is commutative: the step in xmm0 is scaled first,1954E3,E8C0,,122
1954EB,emitter,countlast,"mulss xmm1, dword ptr [rbx + 0x25c]","espEmitter02: spin rate *= +25C a tick, on the last tick",1954AB,selected,"a factor: skipped, the rate is kept; arithmetic flags overwritten before use",1954EB,E8E0,,123
194800,emitter,ufirst,"movss xmm0, dword ptr [rdi + 0x1c4]","emitter spin (slot 6, 1947A0): angular velocity x(+148) *= data(+1C4) a tick once its age passes data(+1C0), before it turns the emitter: on the first tick",1947A0,selected,the factor's next reader multiplies by it,194800,E280,,93
194818,emitter,ufirst,"movss xmm1, dword ptr [rdi + 0x1c8]",emitter spin: angular velocity y(+14C) *= data(+1C8),1947A0,selected,the factor's next reader multiplies by it,194818,E2B0,,94
194830,emitter,ufirst,"movss xmm0, dword ptr [rdi + 0x1cc]",emitter spin: angular velocity z(+150) *= data(+1CC),1947A0,selected,the factor's next reader multiplies by it,194830,E2E0,,95
194891,emitter,dstarg,"movss xmm3, dword ptr [rbx + 0x150]","emitter rotation(+50) += angular velocity a tick, each wrapped: z",1947A0,selected,"untouched until cVec(x, y, z, w) at 1948AF",194891,E310,,96
194899,emitter,dstarg,"movss xmm2, dword ptr [rbx + 0x14c]",emitter rotation += angular velocity: y,1947A0,selected,"untouched until cVec(x, y, z, w) at 1948AF",194899,E330,,97
1948A1,emitter,dstarg,"movss xmm1, dword ptr [rbx + 0x148]",emitter rotation += angular velocity: x,1947A0,selected,"untouched until cVec(x, y, z, w) at 1948AF",1948A1,E350,,98
194642,emitter,ufirst,"movss xmm1, dword ptr [rbx + 0x1c0]","espEmitter02's spin (slot 6, 194610): angular velocity x(+148) *= data(+1C0), then += data(+1C4) * 0.001, wrapped, a tick, before it turns the emitter: on the first tick",194610,selected,the factor's next reader multiplies by it,194642,E100,,84
19465A,emitter,ufirst,"movss xmm6, dword ptr [rbx + 0x1c0]",espEmitter02's spin: y(+14C) *= data(+1C0),194610,selected,the factor's next reader multiplies by it,19465A,E130,,85
194672,emitter,ufirst,"movss xmm9, dword ptr [rbx + 0x1c0]",espEmitter02's spin: z(+150) *= data(+1C0),194610,selected,the factor's next reader multiplies by it,194672,E160,,86
194695,emitter,zfirst,"mulss xmm0, dword ptr [rip + 0x4e2f47]",espEmitter02's spin: x += data(+1C4) * 0.001,194610,selected,the step's next reader is its accumulation,194695,E1A0,,87
1946BB,emitter,zfirst,"mulss xmm0, dword ptr [rip + 0x4e2f21]",espEmitter02's spin: y += data(+1C8) * 0.001,194610,selected,the step's next reader is its accumulation,1946BB,E1D0,,88
1946DF,emitter,zfirst,"mulss xmm0, dword ptr [rip + 0x4e2efd]",espEmitter02's spin: z += data(+1CC) * 0.001,194610,selected,the step's next reader is its accumulation,1946DF,E200,,89
194704,emitter,dstarg,"movaps xmm3, xmm0","espEmitter02's rotation(+50) += angular velocity a tick: z, copied for cVec",194610,selected,"untouched until cVec(x, y, z, w) at 194716",194704,E230,,90
194707,emitter,dstarg,"movaps xmm1, xmm8",espEmitter02's rotation += angular velocity: x,194610,selected,"untouched until cVec(x, y, z, w) at 194716",194704,E230,,91
194713,emitter,dstarg,"movaps xmm2, xmm6",espEmitter02's rotation += angular velocity: y,194610,selected,"untouched until cVec(x, y, z, w) at 194716",19470B,E260,,92
194C8A,emitter,dstarg,"movss xmm3, dword ptr [rax + 0x1ec]","emitter offset (slot 7, 194BB0): offset(+16C) += data(+1E4) a tick while its age is in a data window; the offset is added to the emitter's position: z",194BB0,selected,"untouched until cVec(x, y, z, w) at 194CA2",194C8A,E5B0,,107
194C92,emitter,dstarg,"movss xmm2, dword ptr [rax + 0x1e8]",emitter offset += data: y,194BB0,selected,"untouched until cVec(x, y, z, w) at 194CA2",194C92,E5D0,,108
194C9A,emitter,dstarg,"movss xmm1, dword ptr [rax + 0x1e4]",emitter offset += data: x,194BB0,selected,"untouched until cVec(x, y, z, w) at 194CA2",194C9A,E5F0,,109
194D05,emitter,root,"movss xmm0, dword ptr [rax + 0x1f4]","emitter offset x *= data(+1F4) a tick once its age passes data(+1F0): the offset is shown as it is, so f^(1/N) a tick, smooth",194BB0,selected,flags dead after the copy (194D0D on),194D05,E610,,110
194D1D,emitter,root,"movss xmm1, dword ptr [rax + 0x1f8]",emitter offset y *= data(+1F8),194BB0,selected,flags dead after the copy (194D25 on),194D1D,E650,,111
194D35,emitter,root,"movss xmm0, dword ptr [rax + 0x1fc]",emitter offset z *= data(+1FC),194BB0,selected,flags dead after the copy (194D3D on),194D35,E690,,112
194F16,emitter,root,"movss xmm1, dword ptr [rax + 0x224]","emitter second offset x(+184) *= data(+224) a tick once its age passes data(+220), added to the position as it is",194BB0,selected,flags dead after the copy (194F1E on),194F16,E6D0,,113
194F2E,emitter,root,"movss xmm2, dword ptr [rax + 0x228]",emitter second offset y(+188) *= data(+228),194BB0,selected,flags dead after the copy (194F36 on),194F2E,E710,,114
194F46,emitter,root,"movss xmm3, dword ptr [rax + 0x22c]",emitter second offset z(+18C) *= data(+22C),194BB0,selected,flags dead after the copy (194F4E on),194F46,E750,,115
194FEE,emitter,dstarg,"movss xmm3, dword ptr [rax + 0x21c]","emitter second offset += data(+214) a tick in its age window [+200, +210): z",194BB0,selected,"untouched until cVec(x, y, z, w) at 195006",194FEE,E790,,116
194FF6,emitter,dstarg,"movss xmm2, dword ptr [rax + 0x218]",emitter second offset += data: y,194BB0,selected,"untouched until cVec(x, y, z, w) at 195006",194FF6,E7B0,,117
194FFE,emitter,dstarg,"movss xmm1, dword ptr [rax + 0x214]",emitter second offset += data: x,194BB0,selected,"untouched until cVec(x, y, z, w) at 195006",194FFE,E7D0,,118
194AB8,emitter,ufirst,"movss xmm2, dword ptr [rbx + 0x194]","free emitter (slot 8, 194A50): velocity(+13C) *= +194 a tick (skipped when it is 0), before it moves the emitter: on the first tick",194A50,selected,only ScaleXYZ's scale at 194AD4 (and a zero test),194AB8,E490,,103
194AF5,emitter,zfirst,"movss xmm2, dword ptr [rbx + 0x190]","free emitter: velocity += its direction * +190 a tick, on the first tick",194A50,selected,only ScaleXYZ's scale at 194B07 (and a zero test),194AF5,E4C0,,104
194B2D,emitter,count,"subss xmm0, dword ptr [rbx + 0x198]","free emitter: velocity y -= +198 (gravity) a tick, on the first tick",194A50,selected,"a float step: skipped, it adds nothing; arithmetic flags overwritten before use",194B2D,E4F0,,105
194B40,emitter,scaledadd,call qword ptr [rip + 0x4dc2ba],free emitter: offset(+154) += velocity a tick by cVec::operator+=: s of it,194A50,selected,calls cVec::operator+=,194B40,E550,,106
194980,emitter,ufirst,"movss xmm2, dword ptr [rbx + 0x194]","free emitter (slot 8, 194920, espEmitter02): velocity *= +194, on the first tick",194920,selected,only ScaleXYZ's scale at 19499C (and a zero test),194980,E370,,99
1949BD,emitter,zfirst,"movss xmm2, dword ptr [rbx + 0x190]","free emitter (194920): velocity += direction * +190, on the first tick",194920,selected,only ScaleXYZ's scale at 1949CF (and a zero test),1949BD,E3A0,,100
1949F5,emitter,count,"subss xmm0, dword ptr [rbx + 0x198]","free emitter (194920): velocity y -= +198, on the first tick",194920,selected,"a float step: skipped, it adds nothing; arithmetic flags overwritten before use",1949F5,E3D0,,101
194A08,emitter,scaledadd,call qword ptr [rip + 0x4dc3f2],free emitter (194920): position(+60) += velocity a tick by cVec::operator+=: s of it,194920,selected,calls cVec::operator+=,194A08,E430,,102
1944DA,emitter,count,"sub ax, 2","emitter detach (slot 9, 1944B0): +1AA -= 2 a tick while it has a parent(+118); at <= 0 it moves into the world frame and leaves it",1944B0,selected,arithmetic flags overwritten before use; load 1944CA and store 1944DE one field,1944D4,E0A0,,83
19432A,emitter,count,"sub ax, 2","espEmitter02's detach (slot 9, 194300), as 1944DA",194300,selected,arithmetic flags overwritten before use; load 19431A and store 19432E one field,194324,E040,,82
19525E,emitter,floor1,"mov rax, qword ptr [rbx + 0x110]","spawn interval (1950D0): the timer(+19C), counted down by phase_steps.h's scaled step (1951A3), reloads from data(+BD) plus an optional ramp, clamped at 0, plus 0.99 in slow motion. Stock fires every max(1, ceil(reload)) ticks, so a reload of 0 is one tick; counted down by s it fired every tick. The reload's three paths and the slow-motion add all join here",1950D0,selected,a join of the reload block (1951CC on); flags and xmm5 dead,19525E,E7F0,xmm5,119
476A12,mode,dst,"mulss xmm1, xmm3","the event camera's path player (4763F0, on the event object at B661E0): playhead(+348) += mode * speed(+2D4) * 0.5 a tick, and the camera's position, target, roll and fov keys are sampled at it; xmm1 is that step, added next. The time-lapses lerp on this playhead: measured 2.0x FAST at 120",4763F0,selected,the step's next reader is its accumulation,476A0E,2B940,,2219
476AB5,mode,dst,"mulss xmm1, xmm3","the same player at the path's end, when it does not loop: playhead -= the same step (subtracted next)",4763F0,selected,"the step's next reader adds or subtracts it into another register, and xmm1 is dead after",476AB5,2B960,,2220
4B668B,mode,count,"add dword ptr [rcx + 0x7c], eax","total play time ([B205C8]+7C, in flower_tick 4B63B0) += mode a tick, in 1/60 s; its one reader, the end-of-game Total Results screen, divides it by 60",4B63B0,selected,arithmetic flags overwritten before use,4B668B,2E1C0,,2376
407BB2,mode,count,"sub dword ptr [rcx + 0x84], eax","the HUD timer counting down (cCockTimer, 407B00): +84 -= mode a tick, in 1/60 s (407C60 shows +84 / 3600 minutes, % 3600 / 60 seconds); below 0 it sets +89, which jns skips: eax is the mode byte, 1 or 2, so this is a countdown",407AC4,selected,countdown not finished: 407BB8 jns,407BB2,28AE0,,2051
407D54,mode,lin,"mulss xmm0, dword ptr [rip + 0x27076c]","the HUD timer's pulse (407C60) under its warning time: phase(+78) += mode * 0.15 a tick, wrapped",407CAB,selected,K*s = 0.15 at 6784C8,slot 811C,,,
3FB499,mode,lin,"mulss xmm0, dword ptr [rip + 0x27d027]","cCockCtrlWnd's pulse (3FB410): phase(+98) += mode * 0.15 a tick, wrapped",3FB410,selected,K*s = 0.15 at 6784C8,slot 811C,,,
1826D4,mode,count,"mov dword ptr [rdi + 0x260], eax","cPad::Actuater (1825A0): how long the rumble motors have run unchanged, +260 = +260 + mode a tick while one runs, reset when their state changes; at 1200 (20 s in 1/60 s) the pad stops being sent the rumble. On the other ticks the store is skipped",182654,selected,arithmetic flags overwritten before use,1826D4,D5F0,,43
1B2AC3,mode,count2,inc byte ptr [r10 + 0x86],"the 2D layout player's flipbook (1B2A50: every HUD and menu sprite sheet): hold(+86) += 1 when mode != 1, or when (fc & 1) == the layout's phase(+2F, seeded fc & 1 by 1B5380), and the cell advances past +69: 30 holds a second at 30 and at 60. At 120 the parity passes every other tick; with (fc >> 1) & (N-1) == 0 as well, once in four, whatever the phase",1B2AAE,selected,arithmetic flags overwritten before use,1B2AC3,F160,,167
1C0A74,mode,imuln,div ecx,"memory-card screen (1C0160): +288 = 8 / mode, a wait in ticks",1C0A3A,selected,divides by the mode byte loaded at 1C0A6D; flags dead after,1C0A6D,F750,,204
1C159E,mode,imuln,div ecx,"memory-card screen (1C10F0): +288 = 6 / mode, a wait in ticks",1C1584,selected,divides by the mode byte loaded at 1C1597; flags dead after,1C1597,F830,,211
1C6415,mode,imuln,div ecx,"memory-card screen (1C6110): 1C7F90(this, 210 / mode), a duration in ticks",1C612A,selected,divides by the mode byte loaded at 1C640C; flags dead after,1C6415,F8B0,,215
1C8051,mode,imuln,div ecx,"memory-card screen (1C7FE0): 210 / mode, the same duration",1C7FF6,selected,divides by the mode byte loaded at 1C801F; flags dead after,1C8051,F8D0,,216
153F8B,mode,count,inc dword ptr [rbx + 0x58],"an options slider held one way (153F30): +58 += 1 a tick, and the value(+94) moves by ((+58 / (60, or 30 by mode)) * 10 + 1) * 0.063 a tick, clamped to [1, 8]",153F30,selected,arithmetic flags overwritten before use,153F89,CE40,,21
153FD4,mode,lin,"mulss xmm2, dword ptr [rip + 0x520f78]",that slider's step: its 0.063,153F30,selected,K*s = 0.0629921 at 674F54,slot 8120,,,
15404B,mode,count,inc dword ptr [rbx + 0x5c],the same slider held the other way: +5C += 1 a tick,153F30,selected,arithmetic flags overwritten before use,15404B,CEA0,,22
154088,mode,lin,"mulss xmm0, dword ptr [rip + 0x520ec4]",its step's 0.063,153F30,selected,K*s = 0.0629921 at 674F54,slot 8120,,,
1541BB,mode,count,inc dword ptr [rbx + 0x58],"the second options slider (154160, value +8C, a finer step of 0.0236), held one way: +58 += 1 a tick",154160,selected,arithmetic flags overwritten before use,1541B9,CF00,,23
154204,mode,lin,"mulss xmm2, dword ptr [rip + 0x520d44]",its step's 0.0236,154160,selected,K*s = 0.023622 at 674F50,slot 8124,,,
15427B,mode,count,inc dword ptr [rbx + 0x5c],the second slider held the other way: +5C += 1 a tick,154160,selected,arithmetic flags overwritten before use,15427B,CF60,,24
1542B8,mode,lin,"mulss xmm0, dword ptr [rip + 0x520c90]",its step's 0.0236,154160,selected,K*s = 0.023622 at 674F50,slot 8124,,,
1825A0,flag,gatefn,push rdi,"cPad::Actuater (1825A0, once a tick): each of the pad's 32 rumble slots counts its delay (+4) and then its length (+6) down by one a call, and the motors run while a length remains. Every length and delay is written `n << flag` (cPad::ActSet, 321 reads of the flag), in the port's 60 fps ticks: the function runs on the port's 60 Hz ticks only. Its F6 count (1826D4, +260) steps on the same ticks",1825A0,selected,entry; callers 186650 ignore rax,1825A0,D5A0,,42
3E2ACE,flag,mulflag,"imul ecx, eax","the screen fade (3E2A90, a leaf; 68 callers): its length +C = (1 << flag) x n ticks, the elapsed count +E stepping up to it once a tick in 3E2B60, which lerps the colour by +E / +C: the length x N",3E2980,selected,a factor 1 << flag built from 3E2AA8 and the flag read at 3E2ABB; flags dead after,3E2ACE,27650,,1992
3F2635,skip,callgate,call 0x13a7d0,"the event skip (3F25F0, once a tick while an event can be skipped): 13A7D0 counts its window (+4) once a call and drops the prompt at 150, 5 s at 30 and 1.25 s at 120; between stock ticks the call answers no",3F25F0,selected,"call 13A7D0; rel32 retargeted (5 bytes, no window)",call 332,3B010,,1995
135B30,skip,callgate,call 0x13a7d0,"the movie skip (135B00, once a tick while a movie plays): the same check and window",135B00,selected,"call 13A7D0; rel32 retargeted (5 bytes, no window)",call 0,37930,,0
3F1B99,skip,callgate,call 0x13a7d0,"3F1830's poll (a task loop yielding a tick at a time, left per tick by the task waits: 3F1C77): the same check and window, its answer kept in edi",3F196F,selected,"call 13A7D0; rel32 retargeted (5 bytes, no window)",call 331,3AFC0,,1994
13F675,repeat,notyet,"test al, al","hxNavigationController's repeat (13F410), first direction set: the counter ([r13-79]) at <= 0 fires (reload 4, fire bits set), otherwise it loses mode and the bits are cleared",13F410,selected,"its flags' one branch goes to 13F679 with ZF=OF=0, SF=0",13F670,CA20,,4
13F679,repeat,smode,"sub al, byte ptr [rip + 0xa2b5c6]","that counter -= mode, stored back next",13F410,selected,subtracts the mode byte; arithmetic flags overwritten before use,13F679,CA90,,5
13F6F0,repeat,notyet,"test al, al","hxNavigationController's repeat, second set ([r13])",13F410,selected,"its flags' one branch goes to 13F6F4 with ZF=OF=0, SF=0",13F6EB,CB00,,6
13F6F4,repeat,smode,"sub al, byte ptr [rip + 0xa2b54b]",that counter -= mode,13F410,selected,subtracts the mode byte; arithmetic flags overwritten before use,13F6F4,CB70,,7
184BE9,repeat,notyet,"test al, al","the pad's repeat (1843A0), first set ([r15-79])",1843A0,selected,"its flags' one branch goes to 184BED with ZF=OF=0, SF=0",184BE4,D650,,44
184BED,repeat,smode,"sub al, byte ptr [rip + 0x9e6052]",that counter -= mode,1843A0,selected,subtracts the mode byte; arithmetic flags overwritten before use,184BED,D6C0,,45
184C1E,repeat,notyet,"test al, al","the pad's repeat, second set ([r15])",1843A0,selected,"its flags' one branch goes to 184C22 with ZF=OF=0, SF=0",184C1A,D730,,46
184C22,repeat,smode,"sub al, byte ptr [rip + 0x9e601d]",that counter -= mode,1843A0,selected,subtracts the mode byte; arithmetic flags overwritten before use,184C22,D790,,47
4111D0,menu,gatefn,"mov qword ptr [rsp + 8], rbx","cSSScroll's scroll by one row, up (4111D0): every row(+24) -= spacing / 3 a tick while its count(+D0, from the global 7A90B0 = 3, which nothing writes) runs down; the rows are relinked at its end. Floats and a count together: the whole function runs on stock ticks",4111D0,selected,entry; callers 410FC2 ignore rax,4111D0,29030,,2068
4113A0,menu,gatefn,"mov qword ptr [rsp + 8], rbx","cSSScroll's scroll by one row, down (4113A0): the same, rows += spacing / 3",4113A0,selected,entry; callers 410FCC ignore rax,4113A0,29080,,2069
410540,menu,gatefn,push rbx,cSSScroll opening (410540): over 20 ticks(+D0 counted up) the list fades in on a squared curve and its header slides to place; rows 1-5 slide +50 a tick,410540,selected,entry; callers 410FB8 ignore rax,410540,28FE0,,2067
411570,menu,gatefn,"mov qword ptr [rsp + 0x10], rbx","cSSScroll closing (411570): the same fade and slide out over 20 ticks, rows -50 a tick while above their target; it calls the blink 411960 (F1 counts its step on stock ticks, the same ones)",411570,selected,entry; callers 410FAE ignore rax,411570,290D0,,2070
2437BD,actor,lin,"mulss xmm0, dword ptr [rip + 0x431c0f]",imp approach (243630 step 1): pos.x += dir.x * 2.5 a tick toward a point near Amaterasu,243659,selected,K*s = 2.5 at 6753D4,slot 8128,,,
2437E3,actor,lin,"mulss xmm0, dword ptr [rip + 0x431be9]",imp approach (243630 step 1): pos.z += dir.z * 2.5 a tick,243659,selected,K*s = 2.5 at 6753D4,slot 8128,,,
2438E6,actor,lin,"mulss xmm0, dword ptr [rip + 0x431ae6]","imp approach (243630 step 3, 120 ticks): pos.x += dir.x * 2.5 a tick",243894,selected,K*s = 2.5 at 6753D4,slot 8128,,,
24390C,actor,lin,"mulss xmm0, dword ptr [rip + 0x431ac0]",imp approach (243630 step 3): pos.z += dir.z * 2.5 a tick,243894,selected,K*s = 2.5 at 6753D4,slot 8128,,,
243A7C,actor,lin,"mulss xmm0, dword ptr [rip + 0x431950]","imp approach (243630 step 5, while its animation plays): pos.x += dir.x * 2.5",243894,selected,K*s = 2.5 at 6753D4,slot 8128,,,
243AA2,actor,lin,"mulss xmm0, dword ptr [rip + 0x43192a]",imp approach (243630 step 5): pos.z += dir.z * 2.5 a tick,243894,selected,K*s = 2.5 at 6753D4,slot 8128,,,
243B85,actor,callscale,call 0x2da410,"imp jump kick (243630 step 7): forward by +E48 a tick (2DA410, xmm1 = the step); +E48 *= 0.97 a tick after it is decay_factors.h's",243B25,selected,"call 2DA410; rel32 retargeted (5 bytes, no window)",call 20,37E10,,490
2A185B,actor,lin,"mulss xmm0, dword ptr [rip + 0x3d3b71]","em56..em59 approach (2A1710, as 243630 step 1): pos.x += dir.x * 2.5 a tick",2A1710,selected,K*s = 2.5 at 6753D4,slot 8128,,,
2A1881,actor,lin,"mulss xmm0, dword ptr [rip + 0x3d3b4b]","em56..em59 approach, step 1: pos.z",2A1710,selected,K*s = 2.5 at 6753D4,slot 8128,,,
2A1999,actor,lin,"mulss xmm0, dword ptr [rip + 0x3d3a33]","em56..em59 approach, step 3 (120 ticks): pos.x",2A1947,selected,K*s = 2.5 at 6753D4,slot 8128,,,
2A19BF,actor,lin,"mulss xmm0, dword ptr [rip + 0x3d3a0d]","em56..em59 approach, step 3: pos.z",2A1947,selected,K*s = 2.5 at 6753D4,slot 8128,,,
2A1B00,actor,lin,"mulss xmm0, dword ptr [rip + 0x3d38cc]","em56..em59 approach, step 5: pos.x",2A1947,selected,K*s = 2.5 at 6753D4,slot 8128,,,
2A1B26,actor,lin,"mulss xmm0, dword ptr [rip + 0x3d38a6]","em56..em59 approach, step 5: pos.z",2A1947,selected,K*s = 2.5 at 6753D4,slot 8128,,,
2A1C19,actor,callscale,call 0x2da410,em56..em59 jump kick (2A1710 step 7): forward by +E48 a tick,2A1947,selected,"call 2DA410; rel32 retargeted (5 bytes, no window)",call 179,398D0,,921
24DD10,actor,callscale,call 0x2da410,"em02 charge (24D9B0, vtable slot 47, while +E3C counts down): forward 4 a tick (+12B8 = 3)",24DB93,selected,"call 2DA410; rel32 retargeted (5 bytes, no window)",call 63,38690,,550
24DD34,actor,callscale,call 0x2da410,em02 charge: forward 3 a tick (+12B8 = 2),24DB93,selected,"call 2DA410; rel32 retargeted (5 bytes, no window)",call 64,386B0,,551
24DD49,actor,callscale,call 0x2da410,em02 charge: forward 2 a tick (+12B8 = 0 or 1),24DB93,selected,"call 2DA410; rel32 retargeted (5 bytes, no window)",call 65,386D0,,552
24907F,actor,dst,"movss xmm0, dword ptr [rsp + 0x40]","imp leap (248DE0, from the imps' dispatch 2422E0): every tick of every step, pos += RotateY(+B4) x (0, 0, +E48) (Apply into the stack vector); +E48 = 1.2 or 1.8, *= 0.8 a tick (decay_factors.h). Its x, added to pos.x",248DE0,selected,the step's next reader is its accumulation,24907F,149D0,,511
249094,actor,dst,"movss xmm0, dword ptr [rsp + 0x44]","imp leap: the rotated step's y (0 for a turn about y), added to pos.y",248DE0,selected,the step's next reader is its accumulation,249094,149F0,,512
2490AB,actor,dst,"movss xmm0, dword ptr [rsp + 0x48]","imp leap: the rotated step's z, added to pos.z",248DE0,selected,the step's next reader is its accumulation,2490AB,14A10,,513
249A57,actor,callscale,call 0x2da410,"imp backstep (249960, from 2422E0): forward by speed x +E48 a tick (+E48 = -5) until its animation ends",249A0C,selected,"call 2DA410; rel32 retargeted (5 bytes, no window)",call 36,38010,,518
249A64,actor,lin,"mulss xmm0, dword ptr [rip + 0x433810]","imp backstep: +E48 += speed x 0.1 a tick, the ramp of the step",249A0C,selected,K*s = 0.1 at 67D27C,slot 812C,,,
24B237,actor,lin,"mulss xmm0, dword ptr [rip + 0x433ce5]","em01/em7a/em83 knockback (24B120, vtable slot 68): vy +E54 += speed x 0.45 a tick",24B120,selected,K*s = 0.45 at 67EF24,slot 8130,,,
24B24F,actor,callscale,call 0x2da410,em01/em7a/em83 knockback: forward by speed x +E48 (= -6) a tick,24B120,selected,"call 2DA410; rel32 retargeted (5 bytes, no window)",call 44,382F0,,527
24B25C,actor,lin,"mulss xmm0, dword ptr [rip + 0x433cbc]",em01/em7a/em83 knockback: +E48 += speed x 0.2 a tick until -0.5,24B120,selected,K*s = 0.2 at 67EF20,slot 8134,,,
24C621,actor,callscale,call 0x2da410,"em01/em83 attack (24C380, vtable slot 64): forward by speed x +E48 (= 5) a tick while its animation loops",24C3BE,selected,"call 2DA410; rel32 retargeted (5 bytes, no window)",call 59,38610,,542
254324,actor,callscale,call 0x2da410,"em05/em09/em18/em7c..em7e knockback (254010, from 2526F0): forward by speed x +E48 (= -6) a tick until its animation ends",25423D,selected,"call 2DA410; rel32 retargeted (5 bytes, no window)",call 74,387F0,,578
254331,actor,lin,"mulss xmm0, dword ptr [rip + 0x41dad7]",the same knockback: +E48 += speed x 0.7 a tick until 0,25423D,selected,K*s = 0.7 at 671E10,slot 8138,,,
25697C,actor,srcx,"subss xmm0, xmm1","em05 family dash (2566F0, from 2529B0): clock +1290 (30) -= speed a tick; xmm1, the speed, goes on to the move",2567DA,selected,"xmmD / s, op, * s: exact for s = 1/N a power of two; no flags touched, no register borrowed",256979,151A0,,593
2569C3,actor,callscale,call 0x2da410,the same dash: forward by speed x +E18 (the distance / 30) a tick,2569B8,selected,"call 2DA410; rel32 retargeted (5 bytes, no window)",call 84,38930,,594
256E37,actor,callscale,call 0x2da410,"em05 family attack (256C00, from 2529B0): forward by speed x +E48 (= 3) a tick while its animation plays",256C00,selected,"call 2DA410; rel32 retargeted (5 bytes, no window)",call 87,38990,,597
257C41,actor,callscale,call 0x2da410,"em05 family attack (2579F0, from 2529B0): forward by +E48 (= 3) x speed a tick",2579F0,selected,"call 2DA410; rel32 retargeted (5 bytes, no window)",call 98,38AF0,,612
257C56,actor,lin,"mulss xmm1, dword ptr [rip + 0x4272c2]",the same attack: +E48 -= speed x 0.2 a tick,2579F0,selected,K*s = 0.2 at 67EF20,slot 8134,,,
2571EB,actor,callscale,call 0x2da410,"em05 family leap (257060, from 2529B0): vy = 8, then forward by speed x +E18 (= 5) a tick until it lands (the fall at its stock pace)",257079,selected,"call 2DA410; rel32 retargeted (5 bytes, no window)",call 91,38A10,,604
258364,actor,callscale,call 0x2da410,"em05 family leap (258290, from 2529B0): vy = 8, forward by speed x +E18 (= 4) a tick until it lands",258290,selected,"call 2DA410; rel32 retargeted (5 bytes, no window)",call 101,38B50,,616
25A715,actor,callscale,call 0x2da410,"hop (25A510): vy = 4, 7 or 9, then forward by +E18 (2.5 or 4) a tick until vy <= -4 and on down to the ground",25A529,selected,"call 2DA410; rel32 retargeted (5 bytes, no window)",call 109,38C50,,629
2766B7,actor,dst,"movss xmm0, dword ptr [rdi + 0xe10]","em2b leap (276400, from 275020): +E10 = the way to its target / 20 a tick; pos.x += +E10 every tick of the animation's frames 15..37",276696,selected,the step's next reader is its accumulation,2766B7,162F0,,734
2766CE,actor,dst,"movss xmm0, dword ptr [rdi + 0xe18]",em2b leap: pos.z += +E18 a tick,276696,selected,the step's next reader is its accumulation,2766CE,16310,,735
277CF6,actor,dst,"movss xmm0, dword ptr [rdi + 0xe10]","em2b lunge (2779A0, from 275020): +E10 = the way to Amaterasu / 16 a tick; pos.x += +E10 every tick while +E3E is 0",2779BE,selected,the step's next reader is its accumulation,277CF6,163B0,,739
277D0D,actor,dst,"movss xmm0, dword ptr [rdi + 0xe18]",em2b lunge: pos.z += +E18 a tick,2779BE,selected,the step's next reader is its accumulation,277D0D,163D0,,740
28D9FD,actor,callscale,call 0x2da410,"em4d/em4e/em50 charge (28D810, from 289A90): forward by +E18 a tick; +E18 = 0.1, *= 1.2 a tick up to 7 (the growth is not scaled: it reaches 7 in 12 ticks)",28D881,selected,"call 2DA410; rel32 retargeted (5 bytes, no window)",call 161,39640,,841
2A143F,actor,callscale,call 0x2da410,"em56/em57/em59 knockback (2A1260, vtable slot 46): forward by speed x +E48 (step 3) or +E48 (step 4) a tick, +E48 = -6",2A1281,selected,"call 2DA410; rel32 retargeted (5 bytes, no window)",call 177,39890,,919
2A144C,actor,lin,"mulss xmm0, dword ptr [rip + 0x3d45f0]",the same knockback: +E48 += speed x 1.5 a tick until 0,2A1281,selected,K*s = 1.5 at 675A44,slot 813C,,,
2A1669,actor,callscale,call 0x2da410,"em56..em59 knockback (2A1570, from 29F500): forward by +E48 (= -6) a tick",2A1570,selected,"call 2DA410; rel32 retargeted (5 bytes, no window)",call 178,398B0,,920
2A1676,actor,lin,"mulss xmm0, dword ptr [rip + 0x3d078a]",the same knockback: +E48 += speed x 0.5 a tick until 0,2A1570,selected,K*s = 0.5 at 671E08,slot 8140,,,
2A3EFD,actor,callscale,call 0x2da410,"em56/em57/em58 dive (2A3AF0, vtable slot 43): forward by (distance - 70) / 2 a tick while farther than 70",2A3B0E,selected,"call 2DA410; rel32 retargeted (5 bytes, no window)",call 191,39A50,,942
2A3F02,actor,lin,"movss xmm3, dword ptr [rip + 0x3d1b6e]","the same dive: pos += M x (0, -10, 5, 1) a tick (2DA3F0) until it lands; z",2A3B0E,selected,K*s = 5 at 675A78,slot 8144,,,
2A3F0F,actor,lin,"movss xmm2, dword ptr [rip + 0x3d5c71]","the same dive: y of (0, -10, 5, 1); x is xmm6 = 0 and w xmm7 = 1 (the prologue)",2A3B0E,selected,K*s = -10 at 679B88,slot 8148,,,
2A3F81,actor,dst,"movss xmm0, dword ptr [rdi + 0xe10]",the same dive: pos.x += 2 x +E10 (the unit way to Amaterasu) a tick,2A3B0E,selected,the step's next reader is its accumulation,2A3F81,18200,,943
2A3F9B,actor,dst,"movss xmm1, dword ptr [rdi + 0xe18]",the same dive: pos.z += 2 x +E18 a tick,2A3B0E,selected,the step's next reader is its accumulation,2A3F9B,18220,,944
2A4413,actor,lin,"movss xmm1, dword ptr [rip + 0x3d3c65]","em56/em57/em58 spacing (2A43F0, vtable slot 42): back 2 a tick nearer than 30",2A43F0,selected,K*s = -2 at 678080,slot 814C,,,
2A4431,actor,lin,"movss xmm1, dword ptr [rip + 0x3cd9db]",the same spacing: forward 2 a tick farther than 90 (a tail jump to 2DA410),2A43F0,selected,K*s = 2 at 671E14,slot 8150,,,
2A586D,actor,callscale,call 0x2da410,"em56..em59 backstep (2A5730, from 29F770): forward by speed x +E48 (= -5) a tick until its animation ends",2A581A,selected,"call 2DA410; rel32 retargeted (5 bytes, no window)",call 196,39AF0,,952
2A587D,actor,lin,"mulss xmm0, dword ptr [rip + 0x3d79f7]",the same backstep: +E48 += speed x 0.1 a tick,2A581A,selected,K*s = 0.1 at 67D27C,slot 812C,,,
2A5EFF,actor,callscale,call 0x2da410,"em56..em59 dive (2A5CA0, from 29F770): forward by (distance - 80) / 2.5 a tick while farther than 80",2A5EB8,selected,"call 2DA410; rel32 retargeted (5 bytes, no window)",call 201,39B90,,958
2A5F04,actor,lin,"movss xmm3, dword ptr [rip + 0x3cfb6c]","the same dive: pos += M x (0, -10, 5, 1) a tick until it lands; z",2A5EB8,selected,K*s = 5 at 675A78,slot 8144,,,
2A5F11,actor,lin,"movss xmm2, dword ptr [rip + 0x3d3c6f]",the same dive: y; x is xmm7 = 0 and w xmm8 = 1 (the prologue),2A5EB8,selected,K*s = -10 at 679B88,slot 8148,,,
2A5F83,actor,lin,"mulss xmm0, dword ptr [rip + 0x3d3cfd]",the same dive: pos.x += +E10 (the unit way to Amaterasu) x 3.5 a tick,2A5EB8,selected,K*s = 3.5 at 679C88,slot 8154,,,
2A5FA9,actor,lin,"mulss xmm0, dword ptr [rip + 0x3d3cd7]",the same dive: pos.z += +E18 x 3.5 a tick,2A5EB8,selected,K*s = 3.5 at 679C88,slot 8154,,,
2A7274,actor,callscale,call 0x2da410,"em58 knockback (2A7150, vtable slot 47): forward by +E48 (= -6) a tick",2A7169,selected,"call 2DA410; rel32 retargeted (5 bytes, no window)",call 202,39BB0,,959
2A7281,actor,lin,"mulss xmm0, dword ptr [rip + 0x3ce7bb]",the same knockback: +E48 += speed x 1.5 a tick until 0,2A7169,selected,K*s = 1.5 at 675A44,slot 813C,,,
2A733A,actor,callscale,call 0x2da410,the same knockback's next step: forward by +E48 a tick,2A7169,selected,"call 2DA410; rel32 retargeted (5 bytes, no window)",call 203,39BD0,,960
2A7347,actor,lin,"mulss xmm0, dword ptr [rip + 0x3ce6f5]",the same step: +E48 += speed x 1.5 a tick until 0,2A7169,selected,K*s = 1.5 at 675A44,slot 813C,,,
2A7E5F,actor,callscale,call 0x2da410,"em59 approach (2A7C00, vtable slot 43): forward 3 a tick while farther than 60, until +E3C (30, a memory timer) runs out or it lands",2A7C10,selected,"call 2DA410; rel32 retargeted (5 bytes, no window)",call 208,39C70,,967
2A7FF3,actor,lin,"movss xmm1, dword ptr [rip + 0x3d0085]","em59 spacing (2A7FD0, vtable slot 42): back 2 a tick nearer than 30",2A7FD0,selected,K*s = -2 at 678080,slot 814C,,,
2A8011,actor,lin,"movss xmm1, dword ptr [rip + 0x3c9dfb]",em59 spacing: forward 2 a tick farther than 90,2A7FD0,selected,K*s = 2 at 671E14,slot 8150,,,
2D4C2F,actor,callscale,call 0x2da410,"em7a attack (2D4AA0, vtable slot 64): forward by speed x +E48 (= 3) a tick while its animation loops",2D4BE6,selected,"call 2DA410; rel32 retargeted (5 bytes, no window)",call 245,3A480,,1139
2D5222,actor,srcx,"subss xmm0, xmm1","em7c dash (2D4F60, vtable slot 41): clock +1290 -= speed a tick; xmm1, the speed, goes on to the move",2D4F7E,selected,"xmmD / s, op, * s: exact for s = 1/N a power of two; no flags touched, no register borrowed",2D5222,19C50,,1141
2D524A,actor,callscale,call 0x2da410,the same dash: forward by speed x 0.6 x 10 a tick,2D4F7E,selected,"call 2DA410; rel32 retargeted (5 bytes, no window)",call 247,3A4C0,,1142
239AF3,actor,lin,"mulss xmm7, dword ptr [rip + 0x43ed95]","the enemies' death fade (239AA0, from ten classes' deaths): alpha +115C -= rate x 0.03 a tick (the imps' rate is 1.0, 33 ticks); at 0.01 the enemy is removed (2389F0)",239AEC,selected,K*s = 0.03 at 678890,slot 8158,,,
247AB6,actor,dst,"mulss xmm0, dword ptr [rbx + 0xe48]","imp sidestep (247900, from the imps' dispatch 2422EB): in its animation's frames 4..13, +EC0 (this tick's root-motion step: the motion advance rewrites it every tick, 4B9E22, and 2DA3D0 moves the imp by it) += speed x +E48, +E48 random, 1 to 2 or 0 to 1.5 a tick. The imps' other steps of this kind (246E60, 2488B0, 249A90) put the time scale in +E48; this one does not",2479F8,selected,the step's next reader is its accumulation,247AB6,14950,,500
291A91,actor,lin,"subss xmm0, dword ptr [rip + 0x3e819b]","em51 orbit (291940, from its state-1 update 291850): every tick the angle +11D0 turns 4 degrees, and the position is set 60 from a centre at that angle, for +11B8 (150 to 300) of its clock; this way round",2919F1,selected,K*s = 0.0698132 at 679C34,slot 815C,,,
291A9B,actor,lin,"addss xmm0, dword ptr [rip + 0x3e8191]",em51 orbit: the angle the other way round (+11DA bit 0 clear),2919F1,selected,K*s = 0.0698132 at 679C34,slot 815C,,,
2BF31D,actor,callscale,call 0x2da410,"em64 chase (2BF0F0, action 0 of its state-1 update 2BF0A0): forward by speed x +E18 a tick while +E3C (120, a memory timer) runs and it is farther than 25; +E18 from 3 up by speed x 0.5 a tick to 11 (the step finder's row 2BF322)",2BF0F0,selected,"call 2DA410; rel32 retargeted (5 bytes, no window)",call 237,3A290,,1064
28650F,actor,dst,"movss xmm2, dword ptr [rdi + 0x1080]","em3d jump (2860D0): pos += +E10 x speed a tick (cVec::operator*(float), then +=) until it lands; its init sets +E10 to a level direction x 5.5 or 7.5 and vy to 8 or 11",286263,selected,only the factor of the vector product at 286526 (and a zero test),28650F,16DD0,,792
286691,actor,dst,"movss xmm2, dword ptr [r14 + 0x1080]","em3d (2865B0): pos += M x (+E10 x speed) a tick (2DA3F0); +E10 = (0, 0, -2) and its z +E18 += speed a tick up to 10 (the actor clock row 2866CD): a step back that turns into a run",2865D4,selected,only the factor of the vector product at 2866A5 (and a zero test),286691,16E10,,794
2588EB,actor,lin,"movss xmm1, dword ptr [rip + 0x41c665]","em05 family walk (258700, from its state-1 update 2529B0): while farther than 30 from the point at +1070, +E10 = the level way to it x 3 and pos += +E10, a tick",258700,selected,K*s = 3 at 674F58,slot 8160,,,
2561A1,actor,blend,"movss xmm1, dword ptr [rip + 0x4226e7]","em05 family exit (255ED0 step 3, from 2529B0): every tick pos += (the point at +1070 - pos) x 0.03 (cVec *=, +=) while it fades",255EEB,selected,1-(1-K)^s = 0.03 at 678890,slot 8164,,,
256222,actor,blend,"movss xmm1, dword ptr [rip + 0x41bbda]","the same step: then pos.xz += (that point, 40 above its ground, - pos).xz x 0.1",255EEB,selected,1-(1-K)^s = 0.1 at 671E04,slot 8168,,,
258B06,actor,blend,"movss xmm1, dword ptr [rip + 0x4192f6]","em05 family hover (258930, from 2529B0): pos += (the point at +1070, 43 above its ground, - pos) x 0.1 a tick until within 15",258AB4,selected,1-(1-K)^s = 0.1 at 671E04,slot 8168,,,
291A4E,actor,blend,"movss xmm2, dword ptr [rip + 0x3e03ae]","em51 orbit centre (291940): +11C0 += (its target + (0, 15, 0) - +11C0) x 0.1 a tick (cVec::operator*(float), +=)",2919F1,selected,1-(1-K)^s = 0.1 at 671E04,slot 8168,,,
2870B7,actor,blend,"movss xmm1, dword ptr [rip + 0x3f16bd]","em3d approach (286E80): while farther than 5 from its target, pos += (target - pos) x 0.025 a tick",286EB6,selected,1-(1-K)^s = 0.025 at 67877C,slot 816C,,,
239010,actor,gatefn,push rbx,"the enemies' hit shake and hit stop (239010, from 25 classes' updates while +10C0, set to 4, 8, 14 or 15 by a hit, is above 0; meanwhile they skip their fall and tracking): a part of the model moves +2 or -2 in y by +10C0's parity, and +10C0 -= 1. On stock ticks only: the shake at stock's pace, the stop its stock length",239010,selected,"entry; callers 241414, 251520, 25A048, 25BA45, 25F567, 2652B3, 26F208, 27427D, 27BE7D, 285A2F, 2875AC, 28933A, 293607, 29F02A, 2AAAC5, 2B704C, 2BEFD8, 2C1AE0, 2CEA96, 2D8CAE, 5C6C58, 5CEFC5, 5D5BC5, 5E0A8C, 5ECB55 ignore rax",239010,144B0,,479
294119,actor,lin,"movss xmm0, dword ptr [rip + 0x50bc27]","em52 orbit (2940C0, +12C4 = 0): its angle +12B0 += -0.04 x speed x +12B8 a tick",294101,selected,K*s = -0.04 at 79FD48,slot 8170,,,
294163,actor,lin,"movss xmm0, dword ptr [rip + 0x50bbed]",em52 orbit: the radius's phase +12BC += 0.04 x speed a tick (radius +129C + 25 sin +12BC),294101,selected,K*s = 0.04 at 79FD58,slot 8174,,,
29429B,actor,lin,"movss xmm0, dword ptr [rip + 0x50baa5]","em52 orbit round Amaterasu (2940C0, +12C4 = 1): +12B0 += -0.04 x 0.9 x speed a tick",294281,selected,K*s = -0.04 at 79FD48,slot 8170,,,
2942DA,actor,lin,"movss xmm0, dword ptr [rip + 0x50ba76]","the same orbit: +12BC += 0.04 x 0.1 x speed a tick (xmm9's 0.1 is read again later, so the row is on the 0.04)",294281,selected,K*s = 0.04 at 79FD58,slot 8174,,,
294810,actor,dst,"mulss xmm0, dword ptr [rbx + 0x1080]","em52 spin (2940C0, while +12D8 is set): +1274 += +1278 x speed a tick, the angle its child model's +B0 is set to",2947E7,selected,the step's next reader is its accumulation,294810,179F0,,883
2994D3,actor,lin,"movss xmm0, dword ptr [rip + 0x506885]",em52 action 3 (2994C0): +12B0 += -0.06 x speed x +12B8 a tick,2994C0,selected,K*s = -0.06 at 79FD60,slot 8178,,,
2996DC,actor,lin,"movss xmm0, dword ptr [rip + 0x506664]",the same action (+25F0 = 3): +12B0 += -0.04 x 4 x speed x +12B8 a tick,2994C0,selected,K*s = -0.04 at 79FD48,slot 8170,,,
299AD8,actor,lin,"movss xmm1, dword ptr [rip + 0x506268]",em52 action 15 (299AC0): +12B0 -= -0.04 x speed x +12B8 x 0.5 a tick,299AC0,selected,K*s = -0.04 at 79FD48,slot 8170,,,
29A139,actor,lin,"mulss xmm1, dword ptr [rip + 0x3db937]","em52 action 16 (29A030): the spin +1274 -= +1278 x 5 a tick (+1278 *= 0.93, the decay factors' 29A12E)",29A030,selected,K*s = 5 at 675A78,slot 8144,,,
2993BC,actor,lin,"movss xmm2, dword ptr [rip + 0x3e41dc]","em52 action 4 (2990A0): +1278 *= 0.965 (the decay factors' 2993A4), then +- 0.0025 a tick toward 3 x +12B4",2990A0,selected,K*s = 0.0025 at 67D5A0,slot 817C,,,
29A4B4,actor,lin,"movss xmm2, dword ptr [rip + 0x3e30e4]","em52 action 2 (29A380): the same ramp, +- 0.0025 a tick (the decay factors' 29A49C)",29A380,selected,K*s = 0.0025 at 67D5A0,slot 817C,,,
299624,actor,lin,"movss xmm3, dword ptr [rip + 0x3e6a9c]","em52 action 3 (2994C0): +1278 *= 0.989 (the decay factors' 299609), then +- 0.003 a tick toward 3 x +12B4",2994C0,selected,K*s = 0.003 at 6800C8,slot 8180,,,
29969A,actor,lin,"movss xmm2, dword ptr [rip + 0x5066c2]",the same action (+25F0 = 3): +- 0.01 a tick toward 3 x 4 x +12B4,2994C0,selected,K*s = 0.01 at 79FD64,slot 8184,,,
299C0E,actor,lin,"movss xmm3, dword ptr [rip + 0x3e64b2]","em52 action 15 (299AC0): +1278 += 0.003 a tick, and 0.003 more while below 0.3",299AC0,selected,K*s = 0.003 at 6800C8,slot 8180,,,
2995CB,actor,srcx,"subss xmm0, xmm7","em52 action 3 (2994C0): +12C0 -= 1 a tick; at 0 a sound (4E) and +12C0 = 12. xmm7's 1.0 is also a vector's w later, so the row is on the subtraction",2994C0,selected,"xmmD / s, op, * s: exact for s = 1/N a power of two; no flags touched, no register borrowed",2995CB,17AD0,,890
29A45E,actor,srcx,"subss xmm0, xmm7","em52 action 2 (29A380): the same countdown, 30 ticks, sound 4A",29A380,selected,"xmmD / s, op, * s: exact for s = 1/N a power of two; no flags touched, no register borrowed",29A45E,17BA0,,896
2983FB,actor,dst,"movss xmm2, dword ptr [rbx + 0x1080]","em52 action 6 (2981B0): pos += M x (0, 0, 50 x +1278 x 1.2) x speed x +F54 a tick (2DA3F0); +1278 set to 0.06 at frame 65, then x 0.97 a tick",2981B0,selected,only the factor of the vector product at 29840D (and a zero test),2983FB,17A50,,886
2986D9,actor,dst,"movss xmm2, dword ptr [rdi + 0x1080]","em52 action 5 (2984A0): the same move, +1278 set to 0.105 or 0.15 at frame 15",2984A0,selected,only the factor of the vector product at 2986EB (and a zero test),2986D9,17A70,,887
299453,actor,dst,"movss xmm2, dword ptr [rbx + 0x1080]",em52 action 4 (2990A0): forward by 50 x +1278 x speed x +F54 a tick (2DA3F0),2990A0,selected,only the factor of the vector product at 299465 (and a zero test),299453,17AB0,,889
299929,actor,dst,"movss xmm2, dword ptr [rbx + 0x1080]",em52 action 3 (2994C0): the same move,299764,selected,only the factor of the vector product at 29993B (and a zero test),299929,17B00,,891
299C79,actor,dst,"movss xmm2, dword ptr [rbx + 0x1080]",em52 action 15 (299AC0): forward by 50 x +1278 x 0.06 x speed x +F54 a tick,299AC0,selected,only the factor of the vector product at 299C8B (and a zero test),299C79,17B20,,892
29A1A9,actor,dst,"movss xmm2, dword ptr [rbx + 0x1080]",em52 action 16 (29A030): forward by 50 x +1278 x speed x +F54 a tick,29A030,selected,only the factor of the vector product at 29A1BB (and a zero test),29A1A9,17B80,,895
29A59F,actor,dst,"movss xmm2, dword ptr [rbx + 0x1080]",em52 action 2 (29A380): the same move,29A380,selected,only the factor of the vector product at 29A5B1 (and a zero test),29A59F,17BD0,,897
296B2F,actor,dst,"movss xmm2, dword ptr [rbx + 0x1080]","em52 action 8 (296700): pos += M x (5 x min(frame x 0.1, 1), 0, 0) x speed x +F54 a tick, a slide sideways",296700,selected,only the factor of the vector product at 296B3F (and a zero test),296B2F,17A10,,884
299E50,actor,dst,"movss xmm2, dword ptr [rbx + 0x1080]","em52 action 18 (299D40): the same slide, 5 one way",299DD6,selected,only the factor of the vector product at 299E62 (and a zero test),299E50,17B40,,893
299FC9,actor,dst,"movss xmm2, dword ptr [rbx + 0x1080]","em52 action 17 (299EC0): the same slide, 5 the other way",299F4F,selected,only the factor of the vector product at 299FDB (and a zero test),299FC9,17B60,,894
2974FC,actor,dst,"movss xmm2, dword ptr [rbx + 0x1080]","em52 action 9 (297090): pos += M x (0, 0, 16 x (sin^2 + 0.1)) x speed x +F54 a tick",2973FC,selected,only the factor of the vector product at 29750E (and a zero test),2974FC,17A30,,885
296857,actor,lin,"addss xmm0, dword ptr [rip + 0x3e33a1]",em52 action 8 (296700): its heading +B4 += 2 degrees a tick in frames 35..59,296700,selected,K*s = 0.0349066 at 679C00,slot 8188,,,
29686E,actor,lin,"subss xmm0, dword ptr [rip + 0x3e338a]",the same action: +B4 -= 2 degrees a tick in frames 60..109,296700,selected,K*s = 0.0349066 at 679C00,slot 8188,,,
297968,actor,lin,"mulss xmm0, dword ptr [rip + 0x3dfc80]","em52 action 12 (297720): +B4 += f x 0.05 x speed a tick, f from 0 to 1 over frames 10..80",2977F2,selected,K*s = 0.05 at 6775F0,slot 818C,,,
297C0A,actor,lin,"movss xmm1, dword ptr [rip + 0x508162]","the same action, once its pull has caught Amaterasu (+12DA): her position += the level way from em52 to her x f x 0.5 a tick (her own height below its)",297B88,selected,K*s = 0.5 at 79FD74,slot 8190,,,
297C14,actor,lin,"movss xmm1, dword ptr [rip + 0x50815c]","the same push, her height at or above its",297B88,selected,K*s = 0.5 at 79FD78,slot 8194,,,
2977A8,actor,blend,"movss xmm2, dword ptr [rip + 0x3da654]","em52 action 12 (297720): pos += (+12A0 - pos) x 0.1 x speed a tick (cVec operator*, +=), toward the point it circles",297720,selected,1-(1-K)^s = 0.1 at 671E04,slot 8168,,,
297DE2,actor,blend,"movss xmm2, dword ptr [rip + 0x3da01a]",em52 action 13 (297D50): the same pull toward +12A0,297D50,selected,1-(1-K)^s = 0.1 at 671E04,slot 8168,,,
2980D9,actor,blend,"movss xmm2, dword ptr [rip + 0x3d9d23]",em52 action 14 (297FA0): pos += (Amaterasu's position - pos) x 0.1 a tick in frames 11..24 (a target that moves: close to k' = 1 - 0.9^s),297FA0,selected,1-(1-K)^s = 0.1 at 671E04,slot 8168,,,
27E785,actor,blend,"movss xmm2, dword ptr [rip + 0x3f419f]",em2d step 3: step = (+24A0 - pos) x 0.2 (cVec operator*(float)); pos += step,27E5E0,selected,1-(1-K)^s = 0.2 at 67292C,slot 8198,,,
27E7A4,actor,srcx,"comiss xmm0, dword ptr [rip + 0x3f472d]",the same step's test: |step| > 10 in stock units,27E5E0,selected,"xmmD / s, op, * s: exact for s = 1/N a power of two; no flags touched, no register borrowed",27E7A4,167C0,,759
27E7BB,actor,lin,"movss xmm2, dword ptr [rip + 0x3f9b69]","the same step, far away: step = its direction x 15",27E5E0,selected,K*s = 15 at 67832C,slot 819C,,,
27E9A2,actor,blend,"movss xmm6, dword ptr [rip + 0x3f3f82]","em2d step 1: em2d toward +24A0 and its partner toward 9C4790, each by 0.2 of the way a tick (xmm6 for both)",27E5E0,selected,1-(1-K)^s = 0.2 at 67292C,slot 8198,,,
27E9C4,actor,lin,"movss xmm7, dword ptr [rip + 0x3f450c]",the same step's tests: |step| > 10 (xmm7 for both),27E5E0,selected,K*s = 10 at 672ED8,slot 81A0,,,
27E9DF,actor,lin,"movss xmm2, dword ptr [rip + 0x3f7091]","em2d, far away: step = its direction x 5",27E5E0,selected,K*s = 5 at 675A78,slot 8144,,,
27EA77,actor,lin,"movss xmm2, dword ptr [rip + 0x3faf35]","its partner, far away: step = its direction x 4",27E5E0,selected,K*s = 4 at 6799B4,slot 81A4,,,
2D7A70,actor,blendr,"addss xmm8, xmm6","em8f part step: k = 0.1 + 0.05 x part, the factor of case 1's approach, pos += (anchor - pos) x k a tick after the spring's move (xmm8, read by that only)",2D7A12,selected,flags dead after the copy (2D7A75 on); xmm5 dead after it,2D7A70,19CE0,xmm5,1152
2D7B31,actor,src,"mulss xmm1, xmm6","case 1: the part's alpha +5C += (1 - +5C) x 0.1 a tick (xmm6's 0.1 is also case 3's gravity): 0.1 x s, the linear share of the fade in (0.9037 of the gap left a stock tick at 120, 0.9 stock)",2D7A12,selected,xmm5 dead after the site on every path,2D7B2E,19D60,xmm5,1153
2D7B61,actor,ufirst,"movss xmm6, dword ptr [rip + 0x3abd7f]","case 1: the velocity's damping, x 0.96 a tick on each lane (xmm6's three readers)",2D7A12,selected,the factor's next reader multiplies by it,2D7B61,19D80,,1154
2D7B74,actor,zfirst,"mulss xmm0, xmm1","case 1: the spring, vx += (anchor - pos).x x 0.002 a tick",2D7A12,selected,the step's next reader is its accumulation,2D7B71,19DB0,,1155
2D7B92,actor,zfirst,"mulss xmm0, xmm1","case 1: the spring, vy",2D7A12,selected,the step's next reader is its accumulation,2D7B8D,19DE0,,1156
2D7BBA,actor,zfirst,"mulss xmm0, xmm1","case 1: the spring, vz",2D7A12,selected,the step's next reader is its accumulation,2D7BB5,19E10,,1157
2D7BDF,actor,count,"mov word ptr [rsi + r14*2 + 0x1424], ax","case 1: the wobble's phase +1424+2i += 1 a tick (its sine of 8 degrees a step, read before the store)",2D7A12,selected,arithmetic flags overwritten before use,2D7BDF,19E40,,1158
2D7C2E,actor,zfirst,"mulss xmm0, dword ptr [rip + 0x3a22ba]","case 1: the wobble, vy += sin(phase x 8 degrees) x 0.04 a tick",2D7A12,selected,the step's next reader is its accumulation,2D7C2E,19EA0,,1159
2D7C6C,actor,scaledadd,call qword ptr [rip + 0x39918e],case 1: the part's position += its velocity (cVec::operator+=),2D7A12,selected,calls cVec::operator+=,2D7C6C,19ED0,,1160
2D7D25,actor,blend,"mulss xmm1, dword ptr [rip + 0x3a0b63]","case 3 (knocked off): the alpha fades, +5C += (0 - +5C) x 0.03 a tick",2D7A12,selected,1-(1-K)^s = 0.03 at 678890,slot 8164,,,
2D7D48,actor,scaledadd,call qword ptr [rip + 0x3990b2],"case 3: position += velocity (set to (8, 1, 8) on entry)",2D7A12,selected,calls cVec::operator+=,2D7D48,19F30,,1161
2D7D5E,actor,srcx,"subss xmm0, xmm6","case 3: its fall, vy -= 0.1 a tick (xmm6's 0.1)",2D7A12,selected,"xmmD / s, op, * s: exact for s = 1/N a power of two; no flags touched, no register borrowed",2D7D5E,19F90,,1162
2D7D74,actor,countlast,"mulss xmm0, dword ptr [rip + 0x3ab620]","case 3: vx *= -0.7 a tick, a shake that dies away; after the move, so on the last tick of the stock tick",2D7A12,selected,"a factor: skipped, the rate is kept; arithmetic flags overwritten before use",2D7D74,19FC0,,1163
2D7D8A,actor,countlast,"mulss xmm0, dword ptr [rip + 0x3ab60a]",case 3: vz *= -0.7 a tick,2D7A12,selected,"a factor: skipped, the rate is kept; arithmetic flags overwritten before use",2D7D8A,1A020,,1164
2D7DA7,actor,count,"mov word ptr [rsi + r14*2 + 0x142c], ax",case 3: its timer +142C+2i -= 1 a tick (30); case 4 once the old value was 0,2D7A12,selected,arithmetic flags overwritten before use,2D7DA7,1A080,,1165
2D7DB0,actor,notyet,"test cx, cx","case 3's timer test, of the value before the store: between stock ticks, not yet",2D7A12,selected,"its flags' one branch goes to 2D8592 with ZF=OF=0, SF=0",2D7DB0,1A0E0,,1166
2D7DF1,actor,count,"mov word ptr [rsi + r14*2 + 0x142c], ax","case 5 (hidden): the timer -= 1 a tick (150), then back to the anchor",2D7A12,selected,arithmetic flags overwritten before use,2D7DF1,1A150,,1167
2D7DFA,actor,notyet,"test cx, cx",case 5's timer test,2D7A12,selected,"its flags' one branch goes to 2D8592 with ZF=OF=0, SF=0",2D7DFA,1A1B0,,1168
2D7E86,actor,ufirst,"movss xmm6, dword ptr [rip + 0x3aba5a]","case 7 (drawn back to the body, 40 above it): the damping, x 0.96 a tick",2D7A12,selected,the factor's next reader multiplies by it,2D7E86,1A220,,1169
2D7EA6,actor,zfirst,"mulss xmm0, xmm1","case 7: the spring, vx += (target - pos).x x 0.002 a tick",2D7A12,selected,the step's next reader is its accumulation,2D7EA6,1A250,,1170
2D7EC4,actor,zfirst,"mulss xmm2, xmm1","case 7: the spring, vy",2D7A12,selected,the step's next reader is its accumulation,2D7EBF,1A280,,1171
2D7EE6,actor,zfirst,"mulss xmm0, xmm1","case 7: the spring, vz",2D7A12,selected,the step's next reader is its accumulation,2D7EE1,1A2B0,,1172
2D7F0B,actor,count,"mov word ptr [rsi + r14*2 + 0x1424], ax",case 7: the wobble's phase += 1 a tick,2D7A12,selected,arithmetic flags overwritten before use,2D7F0B,1A2E0,,1173
2D7F5A,actor,zfirst,"mulss xmm0, dword ptr [rip + 0x3a1f8e]","case 7: the wobble, vy += sin x 0.04 a tick",2D7A12,selected,the step's next reader is its accumulation,2D7F5A,1A340,,1174
2D7F98,actor,scaledadd,call qword ptr [rip + 0x398e62],case 7: position += velocity,2D7A12,selected,calls cVec::operator+=,2D7F98,1A370,,1175
2D8054,actor,blend,"movss xmm2, dword ptr [rip + 0x39d9d4]","case 9: pos += (the body + its offset + 40 up - pos) x 0.3 a tick, each lane (xmm2 for the three)",2D7A12,selected,1-(1-K)^s = 0.3 at 675A30,slot 81A8,,,
2D80EB,actor,count,"mov word ptr [rsi + r14*2 + 0x142c], ax","case 9: its timer -= 1 a tick while not 0 (10). The branch after reads the subtraction's flags, so on the tick after the stock tick that stores 1 it moves on: up to 3/4 of a stock tick early",2D7A12,selected,arithmetic flags overwritten before use,2D80EB,1A3D0,,1176
2D81A8,actor,blend,"mulss xmm1, dword ptr [rip + 0x3a1ac4]",case 11 (back onto the body): pos.x += (target - pos).x x 0.4 a tick,2D7A12,selected,1-(1-K)^s = 0.4 at 679C74,slot 81AC,,,
2D81CA,actor,blend,"mulss xmm1, dword ptr [rip + 0x3a1aa2]",case 11: the same for z,2D7A12,selected,1-(1-K)^s = 0.4 at 679C74,slot 81AC,,,
2D81E5,actor,srcx,"subss xmm0, dword ptr [rip + 0x39a743]",case 11: vy -= 0.9 a tick (from 3),2D7A12,selected,"xmmD / s, op, * s: exact for s = 1/N a power of two; no flags touched, no register borrowed",2D81E5,1A430,,1177
2D8205,actor,pre,"addss xmm0, dword ptr [rax + 4]","case 11: pos.y += vy a tick (xmm0 holds the new vy, stored before)",2D7A12,selected,addss is commutative: the step in xmm0 is scaled first,2D8205,1A460,,1178
2D831C,actor,ufirst,"movss xmm6, dword ptr [rip + 0x3ab5c4]","case 13 (settling on the anchor): the damping, x 0.96 a tick",2D7A12,selected,the factor's next reader multiplies by it,2D831C,1A480,,1179
2D832F,actor,zfirst,"mulss xmm0, xmm1","case 13: the spring, vx += (anchor - pos).x x 0.001 a tick",2D7A12,selected,the step's next reader is its accumulation,2D832C,1A4B0,,1180
2D834D,actor,zfirst,"mulss xmm0, xmm1","case 13: the spring, vy",2D7A12,selected,the step's next reader is its accumulation,2D8348,1A4E0,,1181
2D8375,actor,zfirst,"mulss xmm0, xmm1","case 13: the spring, vz",2D7A12,selected,the step's next reader is its accumulation,2D8370,1A510,,1182
2D839A,actor,count,"mov word ptr [rsi + r14*2 + 0x1424], ax",case 13: the wobble's phase += 1 a tick,2D7A12,selected,arithmetic flags overwritten before use,2D839A,1A540,,1183
2D83E9,actor,zfirst,"mulss xmm0, dword ptr [rip + 0x3a183f]","case 13: the wobble, vy += sin x 0.02 a tick",2D7A12,selected,the step's next reader is its accumulation,2D83E9,1A5A0,,1184
2D8427,actor,scaledadd,call qword ptr [rip + 0x3989d3],case 13: position += velocity,2D7A12,selected,calls cVec::operator+=,2D8427,1A5D0,,1185
2D8439,actor,count,"mov word ptr [rsi + r14*2 + 0x142c], ax","case 13: its timer -= 1 a tick (30), then case 0",2D7A12,selected,arithmetic flags overwritten before use,2D8439,1A630,,1186
2D8442,actor,notyet,"test cx, cx",case 13's timer test,2D7A12,selected,"its flags' one branch goes to 2D8592 with ZF=OF=0, SF=0",2D8442,1A690,,1187
2D84AB,actor,blend,"mulss xmm1, dword ptr [rip + 0x3a03dd]","case 15 (knocked off, the part's last hit): the alpha fades by 0.03 a tick",2D7A12,selected,1-(1-K)^s = 0.03 at 678890,slot 8164,,,
2D84C4,actor,scaledadd,call qword ptr [rip + 0x398936],"case 15: position += velocity (set to (12, 2, 12) on entry)",2D7A12,selected,calls cVec::operator+=,2D84C4,1A700,,1188
2D84DA,actor,srcx,"subss xmm0, xmm6",case 15: vy -= 0.1 a tick,2D7A12,selected,"xmmD / s, op, * s: exact for s = 1/N a power of two; no flags touched, no register borrowed",2D84DA,1A760,,1189
2D84F0,actor,countlast,"mulss xmm0, dword ptr [rip + 0x3ab3f8]","case 15: vx *= -0.9 a tick, the shake",2D7A12,selected,"a factor: skipped, the rate is kept; arithmetic flags overwritten before use",2D84F0,1A790,,1190
2D8506,actor,countlast,"mulss xmm0, dword ptr [rip + 0x3ab3e2]",case 15: vz *= -0.9 a tick,2D7A12,selected,"a factor: skipped, the rate is kept; arithmetic flags overwritten before use",2D8506,1A7F0,,1191
2D8523,actor,count,"mov word ptr [rsi + r14*2 + 0x142c], ax","case 15: its timer -= 1 a tick (30), then case 16",2D7A12,selected,arithmetic flags overwritten before use,2D8523,1A850,,1192
2D852C,actor,notyet,"test cx, cx",case 15's timer test,2D7A12,selected,"its flags' one branch goes to 2D8541 with ZF=OF=0, SF=0",2D852C,1A8B0,,1193
2D86FC,actor,count,"mov word ptr [rsi + r14*2 + 0x1434], ax","after a hit: +1434+2i (60) -= 1 a tick while not 0, and each of those ticks the velocity is set to 15 in a random direction. The re-roll stays a tick's: at 120 the part jitters four times as often by a quarter of the move each (smaller overall), for the stock time",2D85B9,selected,arithmetic flags overwritten before use,2D86FC,1A920,,1194
27AD9D,actor,count,"mov dword ptr [rcx + 0x24e4], eax",em2d update (27AD50): +24E4 -= 1 a tick while above 0 (reloaded with 70) while +24EC is set,27AD50,selected,arithmetic flags overwritten before use,27AD9D,16560,,748
27B05C,actor,count,"mov dword ptr [rbx + 0x2520], eax",em2d update: +2520 -= 1 a tick while above 0 (set to 60 or 30); at 0 it takes its partner as its target again,27AEDB,selected,arithmetic flags overwritten before use,27B05C,165C0,,749
27B6B0,actor,pre,"addss xmm0, dword ptr [rbx + 0x2480]","em2d update: +2480 += speed a tick (xmm0 the speed's copy), a clock",27B6A8,selected,addss is commutative: the step in xmm0 is scaled first,27B6B0,16620,,750
27B705,actor,srcx,"subss xmm0, xmm1","em2d update (+E88 = 0x22D or 0x22E): +248C -= speed a tick (xmm1 the speed), the clock its attack waits on (<0) and its 40/60 caps",27B6A8,selected,"xmmD / s, op, * s: exact for s = 1/N a power of two; no flags touched, no register borrowed",27B705,16640,,751
27BF38,actor,count,"mov byte ptr [rbx + 0x24d3], al","em2d update: +24D3 -= 1 a tick while above 0, the frame (19 - +24D3) of a sub-model sequence",27BEF3,selected,arithmetic flags overwritten before use,27BF38,166E0,,755
280D2E,actor,dst,"mulss xmm1, xmm8","em2d part spin (280CB0, +E88 = 0x22D): +24F0 -= +F54 x 0.1745 a tick, wrapped (xmm8's 0.1745 is also +E88 = 0x22E's step, 280F53: a REX load, so the row is on the product)",280CFC,selected,"the step's next reader adds or subtracts it into another register, and xmm1 is dead after",280D2E,167F0,,760
280D47,actor,lin,"mulss xmm1, dword ptr [rip + 0x400109]","the same: +24F4 -= +F54 x 0.00194 a tick, wrapped; the angle of sub-model 0x23",280CFC,selected,K*s = 0.00193925 at 680E58,slot 81B0,,,
280D73,actor,lin,"mulss xmm6, dword ptr [rip + 0x4000f1]",the same: +24F8 and +2504 -= +F54 x 0.0233 a tick (xmm6 read by those two only),280CFC,selected,K*s = 0.0232711 at 680E6C,slot 81B4,,,
280D8F,actor,lin,"mulss xmm1, dword ptr [rip + 0x4000c5]",the same: +24FC -= +F54 x 0.00291 a tick,280CFC,selected,K*s = 0.00290888 at 680E5C,slot 81B8,,,
280DB3,actor,lin,"mulss xmm0, dword ptr [rip + 0x4000a5]",the same: +2500 += +F54 x 0.0116 a tick,280CFC,selected,K*s = 0.0116355 at 680E60,slot 81BC,,,
280DEC,actor,lin,"mulss xmm1, dword ptr [rip + 0x400080]",the same: +2508 -= +F54 x 0.0349 a tick,280CFC,selected,K*s = 0.0349066 at 680E74,slot 81C0,,,
280E10,actor,lin,"mulss xmm1, dword ptr [rip + 0x400064]",the same: +250C -= +F54 x 0.0407 a tick,280CFC,selected,K*s = 0.0407244 at 680E7C,slot 81C4,,,
280E29,actor,lin,"mulss xmm7, dword ptr [rip + 0x400053]",the same: +2510 -= +F54 x 0.0524 a tick,280CFC,selected,K*s = 0.0523599 at 680E84,slot 81C8,,,
280F53,actor,srcx,"subss xmm0, xmm8","em2d part spin (+E88 = 0x22E): +24F0 -= 0.1745 a tick, wrapped",280F4B,selected,"xmmD / s, op, * s: exact for s = 1/N a power of two; no flags touched, no register borrowed",280F53,16810,,761
280F94,actor,lin,"movss xmm6, dword ptr [rip + 0x3ffef4]","the same: +24F4 and +24F8 += +F54 x 0.2327 a tick (xmm6 read by those two only), each wrap advancing a digit counter (+24D8, +24D9)",280F58,selected,K*s = 0.232711 at 680E90,slot 81CC,,,
281037,actor,lin,"mulss xmm0, dword ptr [rip + 0x3ffe65]",the same: +2504 += (1 / 5) x 3.49 x +F54 a tick; each wrap advances +24DA,280F58,selected,K*s = 3.49066 at 680EA4,slot 81D0,,,
281228,actor,lin,"mulss xmm1, dword ptr [rip + 0x3ffc2c]",the same: +24FC -= +F54 x 0.00291 a tick,2810E3,selected,K*s = 0.00290888 at 680E5C,slot 81B8,,,
281244,actor,lin,"mulss xmm0, dword ptr [rip + 0x3ffc14]",the same: +2500 += +F54 x 0.0116 a tick,2810E3,selected,K*s = 0.0116355 at 680E60,slot 81BC,,,
281264,actor,lin,"mulss xmm0, dword ptr [rip + 0x3ffc08]",the same: +2508 += +F54 x 0.0349 a tick,2810E3,selected,K*s = 0.0349066 at 680E74,slot 81C0,,,
281284,actor,lin,"mulss xmm1, dword ptr [rip + 0x3ffbf0]",the same: +250C -= +F54 x 0.0407 a tick,2810E3,selected,K*s = 0.0407244 at 680E7C,slot 81C4,,,
28129D,actor,lin,"mulss xmm6, dword ptr [rip + 0x3ffbdf]",the same: +2510 -= +F54 x 0.0524 a tick,2810E3,selected,K*s = 0.0523599 at 680E84,slot 81C8,,,
5DE708,actor,count,"mov dword ptr [rcx + 0x3900], eax",em88 joints (5DE6E0): +3900 -= 1 a tick while above 0,5DE6E0,selected,arithmetic flags overwritten before use,5DE708,350E0,,2770
5DE71A,actor,count,"mov dword ptr [rcx + 0x3904], eax",em88 joints: +3904 -= 1 a tick while above 0,5DE6E0,selected,arithmetic flags overwritten before use,5DE71A,35140,,2771
5DE833,actor,blend,"mulss xmm1, dword ptr [rip + 0x973f9]","em88 joints, while its stun clock +3860 runs: 0xC's +B0 -= (+B0 + pi/4) x 0.25 a tick, toward -pi/4",5DE6E0,selected,1-(1-K)^s = 0.25 at 675C34,slot 81D4,,,
5DE874,actor,blend,"mulss xmm0, dword ptr [rip + 0x973b8]",the same: 0xD's +B0 += (pi/6 - +B0) x 0.25 a tick,5DE6E0,selected,1-(1-K)^s = 0.25 at 675C34,slot 81D4,,,
5DE8BD,actor,blend,"mulss xmm1, dword ptr [rip + 0x99c03]",the same: 0x19's +B4 -= (+B4 + pi/4) x 0.15 a tick,5DE6E0,selected,1-(1-K)^s = 0.15 at 6784C8,slot 81D8,,,
5DE8F6,actor,blend,"mulss xmm7, dword ptr [rip + 0x99bca]",the same: 0x1A's +B4 += (pi/4 - +B4) x 0.15 a tick,5DE6E0,selected,1-(1-K)^s = 0.15 at 6784C8,slot 81D8,,,
5DE927,actor,blend,"movss xmm6, dword ptr [rip + 0x97101]","the same: the nodes of 0xC and 0xD, y and z += (0 - y) x 0.3 a tick (xmm6, read by those four only)",5DE6E0,selected,1-(1-K)^s = 0.3 at 675A30,slot 81A8,,,
5DEB04,actor,blend,"mulss xmm0, dword ptr [rip + 0x999bc]","em88 joints, otherwise: 0xC's +B0 += (0 - +B0) x 0.15 x 1.2 (1.5 while B6B2AC bit 26 is set) a tick. The root is on 0.15, so the factor is (1 - 0.85^s) x 1.2 against 1 - 0.82^s: 0.8222 of the gap left a stock tick at 120 for 0.82",5DEA89,selected,1-(1-K)^s = 0.15 at 6784C8,slot 81D8,,,
5DEB4A,actor,blend,"mulss xmm0, dword ptr [rip + 0x99976]",the same for 0xD's +B0,5DEA89,selected,1-(1-K)^s = 0.15 at 6784C8,slot 81D8,,,
5DEB90,actor,blend,"mulss xmm0, dword ptr [rip + 0x9709c]","the same for 0x19's +B4, 0.25 x 1.2",5DEA89,selected,1-(1-K)^s = 0.25 at 675C34,slot 81D4,,,
5DEBDC,actor,src,"mulss xmm8, xmm9","the same for 0x1A's +B4: its 0.25 is a REX load (xmm8), so the factor 0.25 x 1.2 is scaled by s here (0.732 of the gap left a stock tick at 120 for 0.7)",5DEA89,selected,xmm5 dead after the site on every path,5DEBDC,351D0,xmm5,2773
5DEC16,actor,blend,"movss xmm7, dword ptr [rip + 0x96e12]","the same branch: the nodes of 0xC and 0xD, y and z toward -10 and 9 by 0.3 x 1.2 a tick (xmm7, read by those four only)",5DEA89,selected,1-(1-K)^s = 0.3 at 675A30,slot 81A8,,,
5DF758,actor,lin,"subss xmm0, dword ptr [rip + 0x92718]","em88 update (5DF660), while B6B2A0 bit 23 and B6B2AC bit 26 are set and its health is below 0.9 of its maximum: the stun clock +3860 -= 30 a tick down to 43 (10)",5DF660,selected,K*s = 30 at 671E78,slot 81DC,,,
5DF9CE,actor,count,inc dword ptr [rbx + 0x38e0],em88 update: +38E0 += 1 a tick while Amaterasu is higher than 100 (0 otherwise),5DF660,selected,arithmetic flags overwritten before use,5DF9CE,351F0,,2774
5DFBD7,actor,srcx,"subss xmm0, xmm10",em88 update: +38C0 -= 1 a tick while above 0,5DF660,selected,"xmmD / s, op, * s: exact for s = 1/N a power of two; no flags touched, no register borrowed",5DFBD7,35250,,2775
5DFC02,actor,count,"mov dword ptr [rbx + 0x38c8], eax",em88 update: +38C8 -= 1 a tick while above 0,5DF660,selected,arithmetic flags overwritten before use,5DFC02,35280,,2776
5E0740,actor,srcx,"addss xmm0, xmm9","em88 update: three materials' U += 0.01 a tick, wrapped at 2",5DF660,selected,"xmmD / s, op, * s: exact for s = 1/N a power of two; no flags touched, no register borrowed",5E0740,35330,,2779
5E078B,actor,srcx,"addss xmm0, xmm7","em88 update: the first child's material U += 0.075 a tick, wrapped at 2",5DF660,selected,"xmmD / s, op, * s: exact for s = 1/N a power of two; no flags touched, no register borrowed",5E078B,35360,,2780
5E07B5,actor,srcx,"addss xmm0, xmm7",the same for the second child,5DF660,selected,"xmmD / s, op, * s: exact for s = 1/N a power of two; no flags touched, no register borrowed",5E07B5,35390,,2781
340EBC,actor,pre,"addss xmm0, dword ptr [rdi + 0x80]","cEnemyObj piece, state 5 (340D00): x += vx a tick (xmm0 holds vx)",340EA6,selected,addss is commutative: the step in xmm0 is scaled first,340EBC,1ECF0,,1414
340ECE,actor,pre,"addss xmm1, dword ptr [rdi + 0x88]",the same: z += vz (xmm1 holds vz),340EA6,selected,addss is commutative: the step in xmm1 is scaled first,340ECE,1ED10,,1415
340EF0,actor,pre,"addss xmm0, dword ptr [rdi + 0x84]",the same: y += vy (xmm0 holds vy's copy),340EA6,selected,addss is commutative: the step in xmm0 is scaled first,340EF0,1ED30,,1416
340EF8,actor,countlast,"subss xmm3, dword ptr [rip + 0x338d74]","the same: vy -= 0.4 a tick, after the move",340EA6,selected,"a change: skipped, the rate is kept; arithmetic flags overwritten before use",340EF8,1ED50,,1417
340F9D,actor,lin,"movss xmm2, dword ptr [rip + 0x338cdb]","the same: its spin, RotateXr by 0.105 rad a tick",340F9D,selected,K*s = 0.10472 at 679C80,slot 81E0,,,
340FB3,actor,lin,"movss xmm2, dword ptr [rip + 0x338c51]",the same: RotateYr by 0.175 rad a tick,340F9D,selected,K*s = 0.174533 at 679C0C,slot 81E4,,,
340FF2,actor,count,"sub byte ptr [r12], 1",the same: its countdown byte -= 1 a tick (from 90); at 0 the piece stops (a sub of 1),340F9D,selected,countdown not finished: 340FF7 jne,340FF2,1EDB0,,1418
34108D,actor,pre,"addss xmm0, dword ptr [rdi + 0x80]","cEnemyObj piece, state 3: x += vx a tick (xmm0 holds vx's copy)",340F9D,selected,addss is commutative: the step in xmm0 is scaled first,34108D,1EE10,,1419
34109D,actor,countlast,"mulss xmm3, dword ptr [rip + 0x336727]","the same: vx *= 0.99 a tick, after the move",340F9D,selected,"a factor: skipped, the rate is kept; arithmetic flags overwritten before use",34109D,1EE30,,1420
3410B0,actor,pre,"addss xmm0, dword ptr [rdi + 0x84]",the same: y += vy (xmm0 holds vy's copy),340F9D,selected,addss is commutative: the step in xmm0 is scaled first,3410B0,1EE90,,1421
3410B8,actor,countlast,"subss xmm1, dword ptr [rip + 0x338bb4]","the same: vy -= 0.4 a tick, after the move",340F9D,selected,"a change: skipped, the rate is kept; arithmetic flags overwritten before use",3410B8,1EEB0,,1422
3410D3,actor,pre,"addss xmm0, dword ptr [rdi + 0x88]",the same: z += vz (xmm0 holds vz's copy),340F9D,selected,addss is commutative: the step in xmm0 is scaled first,3410D3,1EF10,,1423
3410DB,actor,countlast,"mulss xmm2, dword ptr [rip + 0x3366e9]","the same: vz *= 0.99 a tick, after the move",340F9D,selected,"a factor: skipped, the rate is kept; arithmetic flags overwritten before use",3410DB,1EF30,,1424
341248,actor,lin,"movss xmm2, dword ptr [rip + 0x338a30]","the same: its spin, RotateXr by 0.105 rad a tick",340F9D,selected,K*s = 0.10472 at 679C80,slot 81E0,,,
34125E,actor,lin,"movss xmm2, dword ptr [rip + 0x3389a6]",the same: RotateYr by 0.175 rad a tick,340F9D,selected,K*s = 0.174533 at 679C0C,slot 81E4,,,
3413EC,actor,count,"sub byte ptr [r12], 1","the same: its countdown byte -= 1 a tick (from 90), a sub of 1",340F9D,selected,countdown not finished: 3413F1 jne,3413EC,1EF90,,1425
2CD284,actor,lin,"movss xmm3, dword ptr [rip + 0x3ac9a4]","em69 glow (2CD270): +1280, +1284 and +1288 rise by 0.02 a tick toward the health share +1291 / +1290 (xmm3, read by those three only)",2CD270,selected,K*s = 0.02 at 679C30,slot 81E8,,,
2CD2DB,actor,lin,"movss xmm2, dword ptr [rip + 0x3ab3a9]","the same: they fall by 0.005 a tick (xmm2, read by those three only; reloaded at 2CD435)",2CD270,selected,K*s = 0.005 at 67868C,slot 81EC,,,
2CD49B,actor,lin,"movss xmm7, dword ptr [rip + 0x3a858d]","the same, while B6B2C0 bit 23 is set: the glow +1264 += 0.3 a tick for each of its ten materials, up to 255 (xmm7, read by that only)",2CD418,selected,K*s = 0.3 at 675A30,slot 81F0,,,
2CD577,actor,srcx,"subss xmm0, xmm2","the same, otherwise: the pulse +1264 -= |4 sin +1260| a tick down to 0 (+1260 is an actor step already)",2CD418,selected,"xmmD / s, op, * s: exact for s = 1/N a power of two; no flags touched, no register borrowed",2CD577,19830,,1111
2CD5B8,actor,pre,"addss xmm2, dword ptr [rbx + 0x1264]",the same: +1264 += |8 sin +1260| a tick up to 255 (xmm2 the step),2CD418,selected,addss is commutative: the step in xmm2 is scaled first,2CD5B8,19860,,1112
2B642D,actor,pre,"addss xmm0, dword ptr [rax + 0xb0]",em60 recoil (2B6400): sub-model 5's +B0 += +1550 a tick,2B6400,selected,addss is commutative: the step in xmm0 is scaled first,2B642D,18A70,,1013
2B6445,actor,pre,"addss xmm1, dword ptr [rax + 0xb4]",the same: sub-model 5's +B4 += +1554 a tick,2B6400,selected,addss is commutative: the step in xmm1 is scaled first,2B6445,18A90,,1014
2B646F,actor,pre,"addss xmm0, dword ptr [rax + 0xb0]",the same: sub-model 0x1D's +B0 += +1550 a tick,2B6400,selected,addss is commutative: the step in xmm0 is scaled first,2B646F,18AB0,,1015
2B6497,actor,count,dec dword ptr [rbx + 0x154c],the same: +154C -= 1 a tick; the recoil runs while it is not below 0,2B6400,selected,arithmetic flags overwritten before use,2B6497,18AD0,,1016
2B649D,actor,countlast,"mulss xmm0, xmm2","the same: +1550 *= 0.9 a tick, after the turns",2B6400,selected,"a factor: skipped, the rate is kept; arithmetic flags overwritten before use",2B649D,18B30,,1017
2B64A1,actor,countlast,"mulss xmm1, xmm2",the same: +1558 *= 0.9 a tick,2B6400,selected,"a factor: skipped, the rate is kept; arithmetic flags overwritten before use",2B649D,18B30,,1018
2B64B5,actor,countlast,"mulss xmm0, xmm2","the same: +1554 *= 0.9 a tick, after the turns",2B6400,selected,"a factor: skipped, the rate is kept; arithmetic flags overwritten before use",2B64B5,18BE0,,1019
2B64D9,actor,count,"movss dword ptr [rbx + 0x155c], xmm0","the same: +155C *= 0.77 a tick (the store), before the slide: on the first tick of each stock period",2B6400,selected,arithmetic flags overwritten before use,2B64D9,18C40,,1020
2B653F,actor,scaledadd,call qword ptr [rip + 0x3ba8bb],the same: pos += (its position - Amaterasu's) normalized x +155C a tick,2B6400,selected,calls cVec::operator+=,2B653F,18CA0,,1021
24ECC5,actor,count,"mov word ptr [rbx + 0xe3e], ax","em03/em80 (24EB80) state 1: +E3E -= 1 a tick (from 40); while it runs its tint +1150, +1154, +1158 closes on (10, 0.5, 0.5), then on 1",24EB80,selected,arithmetic flags overwritten before use,24ECC5,14B60,,557
24ECCC,actor,srcblend,"mulss xmm1, xmm2","the same: +1150 += (10 - +1150) x 0.5 a tick. xmm2's 0.5 is also a target, so the factor is blended here, in a copy",24EB80,selected,xmm5 dead after the site on every path; flags dead after,24ECCC,14BC0,xmm5,558
24ECEB,actor,srcblend,"mulss xmm1, xmm2",the same: +1154 += (0.5 - +1154) x 0.5,24EB80,selected,xmm5 dead after the site on every path; flags dead after,24ECEB,14C50,xmm5,559
24ED07,actor,srcblend,"mulss xmm1, xmm2","the same: +1150 += (1 - +1150) x 0.5, once +E3E is 0",24EB80,selected,xmm5 dead after the site on every path; flags dead after,24ED07,14CE0,xmm5,560
24ED26,actor,srcblend,"mulss xmm1, xmm2",the same: +1154 += (1 - +1154) x 0.5,24EB80,selected,xmm5 dead after the site on every path; flags dead after,24ED26,14D70,xmm5,561
24ED48,actor,srcblend,"mulss xmm1, xmm2",the same: +1158 += (0.5 or 1 - +1158) x 0.5,24EB80,selected,xmm5 dead after the site on every path; flags dead after,24ED48,14E00,xmm5,562
24EF3E,actor,srcx,"addss xmm0, xmm7","the same: the shock's radius +E10 += 1 a tick (from 8), the size of its hit test (2DC7B0)",24EE2E,selected,"xmmD / s, op, * s: exact for s = 1/N a power of two; no flags touched, no register borrowed",24EF3E,14E90,,564
2BFEC1,actor,srcx,"subss xmm0, xmm6","em65 (2BFCF0, +E88 = 0x211, while +1740 is set): +174C -= 1 a tick; below 0 a sound and +174C = 45",2BFCF0,selected,"xmmD / s, op, * s: exact for s = 1/N a power of two; no flags touched, no register borrowed",2BFEC1,190A0,,1066
4A2063,actor,count,"mov byte ptr [rbx + 0xe36], al",cMonsterGear spin-down (4A1FE0): +E36 += 1 a tick up to 60; the spin's step is 0.655 x k / (0.5 x +E36),4A1FF8,selected,arithmetic flags overwritten before use,4A2063,2D8F0,,2346
4A2088,actor,pre,"addss xmm1, dword ptr [rbx + 0xb8]","the same: +B8 += 0.655 x k / (0.5 x +E36) a tick (xmm1 the step; k = 1, or 0.015 in state 3)",4A1FF8,selected,addss is commutative: the step in xmm1 is scaled first,4A2088,2D950,,2347
4A20D8,actor,pre,"addss xmm0, dword ptr [rbx + 0xb8]","the same, while +E36 is 0: +B8 += 0.655 x k a tick",4A1FF8,selected,addss is commutative: the step in xmm0 is scaled first,4A20D8,2D970,,2348
4A213A,actor,lin,"subss xmm0, dword ptr [rip + 0x1cfac6]",the same: +1070 -= 1 a tick (reloaded with 100 x a random share at 0),4A2110,selected,K*s = 1 at 671C08,slot 81F4,,,
4A1F81,actor,pre,"addss xmm2, dword ptr [rbx + 0xb8]","cMonsterGear spin (4A1EB0): +B8 += 0.6 x k a tick (xmm2 the step; k = 1, or 0.25 in state 3)",4A1F10,selected,addss is commutative: the step in xmm2 is scaled first,4A1F81,2D8D0,,2345
4A1F60,actor,lin,"subss xmm0, dword ptr [rip + 0x1cfca0]",the same: +1070 -= 1 a tick,4A1F10,selected,K*s = 1 at 671C08,slot 81F4,,,
4A2249,actor,srcx,"subss xmm1, xmm6",cMonsterGear turn (4A21A0): +B8 -= +-2.5 x (0.15 or 0.025) x 0.1 a tick (xmm6 the step),4A21A0,selected,"xmmD / s, op, * s: exact for s = 1/N a power of two; no flags touched, no register borrowed",4A2249,2D990,,2349
4A2E03,actor,pre,"addss xmm0, dword ptr [rcx]","cMonsterGear spring (4A2D90, state 2): its scale +D20 += (1 - 0.4) / 5 a tick back to 1 (xmm0 the step)",4A2D90,selected,addss is commutative: the step in xmm0 is scaled first,4A2E03,2DB40,,2354
4A2E19,actor,pre,"addss xmm0, dword ptr [rdi + 0xd24]",the same: +D24,4A2D90,selected,addss is commutative: the step in xmm0 is scaled first,4A2E19,2DB60,,2355
4A2E37,actor,pre,"addss xmm0, dword ptr [rdi + 0xd28]","the same: +D28, whose reaching 1 ends the state",4A2D90,selected,addss is commutative: the step in xmm0 is scaled first,4A2E37,2DB80,,2356
4A2F23,actor,count,"mov byte ptr [rdi + 0xe35], al","the same, state 3: +E35 -= 1 a tick (from 10), then state 0",4A2D90,selected,arithmetic flags overwritten before use,4A2F23,2DBA0,,2357
4A32BF,actor,pre,"addss xmm0, dword ptr [rcx]",cMonsterGear spring (4A3250): its scale +D20 += (1 - 0.4) / 5 a tick back to 1,4A3250,selected,addss is commutative: the step in xmm0 is scaled first,4A32BF,2DC60,,2359
4A32D5,actor,pre,"addss xmm0, dword ptr [rdi + 0xd24]",the same: +D24,4A3250,selected,addss is commutative: the step in xmm0 is scaled first,4A32D5,2DC80,,2360
4A32F3,actor,pre,"addss xmm0, dword ptr [rdi + 0xd28]",the same: +D28,4A3250,selected,addss is commutative: the step in xmm0 is scaled first,4A32F3,2DCA0,,2361
4A33E2,actor,count,"mov byte ptr [rdi + 0xe35], al","the same, state 3: +E35 -= 1 a tick (from 10)",4A3250,selected,arithmetic flags overwritten before use,4A33E2,2DCC0,,2362
4A2CA6,actor,count,dec dword ptr [rbx + 0x107c],"cMonsterGear (4A2B00): +107C -= 1 a tick (its phases at 120, 70, 30 and 9 set its motion rate +F54)",4A2C37,selected,arithmetic flags overwritten before use,4A2CA6,2DA80,,2352
4A2CBC,actor,count,dec dword ptr [rbx + 0x107c],the same: -= 1 more while 23B750 answers no,4A2C37,selected,arithmetic flags overwritten before use,4A2CBC,2DAE0,,2353
2A8FC2,actor,count,"mov byte ptr [rbx + 0x15a3], al",em60 update (2A8D20): +15A3 -= 1 a tick while above 0 (each tick it tries 2B5B20's action),2A8E62,selected,arithmetic flags overwritten before use,2A8FC2,18460,,977
2A90B0,actor,count,"mov dword ptr [rbx + 0x1660], eax",em60 update: +1660 -= 1 a tick while not below 0 (each tick it tries 2B5890's action),2A8FDC,selected,arithmetic flags overwritten before use,2A90B0,184C0,,978
2A90DC,actor,count,"mov dword ptr [rbx + 0x1664], eax",em60 update: +1664 -= 1 a tick while not below 0,2A8FDC,selected,arithmetic flags overwritten before use,2A90DC,18520,,979
2A9128,actor,count,"mov dword ptr [rbx + 0x1668], eax",em60 update: +1668 -= 1 a tick while not below 0,2A8FDC,selected,arithmetic flags overwritten before use,2A9128,18580,,980
2A92BD,actor,count,inc dword ptr [rbx + 0x166c],em60 update: +166C += 1 a tick while Amaterasu is out of its reach (0 otherwise); past 90 it acts,2A8FDC,selected,arithmetic flags overwritten before use,2A92BD,185E0,,981
2D8A3B,actor,count,"mov word ptr [rdi + 0x1620], ax",em8f (2D8830): +1620 -= 1 a tick (60 after a hit),2D892C,selected,arithmetic flags overwritten before use,2D8A3B,1A980,,1195
2D8AC3,actor,pre,"addss xmm0, dword ptr [rax]","the same, while +1620 runs: x += the random unit step's x a tick (scaled: at 120 four steps of a quarter, a smaller shake in stock time, as em8f's parts)",2D892C,selected,addss is commutative: the step in xmm0 is scaled first,2D8AC3,1A9E0,,1196
2D8AD8,actor,pre,"addss xmm0, dword ptr [rax + 8]",the same: z += its z,2D892C,selected,addss is commutative: the step in xmm0 is scaled first,2D8AD8,1AA00,,1197
2D8AEA,actor,lin,"addss xmm0, dword ptr [rip + 0x3aadf2]",the same: its heading +B4 += 0.506 rad a tick,2D892C,selected,K*s = 0.506145 at 6838E4,slot 81F8,,,
2D95AC,actor,blend,"mulss xmm0, dword ptr [rip + 0x39e03c]",em8f (2D9460): +D2C += (0.6 - +D2C) x 0.05 a tick,2D9595,selected,1-(1-K)^s = 0.05 at 6775F0,slot 81FC,,,
2D95C8,actor,count,"mov word ptr [rdi + 0x1230], ax",the same: +1230 -= 1 a tick while above 0,2D9595,selected,arithmetic flags overwritten before use,2D95C8,1AD30,,1206
2D9615,actor,count,"mov word ptr [rdi + 0xe40], r8w","the same, while B6B2A0 bit 14 is set: the bob's phase +E40 += 1 a tick, in degrees (the other branch's store, 2D96AB, is counted already)",2D9595,selected,arithmetic flags overwritten before use,2D9615,1AD90,,1207
2D9895,actor,count,"mov word ptr [rdi + 0x1232], ax",the same: +1232 -= 1 a tick while above 0,2D9892,selected,arithmetic flags overwritten before use,2D9895,1AE80,,1210
2D98B8,actor,count,"mov word ptr [rdi + 0x1232], ax",the same: -= 1 more while B6B2A0 bit 14 is set,2D9892,selected,arithmetic flags overwritten before use,2D98B8,1AEE0,,1211
5CE84B,actor,count,"mov dword ptr [rcx + 0x1190], eax","em86 (5CE810), while B6B2A0 bit 23 is set: +1190 += 1 a tick once started (not 0)",5CE810,selected,arithmetic flags overwritten before use,5CE84B,34230,,2702
5CE86E,actor,pre,"addss xmm0, dword ptr [rdi + 0x5490]","the same: +5490 += +5498 a tick up to +54A0, a material's level",5CE810,selected,addss is commutative: the step in xmm0 is scaled first,5CE86E,34290,,2703
5CE8FF,actor,srcx,"addss xmm0, xmm7","the same: two materials' U += 0.01 a tick, wrapped at 2",5CE810,selected,"xmmD / s, op, * s: exact for s = 1/N a power of two; no flags touched, no register borrowed",5CE8FF,342B0,,2704
5CEC96,actor,pre,"addss xmm0, dword ptr [rdi + 0x5490]","em86, otherwise: +5490 += +5498 a tick up to +54A0",5CE92D,selected,addss is commutative: the step in xmm0 is scaled first,5CEC96,34300,,2706
5CED1F,actor,srcx,"addss xmm0, xmm7","the same: two materials' U += 0.01 a tick, wrapped at 2",5CE92D,selected,"xmmD / s, op, * s: exact for s = 1/N a power of two; no flags touched, no register borrowed",5CED1F,34320,,2707
2C0C8C,actor,count,"mov dword ptr [rdi + 0x1714], eax",em65 (2C0A60): +1714 -= 1 a tick while above 0,2C0B3C,selected,arithmetic flags overwritten before use,2C0C8C,19180,,1071
2C1FEA,actor,srcx,"addss xmm1, xmm6","the same, while its child +1728 is above 200: the child's fall speed +1744 += 0.8 a tick (xmm6 is also the fall helper's gravity at 2C1B03, so the row is on the add: dt = s, as the helper's own)",2C1CC7,selected,"xmmD / s, op, * s: exact for s = 1/N a power of two; no flags touched, no register borrowed",2C1FEA,19250,,1075
2C2002,actor,srcx,"subss xmm0, xmm1","the same: the child's y -= +1744 a tick, down to 200",2C1CC7,selected,"xmmD / s, op, * s: exact for s = 1/N a power of two; no flags touched, no register borrowed",2C2002,19280,,1076
2C2199,actor,srcx,"subss xmm0, xmm2","the same: +1734 -= speed a tick (xmm2 the speed, which is also the child's motion rate after: the row is on the subtraction)",2C1CC7,selected,"xmmD / s, op, * s: exact for s = 1/N a power of two; no flags touched, no register borrowed",2C2199,192B0,,1077
5DAD37,actor,notyet,"test cl, cl","em87 ring (5DAC90): with B6B2BC bit 21 clear +5398 += 1 every tick, set only when its state clock +52DC crosses a multiple of 42. Between stock ticks the test reads ""set"", so the count runs once a stock tick (the crossing test between may add one when the clock crosses a multiple of 42)",5DACB9,selected,"its flags' one branch goes to 5DAD3B with ZF=OF=0, SF=0",5DAD37,34930,,2729
5DAF77,actor,srcblend,"mulss xmm1, xmm4",em87 ring: a part's angle += (its slot's angle - angle) x 0.7 a tick (xmm4's 0.7 is also a health threshold at 5DAE05: the copy is blended),5DACB9,selected,xmm5 dead after the site on every path; flags dead after,5DAF77,349A0,xmm5,2730
5DB1EC,actor,blend,"mulss xmm0, dword ptr [rip + 0x96c10]","em87 ring, turning: a part's spin speed += (target - speed) x 0.1 a tick",5DACB9,selected,1-(1-K)^s = 0.1 at 671E04,slot 8168,,,
5DB1FE,actor,dst,"mulss xmm0, xmm10","the same: its angle += speed x (2, 0.3 or 0.05) a tick, wrapped (xmm0 the step, added next)",5DACB9,selected,the step's next reader is its accumulation,5DB1FE,34A30,,2731
2091B3,objects,lin,"addss xmm0, dword ptr [rip + 0x4707f9]","objects' slot 36 (209000) state 1: y += 4 a tick (up to 500 above its start) for 450 ticks (+E3C, an action timer already)",20919F,selected,K*s = 4 at 6799B4,slot 8200,,,
2091C8,objects,lin,"addss xmm0, dword ptr [rip + 0x470af0]",the same: its heading +B8 += 0.279 rad a tick,20919F,selected,K*s = 0.279253 at 679CC0,slot 8204,,,
2387EC,actor,count,"mov dword ptr [rcx + 0x113c], eax","cEm slot 38 (2387E0, a state's per-tick handler): +113C -= 1 a tick while above 0",2386E0,selected,arithmetic flags overwritten before use,2387EC,143E0,,477
239515,actor,blend,"mulss xmm2, dword ptr [rip + 0x43c513]","cEm slot 33 (239470): the near-camera fade +D2C += (max(0, 0.7 - (50 - z) x 0.0233) - +D2C) x 0.3 a tick while its view depth z is below 50",239470,selected,1-(1-K)^s = 0.3 at 675A30,slot 81A8,,,
239543,actor,blend,"mulss xmm1, dword ptr [rip + 0x43c4e5]",the same: +D2C += (1 - +D2C) x 0.3 a tick beyond 50,239470,selected,1-(1-K)^s = 0.3 at 675A30,slot 81A8,,,
239571,actor,blend,"mulss xmm1, dword ptr [rip + 0x43c4b7]",the same while B6B2BC bit 31 or B6B2AC bit 29 is set,239470,selected,1-(1-K)^s = 0.3 at 675A30,slot 81A8,,,
23A948,actor,count,"sub al, 1","cEm slot (23A920): +1144 -= 1 a tick while above 0 (its zero test reads the sub's flags: skipped, ""not yet"")",23A920,selected,countdown not finished: 23A950 je; load 23A93D and store 23A94A one field,23A944,14500,,480
23A97C,actor,count,dec ax,the same: +1162 -= 1 a tick while not 0,23A920,selected,arithmetic flags overwritten before use; load 23A96C and store 23A97F one field,23A976,14570,,481
242644,actor,lin,"addss xmm0, dword ptr [rip + 0x4375ec]","em00..em03 (2422E0, +E88 = 0x273): sub-model 0x1B's angle +14B8 += 0.209 rad a tick",24261A,selected,K*s = 0.20944 at 679C38,slot 8208,,,
24E407,actor,lin,"subss xmm0, dword ptr [rip + 0x429f1d]","em02 (24E230): the hit probe's reach +E28 -= 15 a tick (the probe at pos + direction x +E28, tested with radius 20 every tick)",24E363,selected,K*s = 15 at 67832C,slot 819C,,,
25141C,actor,count,"mov byte ptr [rdi + 0x1136], al",em05 family update (2512E0): +1136 += 1 a tick; at 2 an effect (0x5D) and 0: one every 3 ticks,2512E0,selected,arithmetic flags overwritten before use,25141C,14F60,,569
25B964,actor,count,"mov byte ptr [rdi + 0x1136], al",em12 update (25B7A0): the same spawner,25B909,selected,arithmetic flags overwritten before use,25B964,15420,,632
25F464,actor,count,"mov byte ptr [rbx + 0x1136], al",em13/em14 update (25F300): the same spawner,25F300,selected,arithmetic flags overwritten before use,25F464,15670,,654
259CA5,actor,lin,"mulss xmm0, dword ptr [rip + 0x41d943]",em09 slot 24 (259B00): its fade +115C -= speed x 0.05 a tick once its animation is past frame 80,259B00,selected,K*s = 0.05 at 6775F0,slot 818C,,,
25E50C,actor,lin,"subss xmm1, dword ptr [rip + 0x41b4a0]",em12 (25E4C0): +1384 -= 4 a tick down to 0 while +10A4 is 200 or more,25E4C0,selected,K*s = 4 at 6799B4,slot 81A4,,,
264656,actor,count,inc dword ptr [rdi + 0x1da0],"em16 (264280, +E88 = 0x216): +1DA0 += 1 a tick; at 300 it acts",26453A,selected,arithmetic flags overwritten before use,264656,15950,,676
264E69,actor,count,inc dword ptr [rdi + 0x1cec],em16: +1CEC += 1 a tick while its health is above 0.65 of its maximum; past 90 it acts and restarts,264811,selected,arithmetic flags overwritten before use,264E69,159E0,,678
2655F4,actor,count,"mov dword ptr [rdi + 0x1d94], eax",em16 update (slot 8): +1D94 -= 1 a tick while above 0,2651C5,selected,arithmetic flags overwritten before use,2655F4,15AB0,,682
26B945,actor,argscale,"movaps xmm6, xmm3","em16 joint turn (26B920): the limit 10 degrees x k x speed a tick (xmm3), copied to xmm6 for the heading's clamp",26B920,selected,"the limit's copy in xmm6 is only copied out, then restored",26B945,15C10,,691
26B948,actor,argscale,"movaps xmm7, xmm2","the same: 3 degrees x k x speed a tick (xmm2), copied to xmm7 for the pitch's clamp",26B920,selected,"the limit's copy in xmm7 is only copied out, then restored",26B945,15C10,,692
26F11B,actor,count,"mov byte ptr [rbx + 0x1136], al","em27/em29 update (26F030): the slot-8 effect spawner, one every 3 ticks",26F030,selected,arithmetic flags overwritten before use,26F11B,15CE0,,695
272F12,actor,lin,"addss xmm0, dword ptr [rip + 0x3feefa]","em27/em29 (272EC0, from 26F930 each tick): +1414 += 2 a tick while Amaterasu is within 200; at 150 + 22 x n it acts",272EC0,selected,K*s = 2 at 671E14,slot 8150,,,
273E64,actor,count,"add word ptr [rbx + 0x13a2], -5","em2b (273E10): +13A2 -= 5 a tick in state (1, 11)",273E10,selected,arithmetic flags overwritten before use,273E64,15F30,,723
273E84,actor,count,"add word ptr [rbx + 0x13a2], -5","the same in state (1, 8) before sub-state 6",273E10,selected,arithmetic flags overwritten before use,273E84,15F90,,724
273E8E,actor,count,"add word ptr [rbx + 0x13a2], 8",the same: += 8 a tick otherwise (floored at 0),273E10,selected,arithmetic flags overwritten before use,273E8E,15FF0,,725
274172,actor,count,"mov byte ptr [rdi + 0x1136], al","em2b update (273FF0): the slot-8 effect spawner, one every 3 ticks",274115,selected,arithmetic flags overwritten before use,274172,160C0,,727
274D11,actor,lin,"subss xmm0, dword ptr [rip + 0x3fdd27]",em2b slot 24 (274C30): its fade +115C -= 0.01 a tick (and a partner's with it),274C88,selected,K*s = 0.01 at 672A40,slot 820C,,,
275100,actor,count,dec ax,em2b slot 16 (275020): +13A0 -= 1 a tick while above 0 (the dec: the register's value is tested after the store),275020,selected,arithmetic flags overwritten before use; load 2750F4 and store 275103 one field,2750FE,16140,,729
2755EF,actor,count,"mov byte ptr [rdi + 0x1394], al","em2b (275280): +1394 -= 1 a tick while above 0, then its next sub-state",275373,selected,arithmetic flags overwritten before use,2755EF,161A0,,730
275CE3,actor,count,"mov word ptr [rbx + 0x138e], ax","em2b (275A80): +138E -= 1 a tick while above 0, then state 0x802",275BD3,selected,arithmetic flags overwritten before use,275CE3,16230,,732
276317,actor,count,dec ax,em2b (2762A0): +10C2 -= 1 a tick while not 0 (the dec: the register is read after the store),2762A0,selected,arithmetic flags overwritten before use; load 27630B and store 27631A one field,276315,16290,,733
276CF5,actor,count,dec ax,em2b (276CD0): the same countdown,276CD0,selected,arithmetic flags overwritten before use; load 276CE6 and store 276CF8 one field,276CF3,16350,,737
2790AE,actor,count,"mov byte ptr [rdi + 0xe76], al","em2c (278E30): +E76 -= 1 a tick while above 0 (the action timers' field, on a base the finder does not take)",2790A3,selected,arithmetic flags overwritten before use,2790AE,164C0,,745
27D9FC,actor,lin,"subss xmm0, dword ptr [rip + 0x3fc26c]",em2d (27D840): its alpha +115C -= 0.08 a tick while Amaterasu is within 150,27D840,selected,K*s = 0.08 at 679C70,slot 8210,,,
27DA06,actor,lin,"addss xmm0, dword ptr [rip + 0x3fc262]",the same: += 0.08 a tick beyond,27D840,selected,K*s = 0.08 at 679C70,slot 8210,,,
27E2FB,actor,pre,"addss xmm0, dword ptr [rbx + 0x2434]","em2d (27E000), while B6B2BC bit 21 is set: +2438 = +2434 + 2 x speed (xmm0 the speed's copy)",27E291,selected,addss is commutative: the step in xmm0 is scaled first,27E2FB,16740,,756
27E315,actor,srcx,"addss xmm0, xmm1",the same: the second speed,27E291,selected,"xmmD / s, op, * s: exact for s = 1/N a power of two; no flags touched, no register borrowed",27E312,16760,,757
27E319,actor,pre,"addss xmm1, xmm0",the same: +2434 += 3 x speed a tick (xmm1 the speed),27E291,selected,addss is commutative: the step in xmm1 is scaled first,27E319,16790,,758
28293D,actor,blend,"mulss xmm1, dword ptr [rip + 0x3ef4bf]",em2d (281AE0): a child's +B0 += (2.2 - +B0) x 0.1 a tick,281FEB,selected,1-(1-K)^s = 0.1 at 671E04,slot 8168,,,
2829E7,actor,blend,"mulss xmm1, dword ptr [rip + 0x3ef415]",the same toward 0.25,281FEB,selected,1-(1-K)^s = 0.1 at 671E04,slot 8168,,,
283715,actor,argscale,"movaps xmm6, xmm3","em2d joint turn (2836F0, as em16's 26B920): the limit in xmm3 (degrees x k a tick), copied to xmm6 for the heading's clamp",2836F0,selected,"the limit's copy in xmm6 is only copied out, then restored",283715,16C50,,785
283718,actor,argscale,"movaps xmm7, xmm2","the same: the limit in xmm2, copied to xmm7 for the pitch's clamp",2836F0,selected,"the limit's copy in xmm7 is only copied out, then restored",283715,16C50,,786
285956,actor,count,"mov byte ptr [rbx + 0x1136], al","em3d update (285870): the slot-8 effect spawner, one every 3 ticks",285870,selected,arithmetic flags overwritten before use,285956,16CF0,,788
287738,actor,count,"movss dword ptr [rbx + 0x115c], xmm1","em3f (287690): its fade +115C -= speed x 0.05 a tick, computed in doubles (so no float literal): the store on stock ticks only. Its test below 0.1 reads the computed value, so it may end up to 3/4 of a stock tick early",287690,selected,arithmetic flags overwritten before use,287738,16FB0,,806
288EB2,actor,count,"mov byte ptr [rdi + 0x1136], al","em4d/em4e/em50 update (288D90): the slot-8 effect spawner, one every 3 ticks",288D90,selected,arithmetic flags overwritten before use,288EB2,170E0,,810
288EE4,actor,count,inc word ptr [rdi + 0x125c],the same: +125C += 1 a tick while Amaterasu is 20 below it (0 otherwise),288D90,selected,arithmetic flags overwritten before use,288EE4,17140,,811
28A852,actor,count,"mov word ptr [rbx + 0x125e], ax",em4d family (28A670): +125E -= 1 a tick while not 0,28A791,selected,arithmetic flags overwritten before use,28A852,17220,,821
28AA4A,actor,count,"mov word ptr [rbx + 0x125e], ax",em4d family (28A960): the same countdown,28AA16,selected,arithmetic flags overwritten before use,28AA4A,17280,,822
28B607,actor,count,"mov word ptr [rbx + 0x125e], ax",em4d/em50 (28B4F0): the same countdown,28B5D3,selected,arithmetic flags overwritten before use,28B607,17310,,824
2914A6,actor,count,"mov byte ptr [rbx + 0x1136], al","em51 update (2913B0): the slot-8 effect spawner, one every 3 ticks",2913B0,selected,arithmetic flags overwritten before use,2914A6,176F0,,867
291EAD,actor,lin,"mulss xmm0, dword ptr [rip + 0x3e7d7b]",em51 (291CB0): its fade +115C -= speed x 0.02 a tick,291E44,selected,K*s = 0.02 at 679C30,slot 81E8,,,
291ED4,actor,srcx,"subss xmm0, xmm2",the same: +11B8 -= speed a tick (xmm2 the speed); at 0 state 3,291E44,selected,"xmmD / s, op, * s: exact for s = 1/N a power of two; no flags touched, no register borrowed",291ED4,177D0,,871
293339,actor,count,"mov dword ptr [rdi + 0x12e8], eax",em52 update (2930F0): +12E8 -= 1 a tick while not below 0 (+12E4 keeps its health meanwhile),293146,selected,arithmetic flags overwritten before use,293339,17830,,875
293770,actor,count,"mov dword ptr [rdi + 0x12e0], eax",the same: +12E0 -= 1 a tick while above 0,293146,selected,arithmetic flags overwritten before use,293770,17900,,879
29A950,actor,count,"mov byte ptr [rcx + 0x12db], al","em52 (29A920, from its slot 25 every tick): +12DB -= 1 a tick while above 0",29A920,selected,arithmetic flags overwritten before use,29A950,17BF0,,898
29B524,actor,dst,"movss xmm2, dword ptr [rsi + 0x1080]","em52 part (29B300): pos += vel x speed a tick (cVec::operator*(float), +=)",29B487,selected,only the factor of the vector product at 29B534 (and a zero test),29B524,17C70,,900
29B54C,actor,count,dec ax,the same: the hold +2 -= 1 a tick instead of the move; while it is 41..44 the part tests for hits,29B487,selected,arithmetic flags overwritten before use; load 29B515 and store 29B54F one field,29B54C,17C90,,901
29B5F0,actor,dst,"movss xmm2, dword ptr [rsi + 0x1080]",the same: vel += the pull x speed a tick,29B487,selected,only the factor of the vector product at 29B600 (and a zero test),29B5F0,17CF0,,902
29B613,actor,root,"movss xmm1, dword ptr [rdi + 0x40]",the same: vel *= the part's damping +40 a tick (cVec::operator*=(float)): f^(1/N),29B487,selected,flags dead after the copy (29B618 on),29B613,17D10,,903
29D487,actor,srcx,"subss xmm1, dword ptr [rcx + 0x1080]",em56 slot 49 (29D3B0): y -= speed a tick while above the band 60 over its ground,29D330,selected,"xmmD / s, op, * s: exact for s = 1/N a power of two; no flags touched, no register borrowed",29D487,17DA0,,906
29EB4E,actor,srcx,"subss xmm1, dword ptr [rcx + 0x1080]",em57..em59 slot 49 (29EB00): the same,29EAC0,selected,"xmmD / s, op, * s: exact for s = 1/N a power of two; no flags touched, no register borrowed",29EB4E,17E60,,910
29EB85,actor,srcx,"addss xmm1, dword ptr [rcx + 0x1080]",the same: y += speed a tick while below the band 80 over its ground,29EAC0,selected,"xmmD / s, op, * s: exact for s = 1/N a power of two; no flags touched, no register borrowed",29EB85,17E90,,911
29EF4A,actor,count,"mov byte ptr [rdi + 0x1136], al","em56..em59 update (29EE50): the slot-8 effect spawner, one every 3 ticks",29EE50,selected,arithmetic flags overwritten before use,29EF4A,17F30,,913
2AD056,actor,blend,"movss xmm2, dword ptr [rip + 0x3cb832]","em60 (2ACCF0): x and z += (the point - pos) x 0.03 a tick toward a point circling its target (cVec::operator*(float), +=)",2ACD26,selected,1-(1-K)^s = 0.03 at 678890,slot 8164,,,
2AD095,actor,blend,"mulss xmm1, dword ptr [rip + 0x3c588f]",the same: y += (the point's y - y) x 0.2 a tick,2ACD26,selected,1-(1-K)^s = 0.2 at 67292C,slot 8198,,,
2B4136,actor,count,"mov byte ptr [rcx + 0x1560], al","em60 (2B4120, from its slot 25 every tick): +1560 -= 1 a tick while above 0",2B4120,selected,arithmetic flags overwritten before use,2B4136,18960,,1008
2B4152,actor,count,"mov dword ptr [rcx + 0x11b4], eax",the same: +11B4 -= 1 a tick while not below 0,2B4120,selected,arithmetic flags overwritten before use,2B4152,189C0,,1009
2B5275,actor,argscale,"movaps xmm6, xmm3","em60 joint turn (2B5250, as em16's 26B920): the limit in xmm3, copied to xmm6 for the heading's clamp",2B5250,selected,"the limit's copy in xmm6 is only copied out, then restored",2B5275,18A40,,1011
2B5278,actor,argscale,"movaps xmm7, xmm2","the same: the limit in xmm2, copied to xmm7 for the pitch's clamp",2B5250,selected,"the limit's copy in xmm7 is only copied out, then restored",2B5275,18A40,,1012
2BD9D7,actor,srcx,"addss xmm0, xmm8",em62 slot 25 (2BD880): each part's colour r (+50) += 0.05 a tick back to 1 once it is not hurt,2BD880,selected,"xmmD / s, op, * s: exact for s = 1/N a power of two; no flags touched, no register borrowed",2BD9D7,18FA0,,1057
2BD9F2,actor,srcx,"addss xmm0, xmm8",the same: g (+54),2BD880,selected,"xmmD / s, op, * s: exact for s = 1/N a power of two; no flags touched, no register borrowed",2BD9F2,18FD0,,1058
2BDA0D,actor,srcx,"addss xmm0, xmm8",the same: b (+58),2BD880,selected,"xmmD / s, op, * s: exact for s = 1/N a power of two; no flags touched, no register borrowed",2BDA0D,19000,,1059
2C0682,actor,pre,"addss xmm0, dword ptr [rbx + 0x171c]","em65 (2C05E0, from its slot 8 and 2C3160 every tick): +171C += 0.05 + 0.02 x a random share a tick; past 1 the frame +171B steps (of 4) and it wraps",2C05F8,selected,addss is commutative: the step in xmm0 is scaled first,2C0682,19130,,1069
2C789F,actor,count,inc dword ptr [rbx + 0x175c],em65 (2C7460): +175C += 1 a tick while its timer +16B8 is past 41,2C7534,selected,arithmetic flags overwritten before use,2C789F,19500,,1095
2C8A47,actor,count,"mov byte ptr [rcx + 0x1724], al","em65 (2C8A10, from its slot 25 every tick): +1724 -= 1 a tick while above 0",2C8A10,selected,arithmetic flags overwritten before use,2C8A47,19560,,1096
2C9190,actor,srcx,"subss xmm1, xmm0","the same: +1738 -= 1 a tick (9999 in state (2, 2), to end it at once)",2C8A10,selected,"xmmD / s, op, * s: exact for s = 1/N a power of two; no flags touched, no register borrowed",2C9190,195C0,,1097
2C9325,actor,argscale,"movaps xmm6, xmm3","em65 joint turn (2C9300, as em16's 26B920): the limit in xmm3, copied to xmm6",2C9300,selected,"the limit's copy in xmm6 is only copied out, then restored",2C9325,195F0,,1098
2C9328,actor,argscale,"movaps xmm7, xmm2","the same: the limit in xmm2, copied to xmm7",2C9300,selected,"the limit's copy in xmm7 is only copied out, then restored",2C9325,195F0,,1099
2CABF7,actor,srcx,"subss xmm0, xmm1",em68 slot 25 (2CA9C0): +123C -= speed a tick while above 0 (xmm1 the speed),2CA9C0,selected,"xmmD / s, op, * s: exact for s = 1/N a power of two; no flags touched, no register borrowed",2CABF7,19680,,1102
2CAC0B,actor,srcx,"subss xmm0, xmm1",the same: +1240 -= speed a tick; below 0 a sound and it acts,2CA9C0,selected,"xmmD / s, op, * s: exact for s = 1/N a power of two; no flags touched, no register borrowed",2CAC0B,196B0,,1103
2CBFE3,actor,lin,"subss xmm0, dword ptr [rip + 0x3a6a55]",em68 slot 24 (2CBF20): its fade +115C -= 0.01 a tick (a partner's with it),2CBF20,selected,K*s = 0.01 at 672A40,slot 820C,,,
2CC778,actor,lin,"mulss xmm0, dword ptr [rip + 0x3a87d8]",em68 (2CC370): y -= speed x 3 a tick while higher than +1074 - 100,2CC743,selected,K*s = 3 at 674F58,slot 8160,,,
2CE968,actor,count,"mov byte ptr [rbx + 0x1136], al","em69 update (2CE8E0): the slot-8 effect spawner, one every 3 ticks",2CE8E0,selected,arithmetic flags overwritten before use,2CE968,19910,,1115
2D4963,actor,srcx,"subss xmm0, xmm2",em6a slot 16 (2D48E0): +11A4 -= |4 sin +11A0| a tick until below 0,2D48E0,selected,"xmmD / s, op, * s: exact for s = 1/N a power of two; no flags touched, no register borrowed",2D4963,19BE0,,1135
2D8C1C,actor,count,"mov byte ptr [rbx + 0x1136], al","em8f update (2D8BB0): the slot-8 effect spawner, one every 3 ticks",2D8BB0,selected,arithmetic flags overwritten before use,2D8C1C,1AA90,,1199
2D9A0A,actor,count,"mov word ptr [rdi + 0xe40], r8w",em8f (2D9940): its bob's phase +E40 += 1 a tick in degrees (as 2D9615's),2D9940,selected,arithmetic flags overwritten before use,2D9A0A,1AF40,,1212
340060,scenery,count,"movss dword ptr [rbx + 0x1128], xmm0","cEnemyObj slot 19 (340030): its hit shake +1128 *= -0.4 a tick (a negative factor, no root): the store on stock ticks, stock's sequence",340030,selected,arithmetic flags overwritten before use,340060,1E9F0,,1406
340078,scenery,count,"movss dword ptr [rbx + 0x112c], xmm0",the same: +112C *= -0.4 a tick,340030,selected,arithmetic flags overwritten before use,340078,1EA50,,1407
340093,scenery,count,"mov byte ptr [rbx + 0x129a], al",the same: +129A -= 1 a tick while above 0,340030,selected,arithmetic flags overwritten before use,340093,1EAB0,,1408
34034A,scenery,count,"movss dword ptr [rbx + 0x1128], xmm0","cEnemyObj (3402F0, from its update 340440 every tick): +1128 *= -0.4 a tick, the store on stock ticks",3402F0,selected,arithmetic flags overwritten before use,34034A,1EB10,,1409
340362,scenery,count,"movss dword ptr [rbx + 0x112c], xmm0",the same: +112C *= -0.4 a tick,3402F0,selected,arithmetic flags overwritten before use,340362,1EB70,,1410
343400,scenery,lin,"movss xmm2, dword ptr [rip + 0x338298]","cEnemyObj slot 28 (343060): seven materials' V offsets -= or += 1/64 a tick after its motion advance (xmm2, read by those seven only)",3433F3,selected,K*s = 0.015625 at 67B6A0,slot 8214,,,
4A1D85,actor,count,"mov byte ptr [rbx + 0x1079], al",cMonsterGear update (4A1A80): +1079 -= 1 a tick while above 0 (reloaded with 30 after a sound),4A1D3D,selected,arithmetic flags overwritten before use,4A1D85,2D870,,2344
4A22B9,actor,count,"mov byte ptr [rcx + 0x1078], al",cMonsterGear (4A22A0): +1078 -= 1 a tick while above 0,4A22A0,selected,arithmetic flags overwritten before use,4A22B9,2D9C0,,2350
4A2406,actor,count,"mov byte ptr [rdi + 0x1078], al",cMonsterGear (4A23C0): the same countdown while Amaterasu is within 500,4A23C0,selected,arithmetic flags overwritten before use,4A2406,2DA20,,2351
4A3236,actor,count,"mov byte ptr [rbx + 0xe35], al",cMonsterGear spring (4A3120): +E35 -= 1 a tick while above 0,4A3120,selected,arithmetic flags overwritten before use,4A3236,2DC00,,2358
5C650F,actor,srcx,"addss xmm0, xmm8","em85 update (5C6450): two materials' U += xmm8 a tick, wrapped at 2",5C648D,selected,"xmmD / s, op, * s: exact for s = 1/N a power of two; no flags touched, no register borrowed",5C650F,33CF0,,2677
5C6927,actor,pre,"addss xmm0, dword ptr [rdi + 0x3498]","the same: +3498 += +34A0 a tick up to +34A8, a material's level",5C691F,selected,addss is commutative: the step in xmm0 is scaled first,5C6927,33D20,,2678
5C69BD,actor,srcx,"addss xmm0, xmm8","the same: two materials' U += xmm8 a tick, wrapped at 2",5C691F,selected,"xmmD / s, op, * s: exact for s = 1/N a power of two; no flags touched, no register borrowed",5C69BD,33D40,,2679
5CCDB5,actor,argscale,"movaps xmm6, xmm3","em85 joint turn (5CCD90, as em16's 26B920): the limit in xmm3, copied to xmm6",5CCD90,selected,"the limit's copy in xmm6 is only copied out, then restored",5CCDB5,34140,,2698
5CCDB8,actor,argscale,"movaps xmm7, xmm2","the same: the limit in xmm2, copied to xmm7",5CCD90,selected,"the limit's copy in xmm7 is only copied out, then restored",5CCDB5,34140,,2699
5CD6DE,actor,count,inc dword ptr [rcx + 0x3490],"em85 (5CD690, from its update every tick): +3490 += 1 a tick while +348C is not above 0; past 3, +348C = 100",5CD690,selected,arithmetic flags overwritten before use,5CD6DE,34170,,2700
5CD7AE,actor,count,inc dword ptr [rcx + 0x3490],em85 (5CD760): the same,5CD760,selected,arithmetic flags overwritten before use,5CD7AE,341D0,,2701
5D17B0,actor,srcblend,"mulss xmm1, xmm8",em86 (5D1080): x += (the target - x) x 0.1 a tick (xmm8's 0.1 is also passed to a call at 5D16D9: the copy is blended),5D1640,selected,xmm5 dead after the site on every path; flags dead after,5D17B0,34390,xmm5,2710
5D17CE,actor,srcblend,"mulss xmm1, xmm8",the same: z,5D1640,selected,xmm5 dead after the site on every path; flags dead after,5D17CE,34420,xmm5,2711
5D1FE5,actor,srcblend,"mulss xmm1, xmm9","em86 (5D1810): x += (the target - x) x 0.1 a tick (xmm9, read elsewhere too)",5D1810,selected,xmm5 dead after the site on every path; flags dead after,5D1FE5,344B0,xmm5,2712
5D2007,actor,srcblend,"mulss xmm1, xmm9",the same: z,5D1810,selected,xmm5 dead after the site on every path; flags dead after,5D2007,34540,xmm5,2713
5D222A,actor,blend,"mulss xmm1, dword ptr [rip + 0xa53be]",em86 (5D2050): y += (50 - y) x 0.05 a tick,5D2118,selected,1-(1-K)^s = 0.05 at 6775F0,slot 81FC,,,
5D2498,actor,count,"mov dword ptr [rbx + 0x5424], eax",the same: +5424 -= 1 a tick while not 0 (15); meanwhile +544C *= 0.5 a tick (the decay factors' 5D249E),5D22D9,selected,arithmetic flags overwritten before use,5D2498,345D0,,2714
5D25B0,actor,blend,"mulss xmm0, dword ptr [rip + 0xa0488]","em86 (5D24F0): x *= 0.99 a tick, toward 0 (x - x x 0.01)",5D24F0,selected,1-(1-K)^s = 0.01 at 672A40,slot 8218,,,
5D25CF,actor,blend,"mulss xmm0, dword ptr [rip + 0xa0469]",the same: z,5D24F0,selected,1-(1-K)^s = 0.01 at 672A40,slot 8218,,,
5D2ACE,actor,count,inc dword ptr [rdi + 0x53fc],the same: +53FC += 1 a tick while Amaterasu is higher than 150; past 180 it acts,5D2A51,selected,arithmetic flags overwritten before use,5D2ACE,34630,,2715
5D3867,actor,count,"mov dword ptr [rbx + 0x53e4], eax",em86 (5D3600): +53E4 -= 1 a tick while above 0 (then 90 after a sound),5D3600,selected,arithmetic flags overwritten before use,5D3867,34690,,2716
5D38F6,actor,srcblend,"mulss xmm0, xmm7","the same: heading += wrap(its target angle - heading) x k a tick, k 0.035 (or 0.015 plus a share) in xmm7",5D3600,selected,xmm5 dead after the site on every path; flags dead after,5D38F6,346F0,xmm5,2717
5D57EA,actor,pre,"addss xmm0, dword ptr [rbx + 0x53a0]","em87 update (5D5780): +53A0 += +53A8 a tick up to 1, a material's level",5D57D0,selected,addss is commutative: the step in xmm0 is scaled first,5D57EA,34850,,2723
5D586F,actor,srcx,"addss xmm0, xmm7","the same: three materials' U += xmm7 a tick, wrapped",5D57D0,selected,"xmmD / s, op, * s: exact for s = 1/N a power of two; no flags touched, no register borrowed",5D586F,34870,,2724
5D5910,actor,pre,"addss xmm0, dword ptr [rbx + 0x53a0]","the same, in the other branch: +53A0 += +53A8 a tick up to 1",5D58A9,selected,addss is commutative: the step in xmm0 is scaled first,5D5910,348A0,,2725
5D598F,actor,srcx,"addss xmm0, xmm7","the same: three materials' U += xmm7 a tick, wrapped",5D58A9,selected,"xmmD / s, op, * s: exact for s = 1/N a power of two; no flags touched, no register borrowed",5D598F,348C0,,2726
5DABD9,actor,blend,"mulss xmm0, dword ptr [rip + 0x97227]",em87 (5DA9A0): heading += wrap(its target angle - heading) x 0.5 a tick,5DA9A0,selected,1-(1-K)^s = 0.5 at 671E08,slot 821C,,,
5DB665,actor,blend,"mulss xmm1, dword ptr [rip + 0x96797]",em87 (5DB470): x += (the target - x) x 0.1 a tick,5DB4A3,selected,1-(1-K)^s = 0.1 at 671E04,slot 8168,,,
5DB686,actor,blend,"mulss xmm1, dword ptr [rip + 0x96776]",the same: z,5DB4A3,selected,1-(1-K)^s = 0.1 at 671E04,slot 8168,,,
5DD935,actor,argscale,"movaps xmm6, xmm3","em87 joint turn (5DD910, as em16's 26B920): the limit in xmm3, copied to xmm6",5DD910,selected,"the limit's copy in xmm6 is only copied out, then restored",5DD935,350B0,,2768
5DD938,actor,argscale,"movaps xmm7, xmm2","the same: the limit in xmm2, copied to xmm7",5DD910,selected,"the limit's copy in xmm7 is only copied out, then restored",5DD935,350B0,,2769
5EA2A5,actor,argscale,"movaps xmm6, xmm3","em88 joint turn (5EA280): the limit in xmm3, copied to xmm6",5EA280,selected,"the limit's copy in xmm6 is only copied out, then restored",5EA2A5,356E0,,2801
5EA2A8,actor,argscale,"movaps xmm7, xmm2","the same: the limit in xmm2, copied to xmm7",5EA280,selected,"the limit's copy in xmm7 is only copied out, then restored",5EA2A5,356E0,,2802
5EB522,actor,count,inc dword ptr [rbx + 0x50c4],"em89 (5EB440, from its updates every tick): +50C4 += 1 a tick while +5090 runs; past 900 a story flag",5EB440,selected,arithmetic flags overwritten before use,5EB522,35800,,2806
5EB5A4,actor,count,dec dword ptr [rbx + 0x5090],the same: +5090 -= 1 a tick (30),5EB440,selected,arithmetic flags overwritten before use,5EB5A4,35860,,2807
5EB6D0,actor,count,dec eax,the same: +5014 -= 1 a tick while above 0,5EB440,selected,arithmetic flags overwritten before use; load 5EB6C6 and store 5EB6D2 one field,5EB6CC,358C0,,2808
5EC810,actor,pre,"addss xmm0, dword ptr [rbx + 0x5098]","em89 update (5EC0F0): +5098 += +50A0 a tick up to 1, a material's level",5EC17E,selected,addss is commutative: the step in xmm0 is scaled first,5EC810,35A30,,2813
5EC881,actor,pre,"addss xmm0, dword ptr [rbx + 0x5098]","the same, for the next material",5EC17E,selected,addss is commutative: the step in xmm0 is scaled first,5EC881,35A50,,2814
5EC924,actor,srcx,"addss xmm0, xmm7","the same: its materials' U += xmm7 a tick, wrapped",5EC17E,selected,"xmmD / s, op, * s: exact for s = 1/N a power of two; no flags touched, no register borrowed",5EC924,35A70,,2815
5EE9A3,actor,blend,"mulss xmm1, dword ptr [rip + 0x8b285]",em89 (5EE760): y += (300 - y) x 0.02 a tick once its clock is past 20,5EE91E,selected,1-(1-K)^s = 0.02 at 679C30,slot 8220,,,
5EE9C7,actor,blend,"mulss xmm1, dword ptr [rip + 0x89ec1]",the same: y += (100 - y) x 0.03 a tick before,5EE91E,selected,1-(1-K)^s = 0.03 at 678890,slot 8164,,,
5EF90F,actor,dst,"mulss xmm0, dword ptr [rsi + 0x1080]","em89 (5EF560): heading += +5074 degrees x speed a tick (its spin, +5074 between -1.5 and 1.5; xmm0 the step, added next)",5EF8DA,selected,the step's next reader is its accumulation,5EF90F,35B40,,2821
5F2062,actor,blend,"mulss xmm1, dword ptr [rip + 0x7fd9a]",em89 (5F1DF0): x += (the target - x) x 0.1 a tick,5F1EBE,selected,1-(1-K)^s = 0.1 at 671E04,slot 8168,,,
5F2083,actor,blend,"mulss xmm1, dword ptr [rip + 0x7fd79]",the same: z,5F1EBE,selected,1-(1-K)^s = 0.1 at 671E04,slot 8168,,,
5F2873,actor,count,dec eax,em89 (5F2860): +507C -= 1 a tick while above 0,5F2860,selected,arithmetic flags overwritten before use; load 5F2866 and store 5F2875 one field,5F286F,35B90,,2823
5F2D15,actor,root,"addss xmm3, dword ptr [rip + 0x86c43]",em89 (5F2A60): +5060 *= 0.98 + 0.02 x |x| a tick (xmm3 the factor): f^(1/N),5F2A60,selected,flags dead after the copy (5F2D1D on),5F2D15,35BF0,,2824
5F2D72,actor,srcblend,"mulss xmm0, xmm7","the same: heading += wrap(target - heading) x k a tick, k 0.055 or 0.025 in xmm7",5F2A60,selected,xmm5 dead after the site on every path; flags dead after,5F2D72,35C30,xmm5,2825
5F4755,actor,argscale,"movaps xmm6, xmm3","em89 joint turn (5F4730): the limit in xmm3, copied to xmm6",5F4730,selected,"the limit's copy in xmm6 is only copied out, then restored",5F4755,36120,,2850
5F4758,actor,argscale,"movaps xmm7, xmm2","the same: the limit in xmm2, copied to xmm7",5F4730,selected,"the limit's copy in xmm7 is only copied out, then restored",5F4755,36120,,2851
5F5647,actor,srcblend,"mulss xmm0, xmm7","em89 (5F5600): heading += wrap(target - heading) x k a tick, k the argument in xmm2 (copied to xmm7)",5F5600,selected,xmm5 dead after the site on every path; flags dead after,5F5647,36150,xmm5,2852
3A98E1,player,count,"mov byte ptr [rsi + 0xd78], al","pl00 update: Amaterasu's alpha +D78 near the camera, a byte set to (a + (t - a) x 0.3) x 255 a tick toward a target by distance: stored on stock ticks, stock's sequence",3A97A9,selected,arithmetic flags overwritten before use,3A98E1,23730,,1775
3A9920,player,count,"mov byte ptr [rsi + 0xd78], al","pl00 update: the alpha +D78 back to opaque, a + max(1/255, (1 - a) x 0.3) a tick: stored on stock ticks",3A97A9,selected,arithmetic flags overwritten before use,3A9920,23790,,1776
3A9941,player,count,"mov byte ptr [rcx + 0xd78], al",pl00 update: the alpha +D78 -= 25 a tick while B664DC bit 0 fades her out: stored on stock ticks,3A97A9,selected,arithmetic flags overwritten before use,3A9941,237F0,,1777
3A9B7A,player,count,"add byte ptr [rsi + 0x15c2], 0xff","pl00 update: +15C2, the three ticks' grace after the B6B2A3 pause mode (3AD034 tests it): a tick each on stock ticks; skipped, the cmovs reads SF clear",3A97A9,selected,countdown not finished: 3A9B88 cmovs,3A9B7A,23850,,1778
3A9C6F,player,count,"mov byte ptr [rsi + 0x1178], al","pl00 update: countdown +1178, a tick each",3A9B8C,selected,arithmetic flags overwritten before use,3A9C6F,238C0,,1779
3A9D15,player,count,inc byte ptr [rsi + 0x1176],"pl00 update: +1176 counts the ticks a button is held, a tick each",3A9B8C,selected,arithmetic flags overwritten before use,3A9D15,23920,,1780
3A9D28,player,count,"mov byte ptr [rsi + 0x117d], al","pl00 update: countdown +117D, a tick each",3A9B8C,selected,arithmetic flags overwritten before use,3A9D28,23980,,1781
3A9E07,player,notyet,"test al, 1","pl00 update: the slide-off push, +10C0/+10C8 += 2 x (+FE0, +FE8) (and +1 when that is small) while she falls onto something (+1010 bit 7, near the ground, +E54 < 0), with its sound and 3A78E0: on stock ticks only, as the velocity's other changes",3A9B8C,selected,"its flags' one branch goes to 3A9ECA with ZF=OF=0, SF=0",3A9E04,239E0,,1782
3A9ED5,player,srcx,"addss xmm0, dword ptr [rsi + 0x10c0]","pl00 update: the slide, x += +10C0 a tick: s of it (the velocity keeps stock's value, its push and damping on stock ticks)",3A9B8C,selected,"xmmD / s, op, * s: exact for s = 1/N a power of two; no flags touched, no register borrowed",3A9ED5,23A40,,1783
3A9F09,player,pre,"addss xmm0, dword ptr [rax + 8]","pl00 update: the slide, z += +10C8 a tick (xmm0 holds +10C8): s of it",3A9B8C,selected,addss is commutative: the step in xmm0 is scaled first,3A9F09,23A70,,1784
3A9F37,player,countlast,"mulss xmm1, xmm7","pl00 update: the slide's damping +10C0 x 0.9 a tick: on the last tick of each stock period, after that period's moves, as stock orders it",3A9B8C,selected,"a factor: skipped, the rate is kept; arithmetic flags overwritten before use",3A9F37,23A90,,1785
3A9F3B,player,countlast,"mulss xmm2, xmm7","pl00 update: the slide's damping +10C8 x 0.9 a tick, on the last tick of each stock period",3A9B8C,selected,"a factor: skipped, the rate is kept; arithmetic flags overwritten before use",3A9F37,23A90,,1786
3A9F55,player,countlast,"mulss xmm1, xmm13","pl00 update: the slide's ground friction +10C0 x 0.7 a tick (on the ground), on the last tick of each stock period",3A9B8C,selected,"a factor: skipped, the rate is kept; arithmetic flags overwritten before use",3A9F55,23B40,,1787
3A9F5A,player,countlast,"mulss xmm2, xmm13","pl00 update: the slide's ground friction +10C8 x 0.7 a tick, on the last tick of each stock period",3A9B8C,selected,"a factor: skipped, the rate is kept; arithmetic flags overwritten before use",3A9F5A,23BA0,,1788
3A9FE1,player,count,"mov word ptr [rsi + 0x117a], ax","pl00 update: countdown +117A (calls 3CC950 every 8 ticks), a tick each",3A9B8C,selected,arithmetic flags overwritten before use,3A9FE1,23C00,,1789
3A9FE8,player,notyet,"test al, 7","pl00 update: +117A's every-8-ticks test reads the decremented register: between stock ticks, not yet",3A9B8C,selected,"its flags' one branch goes to 3A9FF6 with ZF=OF=0, SF=0",3A9FE8,23C60,,1790
3AA01D,player,count,"mov word ptr [rip + 0x7a3f94], ax","pl00 update: item timer B4DFB8 (900 ticks, set by 3D0050 for item type 4 in 413370, spawning effect 0x31 every 32 ticks), a tick each",3A9B8C,selected,arithmetic flags overwritten before use,3AA01D,23CD0,,1791
3AA03D,player,notyet,"test byte ptr [rip + 0x7a3f74], 0x1f","pl00 update: B4DFB8's every-32-ticks effect test (the stored value): between stock ticks, not yet",3A9B8C,selected,"its flags' one branch goes to 3AA0AD with ZF=OF=0, SF=0",3AA03D,23D30,,1792
3AA0D1,player,count,"mov word ptr [rip + 0x7a3ee2], ax","pl00 update: item timer B4DFBA (900 ticks from 3D0000, effect 0x33 every 32 ticks), a tick each",3A9B8C,selected,arithmetic flags overwritten before use,3AA0D1,23DA0,,1793
3AA0D8,player,notyet,"test al, 0x1f","pl00 update: B4DFBA's every-32-ticks effect test: between stock ticks, not yet",3A9B8C,selected,"its flags' one branch goes to 3AA14D with ZF=OF=0, SF=0",3AA0D1,23DA0,,1794
3AA167,player,count,"mov word ptr [rip + 0x7a3e4e], ax","pl00 update: item timer B4DFBC (from 3D0010, effect 0x32 every 32 ticks), a tick each",3A9B8C,selected,arithmetic flags overwritten before use,3AA167,23E50,,1795
3AA174,player,notyet,"test al, 0x1f","pl00 update: B4DFBC's every-32-ticks effect test: between stock ticks, not yet",3A9B8C,selected,"its flags' one branch goes to 3AA1F3 with ZF=OF=0, SF=0",3AA16E,23EB0,,1796
3AA208,player,count,inc byte ptr [rsi + 0x117f],"pl00 update: +117F counts up while 3CE4C0 holds, effect 0x28 every 8 ticks, a tick each",3A9B8C,selected,arithmetic flags overwritten before use,3AA208,23F20,,1797
3AA20E,player,notyet,"test byte ptr [rsi + 0x117f], 7","pl00 update: +117F's every-8-ticks test (the stored byte): between stock ticks, not yet",3A9B8C,selected,"its flags' one branch goes to 3AA266 with ZF=OF=0, SF=0",3AA20E,23F80,,1798
3AA275,player,count,"mov word ptr [rsi + 0x11e6], ax","pl00 update: countdown +11E6, a tick each",3A9B8C,selected,arithmetic flags overwritten before use,3AA275,23FF0,,1799
3AA437,player,count,"mov word ptr [rsi + 0x1186], ax","pl00 update: countdown +1186, a tick each",3A9B8C,selected,arithmetic flags overwritten before use,3AA437,24050,,1800
3AA44D,player,count,"mov word ptr [rsi + 0x11e4], ax","pl00 update: countdown +11E4, a tick each",3A9B8C,selected,arithmetic flags overwritten before use,3AA44D,240B0,,1801
3AA468,player,count,"sub ax, 1","pl00 update: countdown +1188 (+118C cleared at 0), a tick each; skipped, the jne reads ""not finished""",3A9B8C,selected,countdown not finished: 3AA473 jne; load 3AA45C and store 3AA46C one field,3AA466,24110,,1802
3AA543,player,count,"mov byte ptr [rsi + 0x11ef], al","pl00 update: countdown +11EF, a tick each",3A9B8C,selected,arithmetic flags overwritten before use,3AA543,24180,,1803
3AA6B9,player,count,dec dword ptr [rip + 0x61e065],"pl00 update: the global countdown 9C8724 that holds her in its own path, a tick each",3A9B8C,selected,arithmetic flags overwritten before use,3AA6B9,241E0,,1804
3AA74D,player,count,"mov byte ptr [rsi + 0x117e], al","pl00 update: +117E, a material crossfade (1 - v/255, v/255), -10 a tick: on stock ticks",3A9B8C,selected,arithmetic flags overwritten before use,3AA74D,24240,,1805
3AA814,player,count,"mov byte ptr [rsi + 0x117e], al","pl00 update: +117E, +10 a tick: on stock ticks",3A9B8C,selected,arithmetic flags overwritten before use,3AA814,242A0,,1806
3AAD63,player,count,"add byte ptr [rsi + 0x1144], 0xff","pl00 update: +1144, the lock-on retarget delay (B6AC44 x 2 ticks before +1110 takes +1108), a tick each; skipped, the jne reads ""not yet""",3AAC90,selected,countdown not finished: 3AAD6A jne,3AAD63,24300,,1807
3AB234,player,count,"movss dword ptr [rsi + 0xe48], xmm0","pl00 update: her speed +E48 x 0.5 when the rise meets a ceiling (+E54 > 1): once per stock tick, as stock's tick-long contact",3AAC90,selected,arithmetic flags overwritten before use,3AB234,243B0,,1809
3AC5F6,player,srcblend,"mulss xmm1, xmm10",pl00 update: her pitch +B0 approaches the ground's slope by 0.3 a tick (xmm10 = 0.3 is also 3ACAEB's alpha threshold),3AC0A8,selected,xmm5 dead after the site on every path; flags dead after,3AC5F6,24410,xmm5,1810
3AC6CB,player,srcblend,"mulss xmm1, xmm10",pl00 update: her pitch +B0 returns to level by 0.3 a tick in the air,3AC0A8,selected,xmm5 dead after the site on every path; flags dead after,3AC6CB,244A0,xmm5,1811
3827F7,player,lin,"addss xmm0, dword ptr [rip + 0x2f747d]","wp02 bead, homing (state 3): its rate +1938 += 0.8 a tick up to 8 (turn in degrees x 2 and forward speed)",382340,selected,K*s = 0.8 at 679C7C,slot 8224,,,
38284D,player,lin,"mulss xmm0, dword ptr [rip + 0x2f00d3]","wp02 bead, homing: the turn toward the target, rate x pi/180 x 2 a tick, passed to 2DE2A0: s of it",382340,selected,K*s = 0.0174533 at 672928,slot 8228,,,
3828BF,player,pre,"addss xmm0, dword ptr [r12]","wp02 bead, homing: x += the forward step (rate, in the bead's frame) a tick: s of it; the velocity +16E0 keeps stock's value",382340,selected,addss is commutative: the step in xmm0 is scaled first,3828BF,1FC20,,1477
3828CB,player,pre,"addss xmm1, dword ptr [r15 + rdi + 0x1294]","wp02 bead, homing: y += the forward step's y, s of it",382340,selected,addss is commutative: the step in xmm1 is scaled first,3828CB,1FC40,,1478
3828E1,player,pre,"addss xmm0, dword ptr [r15 + rdi + 0x1298]","wp02 bead, homing: z += the forward step's z, s of it",382340,selected,addss is commutative: the step in xmm0 is scaled first,3828E1,1FC60,,1479
382A83,player,count,"sub byte ptr [rcx], 1","wp02 bead, homing: its countdown (param 4), a tick each; skipped, the jne reads ""not yet""",382340,selected,countdown not finished: 382A86 jne,382A7E,1FC80,,1480
382B74,player,pre,"addss xmm0, dword ptr [r12]","wp02 bead, bounced off (state 5): x += v.x a tick (xmm0 holds +16E0): s of it",382340,selected,addss is commutative: the step in xmm0 is scaled first,382B74,1FCF0,,1481
382B8A,player,srcx,"addss xmm0, dword ptr [rdi + rax*8 + 0x16e4]","wp02 bead, bounced off: y += v.y a tick: s of it",382340,selected,"xmmD / s, op, * s: exact for s = 1/N a power of two; no flags touched, no register borrowed",382B8A,1FD10,,1482
382BA6,player,pre,"addss xmm0, dword ptr [r15 + rdi + 0x1298]","wp02 bead, bounced off: z += v.z a tick (xmm0 holds +16E8): s of it",382340,selected,addss is commutative: the step in xmm0 is scaled first,382BA6,1FD40,,1483
382BBF,player,countlast,"mulss xmm0, dword ptr [rip + 0x2f2e79]","wp02 bead, bounced off: v.x x 0.93 a tick, on the last tick of each stock period after its moves",382340,selected,"a factor: skipped, the rate is kept; arithmetic flags overwritten before use",382BBF,1FD60,,1484
382BD0,player,countlast,"subss xmm1, dword ptr [rip + 0x2ef234]","wp02 bead, bounced off: v.y -= 0.6 (gravity) a tick, on the last tick of each stock period",382340,selected,"a change: skipped, the rate is kept; arithmetic flags overwritten before use",382BD0,1FDC0,,1485
382BE6,player,countlast,"mulss xmm0, dword ptr [rip + 0x2f2e52]","wp02 bead, bounced off: v.z x 0.93 a tick, on the last tick of each stock period",382340,selected,"a factor: skipped, the rate is kept; arithmetic flags overwritten before use",382BE6,1FE20,,1486
382C1B,player,count,"mov byte ptr [rbx], al","wp02 bead, bounced off: its countdown, a tick each",382340,selected,arithmetic flags overwritten before use,382C18,1FE80,,1487
382C1D,player,notyet,"test cl, cl","wp02 bead, bounced off: the test of the countdown's old value (0 ends the state): between stock ticks, not yet",382340,selected,"its flags' one branch goes to 382636 with ZF=OF=0, SF=0",382C18,1FE80,,1488
382CDF,player,pre,"addss xmm0, dword ptr [r12]","wp02 bead, dash (state 7): x += the step (20 forward in its frame) a tick: s of it",382340,selected,addss is commutative: the step in xmm0 is scaled first,382CDF,1FF30,,1489
382CEB,player,pre,"addss xmm1, dword ptr [r15 + rdi + 0x1294]","wp02 bead, dash: y += the step's y, s of it",382340,selected,addss is commutative: the step in xmm1 is scaled first,382CEB,1FF50,,1490
382D01,player,pre,"addss xmm0, dword ptr [r15 + rdi + 0x1298]","wp02 bead, dash: z += the step's z, s of it",382340,selected,addss is commutative: the step in xmm0 is scaled first,382D01,1FF70,,1491
382D4F,player,count,"mov byte ptr [rbx], al","wp02 bead, dash: its countdown (2), a tick each",382340,selected,arithmetic flags overwritten before use,382D4C,1FF90,,1492
382D51,player,notyet,"test cl, cl","wp02 bead, dash: the test of the countdown's old value: between stock ticks, not yet",382340,selected,"its flags' one branch goes to 382636 with ZF=OF=0, SF=0",382D4C,1FF90,,1493
382E13,player,blend,"mulss xmm0, dword ptr [rip + 0x2efb11]","wp02 bead, lying (state 8): y approaches its rest height +11CA by 0.2 a tick",382340,selected,1-(1-K)^s = 0.2 at 67292C,slot 822C,,,
382E2F,player,count,"mov byte ptr [rdx], al","wp02 bead, lying: its countdown (60), a tick each",382340,selected,arithmetic flags overwritten before use,382E2C,20040,,1494
382E31,player,notyet,"test cl, cl","wp02 bead, lying: the test of the countdown's old value: between stock ticks, not yet",382340,selected,"its flags' one branch goes to 382E5E with ZF=OF=0, SF=0",382E2C,20040,,1495
382FCD,player,lin,"mulss xmm0, dword ptr [rip + 0x2ef953]","wp02 bead, homing again: the turn, rate x pi/180 x 4 a tick: s of it",382340,selected,K*s = 0.0174533 at 672928,slot 8228,,,
383043,player,pre,"addss xmm0, dword ptr [r12]","wp02 bead, homing again: x += the forward step a tick, s of it",382340,selected,addss is commutative: the step in xmm0 is scaled first,383043,20100,,1496
38304F,player,pre,"addss xmm1, dword ptr [r15 + rdi + 0x1294]","wp02 bead, homing again: y += the forward step's y, s of it",382340,selected,addss is commutative: the step in xmm1 is scaled first,38304F,20120,,1497
383065,player,pre,"addss xmm0, dword ptr [r15 + rdi + 0x1298]","wp02 bead, homing again: z += the forward step's z, s of it",382340,selected,addss is commutative: the step in xmm0 is scaled first,383065,20140,,1498
38317E,player,count,"sub byte ptr [rcx], 1","wp02 bead, homing again: its countdown, a tick each; skipped, the jne reads ""not yet""",382340,selected,countdown not finished: 383181 jne,383179,20160,,1499
383313,player,pre,"addss xmm0, dword ptr [r12]","wp02 bead, launched (state 13): x += v.x a tick (xmm0 holds +16E0): s of it",382340,selected,addss is commutative: the step in xmm0 is scaled first,383313,201D0,,1500
383329,player,srcx,"addss xmm0, dword ptr [rdi + rax*8 + 0x16e4]","wp02 bead, launched: y += v.y a tick: s of it",382340,selected,"xmmD / s, op, * s: exact for s = 1/N a power of two; no flags touched, no register borrowed",383329,201F0,,1501
383345,player,pre,"addss xmm0, dword ptr [r15 + rdi + 0x1298]","wp02 bead, launched: z += v.z a tick (xmm0 holds +16E8): s of it",382340,selected,addss is commutative: the step in xmm0 is scaled first,383345,20220,,1502
383367,player,countlast,"mulss xmm1, xmm2","wp02 bead, launched: v.y x 0.98 a tick, on the last tick of each stock period after its moves",382340,selected,"a factor: skipped, the rate is kept; arithmetic flags overwritten before use",383367,20240,,1503
38336B,player,countlast,"mulss xmm0, xmm2","wp02 bead, launched: v.x x 0.98 a tick, on the last tick of each stock period",382340,selected,"a factor: skipped, the rate is kept; arithmetic flags overwritten before use",383367,20240,,1504
383381,player,countlast,"mulss xmm1, xmm2","wp02 bead, launched: v.z x 0.98 a tick, on the last tick of each stock period",382340,selected,"a factor: skipped, the rate is kept; arithmetic flags overwritten before use",383381,202F0,,1505
383439,player,count,"sub byte ptr [rcx], r14b","wp02 bead, launched: its countdown (10), a tick each: sub by r14b, which is 1 (set at 382546 before the switch, not written on this path); skipped, the jne reads ""not yet""",382340,selected,countdown not finished: 38343C jne,383434,20350,,1506
3981C1,player,pre,"addss xmm1, dword ptr [rbx + rsi + 0x1294]","wp3a bead, homing (state 3): y += the forward step (18 in its frame, toward a jittered target) a tick: s of it",397E5F,selected,addss is commutative: the step in xmm1 is scaled first,3981C1,21690,,1634
3981CA,player,pre,"addss xmm0, dword ptr [rdi]","wp3a bead, homing: x += the step's x, s of it",397E5F,selected,addss is commutative: the step in xmm0 is scaled first,3981CA,216B0,,1635
3981E1,player,pre,"addss xmm0, dword ptr [rbx + rsi + 0x1298]","wp3a bead, homing: z += the step's z, s of it",397E5F,selected,addss is commutative: the step in xmm0 is scaled first,3981E1,216E0,,1636
3982E0,player,count,"sub byte ptr [r12], 1","wp3a bead, homing: its countdown (param 4), a tick each; skipped, the jne reads ""not yet""",397E5F,selected,countdown not finished: 3982E5 jne,3982E0,21700,,1637
398436,player,pre,"addss xmm0, dword ptr [rdx]","wp3a bead, bounced off (state 5): x += v.x a tick (xmm0 holds +16E0): s of it",397E5F,selected,addss is commutative: the step in xmm0 is scaled first,398436,21760,,1638
398447,player,srcx,"addss xmm0, dword ptr [rsi + rcx*8 + 0x16e4]","wp3a bead, bounced off: y += v.y a tick: s of it",397E5F,selected,"xmmD / s, op, * s: exact for s = 1/N a power of two; no flags touched, no register borrowed",398447,21780,,1639
398462,player,srcx,"addss xmm0, dword ptr [rsi + rcx*8 + 0x16e8]","wp3a bead, bounced off: z += v.z a tick: s of it",397E5F,selected,"xmmD / s, op, * s: exact for s = 1/N a power of two; no flags touched, no register borrowed",398462,217B0,,1640
39847A,player,countlast,"mulss xmm0, dword ptr [rip + 0x2dd5be]","wp3a bead, bounced off: v.x x 0.93 a tick, on the last tick of each stock period after its moves",397E5F,selected,"a factor: skipped, the rate is kept; arithmetic flags overwritten before use",39847A,217E0,,1641
39848B,player,countlast,"subss xmm1, dword ptr [rip + 0x2d9979]","wp3a bead, bounced off: v.y -= 0.6 (gravity), on the last tick of each stock period",397E5F,selected,"a change: skipped, the rate is kept; arithmetic flags overwritten before use",39848B,21840,,1642
3984A2,player,countlast,"mulss xmm0, dword ptr [rip + 0x2dd596]","wp3a bead, bounced off: v.z x 0.93, on the last tick of each stock period",397E5F,selected,"a factor: skipped, the rate is kept; arithmetic flags overwritten before use",3984A2,218A0,,1643
3984D6,player,count,"mov byte ptr [r12], al","wp3a bead, bounced off: its countdown (5), a tick each",397E5F,selected,arithmetic flags overwritten before use,3984D6,21900,,1644
3984DA,player,notyet,"test cl, cl","wp3a bead, bounced off: the test of the countdown's old value: between stock ticks, not yet",397E5F,selected,"its flags' one branch goes to 39888D with ZF=OF=0, SF=0",3984D6,21900,,1645
3986AC,player,pre,"addss xmm0, dword ptr [rdi]","wp3a bead, launched (state 13): x += v.x a tick (random +-5, +-5, 15 in the owner's frame, set once): s of it",397E5F,selected,addss is commutative: the step in xmm0 is scaled first,3986AC,219B0,,1646
3986C0,player,pre,"addss xmm0, dword ptr [rbx + rsi + 0x1294]","wp3a bead, launched: y += v.y a tick, s of it",397E5F,selected,addss is commutative: the step in xmm0 is scaled first,3986C0,219D0,,1647
3986DB,player,pre,"addss xmm1, dword ptr [rbx + rsi + 0x1298]","wp3a bead, launched: z += v.z a tick, s of it",397E5F,selected,addss is commutative: the step in xmm1 is scaled first,3986DB,219F0,,1648
398792,player,count,"sub byte ptr [r12], 1","wp3a bead, launched: its countdown (12), a tick each; skipped, the jne reads ""not yet""",397E5F,selected,countdown not finished: 398797 jne,398792,21A10,,1649
398833,player,count,"sub byte ptr [r12], 1","wp3a bead (state 15): its countdown, a tick each; skipped, the jne reads ""not yet""",397E5F,selected,countdown not finished: 398838 jne,398833,21A70,,1650
398D3D,player,lin,"addss xmm0, dword ptr [rip + 0x2da197]","wp3a bead kind 2, flight (state 3): its speed +1938 += 20 a tick from 5 up to 100",398920,selected,K*s = 20 at 672EDC,slot 8230,,,
398DD2,player,pre,"addss xmm1, dword ptr [rbx + rsi + 0x1294]","wp3a bead kind 2, flight: y += the forward step (the speed, in its frame) a tick: s of it",398920,selected,addss is commutative: the step in xmm1 is scaled first,398DD2,21AD0,,1651
398DDB,player,pre,"addss xmm0, dword ptr [r12]","wp3a bead kind 2, flight: x += the step's x, s of it",398920,selected,addss is commutative: the step in xmm0 is scaled first,398DDB,21AF0,,1652
398DF6,player,pre,"addss xmm0, dword ptr [rbx + rsi + 0x1298]","wp3a bead kind 2, flight: z += the step's z, s of it",398920,selected,addss is commutative: the step in xmm0 is scaled first,398DF6,21B10,,1653
398F48,player,count,"sub byte ptr [r15], 1","wp3a bead kind 2, flight: its countdown (param 4), a tick each; skipped, the jne reads ""not yet""",398920,selected,countdown not finished: 398F4C jne,398F48,21B30,,1654
39909A,player,pre,"addss xmm0, dword ptr [rdx]","wp3a bead kind 2, bounced off (state 5): x += v.x a tick (xmm0 holds +16E0): s of it",398920,selected,addss is commutative: the step in xmm0 is scaled first,39909A,21BA0,,1655
3990AB,player,srcx,"addss xmm0, dword ptr [rsi + rcx*8 + 0x16e4]","wp3a bead kind 2, bounced off: y += v.y a tick: s of it",398920,selected,"xmmD / s, op, * s: exact for s = 1/N a power of two; no flags touched, no register borrowed",3990AB,21BC0,,1656
3990C6,player,srcx,"addss xmm0, dword ptr [rsi + rcx*8 + 0x16e8]","wp3a bead kind 2, bounced off: z += v.z a tick: s of it",398920,selected,"xmmD / s, op, * s: exact for s = 1/N a power of two; no flags touched, no register borrowed",3990C6,21BF0,,1657
3990DE,player,countlast,"mulss xmm0, dword ptr [rip + 0x2dc95a]","wp3a bead kind 2, bounced off: v.x x 0.93, on the last tick of each stock period after its moves",398920,selected,"a factor: skipped, the rate is kept; arithmetic flags overwritten before use",3990DE,21C20,,1658
3990EF,player,countlast,"subss xmm1, dword ptr [rip + 0x2d8d15]","wp3a bead kind 2, bounced off: v.y -= 0.6 (gravity), on the last tick of each stock period",398920,selected,"a change: skipped, the rate is kept; arithmetic flags overwritten before use",3990EF,21C80,,1659
399106,player,countlast,"mulss xmm0, dword ptr [rip + 0x2dc932]","wp3a bead kind 2, bounced off: v.z x 0.93, on the last tick of each stock period",398920,selected,"a factor: skipped, the rate is kept; arithmetic flags overwritten before use",399106,21CE0,,1660
399139,player,count,"mov byte ptr [r15], al","wp3a bead kind 2, bounced off: its countdown, a tick each",398920,selected,arithmetic flags overwritten before use,399139,21D40,,1661
39913C,player,notyet,"test cl, cl","wp3a bead kind 2, bounced off: the test of the countdown's old value: between stock ticks, not yet",398920,selected,"its flags' one branch goes to 3994F5 with ZF=OF=0, SF=0",399139,21D40,,1662
3992D4,player,pre,"addss xmm0, dword ptr [r12]","wp3a bead kind 2, launched (state 13): x += v.x a tick (xmm0 holds +16E0): s of it",398920,selected,addss is commutative: the step in xmm0 is scaled first,3992D4,21DF0,,1663
3992EC,player,pre,"addss xmm0, dword ptr [rbx + rsi + 0x1294]","wp3a bead kind 2, launched: y += v.y a tick, s of it",398920,selected,addss is commutative: the step in xmm0 is scaled first,3992EC,21E10,,1664
399307,player,pre,"addss xmm1, dword ptr [rbx + rsi + 0x1298]","wp3a bead kind 2, launched: z += v.z a tick, s of it",398920,selected,addss is commutative: the step in xmm1 is scaled first,399307,21E30,,1665
399410,player,count,"sub byte ptr [r15], 1","wp3a bead kind 2, launched: its countdown, a tick each; skipped, the jne reads ""not yet""",398920,selected,countdown not finished: 399414 jne,399410,21E50,,1666
39949C,player,count,"sub byte ptr [r15], 1","wp3a bead kind 2 (state 15): its countdown, a tick each; skipped, the jne reads ""not yet""",398920,selected,countdown not finished: 3994A0 jne,39949C,21EC0,,1667
3999AD,player,lin,"addss xmm0, dword ptr [rip + 0x2d9527]","wp3a bead kind 3, flight (state 3): its speed +1938 += 20 a tick from 5 up to 100",399590,selected,K*s = 20 at 672EDC,slot 8230,,,
399A42,player,pre,"addss xmm1, dword ptr [rbx + rsi + 0x1294]","wp3a bead kind 3, flight: y += the forward step a tick: s of it",399590,selected,addss is commutative: the step in xmm1 is scaled first,399A42,21F30,,1668
399A4B,player,pre,"addss xmm0, dword ptr [r12]","wp3a bead kind 3, flight: x += the step's x, s of it",399590,selected,addss is commutative: the step in xmm0 is scaled first,399A4B,21F50,,1669
399A66,player,pre,"addss xmm0, dword ptr [rbx + rsi + 0x1298]","wp3a bead kind 3, flight: z += the step's z, s of it",399590,selected,addss is commutative: the step in xmm0 is scaled first,399A66,21F70,,1670
399B81,player,count,"add byte ptr [r15], 0xff","wp3a bead kind 3, flight: its countdown (add 0xff), a tick each; skipped, the jne reads ""not yet""",399590,selected,countdown not finished: 399B85 jne,399B81,21F90,,1671
399CD3,player,pre,"addss xmm0, dword ptr [rdx]","wp3a bead kind 3, bounced off (state 5): x += v.x a tick: s of it",399590,selected,addss is commutative: the step in xmm0 is scaled first,399CD3,22000,,1672
399CE4,player,srcx,"addss xmm0, dword ptr [rsi + rcx*8 + 0x16e4]","wp3a bead kind 3, bounced off: y += v.y a tick: s of it",399590,selected,"xmmD / s, op, * s: exact for s = 1/N a power of two; no flags touched, no register borrowed",399CE4,22020,,1673
399CFF,player,srcx,"addss xmm0, dword ptr [rsi + rcx*8 + 0x16e8]","wp3a bead kind 3, bounced off: z += v.z a tick: s of it",399590,selected,"xmmD / s, op, * s: exact for s = 1/N a power of two; no flags touched, no register borrowed",399CFF,22050,,1674
399D17,player,countlast,"mulss xmm0, dword ptr [rip + 0x2dbd21]","wp3a bead kind 3, bounced off: v.x x 0.93, on the last tick of each stock period",399590,selected,"a factor: skipped, the rate is kept; arithmetic flags overwritten before use",399D17,22080,,1675
399D28,player,countlast,"subss xmm1, dword ptr [rip + 0x2d80dc]","wp3a bead kind 3, bounced off: v.y -= 0.6, on the last tick of each stock period",399590,selected,"a change: skipped, the rate is kept; arithmetic flags overwritten before use",399D28,220E0,,1676
399D3F,player,countlast,"mulss xmm0, dword ptr [rip + 0x2dbcf9]","wp3a bead kind 3, bounced off: v.z x 0.93, on the last tick of each stock period",399590,selected,"a factor: skipped, the rate is kept; arithmetic flags overwritten before use",399D3F,22140,,1677
399D72,player,count,"mov byte ptr [r15], al","wp3a bead kind 3, bounced off: its countdown, a tick each",399590,selected,arithmetic flags overwritten before use,399D72,221A0,,1678
399D75,player,notyet,"test cl, cl","wp3a bead kind 3, bounced off: the test of the countdown's old value: between stock ticks, not yet",399590,selected,"its flags' one branch goes to 39A0FF with ZF=OF=0, SF=0",399D72,221A0,,1679
399F0D,player,pre,"addss xmm0, dword ptr [r12]","wp3a bead kind 3, launched (state 13): x += v.x a tick: s of it",399590,selected,addss is commutative: the step in xmm0 is scaled first,399F0D,22250,,1680
399F25,player,pre,"addss xmm0, dword ptr [rbx + rsi + 0x1294]","wp3a bead kind 3, launched: y += v.y a tick, s of it",399590,selected,addss is commutative: the step in xmm0 is scaled first,399F25,22270,,1681
399F40,player,pre,"addss xmm1, dword ptr [rbx + rsi + 0x1298]","wp3a bead kind 3, launched: z += v.z a tick, s of it",399590,selected,addss is commutative: the step in xmm1 is scaled first,399F40,22290,,1682
39A01A,player,count,"add byte ptr [r15], 0xff","wp3a bead kind 3, launched: its countdown, a tick each; skipped, the jne reads ""not yet""",399590,selected,countdown not finished: 39A01E jne,39A01A,222B0,,1683
39A0A6,player,count,"add byte ptr [r15], 0xff","wp3a bead kind 3 (state 15): its countdown, a tick each; skipped, the jne reads ""not yet""",399590,selected,countdown not finished: 39A0AA jne,39A0A6,22320,,1684
3B884A,player,lin,"mulss xmm0, dword ptr [rip + 0x2ba0da]","pl00 lunge (3B8540, sub-state 2): the speed +E48 = (+F48 - 0.5) x 0.2 as it starts, a displacement per tick: +E48 is the port's per-tick-at-this-rate speed (README), so s of it",3B85CC,selected,K*s = 0.2 at 67292C,slot 8234,,,
3B91E3,player,lin,"mulss xmm0, dword ptr [rip + 0x2b9741]","pl00 lunge (3B8540, sub-state 8): +E48 = (+F48 - 0.5) x 0.2 as it starts: s of it",3B8FC0,selected,K*s = 0.2 at 67292C,slot 8234,,,
3B96AF,player,lin,"mulss xmm0, dword ptr [rip + 0x2b9275]","pl00 lunge (3B8540, sub-state 11): +E48 = (+F48 - 0.5) x 0.2 as it starts: s of it",3B8FC0,selected,K*s = 0.2 at 67292C,slot 8234,,,
3B8FA3,player,countlast,"mulss xmm1, dword ptr [rip + 0x2bca8d]","pl00 lunge (3B8540): +E48 x 0.75 a tick after it moves her (added to the root step +EC8): on the last tick of each stock period, so the s-sized moves sum to stock's per stock tick",3B8F7C,selected,"a factor: skipped, the rate is kept; arithmetic flags overwritten before use",3B8FA3,24B90,,1847
3AFEAD,player,count,"mov word ptr [rsi + 0xe3e], ax","pl00 state 3AFA90, sub-state 2: +E3E counts up a tick each (sounds at 0x6F and 0x8E, +D40 bit 1 at 0xA3): on stock ticks",3AFABA,selected,arithmetic flags overwritten before use,3AFEAD,24610,,1814
3AFE23,player,notyet,"cmp word ptr [rsi + 0xe3e], 0x6f","pl00 state 3AFA90, sub-state 2: the sound at +E3E = 0x6F: between stock ticks, not yet (the count holds its value for the stock tick's other ticks)",3AFABA,selected,"its flags' one branch goes to 3AFE55 with ZF=OF=0, SF=0",3AFE23,24530,,1812
3AFE5A,player,notyet,"cmp word ptr [rsi + 0xe3e], ax","pl00 state 3AFA90, sub-state 2: the sound at +E3E = 0x8E: between stock ticks, not yet",3AFABA,selected,"its flags' one branch goes to 3AFE8F with ZF=OF=0, SF=0",3AFE5A,245A0,,1813
38F438,player,lin,"movss xmm6, dword ptr [rip + 0x2e29c8]","wp1c (38F400): xmm6 = 0.5, the slope push's factor (+FE0/+FE8): its velocity +E20/+E28 is per tick at this rate (built from the owner's +E48; x += v unscaled, the damping 0.94^s by decay_factors), so the push added at the throw is s of stock's",38F400,selected,K*s = 0.5 at 671E08,slot 8238,,,
38F714,player,pre,"addss xmm0, dword ptr [rdi + 0xe20]","wp1c rolling (sub-state 1): v.x += 0.5 x +FE0 a tick on the ground (xmm0 holds it, 0.5 s by the lin): s of it again, a per-tick-at-this-rate velocity gains s^2 of stock's push a tick",38F6E7,selected,addss is commutative: the step in xmm0 is scaled first,38F714,20FB0,,1596
38F71C,player,pre,"addss xmm1, dword ptr [rdi + 0xe28]",wp1c rolling: v.z += 0.5 x +FE8 a tick on the ground: s of it again (s^2 in all),38F6E7,selected,addss is commutative: the step in xmm1 is scaled first,38F71C,20FD0,,1597
391DD3,player,dst,"movaps xmm7, xmm0","wp1d (391D60): xmm7 = the slow-motion factor (23AD90), the function's dt; its readers, all per-tick steps: the spin +B4 += 6 deg x dt, +1090 += dt, the bob y += sin(+1110) x 0.7 (1.7) x dt, its phase +1110 += 0.24 dt, the countdown +1078 -= dt, the turn min(+1078, 10) deg x dt, the flight's velocity +E18 += dt and the move by +E10 x dt, the countdown +E28 -= dt",391D7E,selected,"a callee-saved copy of 23AD90's return (the call at 391DB2), the function's per-tick dt",391DD3,21190,,1610
3C7A20,player,lin,"movss xmm3, dword ptr [rip + 0x2b21e0]","pl00 state 3C7880, sub-state 1: turn toward the locked target by at most 8 degrees a tick; scale the limit before 2DDF90",3C7880,selected,K*s = 0.139626 at 679C08,slot 823C,,,
3C7E71,player,lin,"movss xmm3, dword ptr [rip + 0x2b1d87]","pl00 state 3C7880, sub-state 3: turn toward the locked target by at most 2 degrees a tick; scale the limit before 2DDF90",3C7880,selected,K*s = 0.0349066 at 679C00,slot 8240,,,
3C7B0D,player,notyet,"test byte ptr [rdi + 0x1152], 7",pl00 charge: the effect spawned at every eighth +1152 tick must wait for a stock tick while the counter is held,3C7880,selected,"its flags' one branch goes to 3C7B7D with ZF=OF=0, SF=0",3C7B0D,25690,,1893
3C7B7D,player,notyet,"cmp word ptr [rdi + 0x1152], r13w",pl00 charge: the sound at +1152 = 0 must not repeat between stock ticks,3C7880,selected,"its flags' one branch goes to 3C7BBE with ZF=OF=0, SF=0",3C7B7D,25700,,1894
3C7BBE,player,count,inc word ptr [rdi + 0x1152],"pl00 charge: +1152 counts the ticks spent charging; its threshold changes the charge tier, sound and effect sequence",3C7880,selected,arithmetic flags overwritten before use,3C7BBE,25770,,1895
3C7BE5,player,notyet,"cmp eax, ecx",pl00 charge: the paired sounds near tick 30 or 15 must play once on the counter's stock tick,3C7880,selected,"its flags' one branch goes to 3C7C39 with ZF=OF=0, SF=0",3C7BE1,257D0,,1896
3C7C59,player,notyet,"cmp eax, ecx",pl00 charge: the paired sounds near tick 60 or 30 must play once on the counter's stock tick,3C7880,selected,"its flags' one branch goes to 3C7CAD with ZF=OF=0, SF=0",3C7C57,25830,,1897
3C7CF2,player,notyet,"cmp al, sil",pl00 charge: the repeated sound every eight ticks after the full-charge threshold must wait for a stock tick,3C7880,selected,"its flags' one branch goes to 3C80B6 with ZF=OF=0, SF=0",3C7CF0,258A0,,1898
38D8D8,player,count,"sub byte ptr [rbx + rdi + 0x1124], 1","wp1a piece: the 90-tick wait in state 4, set as state 3 ends, counts down once each stock tick",38D880,selected,countdown not finished: 38D8E0 jne,38D8D8,20A80,,1568
38D931,player,pre,"addss xmm0, dword ptr [rax + 0x80]",wp1a piece in flight: x += v.x each tick; scale the old velocity in xmm0 for this move while keeping +C0 in stock units,38D880,selected,addss is commutative: the step in xmm0 is scaled first,38D931,20AF0,,1569
38D939,player,countlast,"mulss xmm3, dword ptr [rip + 0x2e4fef]","wp1a piece in flight: v.x x 0.9 after its move, on the last tick of each stock period",38D880,selected,"a factor: skipped, the rate is kept; arithmetic flags overwritten before use",38D939,20B10,,1570
38D959,player,pre,"addss xmm0, dword ptr [rax + 0x84]",wp1a piece in flight: y += v.y each tick; scale the old velocity in xmm0 for this move while keeping +C4 in stock units,38D941,selected,addss is commutative: the step in xmm0 is scaled first,38D959,20B70,,1571
38D961,player,countlast,"subss xmm1, xmm6","wp1a piece in flight: v.y -= 1 after its move, on the last tick of each stock period",38D941,selected,"a change: skipped, the rate is kept; arithmetic flags overwritten before use",38D961,20B90,,1572
38D978,player,countlast,"mulss xmm2, dword ptr [rip + 0x2e4fb0]","wp1a piece in flight: v.z x 0.9 after its move, on the last tick of each stock period",38D941,selected,"a factor: skipped, the rate is kept; arithmetic flags overwritten before use",38D978,20BF0,,1573
38D980,player,pre,"addss xmm0, dword ptr [rax + 0x88]",wp1a piece in flight: z += v.z each tick; scale the old velocity in xmm0 for this move while keeping +C8 in stock units,38D941,selected,addss is commutative: the step in xmm0 is scaled first,38D980,20C50,,1574
38D998,player,lin,"movss xmm2, dword ptr [rip + 0x2ec2f0]",wp1a piece in flight: rotate its matrix about X by three degrees each tick; scale the angle,38D941,selected,K*s = 0.0523599 at 679C90,slot 8244,,,
38D9AE,player,lin,"movss xmm2, dword ptr [rip + 0x2f4e0a]",wp1a piece in flight: rotate its matrix about Y by seven degrees each tick; scale the angle,38D941,selected,K*s = 0.122173 at 6827C0,slot 8248,,,
38DA8C,player,count,"sub byte ptr [rbx + rdi + 0x1124], 1","wp1a piece: the 60-tick flight wait at +1124 counts down once each stock tick, with the zero test reading not finished on skipped ticks",38D941,selected,countdown not finished: 38DA99 jne,38DA8C,20C70,,1575
38717B,player,dst,"movaps xmm6, xmm0",wp09 (387140): xmm6 is 23AD90's slow-motion dt; its only readers after the copy are +E28 -= 0.1 x dt and the forward move by +E28 x dt; no animation-rate reader,387150,selected,"a callee-saved copy of 23AD90's return (the call at 38716C), the function's per-tick dt",38717B,20700,,1534
38A935,player,dst,"movaps xmm7, xmm0",wp0f (38A8F0): xmm7 is 23AD90's slow-motion dt; its only reader after the copy is the nearby-target sound cooldown +10FC -= dt; no animation-rate reader,38A8F0,selected,"a callee-saved copy of 23AD90's return (the call at 38A927), the function's per-tick dt",38A933,20860,,1546
38AC19,player,dst,"movaps xmm7, xmm0","wp0f (38ABD0): xmm7 is 23AD90's slow-motion dt; every reader is a per-tick step: the +10F8 countdown on both state paths, the move by +E10 x dt, the clamped turn limit 0.10472 x dt, and the +10FC sound cooldown; no animation-rate reader",38ABD0,selected,"a callee-saved copy of 23AD90's return (the call at 38AC0B), the function's per-tick dt",38AC19,20880,,1547
38FE84,player,dst,"movaps xmm6, xmm0",wp1d (38FE50): xmm6 is 23AD90's slow-motion dt; its only reader after the copy is the lifetime +E28 -= dt; no animation-rate reader,38FE50,selected,"a callee-saved copy of 23AD90's return (the call at 38FE6F), the function's per-tick dt",38FE84,21030,,1600
390021,player,lin,"addss xmm0, dword ptr [rip + 0x2e9c23]","wp1d (38FE50), flight: heading +B0 gains 0.523599 radians a tick, so s of the step",38FFEA,selected,K*s = 0.523599 at 679C4C,slot 824C,,,
3900B3,player,pre,"addss xmm0, dword ptr [rax]","wp1d (38FE50), flight: position.x += velocity +E10 a tick; +E10 is built once at launch and keeps its stock value, so s of it",38FFEA,selected,addss is commutative: the step in xmm0 is scaled first,3900B3,21050,,1601
3900CA,player,pre,"addss xmm0, dword ptr [rax + 4]","wp1d (38FE50), flight: position.y += velocity +E14 a tick; s of the stock-valued velocity",38FFEA,selected,addss is commutative: the step in xmm0 is scaled first,3900CA,21070,,1602
3900E3,player,pre,"addss xmm0, dword ptr [rax + 8]","wp1d (38FE50), flight: position.z += velocity +E18 a tick; s of the stock-valued velocity",38FFEA,selected,addss is commutative: the step in xmm0 is scaled first,3900E3,21090,,1603
3904C5,player,dst,"movaps xmm7, xmm0","wp1d (390490): xmm7 is 23AD90's slow-motion dt; every reader is a per-tick step: +1078 -= dt, the sin(+1110) x 0.7 x dt bob, +1110 += 0.24 x dt, the move by +E10 x dt, +E18 += dt, +E28 -= dt, and the clamped turn limit 0.20944 x dt; branch-local multiplies do not reach another state and there is no animation-rate reader",3904B3,selected,"a callee-saved copy of 23AD90's return (the call at 3904BC), the function's per-tick dt",3904C1,210B0,,1604
3904F7,player,srcx,"addss xmm1, xmm8","wp1d (390490), states 0-3: +D2C fades in by xmm8 = 0.05 a tick up to 1; apply s to the source step while leaving the shared xmm8 unchanged",3904B3,selected,"xmmD / s, op, * s: exact for s = 1/N a power of two; no flags touched, no register borrowed",3904F7,210D0,,1605
390AE2,player,srcx,"subss xmm1, xmm8","wp1d (390490), state 5: +D2C fades out by xmm8 = 0.05 a tick down to 0.1; apply s to the source step",3906FE,selected,"xmmD / s, op, * s: exact for s = 1/N a power of two; no flags touched, no register borrowed",390AE2,21100,,1606
37F7C2,player,dst,"movaps xmm7, xmm0","wp00 (37F790): xmm7 = the slow-motion factor (23AD90), the function's dt; its only live readers multiply it by +E28 (= 10) and pass that result to 2DA410, the forward step each tick",37F790,selected,"a callee-saved copy of 23AD90's return (the call at 37F7AE), the function's per-tick dt",37F7C2,1FB40,,1471
37F9EB,player,dst,"movaps xmm7, xmm0","wp00 (37F9C0): xmm7 = the slow-motion factor, the function's dt; its only live readers scale the +E10 direction vector before 2DA3F0 moves the piece and subtract dt from the lifetime +E28",37F9C0,selected,"a callee-saved copy of 23AD90's return (the call at 37F9E1), the function's per-tick dt",37F9E6,1FB60,,1472
37FFF0,player,dst,"movaps xmm6, xmm0","wp00 (37FFC0): xmm6 = the slow-motion factor, the function's dt; its only live reader is +10FC -= dt, the 20-unit sound countdown",37FFC0,selected,"a callee-saved copy of 23AD90's return (the call at 37FFE4), the function's per-tick dt",37FFF0,1FB80,,1473
3800B1,player,lin,"addss xmm0, dword ptr [rip + 0x2f4e9f]","wp00 (37FFC0, sub-state 3): the hit radius +E18 grows by 3 a tick, from 3 to 53, before it is passed to 2DC7B0: s of the step",37FFC0,selected,K*s = 3 at 674F58,slot 8250,,,
3800E5,player,lin,"subss xmm1, dword ptr [rip + 0x2f598f]","wp00 (37FFC0, sub-state 4): the hit radius +E18 shrinks by 6 a tick to 23 before 2DC7B0: s of the step",37FFC0,selected,K*s = 6 at 675A7C,slot 8254,,,
38029C,player,callscale,call 0x1802da410,"wp00 (37FFC0, sub-state 1): forward by +E28 a tick (+E28 is signed +1101 x 5.5): s of it",37FFC0,selected,"call 2DA410; rel32 retargeted (5 bytes, no window)",call 269,3A7B0,,1474
3803DF,player,dst,"movaps xmm6, xmm0","wp00 (3803A0): xmm6 = the slow-motion factor, the function's dt; its only live reader is +10FC -= dt, the 20-unit sound countdown",3803A0,selected,"a callee-saved copy of 23AD90's return (the call at 3803CB), the function's per-tick dt",3803DF,1FBA0,,1475
380575,player,scaledadd,call qword ptr [rip + 0x2f0885],"wp00 (3803A0, sub-state 1): position += the normalized way to Amaterasu x +E28 each tick; +E28 falls from 8 to 3.5 at the already-scaled 0.35 step, so add s of the vector while its value stays stock",3803A0,selected,calls cVec::operator+=,380575,1FBC0,,1476
385C88,player,dst,"movaps xmm6, xmm0","wp06 (385C50): xmm6 = the slow-motion factor, the function's dt; its only live readers add sin(+10F8) x dt to y and advance/wrap +10F8 by 0.3 x dt",385C5A,selected,"a callee-saved copy of 23AD90's return (the call at 385C7C), the function's per-tick dt",385C88,20680,,1526
385E23,player,pre,"addss xmm0, dword ptr [rax]","wp06 (385C50, sub-state 1): position.x += the persistent launch velocity +E10 a tick: s of it while the velocity keeps its stock value",385C5A,selected,addss is commutative: the step in xmm0 is scaled first,385E23,206A0,,1527
385E3A,player,pre,"addss xmm0, dword ptr [rax + 4]","wp06 (385C50, sub-state 1): position.y += the persistent launch velocity +E14 a tick: s of it",385C5A,selected,addss is commutative: the step in xmm0 is scaled first,385E3A,206C0,,1528
385E53,player,pre,"addss xmm0, dword ptr [rax + 8]","wp06 (385C50, sub-state 1): position.z += the persistent launch velocity +E18 a tick: s of it",385C5A,selected,addss is commutative: the step in xmm0 is scaled first,385E53,206E0,,1529
385EF9,player,callscale,call 0x1802da410,"wp06 (385C50, sub-state 1): forward by 4 a tick within 60 of Amaterasu, otherwise 6: s of the per-tick step",385C5A,selected,"call 2DA410; rel32 retargeted (5 bytes, no window)",call 279,3A8F0,,1531
3A62A9,player,count,inc word ptr [r14],"pl04 appendage: +414C[part] indexes its preset path, advancing one point per stock tick while the model sits on the current point",3A619F,selected,arithmetic flags overwritten before use,3A62A9,23370,,1764
3A65A7,player,count,"mov word ptr [rdi + rbx*2 + 0x414c], ax",pl04 appendage: +414C[part] counts down the 90-tick hold in state 5 while the model follows its target's position,3A619F,selected,arithmetic flags overwritten before use,3A65A7,233D0,,1765
3A65AF,player,notyet,"test cx, cx",pl04 appendage: state 5's zero test reads the countdown's old value; between stock ticks it must remain in state 5,3A619F,selected,"its flags' one branch goes to 3A65BC with ZF=OF=0, SF=0",3A65AF,23430,,1766
3A6661,player,blendr,"movss xmm7, dword ptr [rip + 0x2cf3c7]","pl04 appendage, state 6/7: xmm7 = 0.3 for each coordinate's return to the preset anchor; all six uses are approach factors, including the second approach when closer than 10",3A664D,selected,flags dead after the copy (3A6669 on); xmm5 dead after it,3A6661,234A0,xmm5,1767
3B9B95,player,count,"mov byte ptr [rdi + 0x11e9], al",pl00 linked attack: +11E9 is the per-tick cooldown that suppresses another hit effect; decrement once on each stock tick,3B9A70,selected,arithmetic flags overwritten before use,3B9B95,24BF0,,1848
3B9DFD,player,srcx,"subss xmm0, xmm6","pl00 linked attack: when the partner's +F48 is in 10..14, her +F48 loses 1 each tick; scale this subtraction while xmm6 stays 1 for the threshold and later motion arguments",3B9A70,selected,"xmmD / s, op, * s: exact for s = 1/N a power of two; no flags touched, no register borrowed",3B9DFD,24C50,,1849
3B9E98,player,lin,"subss xmm0, dword ptr [rip + 0x2b7f74]",pl00 linked attack: the partner's +F48 loses 2 per tick while linked; scale the subtract literal,3B9A70,selected,K*s = 2 at 671E14,slot 8258,,,
3BB625,player,notyet,"test ax, ax","pl00 linked attack, state 11: the +E3C zero-time effect check must wait for a stock tick while the countdown is held",3B9A70,selected,"its flags' one branch goes to 3BB674 with ZF=OF=0, SF=0",3BB625,24C80,,1850
3BB677,player,count,"mov word ptr [rdi + 0xe3c], ax","pl00 linked attack, state 11: +E3C counts down from 5 once each stock tick",3B9A70,selected,arithmetic flags overwritten before use,3BB677,24CF0,,1851
3A766F,player,blend,"mulss xmm1, dword ptr [rip + 0x2d1219]","pl00 ground offsets (3A75C0), (+1014 & 0x1F) == 8: +10A0 approaches the rotated +E48 target by 0.03 a tick",3A75C0,selected,1-(1-K)^s = 0.03 at 678890,slot 825C,,,
3A7695,player,blend,"mulss xmm1, dword ptr [rip + 0x2d11f3]","pl00 ground offsets (3A75C0), (+1014 & 0x1F) == 8: +10A8 approaches the rotated +E48 target by 0.03 a tick",3A75C0,selected,1-(1-K)^s = 0.03 at 678890,slot 825C,,,
3A76C4,player,blend,"mulss xmm1, dword ptr [rip + 0x400c7c]",pl00 ground offsets (3A75C0): +10A0 approaches the rotated +E48 target by 0.3 a tick; 7A8348 stays 0.3 at every mode,3A75C0,selected,1-(1-K)^s = 0.3 at 7A8348,slot 8260,,,
3A76EA,player,blend,"mulss xmm1, dword ptr [rip + 0x400c56]",pl00 ground offsets (3A75C0): +10A8 approaches the rotated +E48 target by 0.3 a tick; the same unscaled 7A8348 reader,3A75C0,selected,1-(1-K)^s = 0.3 at 7A8348,slot 8260,,,
3A7716,player,blend,"mulss xmm1, dword ptr [rip + 0x400c2e]",pl00 ground offsets (3A75C0): +10A4 approaches the rotated +E48 target by 0.3 a tick; 7A834C stays 0.3 at every mode,3A75C0,selected,1-(1-K)^s = 0.3 at 7A834C,slot 8264,,,
3A7814,player,count,"movss dword ptr [rbx + 0x10a0], xmm0","pl00 ground offsets (3A75C0), +E58 bits 14 and 16 path: +10A0 *= 0.1 a stock tick before the reduced move, so keep its store on the first tick of each stock period",3A75C0,selected,arithmetic flags overwritten before use,3A7814,23510,,1768
3A781C,player,count,"movss dword ptr [rbx + 0x10a8], xmm1","pl00 ground offsets (3A75C0), +E58 bits 14 and 16 path: +10A8 *= 0.1 a stock tick before the reduced move, so keep its store on the first tick of each stock period",3A75C0,selected,arithmetic flags overwritten before use,3A781C,23570,,1769
39E872,player,lin,"movss xmm1, dword ptr [rip + 0x2db3ba]","wp51 (39E790): the caller passes a 4-degree steering limit to 39F770 every tick; the helper multiplies it by slow-motion dt, so pass s of the limit while leaving the helper stock for its one-shot caller",39E7A6,selected,K*s = 0.0698132 at 679C34,slot 8268,,,
39EE6F,player,lin,"movss xmm1, dword ptr [rip + 0x2dadbd]","wp51 (39EE30): the caller passes a 4-degree steering limit to 39F770 every tick; the helper multiplies it by slow-motion dt, so pass s of the limit while leaving the helper stock for its one-shot caller",39EE30,selected,K*s = 0.0698132 at 679C34,slot 8268,,,
39EAFC,player,dst,"movaps xmm6, xmm0","wp51 (39EAC0): xmm6 = the slow-motion factor, the function's dt; its only live readers subtract dt from +10F0 in sub-states 3 and 1, after which xmm6 is overwritten",39EAC0,selected,"a callee-saved copy of 23AD90's return (the call at 39EAE6), the function's per-tick dt",39EAFC,22650,,1706
39EE66,player,dst,"movaps xmm6, xmm0","wp51 (39EE30): xmm6 = the slow-motion factor, the function's dt; every live reader is a per-tick step: +10F0 -= dt, +E18 -= 0.75 x dt, movement by +E10 x dt, +E28 -= dt, and the later +10F0 -= dt",39EE30,selected,"a callee-saved copy of 23AD90's return (the call at 39EE5C), the function's per-tick dt",39EE61,22670,,1707
39F2F2,player,lin,"movss xmm1, dword ptr [rip + 0x2d82f6]",wp51 (39F2B0): the +C0/+C4/+C8 vector grows by 0.05 a tick through cVec::operator+= before each component is clamped to 1.5: s of the step,39F2B0,selected,K*s = 0.05 at 6775F0,slot 826C,,,
39F2E8,player,dst,"movaps xmm8, xmm0","wp51 (39F2B0): xmm8 = the slow-motion factor, the function's dt; every live reader is a per-tick step: the two +10F0 countdowns, forward movement by 6 x dt, and +E18 += 0.3 x dt",39F2B0,selected,"a callee-saved copy of 23AD90's return (the call at 39F2DE), the function's per-tick dt",39F2E3,22690,,1708
3A0352,player,pre,"addss xmm0, dword ptr [rax]","wp55 (3A0160, sub-state 1): position.x += the persistent launch velocity +E10 each tick: s of the move while the velocity keeps its stock value",3A0160,selected,addss is commutative: the step in xmm0 is scaled first,3A0352,226B0,,1713
3A0373,player,pre,"addss xmm0, dword ptr [rax + 4]","wp55 (3A0160, sub-state 1): position.y += the persistent launch velocity +E14 each tick: s of the move",3A0160,selected,addss is commutative: the step in xmm0 is scaled first,3A0373,226D0,,1714
3A038C,player,pre,"addss xmm0, dword ptr [rax + 8]","wp55 (3A0160, sub-state 1): position.z += the persistent launch velocity +E18 each tick: s of the move",3A0160,selected,addss is commutative: the step in xmm0 is scaled first,3A038C,226F0,,1715
3A100B,player,dst,"movaps xmm6, xmm0","wp5a (3A0FE0): xmm6 = the slow-motion factor, the function's dt; its only live reader subtracts dt from the +10F0 sound countdown",3A0FE0,selected,"a callee-saved copy of 23AD90's return (the call at 3A0FFF), the function's per-tick dt",3A100B,22750,,1719
3A10D0,player,lin,"addss xmm0, dword ptr [rip + 0x2d3e80]","wp5a (3A0FE0, sub-state 3): the hit radius +E18 grows by 3 a tick, from 3 to 53, before it is passed to 2DC7B0: s of the step",3A0FE0,selected,K*s = 3 at 674F58,slot 8250,,,
3A1104,player,lin,"subss xmm1, dword ptr [rip + 0x2d4970]","wp5a (3A0FE0, sub-state 4): the hit radius +E18 shrinks by 6 a tick to 23 before it is passed to 2DC7B0: s of the step",3A0FE0,selected,K*s = 6 at 675A7C,slot 8254,,,
3A123A,player,callscale,call 0x1802da410,"wp5a (3A0FE0, sub-state 1): forward by +E28 each tick: s of the per-tick step",3A0FE0,selected,"call 2DA410; rel32 retargeted (5 bytes, no window)",call 310,3AD20,,1720
3A1A51,player,dst,"movaps xmm6, xmm0","wp5e (3A1A30): xmm6 = the slow-motion factor, the function's dt; its only live reader subtracts 0.03 x dt from +D2C in sub-states 0 and 1",3A1A30,selected,"a callee-saved copy of 23AD90's return (the call at 3A1A45), the function's per-tick dt",3A1A51,22770,,1722
3A1B8E,player,dst,"movaps xmm6, xmm0","wp5e (3A1B50): xmm6 = the slow-motion factor, the function's dt; its only live reader multiplies +E28 by dt for the per-tick forward move in sub-state 1",3A1B50,selected,"a callee-saved copy of 23AD90's return (the call at 3A1B80), the function's per-tick dt",3A1B8C,22790,,1723
3A1E16,player,dst,"movaps xmm7, xmm0","wp5e (3A1DF0): xmm7 = the slow-motion factor, the function's dt; its only live reader subtracts dt from the lifetime +1108 in sub-state 1",3A1DF0,selected,"a callee-saved copy of 23AD90's return (the call at 3A1E0A), the function's per-tick dt",3A1E16,227B0,,1724
3A1F11,player,dst,"movaps xmm6, xmm0","wp5e (3A1EF0): xmm6 = the slow-motion factor, the function's dt; its only live reader subtracts 0.03 x dt from +D2C in sub-states 2 and 3",3A1EF0,selected,"a callee-saved copy of 23AD90's return (the call at 3A1F05), the function's per-tick dt",3A1F11,227D0,,1725
3A2551,player,dst,"movaps xmm7, xmm0","wp5f (3A2530): xmm7 = the slow-motion factor, the function's dt; its only live readers subtract dt from +1108, once conditionally and once on every update",3A2530,selected,"a callee-saved copy of 23AD90's return (the call at 3A2545), the function's per-tick dt",3A2551,227F0,,1727
3A25BA,player,callscale,call 0x1802da410,wp5f (3A2530): forward by +E48 each tick on the 23B750-true path: s of the per-tick move while +E48 keeps its stock value,3A2530,selected,"call 2DA410; rel32 retargeted (5 bytes, no window)",call 313,3AD80,,1728
3A25D1,player,callscale,call 0x1802da410,wp5f (3A2530): forward by +E48 each tick on the other path: s of the per-tick move while the already-covered +E48 acceleration stays stock-valued,3A2530,selected,"call 2DA410; rel32 retargeted (5 bytes, no window)",call 314,3ADA0,,1729
3D07A0,player,pre,"addss xmm3, dword ptr [rax]","pl00 (3D0440), active state: move x by s of the normalized target-direction step; leave +E10 stock-valued for the arrival distance check",3D06FC,selected,addss is commutative: the step in xmm3 is scaled first,3D07A0,26680,,1945
3D07B7,player,pre,"addss xmm0, dword ptr [rax + 4]","pl00 (3D0440), active state: move y by s of the normalized target-direction step; leave +E14 stock-valued for the arrival distance check",3D06FC,selected,addss is commutative: the step in xmm0 is scaled first,3D07B7,266A0,,1946
3D07D0,player,pre,"addss xmm0, dword ptr [rax + 8]","pl00 (3D0440), active state: move z by s of the normalized target-direction step; leave +E18 stock-valued for the arrival distance check",3D06FC,selected,addss is commutative: the step in xmm0 is scaled first,3D07D0,266C0,,1947
3D0895,player,notyet,"test ax, ax",pl00 (3D0440): zero-time exit must wait for a stock tick while +E3C is held,3D084E,selected,"its flags' one branch goes to 3D08A4 with ZF=OF=0, SF=0",3D0895,266E0,,1948
3D08A7,player,count,"mov word ptr [rdi + 0xe3c], ax",pl00 (3D0440): +E3C loses one per stock tick in active state,3D084E,selected,arithmetic flags overwritten before use,3D08A7,26750,,1949
3D1016,player,pre,"addss xmm0, dword ptr [rax]","pl00 (3D0EC0): position.x gains s of +E10, rebuilt as 0.2 of the target direction each active tick",3D0FA5,selected,addss is commutative: the step in xmm0 is scaled first,3D1016,267B0,,1950
3D102D,player,pre,"addss xmm0, dword ptr [rax + 4]",pl00 (3D0EC0): position.y gains s of the active tick's +E14 target step,3D0FA5,selected,addss is commutative: the step in xmm0 is scaled first,3D102D,267D0,,1951
3D1046,player,pre,"addss xmm0, dword ptr [rax + 8]",pl00 (3D0EC0): position.z gains s of the active tick's +E18 target step,3D0FA5,selected,addss is commutative: the step in xmm0 is scaled first,3D1046,267F0,,1952
3D1082,player,notyet,"test ax, ax",pl00 (3D0EC0): the zero-time return and effect wait for a stock tick when the +E3C countdown is held,3D105C,selected,"its flags' one branch goes to 3D111C with ZF=OF=0, SF=0",3D1082,26810,,1953
3D111F,player,count,"mov word ptr [rdi + 0xe3c], ax",pl00 (3D0EC0): commit the +E3C active-state decrement once per stock tick,3D105C,selected,arithmetic flags overwritten before use,3D111F,26880,,1954
3D1281,player,srcx,"addss xmm0, dword ptr [rdi + 0xe10]","pl00 (3D1140): position.x in xmm0 adds the +E10 target step from memory; scale the source step only, not the existing position",3D1214,selected,"xmmD / s, op, * s: exact for s = 1/N a power of two; no flags touched, no register borrowed",3D1281,268E0,,1955
3D129C,player,pre,"addss xmm0, dword ptr [rax + 4]","pl00 (3D1140): position.y gains s of +E14, rebuilt as 0.2 of the target direction each active tick",3D1214,selected,addss is commutative: the step in xmm0 is scaled first,3D129C,26910,,1956
3D12B5,player,pre,"addss xmm0, dword ptr [rax + 8]",pl00 (3D1140): position.z gains s of the active tick's +E18 target step,3D1214,selected,addss is commutative: the step in xmm0 is scaled first,3D12B5,26930,,1957
3D12E1,player,notyet,"test ax, ax",pl00 (3D1140): the zero-time exit waits for a stock tick while +E3C is held,3D12CB,selected,"its flags' one branch goes to 3D12FE with ZF=OF=0, SF=0",3D12E1,26950,,1958
3D1301,player,count,"mov word ptr [rdi + 0xe3c], ax",pl00 (3D1140): commit the +E3C active-state decrement once per stock tick,3D12CB,selected,arithmetic flags overwritten before use,3D1301,269C0,,1959
38EAD0,player,srcx,"addss xmm1, dword ptr [rdi + 0xfe0]","wp1b (38E8D0), launch: grounded slope +FE0 contributes to the persistent per-tick-at-this-rate x velocity; add s of the stock launch push",38EAD0,selected,"xmmD / s, op, * s: exact for s = 1/N a power of two; no flags touched, no register borrowed",38EAD0,20E20,,1585
38EAD8,player,srcx,"addss xmm2, dword ptr [rdi + 0xfe8]","wp1b (38E8D0), launch: grounded slope +FE8 contributes to the persistent per-tick-at-this-rate z velocity; add s of the stock launch push",38EAD0,selected,"xmmD / s, op, * s: exact for s = 1/N a power of two; no flags touched, no register borrowed",38EAD8,20E50,,1586
38EB8E,player,dst,"movss xmm0, dword ptr [rdi + 0xfe0]","wp1b (38E8D0), flight: xmm0 loads grounded slope push +FE0; scale it once toward the s^2 change of a persistent per-tick-at-this-rate velocity",38EB79,selected,the step's next reader is its accumulation,38EB8E,20E80,,1587
38EB96,player,dst,"movss xmm1, dword ptr [rdi + 0xfe8]","wp1b (38E8D0), flight: xmm1 loads grounded slope push +FE8; scale it once toward the s^2 velocity change",38EB79,selected,the step's next reader is its accumulation,38EB96,20EA0,,1588
38EB9E,player,pre,"addss xmm0, dword ptr [rdi + 0xe20]","wp1b (38E8D0), flight: the already s-scaled slope push in xmm0 is scaled again before it is added to persistent x velocity +E20, giving s^2",38EB79,selected,addss is commutative: the step in xmm0 is scaled first,38EB9E,20EC0,,1589
38EBA6,player,pre,"addss xmm1, dword ptr [rdi + 0xe28]","wp1b (38E8D0), flight: the already s-scaled slope push in xmm1 is scaled again before it is added to persistent z velocity +E28, giving s^2",38EB79,selected,addss is commutative: the step in xmm1 is scaled first,38EBA6,20EE0,,1590
3A2FE5,player,srcblend,"mulss xmm0, dword ptr [rbx + 0xe10]","pl02 (3A2C70), state 5: position.x repeatedly approaches the sampled target with dynamic factor +E10; convert it to 1-(1-k)^s",3A2D56,selected,xmm5 dead after the site on every path; flags dead after,3A2FE5,22860,xmm5,1731
3A3006,player,srcblend,"mulss xmm1, dword ptr [rbx + 0xe10]","pl02 (3A2C70), state 5: position.y uses the same dynamic +E10 approach factor",3A2D56,selected,xmm5 dead after the site on every path; flags dead after,3A3006,228F0,xmm5,1732
3A3029,player,srcblend,"mulss xmm1, dword ptr [rbx + 0xe10]","pl02 (3A2C70), state 5: position.z uses the same dynamic +E10 approach factor",3A2D56,selected,xmm5 dead after the site on every path; flags dead after,3A3029,22980,xmm5,1733
3A3324,player,srcblend,"mulss xmm0, dword ptr [rbx + 0xe10]","pl02 (3A2C70), state 9: position.x approaches submodel 7 with dynamic factor +E10",3A2D56,selected,xmm5 dead after the site on every path; flags dead after,3A3324,22A10,xmm5,1734
3A3345,player,srcblend,"mulss xmm1, dword ptr [rbx + 0xe10]","pl02 (3A2C70), state 9: position.y uses the same dynamic approach factor",3A2D56,selected,xmm5 dead after the site on every path; flags dead after,3A3345,22AA0,xmm5,1735
3A3368,player,srcblend,"mulss xmm1, dword ptr [rbx + 0xe10]","pl02 (3A2C70), state 9: position.z uses the same dynamic approach factor",3A2D56,selected,xmm5 dead after the site on every path; flags dead after,3A3368,22B30,xmm5,1736
38C553,player,count,"mov word ptr [rdi + 0xe3c], ax",wp11 (38C430): lower +E3C is the 30-tick interval that holds +E54 at zero; commit its decremented register value only on stock ticks,38C430,selected,arithmetic flags overwritten before use,38C553,20900,,1557
38C613,player,pre,"addss xmm0, dword ptr [rax]","wp11 (38C430), flight: position.x gains s of persistent stock-valued launch velocity +E10",38C430,selected,addss is commutative: the step in xmm0 is scaled first,38C613,20960,,1558
38C634,player,pre,"addss xmm0, dword ptr [rax + 4]","wp11 (38C430), flight: position.y gains s of persistent stock-valued launch velocity +E14",38C430,selected,addss is commutative: the step in xmm0 is scaled first,38C634,20980,,1559
38C64D,player,pre,"addss xmm0, dword ptr [rax + 8]","wp11 (38C430), flight: position.z gains s of persistent stock-valued launch velocity +E18",38C430,selected,addss is commutative: the step in xmm0 is scaled first,38C64D,209A0,,1560
3B7EB5,player,callscale,call 0x1802ddf90,"pl00 attack combo (3B7320), state 7: turn toward the locked target by at most 0.279253 radians a tick; scale this continuous call's limit",3B738A,selected,"call 2DDF90; rel32 retargeted (5 bytes, no window)",call 319,3AE40,,1843
3B81DA,player,callscale,call 0x1802ddf90,"pl00 attack combo (3B7320), state 9: turn toward the locked target by at most 0.279253 radians a tick; scale this continuous call's limit",3B738A,selected,"call 2DDF90; rel32 retargeted (5 bytes, no window)",call 320,3AE60,,1844
3B849A,player,count,"movss dword ptr [rdi + 0xe48], xmm1","pl00 attack combo (3B7320): while +D40 bit 3 is set, commit +E48 x 0.5 once per stock tick",3B8459,selected,arithmetic flags overwritten before use,3B849A,24AD0,,1845
3B84E3,player,count,"movss dword ptr [rdi + 0xe48], xmm0","pl00 attack combo (3B7320): while +E58 has collision bits 0x14000, commit +E48 x 0.1 once per stock tick",3B8459,selected,arithmetic flags overwritten before use,3B84E3,24B30,,1846
3A4676,player,blend,"movss xmm2, dword ptr [rip + 0x2d2f72]",pl02 (3A4480): +2110/+2114/+2118 approach +2120/+2124/+2128 by the shared 0.05 factor each tick; use 1-(1-0.05)^s,3A4480,selected,1-(1-K)^s = 0.05 at 6775F0,slot 8270,,,
3A473D,player,pre,"addss xmm0, dword ptr [rax]",pl02 (3A4480): position.x gains s of the normalized horizontal direction times stock-valued speed +2108,3A4480,selected,addss is commutative: the step in xmm0 is scaled first,3A473D,22F70,,1752
3A475A,player,pre,"addss xmm0, dword ptr [rax + 8]",pl02 (3A4480): position.z gains s of the normalized horizontal direction times stock-valued speed +2108,3A4480,selected,addss is commutative: the step in xmm0 is scaled first,3A475A,22F90,,1753
3A4779,player,countlast,"addss xmm1, xmm7","pl02 (3A4480): +2108 gains 2 after the move, up to 60; change it on the last tick of each stock period so that period's moves use one stock speed",3A4480,selected,"a change: skipped, the rate is kept; arithmetic flags overwritten before use",3A4777,22FB0,,1754
3A4937,player,blend,"mulss xmm0, dword ptr [rip + 0x2cd4cd]","pl02 (3A4480): when below the ground target, y approaches it by 0.6 a tick; use 1-(1-0.6)^s",3A4480,selected,1-(1-K)^s = 0.6 at 671E0C,slot 8274,,,
3A4941,player,blend,"mulss xmm0, dword ptr [rip + 0x2cd4bb]",pl02 (3A4480): otherwise y approaches the ground target by 0.1 a tick; use 1-(1-0.1)^s,3A4480,selected,1-(1-K)^s = 0.1 at 671E04,slot 8278,,,
3A28F1,player,scaledadd,jmp qword ptr [rip + 0x2ce508],"wp5f (3A2700, sub-state 1): the tail jump to cVec::operator+= moves position by persistent launch velocity +E10/+E14/+E18 each tick; add s of the vector while the velocity keeps its stock value",3A2700,selected,tail-jumps to cVec::operator+=,3A28F1,22810,,1730
3A373B,player,ulast,"movss xmm0, dword ptr [rip + 0x2d2619]","pl02 (3A3550, first steering path): xmm0 = the 0.95 damping applied to all three persistent velocity lanes after their acceleration; keep 1 between stock ticks and apply 0.95 on the last tick",3A355F,selected,the factor's next reader multiplies by it,3A373B,22BC0,,1737
3A3771,player,pre,"addss xmm1, dword ptr [rdx]","pl02 (3A3550, first steering path): persistent velocity +E20 gains this tick's x acceleration: add s of the acceleration",3A355F,selected,addss is commutative: the step in xmm1 is scaled first,3A3771,22C00,,1738
3A377A,player,pre,"addss xmm2, dword ptr [rbx + 0xe24]","pl02 (3A3550, first steering path): persistent velocity +E24 gains this tick's y acceleration: add s of the acceleration",3A355F,selected,addss is commutative: the step in xmm2 is scaled first,3A377A,22C20,,1739
3A3787,player,pre,"addss xmm3, dword ptr [rbx + 0xe28]","pl02 (3A3550, first steering path): persistent velocity +E28 gains this tick's z acceleration: add s of the acceleration",3A355F,selected,addss is commutative: the step in xmm3 is scaled first,3A3787,22C40,,1740
3A37AF,player,scaledadd,call qword ptr [rip + 0x2cd64b],"pl02 (3A3550, first steering path): position += persistent velocity +E20/+E24/+E28 each tick; add s of the vector while its value stays stock",3A355F,selected,calls cVec::operator+=,3A37AF,22C60,,1741
3A3921,player,ulast,"movss xmm0, dword ptr [rip + 0x2d2433]","pl02 (3A3550, second steering path): xmm0 = the 0.95 damping applied to all three persistent velocity lanes after their acceleration; keep 1 between stock ticks and apply 0.95 on the last tick",3A355F,selected,the factor's next reader multiplies by it,3A3921,22CC0,,1742
3A3957,player,pre,"addss xmm1, dword ptr [rdx]","pl02 (3A3550, second steering path): persistent velocity +E20 gains this tick's x acceleration: add s of the acceleration",3A355F,selected,addss is commutative: the step in xmm1 is scaled first,3A3957,22D00,,1743
3A3960,player,pre,"addss xmm2, dword ptr [rbx + 0xe24]","pl02 (3A3550, second steering path): persistent velocity +E24 gains this tick's y acceleration: add s of the acceleration",3A355F,selected,addss is commutative: the step in xmm2 is scaled first,3A3960,22D20,,1744
3A396D,player,pre,"addss xmm3, dword ptr [rbx + 0xe28]","pl02 (3A3550, second steering path): persistent velocity +E28 gains this tick's z acceleration: add s of the acceleration",3A355F,selected,addss is commutative: the step in xmm3 is scaled first,3A396D,22D40,,1745
3A3995,player,scaledadd,call qword ptr [rip + 0x2cd465],"pl02 (3A3550, second steering path): position += persistent velocity +E20/+E24/+E28 each tick; add s of the vector while its value stays stock",3A355F,selected,calls cVec::operator+=,3A3995,22D60,,1746
3A4179,player,callscale,call 0x1802ddf90,"pl02 (3A3CA0, sub-states 2/3): turn +B4 toward the selected model every tick with the xmm3 limit: s of the per-tick turn limit",3A4148,selected,"call 2DDF90; rel32 retargeted (5 bytes, no window)",call 315,3ADC0,,1747
3A41B8,player,srcblend,"mulss xmm0, dword ptr [rdi + 0xe10]","pl02 (3A3CA0, sub-state 3): position.x approaches the selected model by dynamic factor +E10 each tick: use 1-(1-k)^s while +E10 itself stays stock",3A4148,selected,xmm5 dead after the site on every path; flags dead after,3A41B8,22DC0,xmm5,1748
3A41E9,player,srcblend,"mulss xmm1, dword ptr [rdi + 0xe10]","pl02 (3A3CA0, sub-state 3): position.y approaches the selected model by dynamic factor +E10 each tick: use 1-(1-k)^s",3A4148,selected,xmm5 dead after the site on every path; flags dead after,3A41E9,22E50,xmm5,1749
3A421C,player,srcblend,"mulss xmm1, dword ptr [rdi + 0xe10]","pl02 (3A3CA0, sub-state 3): position.z approaches the selected model by dynamic factor +E10 each tick: use 1-(1-k)^s",3A4148,selected,xmm5 dead after the site on every path; flags dead after,3A421C,22EE0,xmm5,1750
3A440A,player,callscale,call 0x1802ddf90,"pl02 (3A3CA0, sub-state 5): turn +B4 toward +2090's model position every tick with the xmm3 limit: s of the per-tick turn limit",3A4336,selected,"call 2DDF90; rel32 retargeted (5 bytes, no window)",call 316,3ADE0,,1751
3A5525,player,notyet,"test byte ptr [rdi + 0xe3e], 7","pl03 (3A51F0, sub-state 1): the effect at every eighth +E3E tick must wait for a stock tick while the already-covered counter is held",3A545A,selected,"its flags' one branch goes to 3A5553 with ZF=OF=0, SF=0",3A5525,230E0,,1757
3A5742,player,notyet,"test byte ptr [rdi + 0xe3e], 7","pl03 (3A51F0, sub-state 3): the effect at every eighth +E3E tick must wait for a stock tick while the already-covered counter is held",3A5724,selected,"its flags' one branch goes to 3A5770 with ZF=OF=0, SF=0",3A5742,23150,,1758
3A57A2,player,callscale,call 0x1802ddf90,"pl03 (3A51F0, sub-state 3): turn +B4 toward the selected model every tick with the xmm3 limit: s of the per-tick turn limit",3A5724,selected,"call 2DDF90; rel32 retargeted (5 bytes, no window)",call 317,3AE00,,1759
3A57E1,player,srcblend,"mulss xmm0, dword ptr [rdi + 0xe10]","pl03 (3A51F0, sub-state 3): position.x approaches the selected model by dynamic factor +E10 each tick: use 1-(1-k)^s while +E10 itself stays stock",3A5724,selected,xmm5 dead after the site on every path; flags dead after,3A57E1,231C0,xmm5,1760
3A5812,player,srcblend,"mulss xmm1, dword ptr [rdi + 0xe10]","pl03 (3A51F0, sub-state 3): position.y approaches the selected model by dynamic factor +E10 each tick: use 1-(1-k)^s",3A5724,selected,xmm5 dead after the site on every path; flags dead after,3A5812,23250,xmm5,1761
3A5845,player,srcblend,"mulss xmm1, dword ptr [rdi + 0xe10]","pl03 (3A51F0, sub-state 3): position.z approaches the selected model by dynamic factor +E10 each tick: use 1-(1-k)^s",3A5724,selected,xmm5 dead after the site on every path; flags dead after,3A5845,232E0,xmm5,1762
3A5937,player,lin,"addss xmm1, dword ptr [rip + 0x2d42f1]","pl03 (3A51F0, sub-state 3): the dynamic approach factor +E10 grows by 0.02 a tick from 0.1 to 1: s of the step",3A5724,selected,K*s = 0.02 at 679C30,slot 827C,,,
3A5AC6,player,callscale,call 0x1802ddf90,"pl03 (3A51F0, sub-state 5): turn +B4 toward +2100's model position every tick with the xmm3 limit: s of the per-tick turn limit",3A5963,selected,"call 2DDF90; rel32 retargeted (5 bytes, no window)",call 318,3AE20,,1763
3C615C,player,lin,"movss xmm1, dword ptr [rip + 0x2b3aa4]","pl00 (3C6080, sub-states 2/3): 2DE0A0's first continuous angular limit is 8 degrees a tick: pass s of the caller-local limit",3C6144,selected,K*s = 0.139626 at 679C08,slot 823C,,,
3C616C,player,lin,"movss xmm0, dword ptr [rip + 0x2b3ac0]","pl00 (3C6080, sub-states 2/3): 2DE0A0's second continuous angular limit is 4 degrees a tick: pass s of the caller-local limit",3C6144,selected,K*s = 0.0698132 at 679C34,slot 8268,,,
3C64F4,player,lin,"movss xmm1, dword ptr [rip + 0x2b370c]","pl00 (3C6080, sub-state 1): 2DE0A0's first continuous angular limit is 8 degrees a tick: pass s of the caller-local limit",3C645A,selected,K*s = 0.139626 at 679C08,slot 823C,,,
3C6504,player,lin,"movss xmm0, dword ptr [rip + 0x2b3728]","pl00 (3C6080, sub-state 1): 2DE0A0's second continuous angular limit is 4 degrees a tick: pass s of the caller-local limit",3C645A,selected,K*s = 0.0698132 at 679C34,slot 8268,,,
3C668F,player,notyet,"cmp eax, 0xa","pl00 (3C6080, sub-state 0): the transition at +11F0 = 10 must wait for a stock tick while the counter is held",3C645A,selected,"its flags' one branch goes to 3C66C7 with ZF=OF=0, SF=0",3C668F,255A0,,1889
3C66C9,player,count,"mov dword ptr [rdi + 0x11f0], eax","pl00 (3C6080, sub-state 0): +11F0 advances once per stock tick from 0 to 10 before entering sub-state 1",3C645A,selected,arithmetic flags overwritten before use,3C66C9,25610,,1890
3C86CD,player,notyet,"test bl, 7",pl00 (3C84B0): the effect on every eighth +1152 tick must wait for a stock tick while the charge counter is held,3C84B0,selected,"its flags' one branch goes to 3C8729 with ZF=OF=0, SF=0",3C86CD,25900,,1899
3C8729,player,notyet,"cmp word ptr [r14 + 0x1152], r15w",pl00 (3C84B0): the event at +1152 = 0 must not repeat between stock ticks,3C84B0,selected,"its flags' one branch goes to 3C876B with ZF=OF=0, SF=0",3C8729,25970,,1900
3C876B,player,count,inc word ptr [r14 + 0x1152],"pl00 (3C84B0): +1152 counts charging time once per stock tick; its thresholds choose the charge tier, sounds and effects",3C84B0,selected,arithmetic flags overwritten before use,3C876B,259E0,,1901
3C8788,player,notyet,"cmp eax, ecx",pl00 (3C84B0): the first threshold's paired events must play only on the counter's stock tick,3C84B0,selected,"its flags' one branch goes to 3C87DC with ZF=OF=0, SF=0",3C8786,25A40,,1902
3C87F1,player,notyet,"cmp eax, ecx",pl00 (3C84B0): the second threshold's paired events must play only on the counter's stock tick,3C84B0,selected,"its flags' one branch goes to 3C8845 with ZF=OF=0, SF=0",3C87EF,25AB0,,1903
3C8879,player,notyet,"cmp al, 1",pl00 (3C84B0): the repeated event every eight ticks above the full-charge threshold must wait for a stock tick,3C84B0,selected,"its flags' one branch goes to 3C8F60 with ZF=OF=0, SF=0",3C8875,25B20,,1904
3C8FE1,player,callscale,call 0x1802ddf90,pl00 (3C84B0): turn +B4 toward the current target every tick with the 32-degree xmm3 limit: s of the per-tick turn limit,3C8F60,selected,"call 2DDF90; rel32 retargeted (5 bytes, no window)",call 326,3AF20,,1905
387802,player,pre,"addss xmm0, dword ptr [rax]","wp09 (3875B0), sub-state 1: position.x gains persistent launch velocity +E10 each tick; scale the copied velocity for this move while leaving the stored velocity stock-valued",3875B0,selected,addss is commutative: the step in xmm0 is scaled first,387802,20720,,1536
387823,player,pre,"addss xmm0, dword ptr [rax + 4]","wp09 (3875B0), sub-state 1: position.y gains persistent launch velocity +E14 each tick; scale the copied velocity for this move",3875B0,selected,addss is commutative: the step in xmm0 is scaled first,387823,20740,,1537
38783C,player,pre,"addss xmm0, dword ptr [rax + 8]","wp09 (3875B0), sub-state 1: position.z gains persistent launch velocity +E18 each tick; scale the copied velocity for this move",3875B0,selected,addss is commutative: the step in xmm0 is scaled first,38783C,20760,,1538
388D63,player,count,"mov word ptr [rsi + 0xe3c], di",wp0d (388B50): +E3C advances the cyclic colour waveform one count per stock tick; skip the incremented word store between stock ticks,388CAE,selected,arithmetic flags overwritten before use,388D63,207A0,,1542
39710A,player,dst,"mulss xmm1, dword ptr [rip + 0x2e04de]","wp30 (397050), first joint spring: angular velocity +1C68 loses joint angle x 0.05 each tick; scale the computed pull before it accumulates",397077,selected,"the step's next reader adds or subtracts it into another register, and xmm1 is dead after",39710A,214B0,,1624
397140,player,srcx,"addss xmm0, dword ptr [rdi + 0x1c68]","wp30 (397050), first joint spring: the joint angle gains angular velocity +1C68 each tick; add s of the stock-valued velocity",397077,selected,"xmmD / s, op, * s: exact for s = 1/N a power of two; no flags touched, no register borrowed",397140,214D0,,1625
397158,player,countlast,"mulss xmm1, dword ptr [rip + 0x2dacb0]","wp30 (397050), first joint spring: +1C68 is damped x 0.7 after the move, on the last tick of each stock period",397077,selected,"a factor: skipped, the rate is kept; arithmetic flags overwritten before use",397158,21500,,1626
3971BA,player,dst,"mulss xmm1, dword ptr [rip + 0x2e042e]","wp30 (397050), second joint spring: angular velocity +1C6C loses joint angle x 0.05 each tick; scale the computed pull before it accumulates",397077,selected,"the step's next reader adds or subtracts it into another register, and xmm1 is dead after",3971BA,21560,,1627
3971ED,player,srcx,"addss xmm0, dword ptr [rdi + 0x1c6c]","wp30 (397050), second joint spring: the joint angle gains angular velocity +1C6C each tick; add s of the stock-valued velocity",397077,selected,"xmmD / s, op, * s: exact for s = 1/N a power of two; no flags touched, no register borrowed",3971ED,21580,,1628
397205,player,countlast,"mulss xmm1, dword ptr [rip + 0x2dac03]","wp30 (397050), second joint spring: +1C6C is damped x 0.7 after the move, on the last tick of each stock period",397077,selected,"a factor: skipped, the rate is kept; arithmetic flags overwritten before use",397205,215B0,,1629
3C2A38,player,pre,"addss xmm0, dword ptr [rax]",pl00 state 2C (3C2430): the conditional rotated two-unit forward push is added to position.x every tick; scale the copied step,3C29D0,selected,addss is commutative: the step in xmm0 is scaled first,3C2A38,250B0,,1863
3C2A4C,player,pre,"addss xmm0, dword ptr [rax + 4]","pl00 state 2C (3C2430): the same rotated forward push, position.y component",3C29D0,selected,addss is commutative: the step in xmm0 is scaled first,3C2A4C,250D0,,1864
3C2A62,player,pre,"addss xmm0, dword ptr [rax + 8]","pl00 state 2C (3C2430): the same rotated forward push, position.z component",3C29D0,selected,addss is commutative: the step in xmm0 is scaled first,3C2A62,250F0,,1865
3BCA39,player,lin,"movss xmm0, dword ptr [rip + 0x2c2e67]","pl00 (3BC710, sub-state 1): 2DE0A0's first continuous angular limit is 9 degrees a tick: pass s of the caller-local limit",3BC710,selected,K*s = 0.15708 at 67F8A8,slot 8280,,,
3BCA47,player,lin,"movss xmm1, dword ptr [rip + 0x2bd271]","pl00 (3BC710, sub-state 1): 2DE0A0's second continuous angular limit is 16 degrees a tick: pass s of the caller-local limit",3BC710,selected,K*s = 0.279253 at 679CC0,slot 8284,,,
3BCC0F,player,notyet,"test byte ptr [r14 + 0x1152], 7",pl00 (3BC710): the sound/effect on every eighth +1152 charge tick must wait for a stock tick while the counter is held,3BC710,selected,"its flags' one branch goes to 3BCC7B with ZF=OF=0, SF=0",3BCC0F,24DE0,,1854
3BCC7B,player,notyet,"cmp word ptr [r14 + 0x1152], 0",pl00 (3BC710): the event at +1152 = 0 must not repeat between stock ticks,3BC710,selected,"its flags' one branch goes to 3BCCBD with ZF=OF=0, SF=0",3BCC7B,24E50,,1855
3BCCBD,player,count,inc word ptr [r14 + 0x1152],"pl00 (3BC710): +1152 counts charging time once per stock tick; its thresholds choose the charge tier, sounds and effects",3BC710,selected,arithmetic flags overwritten before use,3BCCBD,24EC0,,1856
3BCE10,player,notyet,"cmp al, dil",pl00 (3BC710): the repeated event every eight ticks above the full-charge threshold must wait for a stock tick,3BC710,selected,"its flags' one branch goes to 3BD7A0 with ZF=OF=0, SF=0",3BCE0E,24F20,,1857
3BF3D7,player,count,"movss dword ptr [r14 + 0xe54], xmm0","pl00 (3BEEE0): while the five-tick hit cooldown +11E9 is active, stock-valued vertical speed +E54 halves once per stock tick",3BEEE0,selected,arithmetic flags overwritten before use,3BF3D7,24F80,,1858
3BFB76,player,notyet,"test ax, ax","pl00 (3BEEE0, sub-state 7): +E3E's zero-time transition must wait for a stock tick while the countdown is held",3BEEE0,selected,"its flags' one branch goes to 3BFB99 with ZF=OF=0, SF=0",3BFB76,24FE0,,1859
3BFB9C,player,count,"mov word ptr [r14 + 0xe3e], ax","pl00 (3BEEE0, sub-state 7): +E3E's six-tick countdown loses one once per stock tick",3BEEE0,selected,arithmetic flags overwritten before use,3BFB9C,25050,,1860
3BFC4E,player,callscale,call 0x1802ddf90,pl00 (3BEEE0): the common tail turns +B4 toward the current target every tick with xmm3's 16-degree limit: pass s of the per-tick limit,3BEEE0,selected,"call 2DDF90; rel32 retargeted (5 bytes, no window)",call 321,3AE80,,1861
3A81AB,player,blend,"movss xmm2, dword ptr [rip + 0x2cf43d]","pl00 (3A80F0, first path): +D20/+D24/+D28 approach 1 with the shared 0.05 factor each tick: use 1-(1-0.05)^s",3A810A,selected,1-(1-K)^s = 0.05 at 6775F0,slot 8270,,,
3A8296,player,blend,"movss xmm2, dword ptr [rip + 0x2cf352]","pl00 (3A80F0, fallback path): +D20/+D24/+D28 approach 1 with the shared 0.05 factor each tick: use 1-(1-0.05)^s",3A810A,selected,1-(1-K)^s = 0.05 at 6775F0,slot 8270,,,
3A835F,player,count,"mov word ptr [rdi + 0x115a], ax",pl00 (3A80F0): +115A's ordinary decrement commits once per stock tick,3A810A,selected,arithmetic flags overwritten before use,3A835F,23670,,1773
3A8378,player,count,"add word ptr [rdi + 0x115a], -5",pl00 (3A80F0): +115A's conditional extra -5 acceleration also commits only on stock ticks,3A810A,selected,arithmetic flags overwritten before use,3A8378,236D0,,1774
3CA9B9,player,count,"movss dword ptr [rsi + 0xe48], xmm0","pl00 (3CA320, sub-state 5): persistent speed +E48 is multiplied by 0.1 once per stock tick before the current-rate move",3CA461,selected,arithmetic flags overwritten before use,3CA9B9,25D30,,1917
3C0BCF,player,callscale,call 0x1802ddf90,pl00 (3C05C0): the common tail turns +B4 toward the current target every tick with xmm3's 16-degree limit: pass s of the per-tick limit,3C05C0,selected,"call 2DDF90; rel32 retargeted (5 bytes, no window)",call 322,3AEA0,,1862
3C72F9,player,callscale,call 0x1802ddf90,"pl00 state 48 (3C70C0, continuous path): 2DDF90's 8-degree angular limit is a per-tick turn step; scale xmm3 by s",3C71DD,selected,"call 2DDF90; rel32 retargeted (5 bytes, no window)",call 325,3AF00,,1892
3B3318,player,count,"mulss xmm0, dword ptr [rip + 0x2ccdbc]","pl01 (3B2CF0, state 3 and mode 8): +E48 takes 0.94 damping before the move once on the first tick of each stock period; the other modes use their already-rewritten table",3B2D55,selected,a pre-move factor: kept on the first stock-period tick; arithmetic flags overwritten before use,3B3318,248F0,,1833
3B3B8B,player,pre,"addss xmm0, dword ptr [rdi + 0x10b8]","pl01 (3B2CF0), conditional ground nudge: persistent +10B8 gains s of the 0.1-scaled z acceleration",3B3AD7,selected,addss is commutative: the step in xmm0 is scaled first,3B3B8B,249B0,,1835
3B3B93,player,pre,"addss xmm1, dword ptr [rdi + 0x10b0]","pl01 (3B2CF0), conditional ground nudge: persistent +10B0 gains s of the 0.1-scaled x acceleration",3B3AD7,selected,addss is commutative: the step in xmm1 is scaled first,3B3B93,249D0,,1836
3B3BAB,player,pre,"addss xmm1, dword ptr [rax]","pl01 (3B2CF0), conditional ground nudge: position.x gains s of the persistent +10B0 velocity before the existing 0.9^s damping",3B3AD7,selected,addss is commutative: the step in xmm1 is scaled first,3B3BAB,249F0,,1837
3B3BC2,player,pre,"addss xmm0, dword ptr [rax + 8]","pl01 (3B2CF0), conditional ground nudge: position.z gains s of the persistent +10B8 velocity before the existing 0.9^s damping",3B3AD7,selected,addss is commutative: the step in xmm0 is scaled first,3B3BC2,24A10,,1838
3841E7,player,pre,"addss xmm0, dword ptr [rax]","wp03 (384010, sub-state 1): position.x gains persistent launch velocity +E10 each tick; scale the copied velocity for this move while leaving the stored velocity stock-valued",384010,selected,addss is commutative: the step in xmm0 is scaled first,3841E7,204F0,,1515
384203,player,pre,"addss xmm0, dword ptr [rax + 4]","wp03 (384010, sub-state 1): position.y gains persistent launch velocity +E14 each tick; scale the copied velocity for this move",384010,selected,addss is commutative: the step in xmm0 is scaled first,384203,20510,,1516
38421C,player,pre,"addss xmm0, dword ptr [rax + 8]","wp03 (384010, sub-state 1): position.z gains persistent launch velocity +E18 each tick; scale the copied velocity for this move",384010,selected,addss is commutative: the step in xmm0 is scaled first,38421C,20530,,1517
38BC06,player,pre,"addss xmm0, dword ptr [rax]","wp10 (38BA10, sub-state 1): position.x gains persistent launch velocity +E10 each tick; scale the copied velocity for this move while leaving the stored velocity stock-valued",38BAF6,selected,addss is commutative: the step in xmm0 is scaled first,38BC06,208A0,,1551
38BC22,player,pre,"addss xmm0, dword ptr [rax + 4]","wp10 (38BA10, sub-state 1): position.y gains persistent launch velocity +E14 each tick; scale the copied velocity for this move",38BAF6,selected,addss is commutative: the step in xmm0 is scaled first,38BC22,208C0,,1552
38BC3B,player,pre,"addss xmm0, dword ptr [rax + 8]","wp10 (38BA10, sub-state 1): position.z gains persistent launch velocity +E18 each tick; scale the copied velocity for this move",38BAF6,selected,addss is commutative: the step in xmm0 is scaled first,38BC3B,208E0,,1553
38D0E1,player,pre,"addss xmm0, dword ptr [rax]","wp12 (38CF10, sub-state 1): position.x gains persistent launch velocity +E10 each tick; scale the copied velocity for this move while leaving the stored velocity stock-valued",38D014,selected,addss is commutative: the step in xmm0 is scaled first,38D0E1,209F0,,1564
38D0F8,player,pre,"addss xmm0, dword ptr [rax + 4]","wp12 (38CF10, sub-state 1): position.y gains persistent launch velocity +E14 each tick; scale the copied velocity for this move",38D014,selected,addss is commutative: the step in xmm0 is scaled first,38D0F8,20A10,,1565
38D111,player,pre,"addss xmm0, dword ptr [rax + 8]","wp12 (38CF10, sub-state 1): position.z gains persistent launch velocity +E18 each tick; scale the copied velocity for this move",38D014,selected,addss is commutative: the step in xmm0 is scaled first,38D111,20A30,,1566
3B184B,player,pre,"addss xmm0, dword ptr [rdi + 0x10b8]",pl00 sub-handler 3B1560: persistent ground-drift velocity +10B8 gains the computed 0.1 x ground-vector z push each tick; keep the velocity in stock units and add s of the push,3B1810,selected,addss is commutative: the step in xmm0 is scaled first,3B184B,246C0,,1817
3B1853,player,pre,"addss xmm2, dword ptr [rdi + 0x10b0]",pl00 sub-handler 3B1560: persistent ground-drift velocity +10B0 gains the computed 0.1 x ground-vector x push each tick; add s of the push,3B1810,selected,addss is commutative: the step in xmm2 is scaled first,3B1853,246E0,,1818
3B186B,player,pre,"addss xmm2, dword ptr [rax]",pl00 sub-handler 3B1560: position.x gains persistent stock-valued +10B0 each tick; scale the velocity copy for this move,3B1810,selected,addss is commutative: the step in xmm2 is scaled first,3B186B,24700,,1819
3B1882,player,pre,"addss xmm0, dword ptr [rax + 8]",pl00 sub-handler 3B1560: position.z gains persistent stock-valued +10B8 each tick; scale the velocity copy for this move,3B1810,selected,addss is commutative: the step in xmm0 is scaled first,3B1882,24720,,1820
3B210A,player,lin,"movss xmm0, dword ptr [rip + 0x2c54de]","pl00 state 0 (3B18D0): +E48 is a displacement per current-rate tick, so scale its stock 0.05 stopping threshold by s before the ordered compare",3B205A,selected,K*s = 0.05 at 6775F0,slot 826C,,,
3B2282,player,pre,"addss xmm0, dword ptr [rdi + 0x10b8]",pl00 state 0 (3B18D0): persistent ground-drift velocity +10B8 gains the computed 0.1 x ground-vector z push each tick; add s of the push,3B21F3,selected,addss is commutative: the step in xmm0 is scaled first,3B2282,24780,,1823
3B228A,player,pre,"addss xmm2, dword ptr [rdi + 0x10b0]",pl00 state 0 (3B18D0): persistent ground-drift velocity +10B0 gains the computed 0.1 x ground-vector x push each tick; add s of the push,3B21F3,selected,addss is commutative: the step in xmm2 is scaled first,3B228A,247A0,,1824
3B22A2,player,pre,"addss xmm2, dword ptr [rax]",pl00 state 0 (3B18D0): position.x gains persistent stock-valued +10B0 each tick; scale the velocity copy for this move,3B21F3,selected,addss is commutative: the step in xmm2 is scaled first,3B22A2,247C0,,1825
3B22B6,player,srcx,"addss xmm0, dword ptr [rdi + 0x10b8]",pl00 state 0 (3B18D0): position.z in xmm0 gains persistent stock-valued +10B8 from memory each tick; scale only the source velocity,3B21F3,selected,"xmmD / s, op, * s: exact for s = 1/N a power of two; no flags touched, no register borrowed",3B22B6,247E0,,1826
3B2A6F,player,pre,"addss xmm0, dword ptr [rdi + 0x10b8]",pl00 state 1 (3B2620): persistent ground-drift velocity +10B8 gains the computed 0.1 x ground-vector z push each tick; add s of the push,3B2620,selected,addss is commutative: the step in xmm0 is scaled first,3B2A6F,24860,,1829
3B2A77,player,pre,"addss xmm2, dword ptr [rdi + 0x10b0]",pl00 state 1 (3B2620): persistent ground-drift velocity +10B0 gains the computed 0.1 x ground-vector x push each tick; add s of the push,3B2620,selected,addss is commutative: the step in xmm2 is scaled first,3B2A77,24880,,1830
3B2A8F,player,pre,"addss xmm2, dword ptr [rax]",pl00 state 1 (3B2620): position.x gains persistent stock-valued +10B0 each tick; scale the velocity copy for this move,3B2620,selected,addss is commutative: the step in xmm2 is scaled first,3B2A8F,248A0,,1831
3B2AA3,player,srcx,"addss xmm0, dword ptr [rdi + 0x10b8]",pl00 state 1 (3B2620): position.z in xmm0 gains persistent stock-valued +10B8 from memory each tick; scale only the source velocity,3B2620,selected,"xmmD / s, op, * s: exact for s = 1/N a power of two; no flags touched, no register borrowed",3B2AA3,248C0,,1832
3B0A5D,player,pre,"addss xmm0, dword ptr [rax]",pl00 sub-handler 3B06F0: position.x gains persistent stock-valued launch/recoil velocity +E10 each tick; scale the velocity copy for this move,3B094A,selected,addss is commutative: the step in xmm0 is scaled first,3B0A5D,24670,,1815
3B0A71,player,srcx,"addss xmm0, dword ptr [rdi + 0xe18]",pl00 sub-handler 3B06F0: position.z in xmm0 gains persistent stock-valued launch/recoil velocity +E18 from memory each tick; scale only the source velocity,3B094A,selected,"xmmD / s, op, * s: exact for s = 1/N a power of two; no flags touched, no register borrowed",3B0A71,24690,,1816
3B3354,player,count,"mulss xmm0, dword ptr [rip + 0x2c6918]","pl01 (3B2CF0): while held UI-state global B6B2AC bit 30 is set, +E48 takes the extra 0.4 damping once on the first tick of each stock period",3B2D55,selected,a pre-move factor: kept on the first stock-period tick; arithmetic flags overwritten before use,3B3354,24950,,1834
3CCDAD,player,pre,"addss xmm0, dword ptr [rbp]",pl00 all-slot auxiliary update (3CCC50): position.x gains persistent stock-valued velocity.x each tick; scale the velocity copy for this move,3CCC50,selected,addss is commutative: the step in xmm0 is scaled first,3CCDAD,25DF0,,1919
3CCDC4,player,pre,"addss xmm1, dword ptr [rbx + rax*8 + 0x1478]",pl00 all-slot auxiliary update (3CCC50): position.z gains persistent stock-valued velocity.z each tick; scale the velocity copy for this move,3CCC50,selected,addss is commutative: the step in xmm1 is scaled first,3CCDC4,25E10,,1920
3CCDD5,player,pre,"addss xmm0, dword ptr [rbx + rax*8 + 0x1474]",pl00 all-slot auxiliary update (3CCC50): position.y gains persistent stock-valued velocity.y each tick; scale the velocity copy for this move,3CCC50,selected,addss is commutative: the step in xmm0 is scaled first,3CCDD5,25E30,,1921
3CCDDE,player,countlast,"subss xmm2, xmm6","pl00 all-slot auxiliary update (3CCC50): vertical velocity loses 0.6 once per stock period, after the period's scaled position move",3CCC50,selected,"a change: skipped, the rate is kept; arithmetic flags overwritten before use",3CCDDE,25E50,,1922
3CCE52,player,count,"mov byte ptr [rdi + rbx + 0x15b8], al",pl00 all-slot auxiliary update (3CCC50): +15B8[slot] lifetime decrements once per stock tick,3CCC50,selected,arithmetic flags overwritten before use,3CCE52,25EB0,,1923
3CCE59,player,notyet,"test cl, cl",pl00 all-slot auxiliary update (3CCC50): hold the lifetime's old-value zero test and state-3 transition between stock ticks,3CCC50,selected,"its flags' one branch goes to 3CCE65 with ZF=OF=0, SF=0",3CCE52,25EB0,,1924
3BE1E7,player,lin,"addss xmm0, dword ptr [rip + 0x2f0e0d]","pl00 state handler 3BDCB0, sub-state 1: position.y gains 0.68 per tick; scale the spatial step by s",3BDCB0,selected,K*s = 0.68 at 6AEFFC,slot 8288,,,
3BE1FC,player,lin,"addss xmm1, dword ptr [rip + 0x2f0dec]","pl00 state handler 3BDCB0, sub-state 1: vertical speed +E54 gains 0.306 per tick; scale the acceleration step by s",3BDCB0,selected,K*s = 0.306 at 6AEFF0,slot 828C,,,
3C3F3B,player,count,"add word ptr [rdi + 0xe3c], 8",pl00 state 3C3C70: +E3C's eight-degree sine-wobble phase step advances once per stock tick,3C3C70,selected,arithmetic flags overwritten before use,3C3F3B,25110,,1866
3C4122,player,pre,"addss xmm2, dword ptr [rdi + 0x10b0]",pl00 state 3C3C70: persistent ground-drift velocity +10B0 gains the computed 0.1 x ground-vector x push each tick; add s of the push,3C3C70,selected,addss is commutative: the step in xmm2 is scaled first,3C4122,25170,,1867
3C4140,player,pre,"addss xmm0, dword ptr [rdi + 0x10b8]",pl00 state 3C3C70: persistent ground-drift velocity +10B8 gains the computed 0.1 x ground-vector z push each tick; add s of the push,3C3C70,selected,addss is commutative: the step in xmm0 is scaled first,3C4140,25190,,1868
3C4157,player,pre,"addss xmm2, dword ptr [rax]",pl00 state 3C3C70: position.x gains persistent stock-valued +10B0 each tick; scale the velocity copy for this move,3C3C70,selected,addss is commutative: the step in xmm2 is scaled first,3C4157,251B0,,1869
3C416B,player,srcx,"addss xmm0, dword ptr [rdi + 0x10b8]",pl00 state 3C3C70: position.z in xmm0 gains persistent stock-valued +10B8 from memory each tick; scale only the source velocity,3C3C70,selected,"xmmD / s, op, * s: exact for s = 1/N a power of two; no flags touched, no register borrowed",3C416B,251D0,,1870
3CC466,player,count,"movss dword ptr [rbx + 0xe48], xmm0",pl00 state 3CC270: persistent forward speed +E48 is multiplied by 0.4 once per stock tick,3CC270,selected,arithmetic flags overwritten before use,3CC466,25D90,,1918
3CD1DF,player,count,"mov byte ptr [rbx + 0x115c], al","pl00 timer helper 3CD1A0, +115D mode 2: +115C decrements once per stock tick",3CD1A0,selected,arithmetic flags overwritten before use,3CD1DF,260D0,,1931
3CD1E5,player,notyet,"test dl, dl","pl00 timer helper 3CD1A0, +115D mode 2: hold the old-value zero test and its effect transition between stock ticks",3CD1A0,selected,"its flags' one branch goes to 3CD446 with ZF=OF=0, SF=0",3CD1E5,26130,,1932
3CD2D9,player,count,"mov byte ptr [rbx + 0x115c], al","pl00 timer helper 3CD1A0, +115D mode 1: +115C decrements once per stock tick",3CD1A0,selected,arithmetic flags overwritten before use,3CD2D9,261A0,,1933
3CD2DF,player,notyet,"test cl, cl","pl00 timer helper 3CD1A0, +115D mode 1: hold the old-value zero test and its effect transition between stock ticks",3CD1A0,selected,"its flags' one branch goes to 3CD446 with ZF=OF=0, SF=0",3CD2DF,26200,,1934
3CD583,player,count,inc word ptr [rbx + 0x114a],pl00 sequencer 3CD460: +114A's elapsed-tick count increments once per stock tick,3CD460,selected,arithmetic flags overwritten before use,3CD583,26270,,1935
3CD593,player,notyet,"cmp word ptr [rbx + 0x114a], 1",pl00 sequencer 3CD460: let the +114A == 1 first-tick effect fire only on a stock tick,3CD460,selected,"its flags' one branch goes to 3CD5CF with ZF=OF=0, SF=0",3CD593,262D0,,1936
3CD5CF,player,count,inc byte ptr [rbx + 0x1150],pl00 sequencer 3CD460: +1150's eight-tick phase counter increments once per stock tick,3CD460,selected,arithmetic flags overwritten before use,3CD5CF,26340,,1937
3CD5DE,player,notyet,"cmp al, 1",pl00 sequencer 3CD460: let the (+1150 & 7) == 1 periodic effect fire only on a stock tick,3CD460,selected,"its flags' one branch goes to 3CD696 with ZF=OF=0, SF=0",3CD5DE,263A0,,1938
3CD6AA,player,notyet,"cmp eax, ecx",pl00 sequencer 3CD460: hold the +114A + 1 threshold effect between stock ticks,3CD460,selected,"its flags' one branch goes to 3CD6F8 with ZF=OF=0, SF=0",3CD6A8,26410,,1939
3CD70C,player,notyet,"cmp eax, ecx",pl00 sequencer 3CD460: hold the second +114A + 1 threshold effect and +1150 reset between stock ticks,3CD460,selected,"its flags' one branch goes to 3CD761 with ZF=OF=0, SF=0",3CD70A,26480,,1940
3CCFB5,player,pre,"addss xmm0, dword ptr [rbp]",pl00 dormant single-slot auxiliary update (3CCEA0): position.x gains persistent stock-valued velocity.x each tick; scale the velocity copy for this move,3CCF75,selected,addss is commutative: the step in xmm0 is scaled first,3CCFB5,25F60,,1925
3CCFC4,player,pre,"addss xmm1, dword ptr [rsi + r14*8 + 0x1478]",pl00 dormant single-slot auxiliary update (3CCEA0): position.z gains persistent stock-valued velocity.z each tick; scale the velocity copy for this move,3CCF75,selected,addss is commutative: the step in xmm1 is scaled first,3CCFC4,25F80,,1926
3CCFD6,player,pre,"addss xmm0, dword ptr [rsi + r14*8 + 0x1474]",pl00 dormant single-slot auxiliary update (3CCEA0): position.y gains persistent stock-valued velocity.y each tick; scale the velocity copy for this move,3CCF75,selected,addss is commutative: the step in xmm0 is scaled first,3CCFD6,25FA0,,1927
3CCFE0,player,countlast,"subss xmm2, dword ptr [rip + 0x2a4e24]","pl00 dormant single-slot auxiliary update (3CCEA0): vertical velocity loses 0.6 once per stock period, after the period's scaled position move",3CCF75,selected,"a change: skipped, the rate is kept; arithmetic flags overwritten before use",3CCFE0,25FC0,,1928
3CD076,player,count,"mov byte ptr [rdi + 0x15b8], al",pl00 dormant single-slot auxiliary update (3CCEA0): +15B8[slot] lifetime decrements once per stock tick,3CCF75,selected,arithmetic flags overwritten before use,3CD076,26020,,1929
3CD07C,player,notyet,"test cl, cl",pl00 dormant single-slot auxiliary update (3CCEA0): hold the old-value zero test and state-3 transition between stock ticks,3CCF75,selected,"its flags' one branch goes to 3CD087 with ZF=OF=0, SF=0",3CD076,26020,,1930
39B98A,player,dst,"movaps xmm6, xmm0","wp47 (39B950): cache the current-rate delta in callee-saved xmm6; its only live reader subtracts it from the +10EC sound/effect cooldown, and no animation-rate reader consumes this copy",39B950,selected,"a callee-saved copy of 23AD90's return (the call at 39B976), the function's per-tick dt",39B98A,22550,,1693
39C3AD,player,lin,"addss xmm0, dword ptr [rip + 0x2d8ba3]",wp47 (39C0B0): scale the repeated +3 growth step of collision radius +E18; the 53-unit clamp remains spatial,39C0D3,selected,K*s = 3 at 674F58,slot 8250,,,
39C3E1,player,lin,"subss xmm1, dword ptr [rip + 0x2d9693]",wp47 (39C0B0): scale the repeated -6 shrink step of collision radius +E18; the 21-unit clamp remains spatial,39C0D3,selected,K*s = 6 at 675A7C,slot 8254,,,
39C78F,player,lin,"addss xmm0, dword ptr [rip + 0x2d87c1]",wp47 (39C540): scale the repeated +3 growth step of collision radius +E18; the 53-unit clamp remains spatial,39C565,selected,K*s = 3 at 674F58,slot 8250,,,
39C81F,player,lin,"subss xmm1, dword ptr [rip + 0x2d9255]",wp47 (39C540): scale the repeated -6 shrink step of collision radius +E18; the 21-unit clamp remains spatial,39C565,selected,K*s = 6 at 675A7C,slot 8254,,,
39C8C5,player,count,"mov word ptr [rdi + 0xe3c], ax",wp47 (39C540): +E3C is initialized to 10 then decremented once per stock tick before the terminal state transition,39C565,selected,arithmetic flags overwritten before use,39C8C5,22570,,1695
39D697,player,pre,"addss xmm6, dword ptr [rax + 0xb0]",wp49 (39D600): scale the random per-tick +B0 perturbation before accumulating it,39D662,selected,addss is commutative: the step in xmm6 is scaled first,39D697,225D0,,1699
39D6C9,player,pre,"addss xmm6, dword ptr [rax + 0xb8]",wp49 (39D600): scale the random per-tick +B8 perturbation before accumulating it,39D662,selected,addss is commutative: the step in xmm6 is scaled first,39D6C9,225F0,,1700
39D763,player,pre,"addss xmm6, dword ptr [rax + 0xb0]",wp49 (39D600): scale the alternate random per-tick +B0 perturbation before accumulating it,39D662,selected,addss is commutative: the step in xmm6 is scaled first,39D763,22610,,1701
3D2863,player,count,"mov byte ptr [rbx + 0x1070], al",pl weapon sub-object update (3D27F0): +1070 fades down by 10 toward 0; commit the clamped byte only on stock ticks,3D2834,selected,arithmetic flags overwritten before use,3D2863,26E80,,1971
3D2878,player,count,"mov byte ptr [rbx + 0x1070], al",pl weapon sub-object update (3D27F0): +1070 fades up by 10 toward 255; commit the clamped byte only on stock ticks,3D2834,selected,arithmetic flags overwritten before use,3D2878,26EE0,,1972
3C465B,player,count,"add word ptr [rdi + 0xe3c], 8",pl00 (3C43C0): +E3C is the phase of the submodel-y sine wobble and advances by 8 degrees once per stock tick,3C43C0,selected,arithmetic flags overwritten before use,3C465B,25260,,1872
3C497F,player,pre,"addss xmm2, dword ptr [rdi + 0x10b0]","pl00 (3C43C0), grounded slide: persistent stock-valued +10B0 gains s of the 0.1-scaled ground-vector x acceleration",3C43C0,selected,addss is commutative: the step in xmm2 is scaled first,3C497F,252C0,,1873
3C499D,player,pre,"addss xmm0, dword ptr [rdi + 0x10b8]","pl00 (3C43C0), grounded slide: persistent stock-valued +10B8 gains s of the 0.1-scaled ground-vector z acceleration",3C43C0,selected,addss is commutative: the step in xmm0 is scaled first,3C499D,252E0,,1874
3C49B4,player,pre,"addss xmm2, dword ptr [rax]","pl00 (3C43C0), grounded slide: position.x gains s of the resulting stock-valued +10B0 velocity before its existing 0.9^s damping",3C43C0,selected,addss is commutative: the step in xmm2 is scaled first,3C49B4,25300,,1875
3C49CB,player,pre,"addss xmm0, dword ptr [rax + 8]","pl00 (3C43C0), grounded slide: position.z gains s of the resulting stock-valued +10B8 velocity before its existing 0.9^s damping",3C43C0,selected,addss is commutative: the step in xmm0 is scaled first,3C49CB,25320,,1876
3C513C,player,pre,"addss xmm0, dword ptr [rdi + 0x10b8]","pl00 (3C4D90), grounded slide: persistent stock-valued +10B8 gains s of the 0.1-scaled ground-vector z acceleration",3C4F34,selected,addss is commutative: the step in xmm0 is scaled first,3C513C,253A0,,1878
3C5144,player,pre,"addss xmm2, dword ptr [rdi + 0x10b0]","pl00 (3C4D90), grounded slide: persistent stock-valued +10B0 gains s of the 0.1-scaled ground-vector x acceleration",3C4F34,selected,addss is commutative: the step in xmm2 is scaled first,3C5144,253C0,,1879
3C515C,player,pre,"addss xmm2, dword ptr [rax]","pl00 (3C4D90), grounded slide: position.x gains s of the resulting stock-valued +10B0 velocity before its existing 0.9^s damping",3C4F34,selected,addss is commutative: the step in xmm2 is scaled first,3C515C,253E0,,1880
3C5170,player,srcx,"addss xmm0, dword ptr [rdi + 0x10b8]","pl00 (3C4D90), grounded slide: position.z gains s of source +10B8 while the destination register already holds position.z",3C4F34,selected,"xmmD / s, op, * s: exact for s = 1/N a power of two; no flags touched, no register borrowed",3C5170,25400,,1881
3C567C,player,count,"mulss xmm0, dword ptr [rip + 0x2ac780]","pl00 (3C5350): while held UI-state global B6B2AC bit 30 is set, keep the +E48 factor 0.1 only on the first tick of each stock period",3C555C,selected,a pre-move factor: kept on the first stock-period tick; arithmetic flags overwritten before use,3C567C,25490,,1883
3C5A87,player,callscale,call 0x1802ddf90,"pl00 (3C57A0), sub-state 3: turn continuously toward the linked actor by at most 0.139626 radians per tick; scale the call's limit",3C57BD,selected,"call 2DDF90; rel32 retargeted (5 bytes, no window)",call 323,3AEC0,,1884
3C5D14,player,callscale,call 0x1802ddf90,"pl00 (3C57A0), sub-state 1: turn continuously toward the linked actor by at most 0.279253 radians per tick; scale the call's limit",3C57BD,selected,"call 2DDF90; rel32 retargeted (5 bytes, no window)",call 324,3AEE0,,1885
3C5E72,player,count,"mulss xmm0, dword ptr [rip + 0x2abf8a]","pl00 (3C57A0): while held UI-state global B6B2AC bit 30 is set, keep the +E48 factor 0.1 only on the first tick of each stock period",3C5E6A,selected,a pre-move factor: kept on the first stock-period tick; arithmetic flags overwritten before use,3C5E72,25540,,1888
3B75C0,player,lin,"addss xmm0, dword ptr [rip + 0x2ba84c]",pl00 combo state 0: add s of the stock +2 acceleration to the already current-rate +E48 displacement,3B738A,selected,K*s = 2 at 671E14,slot 8258,,,
3B75C8,player,srcx,"comiss xmm0, dword ptr [rip + 0x2bd989]",pl00 combo state 0: compare the accelerated current-rate +E48 with s of the stock 3 cap; preserve the original branch flags,3B738A,selected,"xmmD / s, op, * s: exact for s = 1/N a power of two; no flags touched, no register borrowed",3B75C8,24A70,,1841
3B75D9,player,immstore,"mov dword ptr [rdi + 0xe48], 0x40400000","pl00 combo state 0: when the cap branch is taken, write the immediate stock 3 as a current-rate displacement 3*s",3B738A,selected,immediate bits are finite float 3; xmm5 dead after the store on every path,3B75D9,24AA0,xmm5,1842
3BEC87,player,blend,"mulss xmm1, dword ptr [rip + 0x2b3c9d]",pl00 state 3BEB40: persistent +E48 approaches the held +E18 speed by 0.2 of the gap on every update; use 1-(1-0.2)^s so the approach is per-second invariant,3BEB76,selected,1-(1-K)^s = 0.2 at 67292C,slot 822C,,,
3C39FA,player,blend,"mulss xmm1, dword ptr [rip + 0x2aef2a]",pl00 state 3C38C0: persistent +E48 approaches the held +E18 speed by 0.2 of the gap on every update; this sibling uses the same rate-converted gap factor,3C38EE,selected,1-(1-K)^s = 0.2 at 67292C,slot 822C,,,
3C422F,player,count,inc word ptr [rbx + 0x1156],pl00 state 3C41F0: advance +1156 once per stock tick when the action is active and the two input-block bits are clear,3C41F0,selected,arithmetic flags overwritten before use,3C422F,25200,,1871
3C4A78,player,count,inc word ptr [rdi + 0x1156],pl00 state 3C4A30: the sibling normal-update +1156 advance has the same gated stock-tick cadence,3C4A30,selected,arithmetic flags overwritten before use,3C4A78,25340,,1877
3C521F,player,count,inc word ptr [rbx + 0x1156],pl00 state 3C51E0: advance +1156 once per stock tick before the 0x1C2 timeout comparison,3C51E0,selected,arithmetic flags overwritten before use,3C521F,25430,,1882
3C9E82,player,count,inc word ptr [rdi + 0x1156],pl00 state 3C9E30: advance +1156 once per stock tick before the 0x1C2 timeout comparison,3C9E30,selected,arithmetic flags overwritten before use,3C9E82,25C70,,1911
3CD97D,player,count,inc word ptr [rcx + 0x1156],pl00 shared helper 3CD950: advance +1156 once per stock tick while its pause and input-block gates are clear,3CD900,selected,arithmetic flags overwritten before use,3CD97D,264F0,,1941
3CD9DD,player,count,inc word ptr [rcx + 0x1158],pl00 shared helper 3CD9B0: advance +1158 once per stock tick while its pause and input-block gates are clear; +1158 is compared with +1156 and the 0x12C event threshold,3CD900,selected,arithmetic flags overwritten before use,3CD9DD,26550,,1942
390C2F,player,dst,"movaps xmm7, xmm0","wp1d (390C00): xmm7 is 23AD90's slow-motion dt; every live reader is a per-tick step: movement by +E10 x dt, +E18 growth, +E28 and +1078 countdowns, two clamped turns, the sin(+1110) y move and the +1110 phase step; no animation-rate reader",390C10,selected,"a callee-saved copy of 23AD90's return (the call at 390C26), the function's per-tick dt",390C2B,21130,,1607
3912C3,player,dst,"movaps xmm7, xmm0","wp1d (391290): xmm7 is 23AD90's slow-motion dt; its only live readers move by +E10 x dt, grow +E18 by dt and count +E28 down by dt; no animation-rate reader",3912A2,selected,"a callee-saved copy of 23AD90's return (the call at 3912B9), the function's per-tick dt",3912BE,21150,,1608
39151F,player,lin,"addss xmm6, dword ptr [rip + 0x2ed75d]",wp1d (391290): collision radius +E24 grows by 1.4 each tick before it is passed to 2DC7B0; scale the repeated spatial-size ramp step,391517,selected,K*s = 1.4 at 67EC84,slot 8290,,,
391643,player,dst,"movaps xmm7, xmm0","wp1d (3915E0): xmm7 is 23AD90's slow-motion dt; every live reader is a per-tick step: movement by +E10 x dt, +E18 growth, +E28 and +1078 countdowns, two clamped turns, +1090 growth, the sin(+1110) y move and the +1110 phase step; no animation-rate reader",391606,selected,"a callee-saved copy of 23AD90's return (the call at 391621), the function's per-tick dt",391643,21170,,1609
39B409,player,dst,"movaps xmm7, xmm0",wp47 (39B3D0): xmm7 is 23AD90's slow-motion dt; its only live readers subtract dt from the +10F0 sound cooldown and +10EC state countdown; no animation-rate reader,39B3D0,selected,"a callee-saved copy of 23AD90's return (the call at 39B3FB), the function's per-tick dt",39B409,22530,,1691
39E7C5,player,dst,"movaps xmm9, xmm0",wp51 (39E790): xmm9 is 23AD90's slow-motion dt; its only live reader subtracts dt from +10F0; no animation-rate reader,39E7A6,selected,"a callee-saved copy of 23AD90's return (the call at 39E7B7), the function's per-tick dt",39E7C3,22630,,1705
39E935,player,lin,"subss xmm0, dword ptr [rip + 0x2db2f7]",wp51 (39E790): +1110 loses four degrees each tick on the reflected-orbit branch; scale the phase step,39E7A6,selected,K*s = 0.0698132 at 679C34,slot 8268,,,
39E93F,player,lin,"addss xmm0, dword ptr [rip + 0x2db2ed]",wp51 (39E790): +1110 gains four degrees each tick on the other orbit branch; scale the phase step,39E7A6,selected,K*s = 0.0698132 at 679C34,slot 8268,,,
37F494,player,lin,"addss xmm0, dword ptr [rip + 0x2fa7b0]",wp00 state 37F1E0: +B0's continuous 30-degree spin step advances every rising update; scale the angular step by s,37F325,selected,K*s = 0.523599 at 679C4C,slot 824C,,,
38E792,player,dst,"movss xmm0, dword ptr [rbx + 0xfe0]",wp1b helper 38E720: load grounded slope +FE0 and scale it once toward the s^2 change of persistent per-current-rate velocity +E20,38E720,selected,the step's next reader is its accumulation,38E792,20DA0,,1581
38E79A,player,dst,"movss xmm1, dword ptr [rbx + 0xfe8]",wp1b helper 38E720: load grounded slope +FE8 and scale it once toward the s^2 change of persistent per-current-rate velocity +E28,38E720,selected,the step's next reader is its accumulation,38E79A,20DC0,,1582
38E7A2,player,pre,"addss xmm0, dword ptr [rbx + 0xe20]","wp1b helper 38E720: scale the already s-scaled slope in xmm0 again before adding it to +E20, giving an s^2 velocity change",38E720,selected,addss is commutative: the step in xmm0 is scaled first,38E7A2,20DE0,,1583
38E7AA,player,pre,"addss xmm1, dword ptr [rbx + 0xe28]","wp1b helper 38E720: scale the already s-scaled slope in xmm1 again before adding it to +E28, giving an s^2 velocity change",38E720,selected,addss is commutative: the step in xmm1 is scaled first,38E7AA,20E00,,1584
38F2BA,player,dst,"mulss xmm0, dword ptr [rip + 0x2e2b46]","wp1c helper 38F240: after applying the 0.5 slope factor, scale the resulting +FE0 push once toward the s^2 change of persistent current-rate velocity +E20",38F240,selected,the step's next reader is its accumulation,38F2BA,20F30,,1592
38F2C2,player,pre,"addss xmm0, dword ptr [rbx + 0xe20]","wp1c helper 38F240: after the 0.5 slope factor, scale xmm0 again before adding it to +E20, giving an s^2 velocity change",38F240,selected,addss is commutative: the step in xmm0 is scaled first,38F2C2,20F50,,1593
38F2DA,player,dst,"mulss xmm0, dword ptr [rip + 0x2e2b26]","wp1c helper 38F240: after applying the 0.5 slope factor, scale the resulting +FE8 push once toward the s^2 change of persistent current-rate velocity +E28",38F240,selected,the step's next reader is its accumulation,38F2DA,20F70,,1594
38F2E2,player,pre,"addss xmm0, dword ptr [rbx + 0xe28]","wp1c helper 38F240: after the 0.5 slope factor, scale xmm0 again before adding it to +E28, giving an s^2 velocity change",38F240,selected,addss is commutative: the step in xmm0 is scaled first,38F2E2,20F90,,1595
39A89F,player,count,dec byte ptr [rcx + 0x10f6],wp47 state 39A840: first of the normal two +10F6 countdown decrements commits once per stock tick,39A840,selected,arithmetic flags overwritten before use,39A89F,22390,,1686
39A8C5,player,count,"mov byte ptr [rbx + 0x10f6], al",wp47 state 39A840: second +10F6 decrement commits on the same stock tick; the special global path can still force zero immediately,39A840,selected,arithmetic flags overwritten before use,39A8C5,223F0,,1687
3BC4C4,player,notyet,"test cx, cx","pl00 state 3BC300, state 3: hold +E3C's old-value zero transition between stock ticks",3BC4A2,selected,"its flags' one branch goes to 3BC4D0 with ZF=OF=0, SF=0",3BC4C4,24D70,,1853
3C10FD,player,lin,"movss xmm3, dword ptr [rip + 0x2b8b07]","pl00 state 3C1010, state 1: scale the continuous 10-degree per-tick target-turn limit before 2DDF90",3C10E7,selected,K*s = 0.174533 at 679C0C,slot 8294,,,
3CA220,player,callscale,call 0x1802ddf90,"pl00 state 3CA160, sub-state 3: the 0.279253-radian target-heading limit runs on each update until animation completion, so scale the call's angular limit",3CA160,selected,"call 2DDF90; rel32 retargeted (5 bytes, no window)",call 327,3AF40,,1912
3CA2D3,player,callscale,call 0x1802ddf90,"pl00 state 3CA160, sub-state 1: the sibling 0.279253-radian target-heading limit runs on each update until animation completion",3CA160,selected,"call 2DDF90; rel32 retargeted (5 bytes, no window)",call 328,3AF60,,1913
385B49,player,pre,"addss xmm0, dword ptr [rax]",wp06 (385A60): position.x gains s of the persistent stock-valued +E10 velocity,385B3A,selected,addss is commutative: the step in xmm0 is scaled first,385B49,20620,,1523
385B60,player,pre,"addss xmm0, dword ptr [rax + 4]",wp06 (385A60): position.y gains s of the persistent stock-valued +E14 velocity,385B3A,selected,addss is commutative: the step in xmm0 is scaled first,385B60,20640,,1524
385B79,player,pre,"addss xmm0, dword ptr [rax + 8]",wp06 (385A60): position.z gains s of the persistent stock-valued +E18 velocity,385B3A,selected,addss is commutative: the step in xmm0 is scaled first,385B79,20660,,1525
383CF7,player,callscale,call 0x1802ddf90,"wp03 (383AB0), state 1: turn continuously toward the owner by at most one degree per tick; scale the call limit",383AD3,selected,"call 2DDF90; rel32 retargeted (5 bytes, no window)",call 271,3A7F0,,1508
383D1F,player,callscale,call 0x1802da460,"wp03 (383AB0), state 1: 2DA460 adds the stock-valued +E28 forward speed directly to position; scale its xmm1 argument",383AD3,selected,"call 2DA460; rel32 retargeted (5 bytes, no window)",call 272,3A810,,1509
383D2C,player,lin,"addss xmm0, dword ptr [rip + 0x2f5ee0]","wp03 (383AB0), state 1: +B0 spins by 15 degrees per tick; add s of the phase step",383AD3,selected,K*s = 0.261799 at 679C14,slot 8298,,,
383EA6,player,callscale,call 0x1802da460,"wp03 (383AB0), state 4: 2DA460 adds the random per-tick forward speed directly to position; scale its xmm1 argument",383E76,selected,"call 2DA460; rel32 retargeted (5 bytes, no window)",call 274,3A850,,1511
383ED6,player,count,"movss dword ptr [rdi + 0xb0], xmm0","wp03 (383AB0), state 4: commit +B0's changing +E3C-degree spin step once per stock tick, before +E3C decrements",383E76,selected,arithmetic flags overwritten before use,383ED6,203C0,,1512
383EDE,player,count,"mov word ptr [rdi + 0xe3c], bx","wp03 (383AB0), state 4: commit +E3C's decrement once per stock tick after the spin step",383E76,selected,arithmetic flags overwritten before use,383EDE,20420,,1513
383EE5,player,notyet,"test bx, bx","wp03 (383AB0), state 4: while +E3C's store is held, keep its terminal effect and state transition on stock ticks",383E76,selected,"its flags' one branch goes to 383F2B with ZF=OF=0, SF=0",383EE5,20480,,1514
3891A2,player,count,"mov word ptr [rsi + 0xe3c], di",wp0d (388FD0): +E3C advances the two cyclic sine-scale waveforms by one count per stock tick,3890E8,selected,arithmetic flags overwritten before use,3891A2,20800,,1543
384CFC,player,notyet,"test al, al","wp04 (384BE0), state 3: while +E37 is held at zero between stock ticks, defer the state transition to its next stock tick",384BE0,selected,"its flags' one branch goes to 384D04 with ZF=OF=0, SF=0",384CFC,20550,,1519
384D06,player,count,"mov byte ptr [rbx + 0xe37], al","wp04 (384BE0), state 3: commit the optional three-tick post-motion +E37 countdown once per stock tick",384BE0,selected,arithmetic flags overwritten before use,384D06,205C0,,1520
3A4E3C,player,blend,"movss xmm2, dword ptr [rip + 0x2d27ac]",pl03 (3A4DF0): +D20/+D24/+D28 approach 1 by the shared 0.05 factor each tick; use 1-(1-0.05)^s,3A4DF0,selected,1-(1-K)^s = 0.05 at 6775F0,slot 8270,,,
3A4EE4,player,count,"mov byte ptr [rdi + 0x2250], al",pl03 (3A4DF0): commit +2250's increment once per stock tick; cl keeps the old count for the following modulo-eight event test,3A4E4B,selected,arithmetic flags overwritten before use,3A4EE4,23010,,1755
3A4EEA,player,notyet,"and cl, 7","pl03 (3A4DF0): on held ticks still apply `and cl, 7`, then force its jne down the no-sound path so sound 0x40B fires only on stock ticks",3A4E4B,selected,"its flags' one branch goes to 3A4F14 with ZF=OF=0, SF=0",3A4EEA,23070,,1756
33AA89,player,notyet,"test ax, ax","shared wp/enemy update 33A560, type 398: hold +E3E's old-value zero effect between stock ticks",33AA81,selected,"its flags' one branch goes to 33AAC9 with ZF=OF=0, SF=0",33AA89,1DFE0,,1362
33AACC,player,count,"mov word ptr [r14 + 0xe3e], ax","shared wp/enemy update 33A560, type 398: +E3E's repeating two-count effect timer decrements once per stock tick",33AA81,selected,arithmetic flags overwritten before use,33AACC,1E050,,1363
3879B7,player,dst,"movaps xmm6, xmm0","wp09 state 387990: xmm6 is 23AD90's slow-motion dt; its only live readers count +1110 down and move forward by 6.5 times dt, both per-tick steps",387990,selected,"a callee-saved copy of 23AD90's return (the call at 3879A9), the function's per-tick dt",3879B7,20780,,1539
38CB20,player,srcx,"subss xmm1, xmm0",wp12 helper 38CB10: +D2C loses s of the 0.1 fade step while xmm0 retains the stock 0.1 terminal threshold used by the following comparison,38C9B0,selected,"xmmD / s, op, * s: exact for s = 1/N a power of two; no flags touched, no register borrowed",38CB20,209C0,,1562
38D5A6,player,srcx,"addss xmm0, dword ptr [rbx + 0xe54]",wp1a common update 38D490: position.y in xmm0 gains s of stock-valued vertical speed +E54,38D490,selected,"xmmD / s, op, * s: exact for s = 1/N a power of two; no flags touched, no register borrowed",38D5A6,20A50,,1567
38E540,player,pre,"addss xmm0, dword ptr [rax + 4]",wp1b common update 38E400: +E54 in xmm0 is stock-valued vertical speed; scale it before adding the existing position.y from memory,38E400,selected,addss is commutative: the step in xmm0 is scaled first,38E540,20D80,,1580
38F03F,player,srcx,"addss xmm0, dword ptr [rbx + 0xe54]",wp1c common update 38EEE0: position.y in xmm0 gains s of stock-valued vertical speed +E54 before its 0.94^s damping,38EEE0,selected,"xmmD / s, op, * s: exact for s = 1/N a power of two; no flags touched, no register borrowed",38F03F,20F00,,1591
3A0D44,player,dst,"movaps xmm6, xmm0","wp5a state 3A0D00: xmm6 is 23AD90's slow-motion dt; its only live readers count +10F0 down and drive the forward move, both per-tick steps",3A0D00,selected,"a callee-saved copy of 23AD90's return (the call at 3A0D1E), the function's per-tick dt",3A0D3E,22730,,1718
3A79C1,player,count,inc byte ptr [rdi + 0x1170],pl00 helper 3A7950: +1170 advances through its cyclic submodel-angle table once per stock tick,3A796D,selected,arithmetic flags overwritten before use,3A79C1,23610,,1772
3C9D81,player,pre,"addss xmm2, dword ptr [rdi + 0x10b0]",pl00 state 3C9940: persistent ground-drift velocity +10B0 gains s of the computed 0.1 times ground-vector x push,3C9940,selected,addss is commutative: the step in xmm2 is scaled first,3C9D81,25BE0,,1907
3C9D9F,player,pre,"addss xmm0, dword ptr [rdi + 0x10b8]",pl00 state 3C9940: persistent ground-drift velocity +10B8 gains s of the computed 0.1 times ground-vector z push,3C9940,selected,addss is commutative: the step in xmm0 is scaled first,3C9D9F,25C00,,1908
3C9DB6,player,pre,"addss xmm2, dword ptr [rax]",pl00 state 3C9940: position.x gains s of the resulting stock-valued +10B0 velocity,3C9940,selected,addss is commutative: the step in xmm2 is scaled first,3C9DB6,25C20,,1909
3C9DCA,player,srcx,"addss xmm0, dword ptr [rdi + 0x10b8]",pl00 state 3C9940: position.z in xmm0 gains s of stock-valued +10B8 from memory,3C9940,selected,"xmmD / s, op, * s: exact for s = 1/N a power of two; no flags touched, no register borrowed",3C9DCA,25C40,,1910
3D03F0,player,notyet,"test ax, ax",pl00 state 3D01F0: hold +E3C's old-value zero effect and completion path between stock ticks,3D0310,selected,"its flags' one branch goes to 3D0420 with ZF=OF=0, SF=0",3D03F0,265B0,,1943
3D0426,player,count,"mov word ptr [rsi + 0xe3c], ax",pl00 state 3D01F0: +E3C decrements once per stock tick,3D0310,selected,arithmetic flags overwritten before use,3D0426,26620,,1944
3D1624,player,notyet,"test ax, ax",pl00 state 3D14B0: hold +E3C's old-value zero cleanup between stock ticks,3D14B0,selected,"its flags' one branch goes to 3D163A with ZF=OF=0, SF=0",3D1624,26B50,,1963
3D163D,player,count,"mov word ptr [rbx + 0xe3c], ax",pl00 state 3D14B0: +E3C decrements once per stock tick while the linked actor remains valid,3D14B0,selected,arithmetic flags overwritten before use,3D163D,26BC0,,1964
3D1778,player,notyet,"test ax, ax",pl00 state 3D1670: hold +E3C's old-value zero state transition between stock ticks,3D1670,selected,"its flags' one branch goes to 3D1786 with ZF=OF=0, SF=0",3D1778,26C20,,1965
3D1789,player,count,"mov word ptr [rbx + 0xe3c], ax",pl00 state 3D1670: +E3C decrements once per stock tick while the linked actor remains valid,3D1670,selected,arithmetic flags overwritten before use,3D1789,26C90,,1966
3D1895,player,notyet,"test ax, ax",pl00 state 3D1820: hold +E3C's old-value zero state transition between stock ticks,3D1670,selected,"its flags' one branch goes to 3D18A2 with ZF=OF=0, SF=0",3D1895,26CF0,,1967
3D18A5,player,count,"mov word ptr [rcx + 0xe3c], ax",pl00 state 3D1820: +E3C decrements once per stock tick while the linked actor remains valid,3D1670,selected,arithmetic flags overwritten before use,3D18A5,26D60,,1968
3BDE41,player,lin,"subss xmm1, dword ptr [rip + 0x2f119b]","pl00 state 3BDCB0, sub-state 3: persistent vertical speed +E54 loses the stock 0.119 step per update when it is above the global threshold; scale this decrement by s",3BDCB0,selected,K*s = 0.119 at 6AEFE4,slot 829C,,,
3BDE4B,player,lin,"addss xmm1, dword ptr [rip + 0x2f1199]","pl00 state 3BDCB0, sub-state 3: persistent vertical speed +E54 gains the stock 0.255 step per update on the other side of the threshold; scale this increment by s",3BDCB0,selected,K*s = 0.255 at 6AEFEC,slot 82A0,,,
459DA1,player,count,"add word ptr [rax + 0xe3e], r8w",pl00 3C1830 calls this selected-subactor updater on held input every update (372 of 372 traced ticks); the selected actor's +E3E animation count gains state-derived 2 or 6 once per stock tick,459CB0,selected,arithmetic flags overwritten before use,459DA1,2A550,,2139
459DBE,player,count,"add word ptr [rcx + 0xe3c], r8w","pl00 selected-subactor updater 459D90: the same actor's +E3C animation phase gains 20 times the state-derived step once per stock tick, before its 0x384 cap",459CB0,selected,arithmetic flags overwritten before use,459DBE,2A5B0,,2140
3D13F4,player,count,"mov word ptr [rbx + 0xe3c], ax","pl00 state 3D1330: while held input bitset B6B0D0 or its companion global is active and +E3C exceeds 5, commit the conditional two-count decrease on stock ticks",3D1330,selected,arithmetic flags overwritten before use,3D13F4,26A20,,1960
3D145C,player,notyet,"test ax, ax","pl00 state 3D1330: when +E3C is held at zero between stock ticks, defer its cleanup/transition until the next stock tick",3D1330,selected,"its flags' one branch goes to 3D148C with ZF=OF=0, SF=0",3D145C,26A80,,1961
3D1492,player,count,"mov word ptr [rbx + 0xe3c], ax",pl00 state 3D1330: commit the ordinary one-count +E3C decrease on stock ticks after the zero test,3D1330,selected,arithmetic flags overwritten before use,3D1492,26AF0,,1962
55F1A8,objects,blendr,"addss xmm8, xmm6","uta4 part: case 1's anchor-approach factor is 0.02 times part index, applied to all three position lanes each update",55F14A,selected,flags dead after the copy (55F1AD on); xmm5 dead after it,55F1A8,30010,xmm5,2475
55F260,objects,lin,"mulss xmm1, dword ptr [rip + 0x112b9c]",uta4 part case 0/1: +5C alpha linearly approaches one; scale this instruction's 0.1 literal,55F14A,selected,K*s = 0.1 at 671E04,slot 810C,,,
55F2B6,objects,ufirst,"movss xmm6, dword ptr [rip + 0x12462a]",uta4 part case 1: the three velocity lanes' 0.96 damping runs once per stock tick before the next move,55F14A,selected,the factor's next reader multiplies by it,55F2B6,30090,,2476
55F2C9,objects,zfirst,"mulss xmm0, xmm1",uta4 part case 1: spring vx gains 0.002 times anchor-to-part x on the first tick of each stock period,55F14A,selected,the step's next reader is its accumulation,55F2C6,300C0,,2477
55F2E7,objects,zfirst,"mulss xmm0, xmm1",uta4 part case 1: the same spring vy,55F14A,selected,the step's next reader is its accumulation,55F2E2,300F0,,2478
55F30F,objects,zfirst,"mulss xmm0, xmm1",uta4 part case 1: the same spring vz,55F14A,selected,the step's next reader is its accumulation,55F30A,30120,,2479
55F334,objects,count,"mov word ptr [rsi + r14*2 + 0x1304], ax","uta4 part case 1: +1304 phase increments once per stock tick, before its eight-degree sine wobble",55F14A,selected,arithmetic flags overwritten before use,55F334,30150,,2480
55F383,objects,zfirst,"mulss xmm0, dword ptr [rip + 0x11ab65]",uta4 part case 1: the sine wobble adds its y velocity impulse once per stock tick,55F14A,selected,the step's next reader is its accumulation,55F383,301B0,,2481
55F3C1,objects,scaledadd,call qword ptr [rip + 0x111a39],uta4 part case 1: position += persistent part velocity by cVec::operator+=; move by s of the vector each tick,55F14A,selected,calls cVec::operator+=,55F3C1,301E0,,2482
55F499,objects,scaledadd,call qword ptr [rip + 0x111961],"uta4 part case 3, knocked loose: position += the current velocity each tick, scaled by s",55F14A,selected,calls cVec::operator+=,55F499,302D0,,2484
55F4AF,objects,lin,"subss xmm0, dword ptr [rip + 0x11294d]",uta4 part case 3: gravity subtracts s of the stock 0.1 literal from vy after the move,55F14A,selected,K*s = 0.1 at 671E04,slot 810C,,,
55F4C9,objects,countlast,"mulss xmm0, dword ptr [rip + 0x123ecb]","uta4 part case 3: vx multiplies by negative 0.7 only on the last tick of each stock period, after the move",55F14A,selected,"a factor: skipped, the rate is kept; arithmetic flags overwritten before use",55F4C9,30330,,2485
55F4DF,objects,countlast,"mulss xmm0, dword ptr [rip + 0x123eb5]",uta4 part case 3: the same alternating decay for vz,55F14A,selected,"a factor: skipped, the rate is kept; arithmetic flags overwritten before use",55F4DF,30390,,2486
55F4FC,objects,count,"mov word ptr [rsi + r14*2 + 0x130c], ax",uta4 part case 3: +130C countdown steps once per stock tick,55F14A,selected,arithmetic flags overwritten before use,55F4FC,303F0,,2487
55F505,objects,notyet,"test cx, cx","uta4 part case 3: the test reads the old countdown, so defer the zero transition between stock ticks",55F14A,selected,"its flags' one branch goes to 55FD04 with ZF=OF=0, SF=0",55F505,30450,,2488
55F546,objects,count,"mov word ptr [rsi + r14*2 + 0x130c], ax",uta4 part case 5: the hidden-state +130C countdown steps once per stock tick,55F14A,selected,arithmetic flags overwritten before use,55F546,304C0,,2489
55F54F,objects,notyet,"test cx, cx",uta4 part case 5: defer the zero transition while the countdown is held,55F14A,selected,"its flags' one branch goes to 55FD04 with ZF=OF=0, SF=0",55F54F,30520,,2490
55F5EB,objects,ufirst,"movss xmm6, dword ptr [rip + 0x1242f5]",uta4 part case 7: the three velocity lanes' 0.96 damping runs once per stock tick,55F14A,selected,the factor's next reader multiplies by it,55F5EB,30590,,2491
55F60B,objects,zfirst,"mulss xmm0, xmm1",uta4 part case 7: spring vx gains its target-position error times 0.002 once per stock tick,55F14A,selected,the step's next reader is its accumulation,55F60B,305C0,,2492
55F629,objects,zfirst,"mulss xmm2, xmm1",uta4 part case 7: the same spring vy,55F14A,selected,the step's next reader is its accumulation,55F624,305F0,,2493
55F64B,objects,zfirst,"mulss xmm0, xmm1",uta4 part case 7: the same spring vz,55F14A,selected,the step's next reader is its accumulation,55F646,30620,,2494
55F670,objects,count,"mov word ptr [rsi + r14*2 + 0x1304], ax",uta4 part case 7: +1304 wobble phase increments once per stock tick,55F14A,selected,arithmetic flags overwritten before use,55F670,30650,,2495
55F6BF,objects,zfirst,"mulss xmm0, dword ptr [rip + 0x11a829]",uta4 part case 7: the sine wobble's y velocity impulse runs once per stock tick,55F14A,selected,the step's next reader is its accumulation,55F6BF,306B0,,2496
55F6FD,objects,scaledadd,call qword ptr [rip + 0x1116fd],uta4 part case 7: position += s of persistent velocity,55F14A,selected,calls cVec::operator+=,55F6FD,306E0,,2497
55F7B2,objects,blend,"movss xmm2, dword ptr [rip + 0x116276]",uta4 part case 9: the three coordinates approach the body and offset at 0.3 per stock tick,55F14A,selected,1-(1-K)^s = 0.3 at 675A30,slot 82A4,,,
55F849,objects,count,"mov word ptr [rsi + r14*2 + 0x130c], ax",uta4 part case 9: +130C countdown from ten steps on stock ticks while nonzero,55F14A,selected,arithmetic flags overwritten before use,55F849,30740,,2498
55F906,objects,blend,"mulss xmm1, dword ptr [rip + 0x11a366]",uta4 part case 11: position x approaches body plus offset by 0.4 per stock tick,55F14A,selected,1-(1-K)^s = 0.4 at 679C74,slot 82A8,,,
55F928,objects,blend,"mulss xmm1, dword ptr [rip + 0x11a344]",uta4 part case 11: the same for position z,55F14A,selected,1-(1-K)^s = 0.4 at 679C74,slot 82A8,,,
55F943,objects,lin,"subss xmm0, dword ptr [rip + 0x112fe5]",uta4 part case 11: gravity subtracts s of the 0.9 literal from vy before the y move,55F14A,selected,K*s = 0.9 at 672930,slot 82AC,,,
55F963,objects,pre,"addss xmm0, dword ptr [rax + 4]",uta4 part case 11: position y adds s of the just-updated stock-valued vy,55F14A,selected,addss is commutative: the step in xmm0 is scaled first,55F963,307A0,,2499
55FA8A,objects,ufirst,"movss xmm6, dword ptr [rip + 0x123e56]",uta4 part case 13: the three velocity lanes' 0.96 damping runs once per stock tick,55F14A,selected,the factor's next reader multiplies by it,55FA8A,307C0,,2500
55FA9D,objects,zfirst,"mulss xmm0, xmm1",uta4 part case 13: spring vx gains 0.001 times anchor-position error once per stock tick,55F14A,selected,the step's next reader is its accumulation,55FA9A,307F0,,2501
55FABB,objects,zfirst,"mulss xmm0, xmm1",uta4 part case 13: the same spring vy,55F14A,selected,the step's next reader is its accumulation,55FAB6,30820,,2502
55FAE3,objects,zfirst,"mulss xmm0, xmm1",uta4 part case 13: the same spring vz,55F14A,selected,the step's next reader is its accumulation,55FADE,30850,,2503
55FB08,objects,count,"mov word ptr [rsi + r14*2 + 0x1304], ax",uta4 part case 13: +1304 wobble phase increments once per stock tick,55F14A,selected,arithmetic flags overwritten before use,55FB08,30880,,2504
55FB57,objects,zfirst,"mulss xmm0, dword ptr [rip + 0x11a0d1]",uta4 part case 13: the sine wobble's y velocity impulse runs once per stock tick,55F14A,selected,the step's next reader is its accumulation,55FB57,308E0,,2505
55FB95,objects,scaledadd,call qword ptr [rip + 0x111265],uta4 part case 13: position += s of persistent velocity,55F14A,selected,calls cVec::operator+=,55FB95,30910,,2506
55FBA7,objects,count,"mov word ptr [rsi + r14*2 + 0x130c], ax",uta4 part case 13: +130C countdown steps once per stock tick,55F14A,selected,arithmetic flags overwritten before use,55FBA7,30970,,2507
55FBB0,objects,notyet,"test cx, cx",uta4 part case 13: the test reads the old countdown; hold its zero transition between stock ticks,55F14A,selected,"its flags' one branch goes to 55FD04 with ZF=OF=0, SF=0",55FBB0,309D0,,2508
55FC19,objects,blend,"mulss xmm1, dword ptr [rip + 0x1121e3]",uta4 part case 15: +5C alpha fades toward zero at 0.1 per stock tick,55F14A,selected,1-(1-K)^s = 0.1 at 671E04,slot 82B0,,,
55FC32,objects,scaledadd,call qword ptr [rip + 0x1111c8],uta4 part case 15: position += s of its thrown velocity,55F14A,selected,calls cVec::operator+=,55FC32,30A40,,2509
55FC48,objects,lin,"subss xmm0, dword ptr [rip + 0x1121b4]",uta4 part case 15: gravity subtracts s of the 0.1 literal from vy after the move,55F14A,selected,K*s = 0.1 at 671E04,slot 810C,,,
55FC62,objects,countlast,"mulss xmm0, dword ptr [rip + 0x123732]",uta4 part case 15: vx's negative-factor damping runs after the move on the last stock-period tick,55F14A,selected,"a factor: skipped, the rate is kept; arithmetic flags overwritten before use",55FC62,30AA0,,2510
55FC78,objects,countlast,"mulss xmm0, dword ptr [rip + 0x12371c]",uta4 part case 15: the same for vz,55F14A,selected,"a factor: skipped, the rate is kept; arithmetic flags overwritten before use",55FC78,30B00,,2511
55FC95,objects,count,"mov word ptr [rsi + r14*2 + 0x130c], ax",uta4 part case 15: +130C countdown steps once per stock tick,55F14A,selected,arithmetic flags overwritten before use,55FC95,30B60,,2512
55FC9E,objects,notyet,"test cx, cx",uta4 part case 15: hold the old-countdown branch on intermediate ticks,55F14A,selected,"its flags' one branch goes to 55FCB3 with ZF=OF=0, SF=0",55FC9E,30BC0,,2513
55FE62,objects,count,"mov word ptr [rsi + r14*2 + 0x1314], ax",uta4 part: the 60-tick post-hit +1314 countdown steps once per stock tick while nonzero,55FD2B,selected,arithmetic flags overwritten before use,55FE62,30C30,,2514
56F8C0,objects,lin,"movss xmm1, dword ptr [rip + 0x10a33c]","utb6 case 1: scale the first angular limit passed to 2DE0A0, which bounds +B0's continuous turn each tick",56F760,selected,K*s = 0.0872665 at 679C04,slot 82B4,,,
56F8CC,objects,lin,"movss xmm0, dword ptr [rip + 0x103054]","utb6 case 1: scale the second angular limit passed to 2DE0A0, which bounds +B4's continuous turn",56F760,selected,K*s = 0.0174533 at 672928,slot 82B8,,,
56F9DE,objects,srcblend,"mulss xmm1, dword ptr [rdi + 0xe14]",utb6 case 1: position x approaches the computed target by dynamic +E14 each tick,56F760,selected,xmm5 dead after the site on every path; flags dead after,56F9DE,320F0,xmm5,2583
56F9FF,objects,srcblend,"mulss xmm1, dword ptr [rdi + 0xe14]",utb6 case 1: position y uses the same +E14 approach factor,56F760,selected,xmm5 dead after the site on every path; flags dead after,56F9FF,32180,xmm5,2584
56FA22,objects,srcblend,"mulss xmm1, dword ptr [rdi + 0xe14]",utb6 case 1: position z uses the same +E14 approach factor,56F760,selected,xmm5 dead after the site on every path; flags dead after,56FA22,32210,xmm5,2585
56FA3C,objects,countlast,"addss xmm0, dword ptr [rip + 0x10d924]","utb6 case 1: hold +E14 constant through each stock period while its converted blend runs; add the full 0.07 only on the last tick, after the approach",56F760,selected,"a change: skipped, the rate is kept; arithmetic flags overwritten before use",56FA3C,322A0,,2586
56FA95,objects,lin,"movss xmm1, dword ptr [rip + 0x10a16f]",utb6 case 3: scale 2DE0A0's first angular limit for its repeated +B0 turn,56F760,selected,K*s = 0.174533 at 679C0C,slot 82BC,,,
56FAA1,objects,lin,"movss xmm0, dword ptr [rip + 0x10a18b]",utb6 case 3: scale 2DE0A0's second angular limit for its repeated +B4 turn,56F760,selected,K*s = 0.0698132 at 679C34,slot 82C0,,,
56FCB4,objects,lin,"movss xmm1, dword ptr [rip + 0x109fd4]",utb6 case 5: scale 2DE0A0's first angular limit for its repeated +B0 turn,56F760,selected,K*s = 0.0523599 at 679C90,slot 82C4,,,
56FCC0,objects,lin,"movss xmm0, dword ptr [rip + 0x109f6c]",utb6 case 5: scale 2DE0A0's second angular limit for its repeated +B4 turn,56F760,selected,K*s = 0.0698132 at 679C34,slot 82C0,,,
56FDFD,objects,srcblend,"mulss xmm1, dword ptr [rdi + 0xe14]",utb6 case 5: position x approaches the computed target by dynamic +E14 each tick,56F760,selected,xmm5 dead after the site on every path; flags dead after,56FDFD,32300,xmm5,2587
56FE1E,objects,srcblend,"mulss xmm1, dword ptr [rdi + 0xe14]",utb6 case 5: position y uses the same +E14 approach factor,56F760,selected,xmm5 dead after the site on every path; flags dead after,56FE1E,32390,xmm5,2588
56FE41,objects,srcblend,"mulss xmm1, dword ptr [rdi + 0xe14]",utb6 case 5: position z uses the same +E14 approach factor,56F760,selected,xmm5 dead after the site on every path; flags dead after,56FE41,32420,xmm5,2589
56FE5B,objects,countlast,"addss xmm0, dword ptr [rip + 0x10a08d]","utb6 case 5: hold +E14 through the stock period and add the full 0.04 on its last tick, after the converted approach",56F760,selected,"a change: skipped, the rate is kept; arithmetic flags overwritten before use",56FE5B,324B0,,2590
56FE7E,objects,lin,"movss xmm0, dword ptr [rip + 0x109dae]",utb6 case 7: a shared literal bounds both +B0 and +B4 changes returned by 2DE0A0 every tick,56F760,selected,K*s = 0.0698132 at 679C34,slot 82C0,,,
56FF02,objects,count,"mov word ptr [rdi + 0xe3c], ax","utb6 case 7: commit +E3C's increment once per stock tick; the following comparison reads the advanced ax, so its transition can be up to three quarters of a stock tick early at 120",56F760,selected,arithmetic flags overwritten before use,56FF02,32510,,2591
56FF59,objects,lin,"movss xmm1, dword ptr [rip + 0x112863]",utb6 case 9: scale 2DE0A0's first angular limit for its repeated +B0 turn,56F760,selected,K*s = 0.558505 at 6827C4,slot 82C8,,,
56FF65,objects,lin,"movss xmm0, dword ptr [rip + 0x109d13]",utb6 case 9: scale 2DE0A0's second angular limit for its repeated +B4 turn,56F760,selected,K*s = 0.10472 at 679C80,slot 82CC,,,
56FFE6,objects,callscale,call 0x1802da410,"utb6 case 9: 2DA410 moves position by stock-valued +E48 each tick; scale the caller-local distance argument, while +E48's own rise and decay retain their cadence",56F760,selected,"call 2DA410; rel32 retargeted (5 bytes, no window)",call 387,3BF90,,2592
570078,objects,lin,"movss xmm1, dword ptr [rip + 0x109bb4]",utb6 case 11: scale 2DE0A0's first angular limit for its repeated +B0 turn,56F760,selected,K*s = 0.0698132 at 679C34,slot 82C0,,,
570084,objects,lin,"movss xmm0, dword ptr [rip + 0x109bf4]",utb6 case 11: scale 2DE0A0's second angular limit for its repeated +B4 turn,56F760,selected,K*s = 0.10472 at 679C80,slot 82CC,,,
570105,objects,callscale,call 0x1802da410,utb6 case 11: 2DA410 moves position by stock-valued +E48 each tick; scale only this call's distance,56F760,selected,"call 2DA410; rel32 retargeted (5 bytes, no window)",call 388,3BFB0,,2593
33BC15,objects,pre,"addss xmm1, dword ptr [rdi + 0xe28]",cBallObj: scale the per-tick x acceleration from +1130 times +FE8 before adding it to persistent +E28,33BB7D,selected,addss is commutative: the step in xmm1 is scaled first,33BC15,1E1A0,,1368
33BC1D,objects,pre,"addss xmm0, dword ptr [rdi + 0xe20]",cBallObj: scale the per-tick z acceleration from +1130 times +FE0 before adding it to persistent +E20,33BB7D,selected,addss is commutative: the step in xmm0 is scaled first,33BC1D,1E1C0,,1369
33BDA8,objects,pre,"addss xmm0, dword ptr [rdi + 0xe20]","cBallObj shake, phase 0-9: scale the sine impulse before adding it to persistent +E20",33BD5D,selected,addss is commutative: the step in xmm0 is scaled first,33BDA8,1E220,,1372
33BDC8,objects,pre,"addss xmm0, dword ptr [rdi + 0xe28]","cBallObj shake, phase 0-9: scale the cosine impulse before adding it to persistent +E28",33BD5D,selected,addss is commutative: the step in xmm0 is scaled first,33BDC8,1E240,,1373
33BE52,objects,pre,"addss xmm1, dword ptr [rdi + 0xe20]","cBallObj shake, phase 11-19, odd cycle: scale the cosine impulse before adding it to +E20",33BDF4,selected,addss is commutative: the step in xmm1 is scaled first,33BE52,1E260,,1374
33BE5A,objects,src,"subss xmm0, xmm8","cBallObj shake, phase 11-19, odd cycle: scale the sine impulse in xmm8 before subtracting it from +E28",33BDF4,selected,xmm5 dead after the site on every path,33BE5A,1E280,xmm5,1375
33BE79,objects,pre,"addss xmm8, dword ptr [rdi + 0xe28]","cBallObj shake, phase 11-19, even cycle: scale the sine impulse before adding it to +E28",33BDF4,selected,addss is commutative: the step in xmm8 is scaled first,33BE79,1E2A0,,1376
33BE82,objects,src,"subss xmm0, xmm1","cBallObj shake, phase 11-19, even cycle: scale the cosine impulse in xmm1 before subtracting it from +E20",33BDF4,selected,xmm5 dead after the site on every path,33BE82,1E2C0,xmm5,1377
33BECE,objects,pre,"addss xmm0, dword ptr [rdi + 0xe20]","cBallObj shake, phase 21-29: scale the sine impulse before adding it to +E20",33BEB1,selected,addss is commutative: the step in xmm0 is scaled first,33BECE,1E2F0,,1378
33BEE6,objects,pre,"addss xmm0, dword ptr [rdi + 0xe28]","cBallObj shake, phase 21-29: scale the cosine impulse before adding it to +E28",33BEB1,selected,addss is commutative: the step in xmm0 is scaled first,33BEE6,1E310,,1379
33BFF7,objects,src,"addss xmm0, dword ptr [rdi + 0xe20]",cBallObj airborne branch: move x by one high-rate share of persistent +E20,33BF0C,selected,xmm5 dead after the site on every path,33BFF7,1E3B0,xmm5,1383
33C00F,objects,src,"addss xmm0, dword ptr [rdi + 0xe28]",cBallObj airborne branch: move z by one high-rate share of persistent +E28,33BF0C,selected,xmm5 dead after the site on every path,33C00F,1E3E0,xmm5,1384
33C030,objects,src,"addss xmm0, dword ptr [rdi + 0xe20]",cBallObj grounded branch: move x by one high-rate share of persistent +E20,33BF0C,selected,xmm5 dead after the site on every path,33C030,1E410,xmm5,1385
33C048,objects,src,"addss xmm0, dword ptr [rdi + 0xe28]",cBallObj grounded branch: move z by one high-rate share of persistent +E28,33BF0C,selected,xmm5 dead after the site on every path,33C048,1E440,xmm5,1386
33C09D,objects,notyet,"cmp r9d, eax",cBallObj moving sound: a held +116C multiple of ten must not play again between stock ticks,33BF0C,selected,"its flags' one branch goes to 33C0E3 with ZF=OF=0, SF=0",33C09D,1E470,,1387
33C0E3,objects,count,inc word ptr [rdi + 0x116c],cBallObj moving sound: advance +116C once per stock tick after the modulo test,33BF0C,selected,arithmetic flags overwritten before use,33C0E3,1E4E0,,1388
33C0F4,objects,ulast,"movss xmm1, dword ptr [rdi + 0x1128]",cBallObj: hold dynamic +1128 drag until the last tick before damping both +E20 and +E28,33BF0C,selected,the factor's next reader multiplies by it,33C0F4,1E540,,1389
570A9B,objects,lin,"movss xmm1, dword ptr [rip + 0x109169]",utb7 state 1: scale the first 2DE0A0 angular limit for the repeated +B0 turn,57093A,selected,K*s = 0.174533 at 679C0C,slot 82BC,,,
570AA7,objects,lin,"movss xmm0, dword ptr [rip + 0x109185]",utb7 state 1: scale the second angular limit for +B4,57093A,selected,K*s = 0.0698132 at 679C34,slot 82C0,,,
570C88,objects,lin,"movss xmm1, dword ptr [rip + 0x108f7c]",utb7 state 3: scale the first angular limit for +B0,57093A,selected,K*s = 0.174533 at 679C0C,slot 82BC,,,
570C94,objects,lin,"movss xmm0, dword ptr [rip + 0x108f98]",utb7 state 3: scale the second angular limit for +B4,57093A,selected,K*s = 0.0698132 at 679C34,slot 82C0,,,
570EE9,objects,lin,"movss xmm1, dword ptr [rip + 0x108d1b]",utb7 state 5: scale the first angular limit for +B0,57093A,selected,K*s = 0.174533 at 679C0C,slot 82BC,,,
570EF5,objects,lin,"movss xmm0, dword ptr [rip + 0x108d37]",utb7 state 5: scale the second angular limit for +B4,57093A,selected,K*s = 0.0698132 at 679C34,slot 82C0,,,
57110A,objects,lin,"movss xmm1, dword ptr [rip + 0x1116b2]",utb7 state 7: scale the first angular limit for +B0,57093A,selected,K*s = 0.558505 at 6827C4,slot 82C8,,,
571116,objects,lin,"movss xmm0, dword ptr [rip + 0x108b62]",utb7 state 7: scale the second angular limit for +B4,57093A,selected,K*s = 0.10472 at 679C80,slot 82CC,,,
571229,objects,lin,"movss xmm1, dword ptr [rip + 0x1016f7]",utb7 state 9: scale the first angular limit for +B0,57093A,selected,K*s = 0.0174533 at 672928,slot 82B8,,,
571235,objects,lin,"movss xmm0, dword ptr [rip + 0x1089f7]",utb7 state 9: scale the second angular limit for +B4,57093A,selected,K*s = 0.0698132 at 679C34,slot 82C0,,,
570E18,objects,src,"addss xmm0, xmm7","utb7 state 3: material 1 alpha rises by 0.05 per stock tick, clamped to one",57093A,selected,xmm5 dead after the site on every path,570E18,32710,xmm5,2598
570E52,objects,src,"subss xmm0, xmm7","utb7 state 3: material 0 alpha falls by 0.05 per stock tick, clamped to zero",57093A,selected,xmm5 dead after the site on every path,570E52,32730,xmm5,2599
570FEC,objects,src,"addss xmm0, xmm1",utb7 state 5: add one high-rate share of the stock-valued +E18 rise to the target height,57093A,selected,xmm5 dead after the site on every path,570FE7,32750,xmm5,2600
570FF0,objects,countlast,"addss xmm1, dword ptr [rip + 0x104a38]",utb7 state 5: advance +E18 by the full 0.3 only after the last move in a stock period,57093A,selected,"a change: skipped, the rate is kept; arithmetic flags overwritten before use",570FF0,32780,,2601
287E35,actor,lin,"movss xmm6, dword ptr [rip + 0x3f98bb]",em4d/em50 material channels 4 and 5: scale their shared fade step in xmm6 for all sixteen +50/+54/+58 updates,287DD0,selected,K*s = 0.075 at 6816F8,slot 82D0,,,
36A665,objects,lin,"movss xmm6, dword ptr [rip + 0x31708b]",cKiType023 material channels 4 and 5: scale their shared fade step in xmm6 for all sixteen +50/+54/+58 updates,36A600,selected,K*s = 0.075 at 6816F8,slot 82D4,,,
2E2FBD,objects,lin,"movss xmm0, dword ptr [rip + 0x4bd173]",et08 material 0 V: scale the -0.03 scroll step before the wrap checks,2E2FA0,selected,K*s = -0.03 at 7A0138,slot 82D8,,,
2E300D,objects,lin,"movss xmm0, dword ptr [rip + 0x4bd127]",et08 material 1 V: scale the -0.03 scroll step,2E2FA0,selected,K*s = -0.03 at 7A013C,slot 82DC,,,
2E304D,objects,lin,"movss xmm0, dword ptr [rip + 0x4bd0eb]",et08 material 3 V: scale the -0.06 scroll step,2E2FA0,selected,K*s = -0.06 at 7A0140,slot 82E0,,,
2E308D,objects,lin,"movss xmm0, dword ptr [rip + 0x4bd0af]",et08 material 5 V: scale the -0.06 scroll step,2E2FA0,selected,K*s = -0.06 at 7A0144,slot 82E4,,,
2E30CD,objects,lin,"movss xmm0, dword ptr [rip + 0x4bd073]",et08 material 7 V: scale the -0.03 scroll step,2E2FA0,selected,K*s = -0.03 at 7A0148,slot 82E8,,,
2E310D,objects,lin,"movss xmm0, dword ptr [rip + 0x4bd037]",et08 material 8 V: scale the -0.03 scroll step,2E2FA0,selected,K*s = -0.03 at 7A014C,slot 82EC,,,
532C5F,objects,lin,"movss xmm0, dword ptr [rip + 0x28cb05]",ut1d material 0 U: scale the 0.008 scroll step before wrapping,532BC0,selected,K*s = 0.008 at 7BF76C,slot 82F0,,,
532CA2,objects,lin,"movss xmm0, dword ptr [rip + 0x28cad2]",ut1d material 0 V: scale the 0.01 scroll step,532BC0,selected,K*s = 0.01 at 7BF77C,slot 82F4,,,
532CE2,objects,lin,"movss xmm0, dword ptr [rip + 0x28ca7e]",ut1d material 1 U: scale the 0.008 scroll step,532BC0,selected,K*s = 0.008 at 7BF768,slot 82F8,,,
532D18,objects,lin,"movss xmm0, dword ptr [rip + 0x28ca58]",ut1d material 1 V: scale the -0.01 scroll step,532BC0,selected,K*s = -0.01 at 7BF778,slot 82FC,,,
532DB7,objects,lin,"movss xmm0, dword ptr [rip + 0x28c9b1]",ut1d material 2 U: scale the 0.01 scroll step,532BC0,selected,K*s = 0.01 at 7BF770,slot 8300,,,
220A3F,objects,lin,"movss xmm6, dword ptr [rip + 0x4513bd]",ut63 states 3 and colour fade: scale the sole xmm6 step used by material +50/+54/+58/+5C and object +D20/+D24/+D28,2209E0,selected,K*s = 0.1 at 671E04,slot 810C,,,
220AED,objects,lin,"movss xmm2, dword ptr [rip + 0x451e37]",ut63 state 1: scale the sole xmm2 step used by the four material channels before their clamp to one,2209E0,selected,K*s = 0.2 at 67292C,slot 8304,,,
571197,objects,callscale,call 0x1802da410,"utb7 state 7: scale only the caller-local distance passed to 2DA410, keeping +E48 stock-valued",57093A,selected,"call 2DA410; rel32 retargeted (5 bytes, no window)",call 389,3BFD0,,2602
5712C2,objects,lin,"addss xmm0, dword ptr [rip + 0x10093e]",utb7 state 9: position y rises by one stock unit each tick until the +D2C countdown ends,57093A,selected,K*s = 1 at 671C08,slot 8308,,,
23F8E4,actor,lin,"movss xmm6, dword ptr [rip + 0x438e90]",common em00.. enemy material fade: scale the caller's shared xmm6 step passed as xmm3 to all ten RGB helper calls,23F8D0,selected,K*s = 0.025 at 67877C,slot 830C,,,
33A875,objects,lin,"movss xmm7, dword ptr [rip + 0x33cd73]",cBallObj et9a wp1e: scale the shared material 1-4 U scroll step,33A865,selected,K*s = 0.05 at 6775F0,slot 8310,,,
4D11A6,objects,lin,"movss xmm7, dword ptr [rip + 0x1a6442]",et69: scale the shared material 1-4 U scroll step,4D1180,selected,K*s = 0.05 at 6775F0,slot 8310,,,
598B56,objects,lin,"movss xmm7, dword ptr [rip + 0xdea92]",598B10: scale the shared material 1-4 negative U scroll step and earlier colour step,598B3C,selected,K*s = 0.05 at 6775F0,slot 8310,,,
3933E8,objects,src,"subss xmm0, xmm8",wp20 material 1 U: scale the shared 0.05 before subtraction,3933C4,selected,xmm5 dead after the site on every path,3933E8,212D0,xmm5,1614
393412,objects,src,"subss xmm0, xmm8",wp20 material 2 U: scale the shared 0.05 before subtraction,3933C4,selected,xmm5 dead after the site on every path,393412,212F0,xmm5,1615
39343C,objects,src,"subss xmm0, xmm8",wp20 material 3 U: scale the shared 0.05 before subtraction,3933C4,selected,xmm5 dead after the site on every path,39343C,21310,xmm5,1616
393466,objects,src,"subss xmm0, xmm8",wp20 material 4 U: scale the shared 0.05 before subtraction,3933C4,selected,xmm5 dead after the site on every path,393466,21330,xmm5,1617
3973F2,objects,src,"addss xmm0, xmm8",wp35 first material 0 U: scale the shared 0.05 before addition,397346,selected,xmm5 dead after the site on every path,3973F2,21610,xmm5,1630
39741C,objects,src,"addss xmm0, xmm8",wp35 first material 1 U: scale the shared 0.05 before addition,397346,selected,xmm5 dead after the site on every path,39741C,21630,xmm5,1631
397558,objects,src,"addss xmm0, xmm8",wp35 second material 0 U: scale the shared 0.05 before addition,397346,selected,xmm5 dead after the site on every path,397558,21650,xmm5,1632
397582,objects,src,"addss xmm0, xmm8",wp35 second material 1 U: scale the shared 0.05 before addition,397346,selected,xmm5 dead after the site on every path,397582,21670,xmm5,1633
1DC835,actor,blend,"mulss xmm3, dword ptr [rip + 0x4955c7]",an03 +E48: approach the distance-dependent target by 0.1 per stock tick,1DC780,selected,1-(1-K)^s = 0.1 at 671E04,slot 8168,,,
1DC855,actor,blend,"mulss xmm2, dword ptr [rip + 0x4955a7]",an03 +E4C: approach the distance-dependent target by 0.1 per stock tick,1DC780,selected,1-(1-K)^s = 0.1 at 671E04,slot 8168,,,
304989,actor,blend,"mulss xmm1, dword ptr [rip + 0x372c5f]",hm3c X: compound the 0.05 approach factor,304950,selected,1-(1-K)^s = 0.05 at 6775F0,slot 81FC,,,
3049AB,actor,blend,"mulss xmm1, dword ptr [rip + 0x372c3d]",hm3c Z: compound the 0.05 approach factor,304950,selected,1-(1-K)^s = 0.05 at 6775F0,slot 81FC,,,
33ACE5,objects,root,"movss xmm6, dword ptr [rip + 0x337117]",cBallObj: compound the shared 0.1 momentum decay for all three vector components in all three branches,33ACA4,selected,flags dead after the copy (33ACED on),33ACE5,1E0D0,,1365
2F1AC4,objects,lin,"movss xmm0, dword ptr [rip + 0x4ae7a8]",et67 material 3 V: scale the 0.008 scroll step,2F1AB8,selected,K*s = 0.008 at 7A0274,slot 8314,,,
2F1B3E,objects,lin,"movss xmm0, dword ptr [rip + 0x4ae732]",et67 submodel 5 angle: scale the 0.03 rotation step,2F1AB8,selected,K*s = 0.03 at 7A0278,slot 8318,,,
2F1B63,objects,lin,"movss xmm0, dword ptr [rip + 0x4ae709]",et67 material 4 V: scale the 0.008 scroll step,2F1AB8,selected,K*s = 0.008 at 7A0274,slot 8314,,,
396D48,objects,lin,"movss xmm2, dword ptr [rip + 0x2db0b4]",wp2a material 1 RGB: scale the downward 0.1 step,396D15,selected,K*s = 0.1 at 671E04,slot 810C,,,
396D90,objects,lin,"movss xmm2, dword ptr [rip + 0x2db06c]",wp2a material 1 RGB: scale the upward 0.1 step,396D15,selected,K*s = 0.1 at 671E04,slot 810C,,,
562C77,objects,lin,"movss xmm2, dword ptr [rip + 0x10f185]",uta6 material 3 RGB: scale the downward 0.1 step,562C50,selected,K*s = 0.1 at 671E04,slot 810C,,,
562CCF,objects,lin,"movss xmm2, dword ptr [rip + 0x10f12d]",uta6 material 3 RGB: scale the upward 0.1 step,562C50,selected,K*s = 0.1 at 671E04,slot 810C,,,
39A2D8,objects,lin,"movss xmm2, dword ptr [rip + 0x2d7b24]",wp3a material 1 RGB: scale the downward 0.1 step,39A2A5,selected,K*s = 0.1 at 671E04,slot 810C,,,
39A320,objects,lin,"movss xmm2, dword ptr [rip + 0x2d7adc]",wp3a material 1 RGB: scale the upward 0.1 step,39A2A5,selected,K*s = 0.1 at 671E04,slot 810C,,,
563E07,objects,lin,"movss xmm2, dword ptr [rip + 0x10eb1d]",uta7 material 2 RGB: scale the downward 0.2 step,563DE0,selected,K*s = 0.2 at 67292C,slot 8304,,,
563E52,objects,lin,"movss xmm2, dword ptr [rip + 0x10ead2]",uta7 material 2 RGB: scale the upward 0.2 step,563DE0,selected,K*s = 0.2 at 67292C,slot 8304,,,
3609A1,objects,lin,"movss xmm2, dword ptr [rip + 0x31145b]",es60 material 0 RGB: scale the downward 0.1 step,3608E0,selected,K*s = 0.1 at 671E04,slot 810C,,,
3609E9,objects,lin,"movss xmm2, dword ptr [rip + 0x311413]",es60 material 0 RGB: scale the upward 0.1 step,3608E0,selected,K*s = 0.1 at 671E04,slot 810C,,,
3FAE87,objects,count,"add byte ptr [rdi + 0x71], 0xf",compass sector 1: advance color byte +71 once per stock tick,3FAE20,selected,arithmetic flags overwritten before use,3FAE85,27870,,2000
3FAE8B,objects,count,"add byte ptr [rdi + 0x72], 0xf1",compass sector 1: advance color byte +72 once per stock tick,3FAE20,selected,arithmetic flags overwritten before use,3FAE8B,278D0,,2001
3FAE8F,objects,count,"add byte ptr [rdi + 0x73], 0xf1",compass sector 1: advance color byte +73 once per stock tick,3FAE20,selected,arithmetic flags overwritten before use,3FAE8B,278D0,,2002
3FAE93,objects,count,"add byte ptr [rdi + 0x70], 0xf1",compass sector 1: advance color byte +70 once per stock tick,3FAE20,selected,arithmetic flags overwritten before use,3FAE8B,278D0,,2003
3FAEA1,objects,count,"add byte ptr [rdi + 0x72], 0xf",compass sector 2: advance color byte +72 once per stock tick,3FAE20,selected,arithmetic flags overwritten before use,3FAE9F,279D0,,2004
3FAEA5,objects,count,"add byte ptr [rdi + 0x73], 0xf1",compass sector 2: advance color byte +73 once per stock tick,3FAE20,selected,arithmetic flags overwritten before use,3FAEA5,27A30,,2005
3FAEA9,objects,count,"add byte ptr [rdi + 0x71], 0xf1",compass sector 2: advance color byte +71 once per stock tick,3FAE20,selected,arithmetic flags overwritten before use,3FAEA5,27A30,,2006
3FAEAD,objects,count,"add byte ptr [rdi + 0x70], 0xf1",compass sector 2: advance color byte +70 once per stock tick,3FAE20,selected,arithmetic flags overwritten before use,3FAEA5,27A30,,2007
3FAEBC,objects,count,"add byte ptr [rdi + 0x73], 0xf",compass sector 3: advance color byte +73 once per stock tick,3FAE20,selected,arithmetic flags overwritten before use,3FAEBA,27B30,,2008
3FAEC0,objects,count,"add byte ptr [rdi + 0x72], 0xf1",compass sector 3: advance color byte +72 once per stock tick,3FAE20,selected,arithmetic flags overwritten before use,3FAEC0,27B90,,2009
3FAEC4,objects,count,"add byte ptr [rdi + 0x71], 0xf1",compass sector 3: advance color byte +71 once per stock tick,3FAE20,selected,arithmetic flags overwritten before use,3FAEC0,27B90,,2010
3FAEC8,objects,count,"add byte ptr [rdi + 0x70], 0xf1",compass sector 3: advance color byte +70 once per stock tick,3FAE20,selected,arithmetic flags overwritten before use,3FAEC0,27B90,,2011
3FAED7,objects,count,"add byte ptr [rdi + 0x70], 0xf",compass sector 4: advance color byte +70 once per stock tick,3FAE20,selected,arithmetic flags overwritten before use,3FAED5,27C90,,2012
3FAEDB,objects,count,"add byte ptr [rdi + 0x73], 0xf1",compass sector 4: advance color byte +73 once per stock tick,3FAE20,selected,arithmetic flags overwritten before use,3FAEDB,27CF0,,2013
3FAEDF,objects,count,"add byte ptr [rdi + 0x72], 0xf1",compass sector 4: advance color byte +72 once per stock tick,3FAE20,selected,arithmetic flags overwritten before use,3FAEDB,27CF0,,2014
3FAEE3,objects,count,"add byte ptr [rdi + 0x71], 0xf1",compass sector 4: advance color byte +71 once per stock tick,3FAE20,selected,arithmetic flags overwritten before use,3FAEDB,27CF0,,2015
224B03,objects,pre,"addss xmm0, dword ptr [rax + 0x60]",ut6f: scale each table-driven material U scroll step before adding it,224ACF,selected,addss is commutative: the step in xmm0 is scaled first,224B03,12C70,,401
279B67,objects,src,"addss xmm0, xmm8",em2c material channel +54: scale the 0.05 increment,279B00,selected,xmm5 dead after the site on every path,279B67,16520,xmm5,746
279B89,objects,src,"addss xmm0, xmm8",em2c material channel +58: scale the 0.05 increment,279B00,selected,xmm5 dead after the site on every path,279B89,16540,xmm5,747
31D5BB,objects,lin,"addss xmm0, dword ptr [rip + 0x35a02d]",hm10 material 2 alpha: scale rising 0.05,31D560,selected,K*s = 0.05 at 6775F0,slot 8310,,,
31D5F3,objects,lin,"subss xmm0, dword ptr [rip + 0x359ff5]",hm10 material 2 alpha: scale falling 0.05,31D560,selected,K*s = 0.05 at 6775F0,slot 8310,,,
31E8E7,objects,lin,"subss xmm0, dword ptr [rip + 0x358d01]",hm19 material 1 alpha: scale falling 0.05,31E8A0,selected,K*s = 0.05 at 6775F0,slot 8310,,,
31E8F9,objects,lin,"addss xmm0, dword ptr [rip + 0x358cef]",hm19 material 2 alpha: scale rising 0.05,31E8A0,selected,K*s = 0.05 at 6775F0,slot 8310,,,
331D5B,objects,lin,"addss xmm0, dword ptr [rip + 0x34588d]",hm6e material 2 alpha: scale rising 0.05,331D00,selected,K*s = 0.05 at 6775F0,slot 8310,,,
331D93,objects,lin,"subss xmm0, dword ptr [rip + 0x345855]",hm6e material 2 alpha: scale falling 0.05,331D00,selected,K*s = 0.05 at 6775F0,slot 8310,,,
331F3B,objects,lin,"addss xmm0, dword ptr [rip + 0x3456ad]",hm6f material 2 alpha: scale rising 0.05,331EE0,selected,K*s = 0.05 at 6775F0,slot 8310,,,
331F73,objects,lin,"subss xmm0, dword ptr [rip + 0x345675]",hm6f material 2 alpha: scale falling 0.05,331EE0,selected,K*s = 0.05 at 6775F0,slot 8310,,,
2E84EC,objects,lin,"movss xmm1, dword ptr [rip + 0x4b7cd8]",et24 material 0 U: scale the -0.01 scroll step,2E83E0,selected,K*s = -0.01 at 7A01CC,slot 831C,,,
515A7F,objects,lin,"movss xmm1, dword ptr [rip + 0x2a2cfd]",es13 material 1 U: scale the -0.01 scroll step,515970,selected,K*s = -0.01 at 7B8784,slot 8320,,,
5A977F,objects,lin,"addss xmm0, dword ptr [rip + 0xd9011]",utf0 material 1 U state A: scale the 0.002 scroll step,5A9750,selected,K*s = 0.002 at 682798,slot 8324,,,
5A9789,objects,lin,"addss xmm0, dword ptr [rip + 0xc92af]",utf0 material 1 U state B: scale the 0.01 scroll step,5A9750,selected,K*s = 0.01 at 672A40,slot 8328,,,
341CFF,objects,blend,"movss xmm4, dword ptr [rip + 0x333d29]",cEnemyObj 341BE0 state 4: compound the 0.3 material RGB approach,341CAE,selected,1-(1-K)^s = 0.3 at 675A30,slot 82A4,,,
341EA4,objects,blend,"movss xmm2, dword ptr [rip + 0x337dc8]",cEnemyObj 341BE0 state 0: compound the 0.4 material RGB approach,341D8A,selected,1-(1-K)^s = 0.4 at 679C74,slot 82A8,,,
342909,objects,blend,"movss xmm2, dword ptr [rip + 0x33311f]",cEnemyObj 3426A0 state 3: compound the 0.3 material RGB approach,3426A0,selected,1-(1-K)^s = 0.3 at 675A30,slot 82A4,,,
3429DF,objects,blend,"movss xmm2, dword ptr [rip + 0x333049]",cEnemyObj 3426A0 state 0: compound the 0.3 material RGB approach,3426A0,selected,1-(1-K)^s = 0.3 at 675A30,slot 82A4,,,
342CDE,objects,blend,"movss xmm2, dword ptr [rip + 0x332d4a]",cEnemyObj 342AC0: compound the 0.3 material RGB approach,342BBA,selected,1-(1-K)^s = 0.3 at 675A30,slot 82A4,,,
2F3F56,objects,lin,"movss xmm6, dword ptr [rip + 0x384932]",et6f: scale the 0.03 U step shared by its three materials,2F3F40,selected,K*s = 0.03 at 678890,slot 832C,,,
5A5B9B,objects,lin,"movss xmm7, dword ptr [rip + 0xcc261]",utce: scale the 0.1 alpha step shared by four materials,5A5AD0,selected,K*s = 0.1 at 671E04,slot 810C,,,
32CA91,objects,lin,"movss xmm6, dword ptr [rip + 0x34ab57]",hm5d: scale the 0.05 alpha step in both branches,32CA40,selected,K*s = 0.05 at 6775F0,slot 8310,,,
32D132,objects,lin,"movss xmm6, dword ptr [rip + 0x34a4b6]",hm5e: scale the 0.05 alpha step in both branches,32D0C0,selected,K*s = 0.05 at 6775F0,slot 8310,,,
57BC2D,objects,blend,"mulss xmm1, dword ptr [rip + 0xf6cf7]",ut2c: compound the first material alpha approach,57BC12,selected,1-(1-K)^s = 0.2 at 67292C,slot 8330,,,
57BC46,objects,blend,"mulss xmm6, dword ptr [rip + 0xf6cde]",ut2c: compound the second material alpha approach,57BC12,selected,1-(1-K)^s = 0.2 at 67292C,slot 8330,,,
2D4A56,objects,lin,"mulss xmm0, dword ptr [rip + 0x3a3e32]",em6a: scale the random U/V scroll step before the helper call,2D48E0,selected,K*s = 0.03 at 678890,slot 832C,,,
35E637,objects,lin,"mulss xmm6, dword ptr [rip + 0x31a251]",es18: scale the random U/V scroll step before both helper calls,35E627,selected,K*s = 0.03 at 678890,slot 832C,,,
21DF5F,objects,pre,"addss xmm0, dword ptr [rax + 0x60]",ut52 material 1 U: scale the +1078 step before addition,21DF45,selected,addss is commutative: the step in xmm0 is scaled first,21DF5F,12410,,377
21DF91,objects,src,"subss xmm0, dword ptr [rbx + 0x1078]",ut52 material 0 U: scale the +1078 step before subtraction,21DF45,selected,xmm5 dead after the site on every path,21DF91,12430,xmm5,378
41C2EE,menu,lin,"mulss xmm6, dword ptr [rip + 0x2590da]",cSubScrFilesEnemy: scale the signed file carousel step from input,41C1B2,selected,K*s = 0.03125 at 6753D0,slot 8334,,,
205098,actor,lin,"movss xmm0, dword ptr [rip + 0x474e50]",anff: scale the 0.04 rise/fall step shared by three channels,204EFF,selected,K*s = 0.04 at 679EF0,slot 8338,,,
322567,actor,count,"add byte ptr [rdi + 0x1315], 0xff",hm27 phase 1: step the +1315 countdown once per stock tick,3223B0,selected,countdown not finished: 32256E jne,322567,1D630,,1330
32276A,actor,count,"add byte ptr [rdi + 0x1315], 0xff",hm27 phase 3: step the +1315 countdown once per stock tick,3223B0,selected,countdown not finished: 322771 je,32276A,1D700,,1334
322714,actor,pre,"addss xmm0, dword ptr [r15]",hm27 submodel X: scale the byte-derived displacement,3223B0,selected,addss is commutative: the step in xmm0 is scaled first,322714,1D6A0,,1331
322731,actor,pre,"addss xmm0, dword ptr [rsi + 0x84]",hm27 submodel Y: scale the byte-derived displacement,3223B0,selected,addss is commutative: the step in xmm0 is scaled first,322731,1D6C0,,1332
322754,actor,pre,"addss xmm0, dword ptr [rsi + 0x88]",hm27 submodel Z: scale the byte-derived displacement,3223B0,selected,addss is commutative: the step in xmm0 is scaled first,322754,1D6E0,,1333
33793A,actor,count,"add byte ptr [rdi + 0x1315], 0xff",hmd1 phase 1: step the +1315 countdown once per stock tick,3377F0,selected,countdown not finished: 337941 jne,33793A,1DE40,,1356
337B31,actor,count,"add byte ptr [rdi + 0x1315], 0xff",hmd1 phase 3: step the +1315 countdown once per stock tick,3377F0,selected,countdown not finished: 337B38 je,337B31,1DF10,,1360
337ADD,actor,pre,"addss xmm0, dword ptr [r15]",hmd1 submodel X: scale the byte-derived displacement,3377F0,selected,addss is commutative: the step in xmm0 is scaled first,337ADD,1DEB0,,1357
337AF9,actor,pre,"addss xmm0, dword ptr [rsi + 0x84]",hmd1 submodel Y: scale the byte-derived displacement,3377F0,selected,addss is commutative: the step in xmm0 is scaled first,337AF9,1DED0,,1358
337B1B,actor,pre,"addss xmm0, dword ptr [rsi + 0x88]",hmd1 submodel Z: scale the byte-derived displacement,3377F0,selected,addss is commutative: the step in xmm0 is scaled first,337B1B,1DEF0,,1359
337B69,actor,lin,"addss xmm0, dword ptr [rip + 0x34210f]",hmd1 submodel 18: scale the 0.1047198 wrapped angle step,3377F0,selected,K*s = 0.10472 at 679C80,slot 81E0,,,
35E2EC,actor,lin,"addss xmm0, dword ptr [rip + 0x34551c]",es17 state 2: scale the fixed 4.396552 opacity step,35E2CA,selected,K*s = 4.39655 at 6A3810,slot 833C,,,
35E311,actor,lin,"mulss xmm0, dword ptr [rip + 0x31b69b]",es17 state 1: scale the sinusoid-derived opacity fall,35E2CA,selected,K*s = 4 at 6799B4,slot 81A4,,,
35E359,actor,lin,"mulss xmm0, dword ptr [rip + 0x316bff]",es17 state 0: scale the sinusoid-derived opacity rise,35E2CA,selected,K*s = 8 at 674F60,slot 8340,,,
35E39A,actor,lin,"addss xmm0, dword ptr [rip + 0x313a66]",es17: scale the 0.5 wrapped angle step,35E2CA,selected,K*s = 0.5 at 671E08,slot 8140,,,
19E26F,actor,pre,"addss xmm0, dword ptr [rsi + 0x2c4]",esp04 X: scale the random displacement before adding it,19E210,selected,addss is commutative: the step in xmm0 is scaled first,19E26F,EA30,,128
19E294,actor,pre,"addss xmm0, dword ptr [rsi + 0x2d4]",esp04 yaw: scale the random rotation before wrapping,19E210,selected,addss is commutative: the step in xmm0 is scaled first,19E294,EA50,,129
19E2E0,actor,pre,"addss xmm0, dword ptr [rsi + 0x2d0]",esp04 Z: scale the random displacement before adding it,19E210,selected,addss is commutative: the step in xmm0 is scaled first,19E2E0,EA70,,130
40E07E,menu,count,"add byte ptr [rax + 0x38], 0x10",cSubScrItem state 2 sprite 12 red: step once per stock menu tick,40DFD0,selected,arithmetic flags overwritten before use,40E07A,28D40,,2060
40E090,menu,count,"add byte ptr [rax + 0x39], 0x10",cSubScrItem state 2 sprite 12 green: step once per stock menu tick,40DFD0,selected,arithmetic flags overwritten before use,40E08C,28DA0,,2061
40E0A2,menu,count,"add byte ptr [rax + 0x3a], 0x10",cSubScrItem state 2 sprite 12 blue: step once per stock menu tick,40DFD0,selected,arithmetic flags overwritten before use,40E09E,28E00,,2062
40E0C9,menu,count,"add byte ptr [rax + 0x38], 0x10",cSubScrItem state 1 sprite 11 red: step once per stock menu tick,40DFD0,selected,arithmetic flags overwritten before use,40E0C5,28E60,,2063
40E0DB,menu,count,"add byte ptr [rax + 0x39], 0x10",cSubScrItem state 1 sprite 11 green: step once per stock menu tick,40DFD0,selected,arithmetic flags overwritten before use,40E0D7,28EC0,,2064
40E0ED,menu,count,"add byte ptr [rax + 0x3a], 0x10",cSubScrItem state 1 sprite 11 blue: step once per stock menu tick,40DFD0,selected,arithmetic flags overwritten before use,40E0E9,28F20,,2065
40E0FB,menu,count,"add byte ptr [rax + 0x3b], 0x10",cSubScrItem state 1 sprite 11 alpha: step once per stock menu tick,40DFD0,selected,arithmetic flags overwritten before use,40E0FB,28F80,,2066
50E980,objects,src,"addsd xmm0, qword ptr [rip + 0x1a7a18]",cDigObj material 0 U: scale the 0.005 double step,50E960,selected,xmm5 dead after the site on every path; double literal 0.005 at 6B63A0,50E980,2F310,xmm5,2431
5486EB,objects,src,"addsd xmm0, qword ptr [rip + 0x16f9b5]",et8d material 4 U: scale the 0.0025 double step,5486C0,selected,xmm5 dead after the site on every path; double literal 0.0025 at 6B80A8,5486EB,2F980,xmm5,2450
4F12EF,objects,pre,"addss xmm0, dword ptr [rbx + 0x116c]",ut23 state 5: scale +1160 before advancing +116C,4F12C0,selected,addss is commutative: the step in xmm0 is scaled first,4F12EF,2E980,,2396
4F1324,objects,pre,"addss xmm0, dword ptr [rax + 0xb8]",ut23 state 5: scale +116C before rotating submodel 0,4F12C0,selected,addss is commutative: the step in xmm0 is scaled first,4F1324,2E9A0,,2397
4F1342,objects,pre,"addss xmm0, dword ptr [rbx + 0x1168]",ut23 state 3: scale +115C before advancing +1168,4F12C0,selected,addss is commutative: the step in xmm0 is scaled first,4F1342,2E9C0,,2398
4F137A,objects,pre,"addss xmm0, dword ptr [rax + 0xb0]",ut23 state 3: scale +1168 before rotating submodel 1,4F12C0,selected,addss is commutative: the step in xmm0 is scaled first,4F137A,2E9E0,,2399
4F13C4,objects,lin,"subss xmm0, dword ptr [rip + 0x181674]",ut23 state 1: scale the 0.01 decrease of +1168,4F1398,selected,K*s = 0.01 at 672A40,slot 8328,,,
4F13F8,objects,src,"addss xmm0, dword ptr [rbx + 0x1168]",ut23 state 1: scale +1168 before rotating submodel 1,4F1398,selected,xmm5 dead after the site on every path,4F13F8,2EA00,xmm5,2400
4F1415,objects,src,"subss xmm0, dword ptr [rbx + 0x1160]",ut23 state 1: scale +1160 before decreasing +116C,4F1398,selected,xmm5 dead after the site on every path,4F1415,2EA30,xmm5,2401
4F1446,objects,src,"addss xmm0, dword ptr [rbx + 0x116c]",ut23 state 1: scale +116C before rotating submodel 0,4F1398,selected,xmm5 dead after the site on every path,4F1446,2EA60,xmm5,2402
2F61D1,objects,lin,"subss xmm0, dword ptr [rip + 0x383aa3]",et73: scale the 0.8 gravity step,2F61C0,selected,K*s = 0.8 at 679C7C,slot 8344,,,
2F61E8,objects,root,"movss xmm1, dword ptr [rip + 0x383770]",et73: root the shared 0.98 velocity retention factor,2F61C0,selected,flags dead after the copy (2F61F0 on),2F61E8,1BF70,,1263
2F6221,objects,pre,"addss xmm2, dword ptr [rax]",et73 X: scale the updated velocity before moving,2F61C0,selected,addss is commutative: the step in xmm2 is scaled first,2F6221,1BFB0,,1264
2F6235,objects,src,"addss xmm0, dword ptr [rcx + 0xe54]",et73 Y: scale the updated velocity before moving,2F61C0,selected,xmm5 dead after the site on every path,2F6235,1BFD0,xmm5,1265
2F624E,objects,src,"addss xmm0, dword ptr [rcx + 0xe18]",et73 Z: scale the updated velocity before moving,2F61C0,selected,xmm5 dead after the site on every path,2F624E,1C000,xmm5,1266
323A0E,actor,count,"mov word ptr [rbx + 0xe3c], ax",hm28: decrement the +E3C state wait once per stock tick,32389A,selected,arithmetic flags overwritten before use,323A0E,1D840,,1337
2C074F,actor,lin,"mulss xmm0, dword ptr [rip + 0x3b94d9]",es11: scale the random 0.02 phase-step component,2C06D0,selected,K*s = 0.02 at 679C30,slot 81E8,,,
2C075F,actor,srcx,"addss xmm0, dword ptr [rip + 0x4df85d]",es11: scale the 0.05 base phase step,2C06D0,selected,"xmmD / s, op, * s: exact for s = 1/N a power of two; no flags touched, no register borrowed",2C075F,19150,,1070
5BB382,actor,count,"mov byte ptr [rcx + 0x1124], al",esf2: decrement the eight-tick effect cooldown at stock pace,5BB320,selected,arithmetic flags overwritten before use,5BB382,33C60,,2674
3FE9BC,objects,count,"mov byte ptr [r14 + 0x8e], cl","cCockInkGauge 3FE5D0, colour cycle state 0 (+90): +8E += 15 a tick up to 0x60",3FE8B0,selected,arithmetic flags overwritten before use,3FE9BC,28220,,2028
3FE9EC,objects,count,"mov byte ptr [r14 + 0x8d], al",cCockInkGauge colour cycle state 1: +8D -= 15 a tick down to 0,3FE8B0,selected,arithmetic flags overwritten before use,3FE9EC,282E0,,2030
3FEA21,objects,count,"mov byte ptr [r14 + 0x8f], cl",cCockInkGauge colour cycle state 2: +8F += 15 a tick up to 0x60,3FE8B0,selected,arithmetic flags overwritten before use,3FEA21,283A0,,2032
3FEA4E,objects,count,"mov byte ptr [r14 + 0x8e], al",cCockInkGauge colour cycle state 3: +8E -= 15 a tick down to 0,3FE8B0,selected,arithmetic flags overwritten before use,3FEA4E,28460,,2034
3FEA7D,objects,count,"mov byte ptr [r14 + 0x8d], cl",cCockInkGauge colour cycle state 4: +8D += 15 a tick up to 0x60,3FE8B0,selected,arithmetic flags overwritten before use,3FEA7D,28520,,2036
3FEAA7,objects,count,"mov byte ptr [r14 + 0x8f], al",cCockInkGauge colour cycle state 5: +8F -= 15 a tick down to 0,3FE8B0,selected,arithmetic flags overwritten before use,3FEAA7,285E0,,2038
3FE9D2,objects,count,"mov byte ptr [r14 + 0x90], dl","cCockInkGauge: state 0's end advances +90 on a stock tick (the byte's last step, to 0x60, may land up to N - 1 ticks early; the next state starts on time)",3FE8B0,selected,arithmetic flags overwritten before use,3FE9D2,28280,,2029
3FEA02,objects,count,"mov byte ptr [r14 + 0x90], dl","cCockInkGauge: state 1's end, the same",3FE8B0,selected,arithmetic flags overwritten before use,3FEA02,28340,,2031
3FEA37,objects,count,"mov byte ptr [r14 + 0x90], dl","cCockInkGauge: state 2's end, the same",3FE8B0,selected,arithmetic flags overwritten before use,3FEA37,28400,,2033
3FEA61,objects,count,"mov byte ptr [r14 + 0x90], dl","cCockInkGauge: state 3's end, the same",3FE8B0,selected,arithmetic flags overwritten before use,3FEA61,284C0,,2035
3FEA90,objects,count,"mov byte ptr [r14 + 0x90], dl","cCockInkGauge: state 4's end, the same",3FE8B0,selected,arithmetic flags overwritten before use,3FEA90,28580,,2037
3FEAB0,objects,count,"mov word ptr [r14 + 0x8f], 0","cCockInkGauge: state 5's end clears +8F and the state +90 together, on a stock tick",3FE8B0,selected,arithmetic flags overwritten before use,3FEAB0,28640,,2039
3FEC77,objects,count,inc dword ptr [r14 + 0x80],"cCockInkGauge: the sparkle clock +80, 0..9 and wrapped, a tick each",3FEBA6,selected,arithmetic flags overwritten before use,3FEC77,286A0,,2040
3FEC93,objects,notyet,"test eax, eax","cCockInkGauge: the sparkle at +80 = 0: between stock ticks, not yet (the clock holds 0 for the stock tick's other ticks)",3FEBA6,selected,"its flags' one branch goes to 3FEDEA with ZF=OF=0, SF=0",3FEC93,28700,,2041
31D436,actor,count,inc word ptr [rcx + 0x14e0],hm0f: advance the 240-tick +14E0 clock on stock ticks,31D420,selected,arithmetic flags overwritten before use,31D436,1D540,,1326
362EF7,actor,lin,"addss xmm0, dword ptr [rip + 0x3146f1]",esfd first handler: scale the +0.05 alpha approach,362E20,selected,K*s = 0.05 at 6775F0,slot 818C,,,
362F09,actor,lin,"subss xmm0, dword ptr [rip + 0x3146df]",esfd first handler: scale the -0.05 alpha approach,362E20,selected,K*s = 0.05 at 6775F0,slot 818C,,,
363055,actor,lin,"addss xmm0, dword ptr [rip + 0x314593]",esfd second handler: scale the +0.05 alpha approach,362F50,selected,K*s = 0.05 at 6775F0,slot 818C,,,
363067,actor,lin,"subss xmm0, dword ptr [rip + 0x314581]",esfd second handler: scale the -0.05 alpha approach,362F50,selected,K*s = 0.05 at 6775F0,slot 818C,,,
5159FF,actor,lin,"mulss xmm0, dword ptr [rip + 0x164229]",es13: scale the random 0.02 phase-step component,515970,selected,K*s = 0.02 at 679C30,slot 81E8,,,
515A0F,actor,srcx,"addss xmm0, dword ptr [rip + 0x2a2d61]",es13: scale the mutable 0.05 base phase step,515970,selected,"xmmD / s, op, * s: exact for s = 1/N a power of two; no flags touched, no register borrowed",515A0F,2F480,,2436
4A9EE8,actor,blendr,"movaps xmm2, xmm6",es49 first FixTurnRate approach: compound the 0.05 factor,4A9DEA,selected,flags dead after the copy (4A9EEB on); xmm5 dead after it,4A9EE0,2DDF0,xmm5,2366
4A9EF8,actor,blendr,"movaps xmm2, xmm6",es49 second FixTurnRate approach: compound the 0.05 factor,4A9DEA,selected,flags dead after the copy (4A9EFB on); xmm5 dead after it,4A9EF8,2DE70,xmm5,2367
4A9F31,actor,count,"mov word ptr [rbx + 0x10e8], ax",es49: decrement the +10E8 lifetime countdown at stock pace,4A9F2E,selected,arithmetic flags overwritten before use,4A9F31,2DEF0,,2368
1A3502,actor,count,inc word ptr [rcx + 0x2d8],esp14: advance the +2D8 age on stock ticks,1A34F0,selected,arithmetic flags overwritten before use,1A3502,ECB0,,140
1A356E,actor,pre,"addss xmm0, dword ptr [rbx + 0x164]",esp14: scale the +174 displacement before adding to +164,1A34F0,selected,addss is commutative: the step in xmm0 is scaled first,1A356E,ED10,,141
1A912E,actor,dst,"mulss xmm2, dword ptr [rsp + 0x30]",esp27 X: scale the +2D4 velocity product,1A9020,selected,the step's next reader is its accumulation,1A912E,F080,,160
1A913F,actor,dst,"mulss xmm0, dword ptr [rsp + 0x34]",esp27 X: scale the +2D8 velocity product,1A9020,selected,"the step's next reader adds or subtracts it into another register, and xmm0 is dead after",1A913F,F0A0,,161
1A9159,actor,dst,"mulss xmm0, dword ptr [rsp + 0x30]",esp27 Y: scale the +2D8 velocity product,1A9020,selected,"the step's next reader adds or subtracts it into another register, and xmm0 is dead after",1A9159,F0C0,,162
1A915F,actor,dst,"mulss xmm4, dword ptr [rsp + 0x38]",esp27 Z: scale the +2D8 velocity product,1A9020,selected,"the step's next reader adds or subtracts it into another register, and xmm4 is dead after",1A915F,F0E0,,163
1A9170,actor,dst,"mulss xmm2, dword ptr [rsp + 0x34]",esp27 Y: scale the +2D4 velocity product,1A9020,selected,the step's next reader is its accumulation,1A9170,F100,,164
1A9176,actor,dst,"mulss xmm5, dword ptr [rsp + 0x38]",esp27 Z: scale the +2D4 velocity product,1A9020,selected,the step's next reader is its accumulation,1A9176,F120,,165
5F5E73,actor,count,inc dword ptr [rbx + 0x1074],es7e: advance stage 3 counter on stock ticks,5F5D84,selected,arithmetic flags overwritten before use,5F5E73,361E0,,2853
5F5F87,actor,count,inc dword ptr [rbx + 0x1074],es7e: advance stage 6 counter on stock ticks,5F5D84,selected,arithmetic flags overwritten before use,5F5F87,36240,,2854
5F6052,actor,count,inc dword ptr [rbx + 0x1074],es7e: advance stage 9 counter on stock ticks,5F5D84,selected,arithmetic flags overwritten before use,5F6052,362A0,,2855
5F6241,actor,count,inc dword ptr [rbx + 0x1074],es7e: advance stage 13 counter on stock ticks,5F5D84,selected,arithmetic flags overwritten before use,5F6241,36300,,2856
5F6353,actor,count,inc dword ptr [rbx + 0x1074],es7e: advance stage 16 counter on stock ticks,5F5D84,selected,arithmetic flags overwritten before use,5F6353,36360,,2857
1A3DBC,actor,root,"movss xmm0, dword ptr [rbx + 0x2c8]",esp17: take the per-tick root of the Y damping factor,1A3CC4,selected,flags dead after the copy (1A3DC4 on),1A3DBC,ED30,,142
1A3DCC,actor,root,"movss xmm1, dword ptr [rbx + 0x2cc]",esp17: take the per-tick root of the X/Z damping factor,1A3CC4,selected,flags dead after the copy (1A3DD4 on),1A3DCC,ED70,,143
1A3E3F,actor,count,inc dword ptr [rbx + 0x2d8],esp17: advance the +2D8 age on stock ticks,1A3CC4,selected,arithmetic flags overwritten before use,1A3E3F,EDB0,,144
361AD4,actor,count,inc byte ptr [rbx + 0xe35],ese0: advance the +E35 opacity ramp on stock ticks,361A22,selected,arithmetic flags overwritten before use,361AD4,1F230,,1441
361B29,actor,count,inc byte ptr [rbx + 0xe35],ese0: advance the alternate +E35 opacity ramp on stock ticks,361A22,selected,arithmetic flags overwritten before use,361B29,1F290,,1442
361B86,actor,count,inc byte ptr [rbx + 0xe36],ese0: advance the +E36 trigger clock on stock ticks,361B59,selected,arithmetic flags overwritten before use,361B86,1F2F0,,1443
3FD3F3,menu,count,"sub dword ptr [rdi + 8], 1",cCockGetItemInfo: decrement item timer on stock ticks,3FD3B3,selected,countdown not finished: 3FD40D jns,3FD3F3,28080,,2023
3FD3DC,menu,lin,"movss xmm6, dword ptr [rip + 0x278660]",cCockGetItemInfo: scale the per-tick 1.5 velocity increment,3FD3B3,selected,K*s = 1.5 at 675A44,slot 8348,,,
3FD405,menu,pre,"addss xmm0, dword ptr [rdi]",cCockGetItemInfo: scale updated velocity before position addition,3FD3B3,selected,addss is commutative: the step in xmm0 is scaled first,3FD405,280F0,,2024
31E070,actor,gatefn,"mov qword ptr [rsp + 8], rbx",hm18: blend its submodel pose once per stock tick,31E070,selected,entry; callers 31DF8A ignore rax,31E070,1D5A0,,1327
3259C0,actor,gatefn,"mov qword ptr [rsp + 8], rbx",hm32: blend its submodel pose once per stock tick,3259C0,selected,entry; callers 3257BB ignore rax,3259C0,1D960,,1340
19C3C5,effect,count,inc word ptr [rdx + 0x22],shared effect manager: advance +22 age on stock ticks,19C380,selected,arithmetic flags overwritten before use,19C3C3,E9D0,,127
1A442A,effect,src,"addss xmm6, xmm8",esp18: scale the +2D8 phase step before wrapping +2D0,1A43F4,selected,xmm5 dead after the site on every path,1A442A,EEA0,xmm5,148
1A4470,effect,src,"addss xmm6, xmm8",esp18: scale the +2DC phase step before wrapping +2D4,1A43F4,selected,xmm5 dead after the site on every path,1A4470,EEC0,xmm5,149
35FBF9,actor,count,"mov byte ptr [rcx + 0x10e7], al",es39: update its 15-step color fade on stock ticks,35FBE4,selected,arithmetic flags overwritten before use,35FBF9,1F120,,1438
3616FB,actor,count,inc byte ptr [rbx + 0xe35],ese0: advance its first +E35 phase on stock ticks,3615C0,selected,arithmetic flags overwritten before use,3616FB,1F180,,1439
361780,actor,gatefn,push rdi,ese0: advance its second +E35 phase on stock ticks,361780,selected,entry; callers 361438 ignore rax,361780,1F1E0,,1440
361DA7,actor,count,inc byte ptr [rbx + 0xe35],ese0: advance its final +E35 phase on stock ticks,361D10,selected,arithmetic flags overwritten before use,361DA7,1F350,,1444
3636C6,actor,lin,"addss xmm0, dword ptr [rip + 0x313f22]",esfd: scale the +0.05 alpha approach,3636C6,selected,K*s = 0.05 at 6775F0,slot 818C,,,
3636D8,actor,lin,"subss xmm0, dword ptr [rip + 0x313f10]",esfd: scale the -0.05 alpha approach,3636C6,selected,K*s = 0.05 at 6775F0,slot 818C,,,
31EE9F,actor,pre,"addss xmm0, dword ptr [rax + 4]",hm19 state 2: scale +1314 times +EC4 before Y addition,31EDD0,selected,addss is commutative: the step in xmm0 is scaled first,31EE9F,1D5F0,,1328
31EF01,actor,pre,"addss xmm6, dword ptr [rax + 4]",hm19 state 1: scale the table-derived +EC4 Y step,31EDD0,selected,addss is commutative: the step in xmm6 is scaled first,31EF01,1D610,,1329
323380,actor,blendr,"divss xmm6, xmm1",hm27: compound the 1/(remaining+1) target blend,323240,selected,flags dead after the copy (323384 on); xmm5 dead after it,323380,1D7D0,xmm5,1336
3356AF,actor,blendr,"divss xmm6, xmm0",hmbd: compound the 1/(remaining+1) target blend,335530,selected,flags dead after the copy (3356B3 on); xmm5 dead after it,3356AF,1DDD0,xmm5,1355
32AC32,actor,pre,"addss xmm2, dword ptr [rax]",hm48: scale the X displacement before position addition,32AA43,selected,addss is commutative: the step in xmm2 is scaled first,32AC32,1DBA0,,1346
32AC46,actor,pre,"addss xmm0, dword ptr [rax + 4]",hm48: scale the Y displacement before position addition,32AA43,selected,addss is commutative: the step in xmm0 is scaled first,32AC46,1DBC0,,1347
32AC5C,actor,pre,"addss xmm0, dword ptr [rax + 8]",hm48: scale the Z displacement before position addition,32AA43,selected,addss is commutative: the step in xmm0 is scaled first,32AC5C,1DBE0,,1348
32AD23,actor,blend,"movss xmm2, dword ptr [rip + 0x347c01]",hm48: compound the 0.2 turn approach,32AC9B,selected,1-(1-K)^s = 0.2 at 67292C,slot 8198,,,
33718A,actor,blend,"mulss xmm1, dword ptr [rip + 0x34045e]",hmce: compound the X 0.05 target blend,3370B0,selected,1-(1-K)^s = 0.05 at 6775F0,slot 81FC,,,
3371AC,actor,blend,"mulss xmm1, dword ptr [rip + 0x34043c]",hmce: compound the Z 0.05 target blend,3370B0,selected,1-(1-K)^s = 0.05 at 6775F0,slot 81FC,,,
33717E,actor,blend,"movss xmm2, dword ptr [rip + 0x33ac7e]",hmce: compound the 0.1 FixTurnRate blend,3370B0,selected,1-(1-K)^s = 0.1 at 671E04,slot 8168,,,
32FE6A,actor,lin,"addss xmm0, dword ptr [rip + 0x3578be]",hm68: scale the wrapped yaw step,32FE00,selected,K*s = 0.959931 at 687730,slot 834C,,,
322B39,actor,count,inc byte ptr [rdi + 0x1316],hm27: alternate its submodel pose once per stock tick,3223B0,selected,arithmetic flags overwritten before use,322B39,1D770,,1335
32501E,actor,count,inc dword ptr [rbx + 0x1810],hm30: advance +1810 on stock ticks,324B40,selected,arithmetic flags overwritten before use,32501E,1D8A0,,1338
3255A7,actor,count,inc dword ptr [rbx + 0x1770],hm31: advance +1770 on stock ticks,3251B0,selected,arithmetic flags overwritten before use,3255A7,1D900,,1339
3263A6,actor,count,"add byte ptr [rbx + 0x1311], 0xff",hm36: decrement the +1311 countdown on stock ticks,326340,selected,countdown not finished: 3263AD jne,3263A6,1D9B0,,1341
326B3E,actor,count,inc dword ptr [rbx + 0x1810],hm3a: advance +1810 on stock ticks,326660,selected,arithmetic flags overwritten before use,326B3E,1DA20,,1342
327136,actor,count,inc dword ptr [rbx + 0x1814],hm3b: advance +1814 on stock ticks,326D20,selected,arithmetic flags overwritten before use,327136,1DA80,,1343
327186,actor,count,inc byte ptr [rcx + 0x1818],hm3b: advance the 60-step +1818 wave on stock ticks,327180,selected,arithmetic flags overwritten before use,327186,1DAE0,,1344
32B2DB,actor,count,dec byte ptr [rbx + 0x13b2],hm48: decrement the +13B2 wait on stock ticks,32B288,selected,arithmetic flags overwritten before use,32B2DB,1DC00,,1349
32BDF3,actor,count,inc word ptr [rdi + 0x16d0],hm52: advance the 240-step +16D0 phase on stock ticks,32BD80,selected,arithmetic flags overwritten before use,32BDF3,1DC60,,1350
32D91A,actor,count,inc word ptr [rcx + 0x1310],hm62: advance the wrapped 240-step +1310 phase on stock ticks,32D910,selected,arithmetic flags overwritten before use,32D91A,1DD20,,1352
337EE1,actor,count,inc byte ptr [rdi + 0x1316],hmd1: alternate its submodel pose once per stock tick,3377F0,selected,arithmetic flags overwritten before use,337EE1,1DF80,,1361
414080,objects,gatefn,push rbx,cSSScroll: pace the full scroll state update on stock UI ticks,414080,selected,entry; callers 413FE5 ignore rax,414080,29120,,2071
4234D4,objects,count,dec byte ptr [rbx + 0x100],cSubScrFude: pace the first queued sprite countdown,423360,selected,arithmetic flags overwritten before use,4234D4,29560,,2082
4234CC,objects,lin,"subss xmm0, dword ptr [rip + 0x25f320]",cSubScrFude: scale the first sprite's -8.5 vertical step,423360,selected,K*s = 8.5 at 6827F4,slot 8350,,,
423554,objects,count,dec byte ptr [rbx + 0x100],cSubScrFude: pace the second queued sprite countdown,423360,selected,arithmetic flags overwritten before use,423554,295C0,,2083
42354C,objects,lin,"addss xmm0, dword ptr [rip + 0x25f2a0]",cSubScrFude: scale the second sprite's +8.5 vertical step,423360,selected,K*s = 8.5 at 6827F4,slot 8350,,,
3FF7C7,objects,count,inc byte ptr [rbx + 0x8d],cCockLifeGauge: pace the one-step life pulse clock,3FF73B,selected,arithmetic flags overwritten before use,3FF7C7,28770,,2042
3FF869,objects,count,"add byte ptr [rbx + 0x8d], 2",cCockLifeGauge: pace the two-step life pulse clock,3FF73B,selected,arithmetic flags overwritten before use,3FF869,287D0,,2043
434FCC,objects,callgate,call 0x180433250,cSubScrStatus: pace resource meter 0 transfer helper,434B6E,selected,"call 433250; rel32 retargeted (5 bytes, no window)",call 333,3B060,,2088
43516F,objects,callgate,call 0x1804331d0,cSubScrStatus: pace resource meter 1 transfer helper,434B6E,selected,"call 4331D0; rel32 retargeted (5 bytes, no window)",call 334,3B0B0,,2090
435311,objects,callgate,call 0x1804332e0,cSubScrStatus: pace resource meter 2 transfer helper,434B6E,selected,"call 4332E0; rel32 retargeted (5 bytes, no window)",call 335,3B100,,2092
4354B5,objects,callgate,call 0x180433360,cSubScrStatus: pace resource meter 3 transfer helper,434B6E,selected,"call 433360; rel32 retargeted (5 bytes, no window)",call 336,3B150,,2094
434F19,objects,count,inc word ptr [rbx + 0x2a4],cSubScrStatus: pace the resource transfer progress counter,434B6E,selected,arithmetic flags overwritten before use,434F19,29740,,2087
43500D,objects,count,"mov byte ptr [rbx + 0x2b4], al",cSubScrStatus: pace meter 0 wait flag,434B6E,selected,arithmetic flags overwritten before use,43500D,297A0,,2089
4351B0,objects,count,"mov byte ptr [rbx + 0x2b5], al",cSubScrStatus: pace meter 1 wait flag,434B6E,selected,arithmetic flags overwritten before use,4351B0,29800,,2091
435352,objects,count,"mov byte ptr [rbx + 0x2b6], al",cSubScrStatus: pace meter 2 wait flag,434B6E,selected,arithmetic flags overwritten before use,435352,29860,,2093
4354F6,objects,count,"mov byte ptr [rbx + 0x2b7], al",cSubScrStatus: pace meter 3 wait flag,434B6E,selected,arithmetic flags overwritten before use,4354F6,298C0,,2095
32C05D,actor,count,inc byte ptr [rbx + 0x16d2],hm52: advance its 60-step hover phase once per stock tick,32BFA0,selected,arithmetic flags overwritten before use,32C05D,1DCC0,,1351
3FCE4E,objects,count,"sub word ptr [rbx + 0x7e], 1",cCockGameOver: pace the first transition wait,3FCC40,selected,countdown not finished: 3FCE53 jns,3FCE4E,27E40,,2017
3FCE9C,objects,count,"sub word ptr [rbx + 0x7c], 1",cCockGameOver: pace the second transition wait,3FCC40,selected,countdown not finished: 3FCEA1 jns,3FCE9C,27EA0,,2018
3FCED3,objects,count,"sub word ptr [rbx + 0x7c], 1",cCockGameOver: pace the third transition wait,3FCC40,selected,countdown not finished: 3FCED8 jns,3FCED3,27F00,,2019
4207FD,objects,count,"sub byte ptr [rbx + 0x7b], cl",cSubScrFilesInfoWanted: pace the state-1 pause countdown,4207D0,selected,countdown not finished: 420800 jns,4207FD,29490,,2080
40DA2A,objects,count,"add byte ptr [rax + 0x3b], 0x10",cSubScrItem: pace the selected sprite's alpha fade,40D9F0,selected,arithmetic flags overwritten before use,40DA2A,28CE0,,2059
566175,objects,blend,"movss xmm2, dword ptr [rip + 0x113af3]",uta9: compound the shared 0.08 XYZ target blend,565EC0,selected,1-(1-K)^s = 0.08 at 679C70,slot 8354,,,
495950,objects,gatefn,push rbx,cGear: advance the full gear state machine on stock ticks,495950,selected,entry; callers 49588F ignore rax,495950,2D090,,2324
55CA10,objects,gatefn,"mov rax, rsp",uta0: pace its submodel particle state loop on stock ticks,55CA10,selected,entry; callers 55BE90 ignore rax,55CA10,2FE50,,2469
56C470,objects,gatefn,"mov rax, rsp",utaf: pace its submodel particle state loop on stock ticks,56C470,selected,entry; callers 56BAF0 ignore rax,56C470,31D70,,2573
56EA30,objects,gatefn,"mov rax, rsp",utb5: pace its submodel particle state loop on stock ticks,56EA30,selected,entry; callers 56DF20 ignore rax,56EA30,31F40,,2578
561067,objects,count,dec ax,uta4: pace the +1110 state wait,560FF0,selected,arithmetic flags overwritten before use; load 56105B and store 56106A one field,561065,31090,,2526
56107D,objects,blend,"mulss xmm6, dword ptr [rip + 0x11656b]",uta4: compound the 0.05 scale approach,560FF0,selected,1-(1-K)^s = 0.05 at 6775F0,slot 8358,,,
5610B4,objects,blend,"movss xmm2, dword ptr [rip + 0x110d48]",uta4: compound the 0.1 XYZ target approach,560FF0,selected,1-(1-K)^s = 0.1 at 671E04,slot 82B0,,,
56112D,objects,blend,"movss xmm2, dword ptr [rip + 0x11190b]",uta4: compound the 0.01 XYZ target approach,560FF0,selected,1-(1-K)^s = 0.01 at 672A40,slot 835C,,,
2217F0,objects,gatefn,"mov qword ptr [rsp + 8], rbx",ut65: pace the scripted submodel effect update on stock ticks,2217F0,selected,"entry; callers 2224C1, 2224E5 ignore rax",2217F0,12B60,,397
1D60E1,actor,count,"mov dword ptr [rsi + 0x1170], eax",an00: pace the +1170 wait,1D5DE9,selected,arithmetic flags overwritten before use,1D60E1,10040,,238
1D60E7,actor,notyet,"test ecx, ecx",an00: suppress the +1170 reload event between stock ticks,1D5DE9,selected,"its flags' one branch goes to 1D6116 with ZF=OF=0, SF=0",1D60E1,10040,,239
1DD683,actor,count,"mov dword ptr [rsi + 0x1170], eax",an04/an0d/an0e: pace the +1170 wait,1DD4F9,selected,arithmetic flags overwritten before use,1DD683,10380,,250
1DD689,actor,notyet,"test ecx, ecx",an04/an0d/an0e: suppress the +1170 reload event between stock ticks,1DD4F9,selected,"its flags' one branch goes to 1DD6B8 with ZF=OF=0, SF=0",1DD683,10380,,251
1E0F36,actor,count,"mov dword ptr [rsi + 0x1170], eax",an06/an08: pace the +1170 wait,1E0D79,selected,arithmetic flags overwritten before use,1E0F36,10480,,254
1E0F3C,actor,notyet,"test ecx, ecx",an06/an08: suppress the +1170 reload event between stock ticks,1E0D79,selected,"its flags' one branch goes to 1E0F6B with ZF=OF=0, SF=0",1E0F36,10480,,255
1E3B73,actor,count,"mov dword ptr [rsi + 0x1170], eax",an07: pace the +1170 wait,1E39E9,selected,arithmetic flags overwritten before use,1E3B73,10580,,259
1E3B79,actor,notyet,"test ecx, ecx",an07: suppress the +1170 reload event between stock ticks,1E39E9,selected,"its flags' one branch goes to 1E3BA8 with ZF=OF=0, SF=0",1E3B73,10580,,260
1E7403,actor,count,"mov dword ptr [rsi + 0x1170], eax",an09: pace the +1170 wait,1E7279,selected,arithmetic flags overwritten before use,1E7403,10670,,265
1E7409,actor,notyet,"test ecx, ecx",an09: suppress the +1170 reload event between stock ticks,1E7279,selected,"its flags' one branch goes to 1E7438 with ZF=OF=0, SF=0",1E7403,10670,,266
1EA349,actor,count,"mov dword ptr [rsi + 0x1170], eax",an0b: pace the +1170 wait,1EA24B,selected,arithmetic flags overwritten before use,1EA349,10790,,270
1EA34F,actor,notyet,"test ecx, ecx",an0b: suppress the +1170 reload event between stock ticks,1EA24B,selected,"its flags' one branch goes to 1EA364 with ZF=OF=0, SF=0",1EA349,10790,,271
1ED649,actor,count,"mov dword ptr [rdi + 0x1170], eax",an0c: pace the +1170 wait,1ED54C,selected,arithmetic flags overwritten before use,1ED649,10A90,,280
1ED64F,actor,notyet,"test ecx, ecx",an0c: suppress the +1170 reload event between stock ticks,1ED54C,selected,"its flags' one branch goes to 1ED664 with ZF=OF=0, SF=0",1ED649,10A90,,281
1F4D43,actor,count,"mov dword ptr [rsi + 0x1170], eax",an19: pace the +1170 wait,1F4BB9,selected,arithmetic flags overwritten before use,1F4D43,10DC0,,295
1F4D49,actor,notyet,"test ecx, ecx",an19: suppress the +1170 reload event between stock ticks,1F4BB9,selected,"its flags' one branch goes to 1F4D78 with ZF=OF=0, SF=0",1F4D43,10DC0,,296
1FB14E,actor,count,"mov dword ptr [rsi + 0x1170], eax",an1e: pace the +1170 wait,1FB033,selected,arithmetic flags overwritten before use,1FB14E,10F40,,303
1FB154,actor,notyet,"test ecx, ecx",an1e: suppress the +1170 reload event between stock ticks,1FB033,selected,"its flags' one branch goes to 1FB183 with ZF=OF=0, SF=0",1FB14E,10F40,,304
1FEA54,actor,count,"mov dword ptr [rsi + 0x1170], eax",an02/an1b/an1f/an20: pace the +1170 wait,1FE8B9,selected,arithmetic flags overwritten before use,1FEA54,110B0,,311
1FEA5A,actor,notyet,"test ecx, ecx",an02/an1b/an1f/an20: suppress the +1170 reload event between stock ticks,1FE8B9,selected,"its flags' one branch goes to 1FEA89 with ZF=OF=0, SF=0",1FEA54,110B0,,312
2E4FB9,objects,count,dec word ptr [rbx + 0x1138],et0f first helper: pace the +1138 wait,2E4ED0,selected,arithmetic flags overwritten before use,2E4FB9,1B430,,1227
2E50F9,objects,count,dec word ptr [rbx + 0x1138],et0f second helper: pace the +1138 wait,2E5030,selected,arithmetic flags overwritten before use,2E50F9,1B4D0,,1229
4D1448,objects,count,dec al,et69: pace the +E36 effect cooldown,4D1350,selected,arithmetic flags overwritten before use; load 4D13E8 and store 4D144A one field,4D1448,2E730,,2387
224053,objects,count,dec al,ut6d: pace the +E35 sound wait,223F20,selected,arithmetic flags overwritten before use; load 224019 and store 224055 one field,224053,12BB0,,399
22408A,objects,count,dec al,ut6d: pace the +E36 action countdown,223F20,selected,arithmetic flags overwritten before use; load 224072 and store 22408C one field,22408A,12C10,,400
3FC430,objects,gatefn,"mov eax, 0xc00",cCockEventEdge: pace its whole +68 HUD edge callback on stock ticks,3FC430,selected,entry; callers 6AFE80 ignore rax,3FC430,27DF0,,2016
3FE52A,objects,count,dec dword ptr [rbx + 0x7c],cCockInkGauge: pace the +7C ink recovery cooldown,3FE260,selected,arithmetic flags overwritten before use,3FE528,281C0,,2027
41BBBC,objects,lin,"subss xmm0, dword ptr [rip + 0x256048]",cSubScrFilesEnemy: scale the first sprite's upward 32 step,41BB00,selected,K*s = 32 at 671C0C,slot 8360,,,
41BBCF,objects,lin,"subss xmm0, dword ptr [rip + 0x256035]",cSubScrFilesEnemy: scale the second sprite's upward 32 step,41BB00,selected,K*s = 32 at 671C0C,slot 8360,,,
41BE54,objects,lin,"addss xmm0, dword ptr [rip + 0x255db0]",cSubScrFilesEnemy: scale the first sprite's downward 32 step,41BDB0,selected,K*s = 32 at 671C0C,slot 8360,,,
41BE67,objects,lin,"addss xmm0, dword ptr [rip + 0x255d9d]",cSubScrFilesEnemy: scale the second sprite's downward 32 step,41BDB0,selected,K*s = 32 at 671C0C,slot 8360,,,
1D69ED,actor,lin,"movss xmm1, dword ptr [rip + 0x49c04b]",an00: scale the shared 0.01 three-channel growth step,1D6924,selected,K*s = 0.01 at 672A40,slot 820C,,,
1D9DD8,actor,lin,"movss xmm1, dword ptr [rip + 0x49fe50]",an01: scale the shared 0.02 three-channel growth step,1D9D2C,selected,K*s = 0.02 at 679C30,slot 81E8,,,
1DE1A2,actor,lin,"movss xmm1, dword ptr [rip + 0x494896]",an04/an0d/an0e: scale the shared 0.01 three-channel growth step,1DDF39,selected,K*s = 0.01 at 672A40,slot 820C,,,
1E17E9,actor,lin,"movss xmm1, dword ptr [rip + 0x49709f]",an06/an08: scale the shared 0.03 three-channel growth step,1E1753,selected,K*s = 0.03 at 678890,slot 8158,,,
1E4426,actor,lin,"movss xmm1, dword ptr [rip + 0x494462]",an07: scale the shared 0.03 three-channel growth step,1E4159,selected,K*s = 0.03 at 678890,slot 8158,,,
1F17D7,actor,lin,"movss xmm1, dword ptr [rip + 0x4870b1]",an05/an18: scale the shared 0.03 three-channel growth step,1F175C,selected,K*s = 0.03 at 678890,slot 8158,,,
1F8002,actor,lin,"movss xmm1, dword ptr [rip + 0x480886]",an1a: scale the shared 0.03 three-channel growth step,1F7D99,selected,K*s = 0.03 at 678890,slot 8158,,,
1FF1D4,actor,lin,"movss xmm1, dword ptr [rip + 0x47aaf4]",an02/an1b/an1f/an20: scale the shared 0.015 three-channel growth step,1FF13C,selected,K*s = 0.015 at 679CD0,slot 8364,,,
2EA7D7,objects,lin,"addss xmm1, dword ptr [rip + 0x38ce11]",et2e: scale the first +1158 0.05 orbit step,2EA790,selected,K*s = 0.05 at 6775F0,slot 8310,,,
2EA870,objects,lin,"addss xmm1, dword ptr [rip + 0x38cd78]",et2e: scale the second +1158 0.05 orbit step,2EA790,selected,K*s = 0.05 at 6775F0,slot 8310,,,
2EA8EF,objects,lin,"subss xmm0, dword ptr [rip + 0x38b33d]",et2e: scale the descending Y 0.25 step,2EA790,selected,K*s = 0.25 at 675C34,slot 8368,,,
2EA94E,objects,count,inc al,et2e: pace the capped +E37 orbit stage counter,2EA790,selected,arithmetic flags overwritten before use; load 2EA943 and store 2EA950 one field,2EA94A,1B750,,1236
2EAA41,objects,lin,"addss xmm1, dword ptr [rip + 0x38f227]",et2e: scale the +B4 0.08 rotation step,2EA790,selected,K*s = 0.08 at 679C70,slot 836C,,,
1B2C60,objects,gatefn,"mov rax, rsp","UI element compositor: pace the complete angle, RGBA and XY accumulation pass on stock ticks",1B2C60,selected,entry; callers 1B5586 ignore rax,1B2C60,F1C0,,168
2DE450,objects,gatefn,"mov qword ptr [rsp + 8], rbx","et67: pace the complete target-force, position integration and 0.9 drag step on stock ticks",2DE450,selected,entry; callers 2F141C ignore rax,2DE450,1B1B0,,1218
3F877A,objects,count,inc word ptr [rdi + 0x194],cCockBattleResult: pace the +194 transition wait,3F8740,selected,arithmetic flags overwritten before use,3F877A,27730,,1997
3F896C,objects,count,"sub word ptr [rdi + 0x198], 1",cCockBattleResult: pace the +198 transition wait,3F8740,selected,countdown not finished: 3F8974 jns,3F896C,27790,,1998
3FD0E6,objects,count,inc word ptr [rcx + 0x7e],cCockGameOver: pace the +7E stage wait,3FD0E0,selected,arithmetic flags overwritten before use,3FD0E6,27FC0,,2021
3FDB40,objects,gatefn,push rbx,cCockHappyPoint: pace the +168 display tally and +16C countdown together,3FDB40,selected,entry; callers 3FE215 ignore rax,3FDB40,28110,,2025
4004F1,objects,count,"mov byte ptr [rbx + 0x39c], al",cCockLoading: pace the +39C loading animation counter,4004AF,selected,arithmetic flags overwritten before use,4004F1,28890,,2045
40059A,objects,count,inc dword ptr [rbx + 0x70],cCockLoading: pace the +70 loading animation counter,400549,selected,arithmetic flags overwritten before use,400598,288F0,,2046
232C8A,objects,lin,"movss xmm2, dword ptr [rip + 0x43fc9a]",utdc: scale the three-channel 0.2 shrink step,232C10,selected,K*s = 0.2 at 67292C,slot 8304,,,
232D55,objects,lin,"movss xmm2, dword ptr [rip + 0x43fbcf]",utdc: scale the three-channel 0.2 growth step,232C10,selected,K*s = 0.2 at 67292C,slot 8304,,,
22DB40,objects,gatefn,"mov rax, rsp","utbc: pace the complete force, position and drag update on stock ticks",22DB40,selected,entry; callers 22C8E6 ignore rax,22DB40,13580,,427
405EE5,objects,lin,"movss xmm2, dword ptr [rip + 0x26bf1b]",cCockSgStmcGauge: scale the shared 0.5 angle step for +68/+6C,405E60,selected,K*s = 0.5 at 671E08,slot 8370,,,
407175,objects,lin,"movss xmm2, dword ptr [rip + 0x26ac8b]",cCockStomachGauge: scale the shared 0.5 angle step for +68/+6C,407121,selected,K*s = 0.5 at 671E08,slot 8370,,,
1DBE6C,actor,lin,"movss xmm1, dword ptr [rip + 0x496ab4]",an03: scale the shared one-degree B8 tilt step in either direction,1DBDD0,selected,K*s = 0.0174533 at 672928,slot 8374,,,
1DC6C0,actor,blend,"mulss xmm3, dword ptr [rip + 0x49573c]",an03: compound the E48 target blend of 0.1,1DC600,selected,1-(1-K)^s = 0.1 at 671E04,slot 8168,,,
1DC6E0,actor,blend,"mulss xmm2, dword ptr [rip + 0x49571c]",an03: compound the E4C target blend of 0.1,1DC600,selected,1-(1-K)^s = 0.1 at 671E04,slot 8168,,,
1ED7BF,actor,blend,"mulss xmm3, dword ptr [rip + 0x485165]",an0c slot 25: compound the E48 target blend of 0.2,1ED6A1,selected,1-(1-K)^s = 0.2 at 67292C,slot 8198,,,
1ED7DF,actor,blend,"mulss xmm2, dword ptr [rip + 0x485145]",an0c slot 25: compound the E4C target blend of 0.2,1ED6A1,selected,1-(1-K)^s = 0.2 at 67292C,slot 8198,,,
1EF04D,actor,blend,"mulss xmm3, dword ptr [rip + 0x4838d7]",an0c helper: compound the E48 target blend of 0.2,1EEF50,selected,1-(1-K)^s = 0.2 at 67292C,slot 8198,,,
1EF06D,actor,blend,"mulss xmm2, dword ptr [rip + 0x4838b7]",an0c helper: compound the E4C target blend of 0.2,1EEF50,selected,1-(1-K)^s = 0.2 at 67292C,slot 8198,,,
41E1E4,objects,count,"movss dword ptr [rax + 0x24], xmm0","cSubScrFilesInfo 41E170, state 1: sprite 6's y (+24) moves by its distance / 15 a tick",41E170,selected,arithmetic flags overwritten before use,41E1E4,29170,,2072
41E1F2,objects,count,"mov dword ptr [rdi + 0x334], eax",cSubScrFilesInfo 41E170: the transition's countdown +334 (15) -= 1 a tick,41E170,selected,arithmetic flags overwritten before use,41E1F2,291D0,,2073
41E1F8,objects,notyet,"test ecx, ecx","cSubScrFilesInfo 41E170: its end at the old +334 = 0: between stock ticks, not yet (the countdown holds 0)",41E170,selected,"its flags' one branch goes to 41E26C with ZF=OF=0, SF=0",41E1F8,29230,,2074
41EEFE,objects,count,"movss dword ptr [rax + 0x24], xmm0","cSubScrFilesInfo 41EE90, state 1: sprite 6's y (+24) moves back by its distance / 15 a tick",41EE90,selected,arithmetic flags overwritten before use,41EEFE,292A0,,2075
41EF0C,objects,count,"mov dword ptr [rdi + 0x334], eax",cSubScrFilesInfo 41EE90: the countdown +334 -= 1 a tick,41EE90,selected,arithmetic flags overwritten before use,41EF0C,29300,,2076
41EF12,objects,notyet,"test ecx, ecx","cSubScrFilesInfo 41EE90: its end at the old +334 = 0: between stock ticks, not yet",41EE90,selected,"its flags' one branch goes to 41EF8A with ZF=OF=0, SF=0",41EF0C,29300,,2077
2EAB10,objects,gatefn,push rdi,et2e: pace its complete distance-follow displacement helper,2EAB10,selected,entry; callers 2EAF77 ignore rax,2EAB10,1B7B0,,1237
2EB340,objects,gatefn,push rdi,et2e: pace its complete nearby-target displacement helper,2EB340,selected,entry; callers 2EAF6F ignore rax,2EB340,1B820,,1239
406BC0,objects,gatefn,"mov eax, 0xc00",cCockStamp update only changes its countdown +7C and exponential stamp scale +6C; pace the function together,406BC0,selected,entry; callers 6AFCD0 ignore rax,406BC0,28A30,,2049
57E020,objects,gatefn,"mov qword ptr [rsp + 0x10], rbx","ut33 eye and body wobble helper: pace E14 angular motion, E3E/E40 effect windows, and B0 angle together; parent still advances scaled motion",57E020,selected,"entry; callers 57DF4E, 57E017 ignore rax",57E020,32AF0,,2618
2F570B,objects,count,"mov byte ptr [rbx + 0x1102], al",et72: pace the +1102 90-tick action wait,2F5640,selected,arithmetic flags overwritten before use,2F570B,1BF10,,1262
2F6BB7,objects,count,"mov word ptr [rbx + 0x1080], cx",et74: pace the +1080 action counter,2F6B60,selected,arithmetic flags overwritten before use,2F6BB7,1C030,,1267
2F8806,objects,count,"mov word ptr [rbx + 0x10bc], ax",et92: pace the +10BC 120-tick wait,2F86E0,selected,arithmetic flags overwritten before use,2F8806,1C290,,1273
2F9072,objects,count,dec dword ptr [rbx + 0x1080],gt01: pace the +1080 countdown in action 1,2F8FE0,selected,arithmetic flags overwritten before use,2F9072,1C2F0,,1274
2F966E,objects,count,dec dword ptr [rbx + 0x1080],gt03: pace the +1080 countdown in action 1,2F9580,selected,arithmetic flags overwritten before use,2F966E,1C350,,1275
2F9D22,objects,count,dec dword ptr [rbx + 0x1080],gt11: pace the +1080 countdown in action 1,2F9C90,selected,arithmetic flags overwritten before use,2F9D22,1C410,,1277
2FA2D2,objects,count,dec dword ptr [rbx + 0x1080],gt13: pace the +1080 countdown in action 1,2FA240,selected,arithmetic flags overwritten before use,2FA2D2,1C470,,1278
2FAE4E,objects,count,dec dword ptr [rbx + 0x1080],gt19: pace the +1080 countdown in action 1,2FAD60,selected,arithmetic flags overwritten before use,2FAE4E,1C530,,1280
2FB43B,objects,count,dec dword ptr [rbx + 0x1080],gt1b: pace the +1080 countdown in action 1,2FB350,selected,arithmetic flags overwritten before use,2FB43B,1C590,,1281
2FBA48,objects,count,dec dword ptr [rbx + 0x1080],gt1d: pace the +1080 countdown in action 1,2FB940,selected,arithmetic flags overwritten before use,2FBA48,1C5F0,,1282
2FC019,objects,count,dec dword ptr [rbx + 0x1080],gt1f: pace the +1080 countdown in action 1,2FBEE0,selected,arithmetic flags overwritten before use,2FC019,1C650,,1283
2FC62F,objects,count,dec dword ptr [rbx + 0x1080],gt97: pace the +1080 countdown in action 1,2FC540,selected,arithmetic flags overwritten before use,2FC62F,1C6B0,,1284
2FDACF,objects,count,"mov word ptr [rdi + 0x1084], ax",gtfe: pace the +1084 start wait,2FD970,selected,arithmetic flags overwritten before use,2FDACF,1C710,,1285
2FDE1C,objects,count,"mov word ptr [rbx + 0x1084], ax",gtfe: pace the +1084 end wait,2FDDB0,selected,arithmetic flags overwritten before use,2FDE1C,1C770,,1286
2FF528,objects,count,dec dword ptr [rbx + 0x1074],gt_org1: pace the +1074 action countdown,2FF3A0,selected,arithmetic flags overwritten before use,2FF528,1C880,,1289
2F13D5,objects,count,"mov word ptr [rsi + 0xe3c], ax",et67: pace the +E3C 16-tick action window,2F13B8,selected,arithmetic flags overwritten before use,2F13D5,1BA30,,1246
2F1A6F,objects,count,"mov word ptr [rsi + 0xe42], ax",et67: pace the +E42 action timer,2F1909,selected,arithmetic flags overwritten before use,2F1A6F,1BC30,,1252
2F2A19,objects,count,"mov dword ptr [rdi + 0x1080], eax",et6b: pace the first +1080 action countdown,2F29B2,selected,arithmetic flags overwritten before use,2F2A19,1BCD0,,1254
2F2DC7,objects,count,"mov dword ptr [rdi + 0x1080], eax",et6b: pace the second +1080 action countdown,2F2C69,selected,arithmetic flags overwritten before use,2F2DC7,1BDC0,,1258
2F2E62,objects,count,"mov dword ptr [rdi + 0x1080], eax",et6b: pace the third +1080 action countdown,2F2C69,selected,arithmetic flags overwritten before use,2F2E62,1BE50,,1260
2F497B,objects,count,dec byte ptr [rbx + 0x10e7],et71: pace the +10E7 action countdown,2F4940,selected,arithmetic flags overwritten before use,2F497B,1BEB0,,1261
2F9A9F,objects,count,"mov word ptr [rbx + 0xe3c], ax",gt10: pace the +E3C 30-tick action countdown,2F9920,selected,arithmetic flags overwritten before use,2F9A9F,1C3B0,,1276
2FA93F,objects,count,dec dword ptr [rbx + 0x1080],gt17: pace the +1080 action countdown,2FA850,selected,arithmetic flags overwritten before use,2FA93F,1C4D0,,1279
14776D,objects,count,"add bx, 5",cOptionCalibration: pace the +A2 angle phase increment of five degrees before the sine gauge is recalculated,1476E4,selected,arithmetic flags overwritten before use; calibration +A2 phase path,14776D,CBE0,,8
147FFF,objects,count,inc dword ptr [rcx + 0x80],cOptionControllerSelect/cOptionPairing: pace the +80 elapsed-tick counter,147FF0,selected,arithmetic flags overwritten before use,147FFF,CC40,,9
1BF1F2,objects,count,dec dword ptr [rcx + 0x200],cMcLoad/cMcSave: pace the first +200 memory-card request countdown,1BF1D0,selected,arithmetic flags overwritten before use,1BF1F2,F550,,192
1BF4B0,objects,count,dec dword ptr [rcx + 0x200],cMcLoad/cMcSave: pace the second +200 memory-card request countdown,1BF490,selected,arithmetic flags overwritten before use,1BF4B0,F5F0,,195
3ECA47,objects,count,"mov dword ptr [r14 + 0xf8], ecx",UI event iterator: pace the +F8 conditional waiting counter,3ECA3F,selected,arithmetic flags overwritten before use,3ECA47,27670,,1993
3F3B19,objects,count,"mov dword ptr [rbx + 0x340], eax",UI event manager: pace the +340 active wait when it is nonzero,3F3A10,selected,arithmetic flags overwritten before use,3F3B19,276D0,,1996
3F98AE,objects,count,"sub word ptr [rdi + 0x198], 1",cCockBattleResult: pace the +198 transition countdown in the input branch,3F9800,selected,countdown not finished: 3F98B6 jns,3F98AE,27800,,1999
3FD1C4,objects,count,"sub word ptr [rbx + 0x7c], 1",cCockGameOver: pace the +7C repeating flash countdown,3FD160,selected,countdown not finished: 3FD1C9 jns,3FD1C4,28020,,2022
3FE1F0,objects,count,"mov dword ptr [rbx], eax",cCockHappyPoint: pace each +68 reward-display delay before its tally is credited,3FE1C0,selected,arithmetic flags overwritten before use,3FE1ED,28160,,2026
3FFC36,objects,count,dec ax,cCockLifeGauge: pace the +78 life display wait's decrement while positive,3FFA00,selected,arithmetic flags overwritten before use; load 3FFC2D and store 3FFC39 one field,3FFC34,28830,,2044
4022B2,objects,count,"sub ax, 1",cCockMapTitle: pace the +68 title countdown and its jns continuation together,4022A0,selected,countdown not finished: 4022C5 jns; title counter path,4022B2,28950,,2047
405243,objects,count,"sub cx, 1",cCockRemain: pace the +68 countdown; the following cmove must see nonzero on skipped ticks,405210,selected,countdown not finished: 405250 cmove; remain counter path,40523F,289C0,,2048
40DCC3,objects,lin,"addss xmm0, dword ptr [rip + 0x26520d]",cSubScrItem: scale the list cursor sprite's ten-unit x step during its open selection state,40D9F0,selected,K*s = 10 at 672ED8,slot 8378,,,
41F62B,objects,count,"sub dword ptr [rdi + 0xd4], 1",cSubScrFilesInfoMess: pace the +D4 opening transition countdown,41F5B0,selected,countdown not finished: 41F632 jne,41F62B,293B0,,2078
42036F,objects,count,"sub dword ptr [rdi + 0xd4], 1",cSubScrFilesInfoMess: pace the +D4 closing transition countdown,4202F0,selected,countdown not finished: 420376 jne,42036F,29420,,2079
420D64,objects,count,dec byte ptr [rdi + 0x7a],cSubScrFilesInfoWanted: pace the +7A visibility countdown on the per-tick helper path,420BE0,selected,arithmetic flags overwritten before use,420D64,29500,,2081
425927,objects,lin,"subss xmm0, dword ptr [rip + 0x250179]",cSubScrItem: scale the 40-unit sprite x step during its active item-selection state,425650,selected,K*s = 40 at 675AA8,slot 837C,,,
1DBFC8,actor,count,"mov word ptr [rcx + 0x1184], ax",an03: pace the +1184 900-tick behavior countdown,1DBFB0,selected,arithmetic flags overwritten before use,1DBFC8,10210,,244
1DC5E8,actor,count,"mov word ptr [rcx + 0xe3c], ax",an03: pace the randomized +E3C behavior countdown,1DC560,selected,arithmetic flags overwritten before use,1DC5E8,102D0,,246
1E7CD6,actor,dst,"movss xmm1, dword ptr [rip + 0x490bb2]",an09: scale the shared 0.03 rise step in xmm1 for D20/D24/D28 together,1E7CB4,selected,one scaled step feeds three guarded D20/D24/D28 additions,1E7CD6,10720,,267
1EAE28,actor,dst,"movss xmm1, dword ptr [rip + 0x48da60]",an0b: scale the shared 0.03 rise step in xmm1 for D20/D24/D28 together,1EAE06,selected,one scaled step feeds three guarded D20/D24/D28 additions,1EAE28,10840,,272
1EB097,actor,count,"mov word ptr [rbx + 0xe3c], ax",an0b: pace the +E3C action countdown,1EAFA0,selected,arithmetic flags overwritten before use,1EB097,10860,,273
1EFE85,actor,count,"mov byte ptr [rbx + 0x1230], al",an05/an18: pace the +1230 contact cooldown,1EFE30,selected,arithmetic flags overwritten before use,1EFE85,10CD0,,290
1F2683,actor,lin,"addss xmm0, dword ptr [rip + 0x48757d]",an05/an18: scale the positive B4 turn-search step,1F2540,selected,K*s = 0.139626 at 679C08,slot 8380,,,
1F268D,actor,lin,"subss xmm0, dword ptr [rip + 0x487573]",an05/an18: scale the negative B4 turn-search step,1F2540,selected,K*s = 0.139626 at 679C08,slot 8380,,,
1F5628,actor,dst,"movss xmm1, dword ptr [rip + 0x483260]",an19: scale the shared 0.03 rise step in xmm1 for D20/D24/D28 together,1F5606,selected,one scaled step feeds three guarded D20/D24/D28 additions,1F5628,10E70,,297
1FB885,actor,dst,"movss xmm1, dword ptr [rip + 0x47d003]",an1e: scale the shared 0.03 rise step in xmm1 for D20/D24/D28 together,1FB863,selected,one scaled step feeds three guarded D20/D24/D28 additions,1FB885,10FF0,,306
202407,actor,count,"sub word ptr [rdi + 0x119c], 1",anc7: pace the +119C countdown in the event handler,202260,selected,countdown not finished: 20240F jne,202407,11340,,322
203242,actor,count,"mov dword ptr [rcx + 0x1170], eax",an0c: pace the +1170 behavior countdown,203230,selected,arithmetic flags overwritten before use,203242,11620,,333
205C75,actor,count,"mov byte ptr [rdi + 0x1175], al",anff: pace the +1175 submodel motion countdown,205C0B,selected,arithmetic flags overwritten before use,205C75,118C0,,344
484CD8,actor,count,"mov byte ptr [rcx + 0x1200], al",cDogLikeHm: pace the +1200 effect cooldown,484C70,selected,arithmetic flags overwritten before use,484CD8,2C2F0,,2280
484DAE,actor,count,inc dword ptr [rbx + 0x120c],cDogLikeHm: pace the +120C active-behavior counter,484D40,selected,arithmetic flags overwritten before use,484DAE,2C350,,2281
48620D,actor,count,"mov byte ptr [rbx + 0xe36], al",cDogLikeHm: pace the +E36 action-step counter while below ten,4860D0,selected,arithmetic flags overwritten before use,48620D,2C470,,2285
2049EB,actor,blend,"mulss xmm1, dword ptr [rip + 0x47103d]",an05/an18: compound the 0.3 B0 heading blend toward its target,2048E0,selected,1-(1-K)^s = 0.3 at 675A30,slot 81A8,,,
204A1E,actor,blend,"mulss xmm1, dword ptr [rip + 0x47100a]",an05/an18: compound the 0.3 B0 heading blend toward zero,2048E0,selected,1-(1-K)^s = 0.3 at 675A30,slot 81A8,,,
4855A2,actor,count,"add byte ptr [rdi + 0xe36], 0xff",cDogLikeHm: pace the +E36 action countdown branch,485390,selected,countdown not finished: 4855A9 jne,4855A2,2C3B0,,2282
488848,actor,src,"subss xmm0, xmm7",cDogMakimono: scale the one-unit +1070 descent step at its subtraction,4887F0,selected,xmm5 dead after the site on every path,488846,2C770,xmm5,2298
48D476,actor,count,"sub byte ptr [rdi + 0x10f8], cl",cFish: pace the +10F8 countdown by one in action stage one,48D450,selected,countdown not finished: 48D47C jne,48D476,2CAF0,,2309
40D977,objects,countlast,"mulss xmm0, xmm6","cSubScrItem: keep sprite 13 alpha between stock ticks, apply the current alpha factor only once per stock period",40D937,selected,"a factor: skipped, the rate is kept; arithmetic flags overwritten before use",40D974,28C20,,2057
40D9CA,objects,countlast,"mulss xmm0, xmm6","cSubScrItem: keep sprite 14 alpha between stock ticks, apply the current alpha factor only once per stock period",40D937,selected,"a factor: skipped, the rate is kept; arithmetic flags overwritten before use",40D9C7,28C80,,2058
40D76E,objects,count,"mov byte ptr [rbx + 0x51], al",cPictureBook: pace the +51 close-state sequence through its slot-12 update,40D6F0,selected,arithmetic flags overwritten before use,40D76C,28BC0,,2056
424D9B,objects,count,"add al, 8",cSubScrItem: pace the +3B alpha increase by eight during the image fade,424D40,selected,arithmetic flags overwritten before use; load 424D85 and store 424D9D one field,424D9B,29620,,2084
424DF3,objects,count,"sub al, 8",cSubScrItem: pace the +3B alpha decrease by eight during the image fade,424D40,selected,arithmetic flags overwritten before use; load 424DB6 and store 424DF5 one field,424DF3,29680,,2085
5A4AC8,objects,count,"mov byte ptr [rbx + 0x10e2], al",utce: pace the +10E2 contact cooldown,5A49A0,selected,arithmetic flags overwritten before use,5A4AC8,330D0,,2637
5A4D45,objects,count,"mov byte ptr [rdi + 0x10e1], al",utce: pace the +10E1 contact cooldown,5A4CE0,selected,arithmetic flags overwritten before use,5A4D45,33190,,2639
5A4DDD,objects,count,"mov byte ptr [rdi + 0xe36], bl",utce: pace the +E36 ten-stage spin counter,5A4CE0,selected,arithmetic flags overwritten before use,5A4DDD,331F0,,2640
5A4DF6,objects,pre,"addss xmm0, dword ptr [rdi + 0xb8]",utce: scale the current spin step before adding the old B8 heading in stage two,5A4CE0,selected,addss is commutative: the step in xmm0 is scaled first,5A4DF6,33250,,2641
5A4E3C,objects,pre,"addss xmm0, dword ptr [rdi + 0xb8]",utce: scale the current spin step before adding the old B8 heading in stage one,5A4CE0,selected,addss is commutative: the step in xmm0 is scaled first,5A4E3C,33270,,2642
5A4F39,objects,count,"mov byte ptr [rdi + 0x10e3], al",utce: pace the +10E3 contact cooldown,5A4CE0,selected,arithmetic flags overwritten before use,5A4F39,33290,,2643
5AAAB6,objects,count,dec byte ptr [rcx + 0x10d8],utf8: pace the +10D8 countdown before the one-time direction reversal,5AAAA0,selected,arithmetic flags overwritten before use,5AAAB6,33A50,,2668
5A4149,objects,src,"subss xmm0, xmm6",utc7: scale the submodel angular step in the first branch,5A40BB,selected,xmm5 dead after the site on every path,5A4149,33040,xmm5,2634
5A41AF,objects,src,"addss xmm0, xmm6",utc7: scale the submodel angular step in the second branch,5A40BB,selected,xmm5 dead after the site on every path,5A41AF,33070,xmm5,2635
5A425C,objects,src,"addss xmm0, xmm6",utc7: scale the submodel angular step in the third branch,5A40BB,selected,xmm5 dead after the site on every path,5A425C,330A0,xmm5,2636
5A33A1,objects,count,"mov byte ptr [rbx + 0xe35], al",utc6: pace the +E35 short wait,5A3340,selected,arithmetic flags overwritten before use,5A33A1,32F90,,2631
5A342F,objects,lin,"addss xmm1, dword ptr [rip + 0x117ee9]",utc6: scale the positive +1084 angle step,5A3340,selected,K*s = 0.095 at 6BB320,slot 8384,,,
5A3439,objects,lin,"subss xmm1, dword ptr [rip + 0x117edf]",utc6: scale the negative +1084 angle step,5A3340,selected,K*s = 0.095 at 6BB320,slot 8384,,,
5A3B89,objects,pre,"addss xmm0, dword ptr [r14 + 0x1088]",utc6: scale the angular step before adding the old +1088 heading,5A397B,selected,addss is commutative: the step in xmm0 is scaled first,5A3B89,32FF0,,2632
5A3BBE,objects,src,"subss xmm0, xmm6",utc6: scale the angular step at the +1088 subtraction,5A397B,selected,xmm5 dead after the site on every path,5A3BBE,33010,xmm5,2633
484799,actor,count,"mov byte ptr [rdi + 0x120a], al",cDogLikeHm: pace the +120A contact effect window to its saturation at 29,4846E2,selected,arithmetic flags overwritten before use,484799,2C210,,2277
4847D7,actor,count,"mov byte ptr [rdi + 0x120b], al",cDogLikeHm: pace the +120B effect cooldown after its three-tick reset,4846E2,selected,arithmetic flags overwritten before use,4847D7,2C270,,2278
1EDFAA,actor,dst,"movss xmm1, dword ptr [rip + 0x48a8de]","an0c: scale the shared 0.03 rise for D20, D24, and D28",1EDF88,selected,one scaled step feeds three guarded D20/D24/D28 additions,1EDFAA,10B40,,283
202B25,actor,pre,"addss xmm0, dword ptr [rax + 4]",anff: scale +E54 vertical velocity before adding the old actor Y,202A5D,selected,addss is commutative: the step in xmm0 is scaled first,202B25,11430,,325
484BD6,actor,pre,"addss xmm0, dword ptr [rax + 4]",cDogLikeHm: scale +E54 vertical velocity before adding the old actor Y,484A20,selected,addss is commutative: the step in xmm0 is scaled first,484BD6,2C2D0,,2279
1D5529,actor,pre,"addss xmm0, dword ptr [rax + 4]",an00: scale +1248 vertical velocity before adding the old submodel Y,1D52B0,selected,addss is commutative: the step in xmm0 is scaled first,1D5529,FFD0,,235
5A4B8A,objects,count,"mov byte ptr [rcx + 0x10e2], al",utca: pace the +10E2 effect cooldown,5A4B40,selected,arithmetic flags overwritten before use,5A4B8A,33130,,2638
5A503B,objects,count,"mov byte ptr [rbx + 0x10e0], al",utce: pace the +10E0 wait before returning scale to one,5A4F80,selected,arithmetic flags overwritten before use,5A503B,332F0,,2644
5A5AAB,objects,count,"mov byte ptr [rdi + 0x1071], al",utce: pace the +1071 effect cooldown,5A5950,selected,arithmetic flags overwritten before use,5A5AAB,33350,,2645
5A5C5A,objects,count,"mov byte ptr [rbx + 0x1072], al",utce: pace the +1072 wait before returning scale to one,5A5C10,selected,arithmetic flags overwritten before use,5A5C5A,333B0,,2646
5A5FA0,objects,lin,"subss xmm0, dword ptr [rip + 0x115708]",utce: scale the negative 0.18 submodel angular step,5A5F80,selected,K*s = 0.18 at 6BB6B0,slot 8388,,,
5A5FC5,objects,count,"add byte ptr [rbx + 0xe35], 0xff",utce: pace the E35 return-stage countdown,5A5F80,selected,countdown not finished: 5A5FCC jne,5A5FC5,33410,,2647
5A6000,objects,lin,"addss xmm0, dword ptr [rip + 0x1156a8]",utce: scale the positive 0.18 submodel angular step,5A5FE0,selected,K*s = 0.18 at 6BB6B0,slot 8388,,,
5A6025,objects,count,inc byte ptr [rbx + 0xe35],utce: pace the E35 outward-stage count,5A5FE0,selected,arithmetic flags overwritten before use,5A6025,33480,,2648
5A60BB,objects,src,"subss xmm0, xmm1",utce: scale the +1074-derived submodel angular step at the subtraction,5A6096,selected,xmm5 dead after the site on every path,5A60B3,334E0,xmm5,2649
5A60F9,objects,pre,"addss xmm0, dword ptr [rax + 0xb8]",utce: scale the +1074-derived submodel angular step before adding the old B8 angle,5A6096,selected,addss is commutative: the step in xmm0 is scaled first,5A60F9,33510,,2650
5A6180,objects,count,"add byte ptr [rdi + 0xe35], 0xff",utce: pace the E35 action-stage countdown,5A6180,selected,countdown not finished: 5A6187 jne,5A6180,33530,,2651
5A6FCD,objects,count,"mov byte ptr [rbx + 0xe36], al",utd0: pace the E36 action-stage countdown,5A6F60,selected,arithmetic flags overwritten before use,5A6FCD,335F0,,2654
5A7A23,objects,pre,"addss xmm1, dword ptr [rdx + 0xd2c]",utd8: scale the state-selected positive or negative D2C rise step before adding the old value,5A79BA,selected,addss is commutative: the step in xmm1 is scaled first,5A7A23,33650,,2655
5A9445,objects,count,dec dword ptr [rdi + 0x1118],utf0: pace the +1118 duration counter,5A9090,selected,arithmetic flags overwritten before use,5A9445,337A0,,2661
5A9481,objects,count,"mov byte ptr [rdi + 0x1116], al",utf0: pace the +1116 two-tick effect cooldown,5A9090,selected,arithmetic flags overwritten before use,5A9481,33800,,2662
5A9851,objects,lin,"addss xmm0, dword ptr [rip + 0x105b5b]",utf0: scale the 0.625 submodel B4 angular step,5A97B3,selected,K*s = 0.625 at 6AF3B4,slot 838C,,,
5A98CC,objects,count,"mov byte ptr [rdi + 0x1117], al",utf0: pace the +1117 effect cooldown,5A9886,selected,arithmetic flags overwritten before use,5A98CC,33860,,2663
5AA238,objects,count,"add byte ptr [rbx + 0x10e4], 0xff",utf1: pace the +10E4 stage countdown,5AA238,selected,countdown not finished: 5AA23F jne,5AA238,33980,,2666
5AA992,objects,count,"mov byte ptr [rbx + 0xe36], al",utf8: pace the E36 action countdown,5AA940,selected,arithmetic flags overwritten before use,5AA992,339F0,,2667
5ABABF,objects,count,"mov byte ptr [rcx + 0xe36], al",utfa: pace the E36 action countdown,5ABA4F,selected,arithmetic flags overwritten before use,5ABABF,33AB0,,2669
204685,actor,root,"movss xmm2, dword ptr [rip + 0x4755c7]","an7f/anff/cAnimal: compound the 1.25 growth factor shared by C0, C4, C8",2045D0,selected,flags dead after the copy (20468D on),204685,11740,,336
2046A4,actor,root,"movss xmm2, dword ptr [rip + 0x47138c]","an7f/anff/cAnimal: compound the 0.75 shrink factor shared by C0, C4, C8",2045D0,selected,flags dead after the copy (2046AC on),2046A4,11780,,337
48694C,actor,pre,"addss xmm0, dword ptr [rbx]",cDogLikeHm: scale the east-west velocity before adding actor X,4867F0,selected,addss is commutative: the step in xmm0 is scaled first,48694C,2C4D0,,2286
486970,actor,pre,"addss xmm0, dword ptr [rbx + 8]",cDogLikeHm: scale the north-south velocity before adding actor Z,4867F0,selected,addss is commutative: the step in xmm0 is scaled first,486970,2C4F0,,2287
486A70,actor,count,"mov byte ptr [rdi + 0xe36], al",cDogLikeHm: pace the E36 steering-stage count before ten,4867F0,selected,arithmetic flags overwritten before use,486A70,2C510,,2288
486B39,actor,pre,"addss xmm0, dword ptr [rbx]",cDogLikeHm: scale the turn-derived displacement before adding actor X,4867F0,selected,addss is commutative: the step in xmm0 is scaled first,486B39,2C570,,2289
486D6F,actor,pre,"addss xmm0, dword ptr [rbx]",cDogLikeHm: scale the turn-derived displacement before adding actor X,4867F0,selected,addss is commutative: the step in xmm0 is scaled first,486D6F,2C650,,2292
486D87,actor,pre,"addss xmm0, dword ptr [rbx + 8]",cDogLikeHm: scale the turn-derived displacement before adding actor Z,4867F0,selected,addss is commutative: the step in xmm0 is scaled first,486D87,2C670,,2293
5A2BBA,objects,lin,"addss xmm0, dword ptr [rip + 0xd94b6]",utbf: scale the 0.02617994 B4 angular step,5A2BA0,selected,K*s = 0.0261799 at 67C078,slot 8390,,,
5A2DBD,objects,count,"mov byte ptr [rcx + 0xe36], al",utbf: pace the E36 action countdown,5A2DBB,selected,arithmetic flags overwritten before use,5A2DBD,32F30,,2630
5A67EF,objects,src,"subss xmm0, xmm7",utcf: scale the first +1074 fade decrement,5A6760,selected,xmm5 dead after the site on every path,5A67EF,335A0,xmm5,2652
5A6825,objects,src,"subss xmm0, xmm7",utcf: scale the second +1074 fade decrement,5A6760,selected,xmm5 dead after the site on every path,5A6825,335C0,xmm5,2653
5A7400,objects,lin,"subss xmm1, dword ptr [rip + 0xca800]",utd8: scale the one-unit +1158 float countdown step,5A7349,selected,K*s = 1 at 671C08,slot 8308,,,
5A7FBF,objects,count,"mov byte ptr [rcx + 0xe36], al",utd8: pace the E36 stage count before five,5A7F90,selected,arithmetic flags overwritten before use,5A7FBF,336D0,,2657
5A883F,objects,src,"addss xmm0, dword ptr [rbx + 0xf54]",utf0: scale the +F54-derived addition to +110C,5A8720,selected,xmm5 dead after the site on every path,5A883F,33730,xmm5,2658
5A89D8,objects,pre,"addss xmm0, dword ptr [rbx + 0x110c]",utf0: scale the +F54-derived addition to +110C,5A88F0,selected,addss is commutative: the step in xmm0 is scaled first,5A89D8,33760,,2659
5A8BFF,objects,lin,"addss xmm1, dword ptr [rip + 0xcce3d]",utf0: scale the 1.5 rise of the actor Y under its ceiling,5A8A80,selected,K*s = 1.5 at 675A44,slot 8394,,,
5A8D88,objects,pre,"addss xmm0, dword ptr [rbx + 0x110c]",utf0: scale the +F54-derived addition to +110C,5A8CA0,selected,addss is commutative: the step in xmm0 is scaled first,5A8D88,33780,,2660
201430,actor,gatefn,push rbx,anc7: pace the angle-only B4 smoothing helper called from its already paced actor update,201430,selected,entry; callers 201F4E ignore rax,201430,11160,,313
201EDD,actor,pre,"addss xmm1, dword ptr [rbx + 0x110c]",anc7: scale the branch-two acceleration before adding the prior +110C velocity,201CA0,selected,addss is commutative: the step in xmm1 is scaled first,201EDD,111B0,,314
201EF5,actor,src,"subss xmm0, xmm1",anc7: scale the current +110C velocity at the +1108 displacement subtraction,201CA0,selected,xmm5 dead after the site on every path,201EF5,111D0,xmm5,315
201F17,actor,pre,"addss xmm0, dword ptr [rbx + 0x110c]",anc7: scale the branch-one acceleration before adding the prior +110C velocity,201CA0,selected,addss is commutative: the step in xmm0 is scaled first,201F17,11200,,316
201F27,actor,pre,"addss xmm0, dword ptr [rbx + 0x1108]",anc7: scale the current +110C velocity before adding prior +1108 displacement,201CA0,selected,addss is commutative: the step in xmm0 is scaled first,201F27,11220,,317
20217A,actor,count,"mov byte ptr [rbx + 0x1101], al",anc7: pace the +1101 effect interval count,201CA0,selected,arithmetic flags overwritten before use,20217A,11280,,320
202233,actor,count,"mov byte ptr [rbx + 0x1105], al",anc7: pace the +1105 action cooldown,201CA0,selected,arithmetic flags overwritten before use,202233,112E0,,321
1EF230,actor,srcblend,"mulss xmm3, xmm1",an0c: compound the dynamic E48 approach factor after constructing its target,1EF120,selected,xmm5 dead after the site on every path; flags dead after,1EF230,10B60,xmm5,285
1EF24C,actor,srcblend,"mulss xmm2, xmm1",an0c: compound the dynamic E4C approach factor after constructing its target,1EF120,selected,xmm5 dead after the site on every path; flags dead after,1EF24C,10BF0,xmm5,286
2029BE,actor,count,"mov byte ptr [rbx + 0x1187], al",anff shared helper: pace the +1187 effect cooldown used by both callers,202920,selected,arithmetic flags overwritten before use,2029BE,113D0,,324
48D999,actor,pre,"addss xmm0, dword ptr [rax + 4]",cFish: scale the configured vertical step before adding old actor Y,48D740,selected,addss is commutative: the step in xmm0 is scaled first,48D999,2CB50,,2310
5A7F12,objects,count,inc byte ptr [rbx + 0xe36],utd8: pace the E36 action count that follows motion selection,5A7EA0,selected,arithmetic flags overwritten before use,5A7F12,33670,,2656
5A9BDA,objects,count,"mov byte ptr [rcx + 0x10e6], al",utf1: pace the +10E6 short wait,5A9BC0,selected,arithmetic flags overwritten before use,5A9BDA,338C0,,2664
5A9F90,objects,gatefn,"mov r11, rsp",utf1: pace the +10E5 countdown together with its material and effect transitions,5A9F90,selected,entry; callers 5A9C55 ignore rax,5A9F90,33920,,2665
5AB32B,objects,lin,"subss xmm1, dword ptr [rip + 0xc6ae1]",utf9: scale the two-unit +10A8 fall toward its lower bound,5AB220,selected,K*s = 2 at 671E14,slot 8398,,,
5ABF60,objects,gatefn,push rbp,utfa: pace the E36 action sequence and its effects together,5ABF60,selected,entry; callers 5AB9D8 ignore rax,5ABF60,33B10,,2670
5AC5D0,objects,gatefn,"mov qword ptr [rsp + 0x10], rbx",utfa: pace the E36 countdown and its 15/10-count event effects together,5AC5D0,selected,entry; callers 5AB9EF ignore rax,5AC5D0,33B60,,2671
5ACB30,objects,gatefn,push rbx,"utfa: pace +1074 countdown, B4/submodel steering, and the 40-count effect together",5ACB30,selected,entry; callers 5AB99B ignore rax,5ACB30,33BB0,,2672
201FF9,actor,dst,"cvtdq2ps xmm3, xmm3","anc7: scale the shared upward step before it feeds +1198, actor Z, and five linked world offsets",201CA0,selected,one scaled step feeds actor height and linked world offsets,201FF9,11240,,318
2020C6,actor,dst,"mulss xmm2, xmm0","anc7: scale the shared downward step before it feeds +1198, actor Z, and five linked world offsets",201CA0,selected,one scaled step feeds actor height and linked world offsets,2020C3,11260,,319
204E5F,actor,src,"subsd xmm0, qword ptr [rip + 0x475091]",anff: scale the double-precision decrement of +11B4 before conversion back to float,204D8D,selected,xmm5 dead after the site on every path; double literal 0.025 at 679EF8,204E5F,117C0,xmm5,339
204EA1,actor,src,"addsd xmm0, qword ptr [rip + 0x47504f]",anff: scale the double-precision increment of +11B4 before conversion back to float,204D8D,selected,xmm5 dead after the site on every path; double literal 0.025 at 679EF8,204EA1,117F0,xmm5,340
204F55,actor,srcroot,"mulss xmm0, dword ptr [rip + 0x474d17]",anff: compound the 0.4 EC8 damping factor per stock period,204EFF,selected,xmm5 dead after the site on every path; flags dead after,204F55,11820,xmm5,341
486B4B,actor,notyet,"cmp byte ptr [rdi + 0xe36], bl",cDogLikeHm: suppress the two E36-zero effects on held ticks before the paced count,4867F0,selected,"its flags' one branch goes to 486BA8 with ZF=OF=0, SF=0",486B4B,2C590,,2290
486BA8,actor,count,inc byte ptr [rdi + 0xe36],cDogLikeHm: pace the E36 steering-stage count and its zero-triggered effects,4867F0,selected,arithmetic flags overwritten before use,486BA8,2C5F0,,2291
2E5160,objects,count,dec word ptr [rbx + 0x1138],et0f: pace the +1138 action countdown in the fourth stage,2E5145,selected,arithmetic flags overwritten before use,2E5160,1B530,,1230
2E596A,objects,count,dec word ptr [rbx + 0x1138],et0f: pace the +1138 action countdown after motion selection,2E591E,selected,arithmetic flags overwritten before use,2E596A,1B600,,1232
2EE53B,objects,count,"mov byte ptr [rbx + 0x1070], al",et47: pace the +1070 30/60-tick behavior wait,2EE520,selected,arithmetic flags overwritten before use,2EE53B,1B970,,1244
2F098D,objects,count,"mov byte ptr [rbx + 0xe76], cl",et65: pace the +E76 bit-controlled cooldown,2F0940,selected,arithmetic flags overwritten before use,2F098D,1B9D0,,1245
2F701C,objects,count,"mov word ptr [rbx + 0xe3c], r8w",et7f: pace the +E3C ten-count effect interval,2F6F98,selected,arithmetic flags overwritten before use,2F701C,1C090,,1268
2F702E,objects,notyet,"cmp ecx, eax",et7f: suppress the effect on held ticks when the old +E3C count is a multiple of ten,2F6F98,selected,"its flags' one branch goes to 2F70C5 with ZF=OF=0, SF=0",2F7029,1C0F0,,1269
2F7551,objects,count,"mov byte ptr [rbx + 0x1091], cl",et8a: pace the +1091 four-count effect interval,2F73F9,selected,arithmetic flags overwritten before use,2F7551,1C160,,1270
2F7557,objects,notyet,"and al, 3",et8a: suppress the four-count effect on held ticks,2F73F9,selected,"its flags' one branch goes to 2F76CF with ZF=OF=0, SF=0",2F7557,1C1C0,,1271
2F76FE,objects,blend,"movss xmm6, dword ptr [rip + 0x380dc2]","et8a: compound the shared 0.15 position blend for actor X, Y, and Z",2F76E4,selected,1-(1-K)^s = 0.15 at 6784C8,slot 839C,,,
2F7789,objects,lin,"addss xmm0, dword ptr [rip + 0x3824ff]",et8a: scale the submodel E4 rotation step,2F76E4,selected,K*s = 0.0523599 at 679C90,slot 82C4,,,
2F787F,objects,count,"mov word ptr [rdi + 0xe3c], bx",et8a: pace the +E3C oscillator count,2F7800,selected,arithmetic flags overwritten before use,2F787F,1C230,,1272
2FE5A6,objects,count,"mov byte ptr [rdi + 0x1082], al",gtfe: pace the +1082 stage count,2FE567,selected,arithmetic flags overwritten before use,2FE5A6,1C7D0,,1287
2FE5AC,objects,notyet,"test cl, cl",gtfe: suppress the stage-zero effect on held ticks,2FE567,selected,"its flags' one branch goes to 2FE61E with ZF=OF=0, SF=0",2FE5A6,1C7D0,,1288
2EAFE5,objects,lin,"addss xmm1, dword ptr [rip + 0x38d4db]",et2e: scale the +1158 phase increment before the conditional wrap correction,2EAF89,selected,K*s = 0.15 at 6784C8,slot 83A0,,,
2ED375,objects,pre,"addss xmm0, dword ptr [rbx + 0x1140]",et43: scale the angle-derived +1140 movement step in the timed stage,2ED0EC,selected,addss is commutative: the step in xmm0 is scaled first,2ED375,1B930,,1242
2ED395,objects,pre,"addss xmm0, dword ptr [rbx + 0x1148]",et43: scale the angle-derived +1148 movement step in the timed stage,2ED0EC,selected,addss is commutative: the step in xmm0 is scaled first,2ED395,1B950,,1243
2F1BDF,objects,root,"movss xmm2, dword ptr [rip + 0x4ae695]",et67: compound the shared 1.7 submodel X/Y/Z expansion factor,2F1B82,selected,flags dead after the copy (2F1BE7 on),2F1BDF,1BC90,,1253
33CE0C,objects,lin,"movss xmm1, dword ptr [rip + 0x33b268]",cCarryObj: scale the -0.1 +11D4 progress step,33CDA0,selected,K*s = -0.1 at 67807C,slot 8110,,,
33CE16,objects,lin,"movss xmm1, dword ptr [rip + 0x334fe6]",cCarryObj: scale the 0.1 +11D4 progress step,33CDA0,selected,K*s = 0.1 at 671E04,slot 810C,,,
33CE97,objects,count,dec al,cCarryObj: pace the +11C4 cooldown decrement,33CDA0,selected,arithmetic flags overwritten before use; load 33CE8C and store 33CE99 one field,33CE93,1E5C0,,1392
33CFA1,objects,count,"mov byte ptr [rbx + 0x12b1], al",cCarryObj: pace the +12B1 wait's register-computed decrement at its store,33CDA0,selected,arithmetic flags overwritten before use,33CFA1,1E620,,1393
33CFA7,objects,notyet,"test cl, cl",cCarryObj: suppress the +12B1 zero-trigger effect on held ticks,33CDA0,selected,"its flags' one branch goes to 33CFD8 with ZF=OF=0, SF=0",33CFA7,1E680,,1394
33CFE3,objects,count,dec al,cCarryObj: pace the +11C5 cooldown decrement,33CDA0,selected,arithmetic flags overwritten before use; load 33CFD8 and store 33CFE5 one field,33CFDF,1E6F0,,1395
33D1A1,objects,pre,"addss xmm1, dword ptr [rcx + 0x11d0]",cCarryObj: scale the +11CC step before advancing +11D0,33D190,selected,addss is commutative: the step in xmm1 is scaled first,33D1A1,1E750,,1396
33D6A7,objects,dst,"divss xmm1, xmm0",cCarryObj: scale the +11C8 decrement derived from its remaining count,33D690,selected,"the step's next reader adds or subtracts it into another register, and xmm1 is dead after",33D6A4,1E840,,1399
33D6D9,objects,count,dec ax,cCarryObj: pace the +11C6 remaining count,33D6CD,selected,arithmetic flags overwritten before use; load 33D6CD and store 33D6DC one field,33D6D7,1E860,,1400
2E1AF6,objects,lin,"movss xmm0, dword ptr [rip + 0x390306]",et04: scale the positive +D2C state blend step,2E1A80,selected,K*s = 0.1 at 671E04,slot 810C,,,
2E1B00,objects,lin,"movss xmm0, dword ptr [rip + 0x396574]",et04: scale the negative +D2C state blend step,2E1A80,selected,K*s = -0.1 at 67807C,slot 8110,,,
2E9015,objects,lin,"movss xmm2, dword ptr [rip + 0x388de7]",et2b: scale the shared actor C0/C4/C8 channel rise,2E8FB0,selected,K*s = 0.1 at 671E04,slot 810C,,,
223983,objects,blend,"movss xmm2, dword ptr [rip + 0x44e479]",ut69 update state one: compound the shared 0.1 approach toward one for D20/D24/D28,223900,selected,1-(1-K)^s = 0.1 at 671E04,slot 82B0,,,
223AD0,objects,blend,"movss xmm2, dword ptr [rip + 0x44e32c]",ut69 update state two: compound the shared 0.1 approach toward one for D20/D24/D28,223A60,selected,1-(1-K)^s = 0.1 at 671E04,slot 82B0,,,
367C5A,objects,lin,"movss xmm2, dword ptr [rip + 0x30acca]",cKiType012/vt0c callback: scale the shared 0.2 rise of the D20/D24/D28 channels in state two,367C30,selected,K*s = 0.2 at 67292C,slot 8304,,,
35C82F,objects,lin,"movss xmm2, dword ptr [rip + 0x31adb9]",objScroll 35C790 state five: scale the shared 0.05 rise of D20/D24/D28,35C790,selected,K*s = 0.05 at 6775F0,slot 8310,,,
22933D,objects,blend,"mulss xmm1, dword ptr [rip + 0x4495e7]",ut96 update: compound the 0.2 X approach toward the computed point,229188,selected,1-(1-K)^s = 0.2 at 67292C,slot 8330,,,
22935F,objects,blend,"mulss xmm1, dword ptr [rip + 0x4495c5]",ut96 update: compound the 0.2 Z approach toward the computed point,229188,selected,1-(1-K)^s = 0.2 at 67292C,slot 8330,,,
55260E,objects,lin,"addss xmm2, dword ptr [rip + 0x124fda]",ut47 first update: scale the +1084 angular phase advance,5525DF,selected,K*s = 0.05 at 6775F0,slot 8310,,,
5530E4,objects,lin,"addss xmm2, dword ptr [rip + 0x124504]",ut47 second update: scale the +1084 angular phase advance,553075,selected,K*s = 0.05 at 6775F0,slot 8310,,,
35C5C6,objects,lin,"movss xmm3, dword ptr [rip + 0x315836]",objScroll 35C520 state fade: scale the shared 0.1 rise of C0/C8 and D20/D24/D28,35C520,selected,K*s = 0.1 at 671E04,slot 810C,,,
55F47A,objects,srcblend,"mulss xmm1, xmm6",uta4 part case three: compound the 0.03 alpha approach factor at its multiply while preserving xmm6 for the other states,55F14A,selected,xmm5 dead after the site on every path; flags dead after,55F47A,30240,xmm5,2483
55A53C,objects,lin,"movss xmm6, dword ptr [rip + 0x1176c4]",55A430 coordinator: scale the shared one-unit E14 rise and fall for objects AA A0 and A1,55A4CF,selected,K*s = 1 at 671C08,slot 8308,,,
55A744,objects,lin,"movss xmm6, dword ptr [rip + 0x1176b8]",55A430 coordinator: scale the shared 0.1 D20/D24/D28 descent for linked objects in state zero,55A6B4,selected,K*s = 0.1 at 671E04,slot 810C,,,
55A838,objects,lin,"movss xmm6, dword ptr [rip + 0x1175c4]",55A430 coordinator: scale the shared 0.1 D20/D24/D28 ascent for linked objects in state one,55A6B4,selected,K*s = 0.1 at 671E04,slot 810C,,,
50FFC0,menu,gatefn,"mov qword ptr [rsp + 0x18], rbx",50FA50 UI update: run the layout color and alpha fade helper once per stock menu tick so its byte steps and truncation retain stock order,50FFC0,selected,entry; callers 50FB9B ignore rax,50FFC0,2F430,,2435
5C4B2D,actor,lin,"movss xmm6, dword ptr [rip + 0xb4e7f]","e80/e82/e83 horizontal and vertical scalar movement, held in xmm6 until 5C4D26",5C4B25,selected,K*s = 4 at 6799B4,slot 81A4,,,
5C4B58,actor,lin,"subss xmm0, dword ptr [rip + 0xb0f28]",e80 vertical step of 14,5C4B25,selected,K*s = 14 at 675A88,slot 83A4,,,
5C4B85,actor,lin,"addss xmm0, dword ptr [rip + 0xb03cf]",e81 horizontal step of 7,5C4B25,selected,K*s = 7 at 674F5C,slot 83A8,,,
5C4B94,actor,lin,"addss xmm1, dword ptr [rip + 0xad278]",e81 secondary step of 2,5C4B25,selected,K*s = 2 at 671E14,slot 8150,,,
5C4BB1,actor,lin,"subss xmm0, dword ptr [rip + 0xb03a7]",e81 vertical step of 8,5C4B25,selected,K*s = 8 at 674F60,slot 8340,,,
5C4BC7,actor,lin,"movss xmm7, dword ptr [rip + 0xad039]","e82/e83/e85/e89 vertical step of 1, held in xmm7 until 5C4D9A",5C4B25,selected,K*s = 1 at 671C08,slot 81F4,,,
5C4C2B,actor,lin,"movss xmm1, dword ptr [rip + 0xad1e1]",e84/e88 scalar movement of 2,5C4B25,selected,K*s = 2 at 671E14,slot 8150,,,
5C4C81,actor,lin,"subss xmm0, dword ptr [rip + 0xb02d7]",e85 vertical step of 8,5C4B25,selected,K*s = 8 at 674F60,slot 8340,,,
5C4CAE,actor,lin,"movss xmm1, dword ptr [rip + 0xad15e]",e86/e87 scalar movement of 2,5C4B25,selected,K*s = 2 at 671E14,slot 8150,,,
5C4CCF,actor,lin,"subss xmm0, dword ptr [rip + 0xb0289]",e86/e87 vertical step of 8,5C4B25,selected,K*s = 8 at 674F60,slot 8340,,,
5C4CEC,actor,lin,"movss xmm1, dword ptr [rip + 0xad114]",e89 scalar movement of 0.5,5C4B25,selected,K*s = 0.5 at 671E08,slot 8140,,,
5C4D26,actor,lin,"movss xmm6, dword ptr [rip + 0xb022a]","e8a scalar movement of 3, held in xmm6",5C4B25,selected,K*s = 3 at 674F58,slot 8160,,,
5C4D63,actor,lin,"movss xmm1, dword ptr [rip + 0xb0cc5]",e8b scalar movement of 0.3,5C4B25,selected,K*s = 0.3 at 675A30,slot 81F0,,,
5C4D84,actor,lin,"subss xmm0, dword ptr [rip + 0xb0cb8]",e8b vertical step of 1.5,5C4B25,selected,K*s = 1.5 at 675A44,slot 813C,,,
5C4D9A,actor,lin,"movss xmm7, dword ptr [rip + 0xb0632]","e8c/e8e scalar movement of 2.5, held in xmm7",5C4B25,selected,K*s = 2.5 at 6753D4,slot 8128,,,
5C4DC5,actor,lin,"subss xmm0, dword ptr [rip + 0xadb6b]",e8c vertical step of 11,5C4B25,selected,K*s = 11 at 672938,slot 83AC,,,
5C4DE2,actor,lin,"movss xmm1, dword ptr [rip + 0xb0c8e]",e8d scalar movement of 5,5C4B25,selected,K*s = 5 at 675A78,slot 8144,,,
5C4E03,actor,lin,"subss xmm0, dword ptr [rip + 0xb3219]",e8d vertical step of 9,5C4B25,selected,K*s = 9 at 678024,slot 83B0,,,
5C4E19,actor,lin,"movss xmm6, dword ptr [rip + 0xb0c5b]","e8e/e8f scalar movement of 6, held in xmm6",5C4B25,selected,K*s = 6 at 675A7C,slot 83B4,,,
5C4E7E,actor,lin,"subss xmm0, dword ptr [rip + 0xb0bfe]",e8f vertical step of 12,5C4E62,selected,K*s = 12 at 675A84,slot 83B8,,,
5C4EA0,actor,lin,"movss xmm1, dword ptr [rip + 0xada84]",e90 scalar movement of 0.2,5C4EA0,selected,K*s = 0.2 at 67292C,slot 83BC,,,
5C4EC1,actor,lin,"subss xmm0, dword ptr [rip + 0xacf43]",e90 vertical step of 0.6,5C4EA0,selected,K*s = 0.6 at 671E0C,slot 83C0,,,
5C4EDE,actor,lin,"movss xmm1, dword ptr [rip + 0xb0ba2]",e91 scalar movement of 14,5C4EA0,selected,K*s = 14 at 675A88,slot 83A4,,,
5C4EFF,actor,lin,"subss xmm0, dword ptr [rip + 0xadfd1]",e91 vertical step of 10,5C4EA0,selected,K*s = 10 at 672ED8,slot 81A0,,,
5C4F1B,actor,lin,"addss xmm0, dword ptr [rip + 0xb0039]",e81 horizontal step of 7 in the alternative scene mode,5C4EA0,selected,K*s = 7 at 674F5C,slot 83A8,,,
5C4F2B,actor,lin,"addss xmm1, dword ptr [rip + 0xacee1]",e81 secondary step of 2 in the alternative scene mode,5C4EA0,selected,K*s = 2 at 671E14,slot 8150,,,
5C4F4F,actor,lin,"subss xmm0, dword ptr [rip + 0xb0009]",e81 vertical step of 8 in the alternative scene mode,5C4EA0,selected,K*s = 8 at 674F60,slot 8340,,,
2315C5,objects,blend,"movss xmm2, dword ptr [rip + 0x44135f]",state-one D20/D24/D28 approaches use this same 0.2 factor only as the per-tick blend,231510,selected,1-(1-K)^s = 0.2 at 67292C,slot 8330,,,
23164C,objects,blend,"movss xmm2, dword ptr [rip + 0x4443dc]",current position xyz approaches use this same 0.3 factor only as the per-tick blend,231510,selected,1-(1-K)^s = 0.3 at 675A30,slot 82A4,,,
2307CA,objects,lin,"movss xmm7, dword ptr [rip + 0x441436]",normal-state per-tick phase speed 1 held in xmm7 for all five submodel angles and +1070,230760,selected,K*s = 1 at 671C08,slot 8308,,,
2307D6,objects,lin,"movss xmm7, dword ptr [rip + 0x44529a]",state-one per-tick phase speed 5 held in xmm7 for the same paths,230760,selected,K*s = 5 at 675A78,slot 83C4,,,
52E4C1,objects,lin,"subss xmm0, dword ptr [rip + 0x14393b]",52E450 callback for variants 7/8 and motion EE8: scale the submodel zero Y decrement 0.1,52E471,selected,K*s = 0.1 at 671E04,slot 810C,,,
52E4E8,objects,lin,"subss xmm0, dword ptr [rip + 0x149100]",same callback: scale the submodel one Y decrement 0.05,52E471,selected,K*s = 0.05 at 6775F0,slot 8310,,,
52E520,objects,lin,"subss xmm0, dword ptr [rip + 0x1438dc]",variants 10 to 12 and motion EEB: scale the root Y decrement 0.1,52E4FB,selected,K*s = 0.1 at 671E04,slot 810C,,,
52E572,objects,lin,"subss xmm0, dword ptr [rip + 0x14b6f6]",variants 13 to 15 and motion EEC: scale the submodel zero Y decrement 0.08,52E533,selected,K*s = 0.08 at 679C70,slot 836C,,,
52E599,objects,lin,"subss xmm0, dword ptr [rip + 0x14edc7]",same callback: scale the submodel one Y decrement 0.07,52E533,selected,K*s = 0.07 at 67D368,slot 83C8,,,
52E5D9,objects,lin,"movss xmm1, dword ptr [rip + 0x14b68f]",variants 17 to 19 and motion EED: scale the shared 0.08 source for submodels three and six,52E5AC,selected,K*s = 0.08 at 679C70,slot 836C,,,
2EAD28,objects,pre,"addss xmm2, dword ptr [rcx + 0xb4]","et2e 2EAD00: scale xmm2 after max of 0.02 and 2.1 minus the caller target, immediately before adding it to persistent B4 phase",2EACF4,selected,addss is commutative: the step in xmm2 is scaled first,2EAD28,1B800,,1238
62E117,objects,pre,"addss xmm0, dword ptr [rdi + 0x1174]","et2f 62E0B0: scale the selected +1 or -0.2 change to +1174 before adding it, preserving the zero-to-one clamp",62E0B8,selected,addss is commutative: the step in xmm0 is scaled first,62E117,36E50,,2888
62E284,objects,src,"addss xmm1, xmm9","et2f 62E0B0: scale xmm9 only in the +1170 interpolation phase add, preserving its separate uses as reference value and endpoint threshold",62E164,selected,xmm5 dead after the site on every path,62E284,36E70,xmm5,2889
20A044,objects,lin,"movss xmm1, dword ptr [rip + 0x470108]","cKiType000 to cKiType003 shared update: scale the 0.06 D2C decrease, which can be applied twice when E79 low nibble is F",209FD9,selected,K*s = 0.06 at 67A154,slot 83CC,,,
2146CA,objects,lin,"addss xmm1, dword ptr [rip + 0x45d742]",ut05 214690: scale the +2 change to the 10A8 state value before its zero threshold,214690,selected,K*s = 2 at 671E14,slot 8398,,,
214753,objects,lin,"subss xmm1, dword ptr [rip + 0x45d6b9]",ut05 214690: scale the -2 change to the 10A8 state value before its -12 threshold,214690,selected,K*s = 2 at 671E14,slot 8398,,,
22BEAB,objects,lin,"movss xmm1, dword ptr [rip + 0x44dde5]",utbb 22BE90: scale the -0.05 D2C fade when 115A is set,22BE6E,selected,K*s = -0.05 at 679C98,slot 83D0,,,
22BECB,objects,lin,"movss xmm1, dword ptr [rip + 0x44b71d]",utbb 22BE90: scale the +0.05 D2C fade when E35 selects phases one to three,22BE6E,selected,K*s = 0.05 at 6775F0,slot 8310,,,
2E109C,objects,lin,"addss xmm0, dword ptr [rip + 0x3a1720]",cTubomi et40/44/45 2E0FE0: scale the 0.5585054 angular step before the submodel-three E4 wrap,2E0FE0,selected,K*s = 0.558505 at 6827C4,slot 82C8,,,
22619F,objects,lin,"subss xmm0, dword ptr [rip + 0x453a89]",ut86 225F90 state eight: scale the 0.02 D2C fade before its zero transition,226181,selected,K*s = 0.02 at 679C30,slot 8108,,,
228190,objects,lin,"movss xmm1, dword ptr [rip + 0x44f458]","ut92 228170: scale the 0.05 per-subrecord 5C decrease shared across the loop, preserving the zero clamp",228170,selected,K*s = 0.05 at 6775F0,slot 8310,,,
2E8484,objects,pre,"addss xmm0, dword ptr [rbx + 0x1084]","et24 2E83E0: scale xmm0 after random value times 0.02 plus 0.05, before adding that whole per-tick phase step to persistent 1084",2E83E0,selected,addss is commutative: the step in xmm0 is scaled first,2E8484,1B730,,1235
2ED800,objects,lin,"addss xmm0, dword ptr [rip + 0x394fbc]",et44 2ED7E0: scale the submodel-three E4 angular step 0.5585054 before wrapping,2ED7E0,selected,K*s = 0.558505 at 6827C4,slot 82C8,,,
2ED8D0,objects,lin,"addss xmm0, dword ptr [rip + 0x394eec]",et45 2ED8B0: scale the sibling submodel-three E4 angular step 0.5585054 before wrapping,2ED8B0,selected,K*s = 0.558505 at 6827C4,slot 82C8,,,
23046F,objects,lin,"movss xmm7, dword ptr [rip + 0x44d211]",utd1 230400: scale the 0.0122173 return-to-zero step shared by four B4 angles after each is clamped to plus or minus 0.3,230400,selected,K*s = 0.0122173 at 67D688,slot 83D4,,,
6013CB,menu,count,inc byte ptr [rbx + 0x1b],601270: pace the +1B wait after 5FFF10 until 80 ticks or the user's advance input,6012C3,selected,arithmetic flags overwritten before use,6013CB,36680,,2866
601440,menu,count,inc byte ptr [rbx + 0x1b],601270: pace the next +1B wait until 80 ticks or advance input,6012C3,selected,arithmetic flags overwritten before use,601440,366E0,,2867
6014E4,menu,count,inc byte ptr [rbx + 0x1b],601270: pace the third +1B wait until 80 ticks or advance input,6012C3,selected,arithmetic flags overwritten before use,6014E4,36740,,2868
601588,menu,count,inc byte ptr [rbx + 0x1b],601270: pace the fourth +1B wait until 80 ticks or advance input,6012C3,selected,arithmetic flags overwritten before use,601588,367A0,,2869
6015F1,menu,count,inc byte ptr [rbx + 0x1b],601270: pace the +1B twenty-tick delay in state twelve,6012C3,selected,arithmetic flags overwritten before use,6015F1,36800,,2870
601644,menu,count,inc byte ptr [rbx + 0x1b],601270: pace the +1B fifty-tick wait or advance input,6012C3,selected,arithmetic flags overwritten before use,601644,36860,,2871
6016DA,menu,count,inc byte ptr [rbx + 0x1b],601270: pace the next +1B fifty-tick wait or advance input,6012C3,selected,arithmetic flags overwritten before use,6016DA,368C0,,2872
60173B,menu,count,inc byte ptr [rbx + 0x1b],601270: pace the +1B twenty-tick delay before the next message,6012C3,selected,arithmetic flags overwritten before use,60173B,36920,,2873
60178C,menu,count,inc byte ptr [rbx + 0x1b],601270: pace the final +1B eighty-tick wait or advance input,6012C3,selected,arithmetic flags overwritten before use,60178A,36980,,2874
606B1B,menu,lin,"addss xmm0, dword ptr [rip + 0xb690d]",606A80 state three: scale the 19.66667 Y slide step during the three-tick page transition,606A97,selected,K*s = 19.6667 at 6BD430,slot 83D8,,,
606B28,menu,count,inc byte ptr [rdi + 4],same transition: pace the +4 count until three updates and the reset to state one,606A97,selected,arithmetic flags overwritten before use,606B28,36BD0,,2880
606B99,menu,lin,"subss xmm0, dword ptr [rip + 0xb688f]",606A80 state two: scale the opposing 19.66667 Y slide step,606A97,selected,K*s = 19.6667 at 6BD430,slot 83D8,,,
606BA6,menu,count,inc byte ptr [rdi + 4],same transition: pace the +4 count until three updates and the reset to state one,606A97,selected,arithmetic flags overwritten before use,606BA6,36C30,,2881
6074B0,menu,count,"mov byte ptr [rbx + 7], al",607360 page transition: +7 advances for sixteen stock ticks; 6074B3 compares the old DL to fifteen and EAX is overwritten before any subsequent use,607360,selected,arithmetic flags overwritten before use,6074B0,36C90,,2882
601E89,menu,count,"mov dword ptr [rdi + 0x60], ecx",601D50 grow-in: +60 advances the sine phase up to ninety; the phase is read before increment and ECX is replaced with 128 immediately after the store,601D67,selected,arithmetic flags overwritten before use,601E86,36A40,,2876
601E7E,menu,lin,"mulss xmm2, dword ptr [rip + 0x77e16]",601D50 grow-in: scale the shared sine-dependent 1.3 decrement used for both +2C and +30 layout scales,601D67,selected,K*s = 1.3 at 679C9C,slot 83DC,,,
601EAD,menu,count,"add byte ptr [rdi + 0x5c], 0x15",601D50 grow-in: alpha +5C advances by twenty-one up to 128; the following compare reloads and clamps the held field,601D67,selected,arithmetic flags overwritten before use,601EAD,36AA0,,2877
601F34,menu,count,"mov word ptr [rdi + 0x18], ax",601D50 controller wait: pace +18's 452-update timeout; the threshold comparison uses the unchanged old CX,601D67,selected,arithmetic flags overwritten before use,601F34,36B00,,2878
50C41D,menu,count,"mov byte ptr [rdi + 1], cl",50C350 state three: pace +1's sixteen-update slide; layout X is recomputed from the old timer and the completion test compares old DL,50C389,selected,arithmetic flags overwritten before use,50C41D,2F0B0,,2425
50C4C8,menu,count,"mov byte ptr [rdi + 1], al",50C350 state two: pace the matching slide timer; completion compares the old CL and the calculated EAX is discarded,50C389,selected,arithmetic flags overwritten before use,50C4C8,2F110,,2426
50FA6F,menu,count,"sub al, 1","50FA50 prompt delay: decrement +38 on stock ticks, synthesizing not-finished flags for the 50FA74 branch so 50FD40 runs once on completion",50FA50,selected,countdown not finished: 50FA74 jne; load 50FA67 and store 50FA71 one field,50FA6F,2F3D0,,2434
2315E2,objects,count,"mov word ptr [rbx + 0xe3c], ax",utd7 231510: pace the +E3C sixty-tick shrink timeout; the old CX is retained for the later completion test and the computed EAX is discarded,231510,selected,arithmetic flags overwritten before use,2315E2,13C90,,452
1D34F5,menu,count,inc dword ptr [rbx + 0x1c],1D34A0 texture command state three: +1C waits thirty stock updates before returning completion,1D34A0,selected,arithmetic flags overwritten before use,1D34F5,FEB0,,232
1D35DC,menu,count,dec r8d,1D34A0 texture crossfade: decrement the +1C timer in R8D before the alpha divisions; held ticks keep both the field and derived opacity at the old count,1D34A0,selected,arithmetic flags overwritten before use; load 1D35D8 and store 1D35DF one field,1D35DC,FF10,,233
13BE27,menu,count,dec ecx,13BE10 input slot delay: pace each of the three positive +14 countdowns before the state checks,13BDD0,selected,arithmetic flags overwritten before use; load 13BE20 and store 13BE29 one field,13BE27,C960,,2
19144F,effect,count,inc byte ptr [rcx + 0x277],"191440 particle fade lifetime: +277 advances until the +276 threshold, then calls virtual slot seven to end the particle",191440,selected,arithmetic flags overwritten before use,19144F,DE90,,76
20AE00,objects,gatefn,"mov rax, rsp","shared detached submodel debris: preserve the whole stock recurrence for position plus velocity, 0.98 horizontal drag, 0.4 gravity, rotation, collision bounce, sixty-tick flight and ninety-tick rest; its three void callers ignore RAX and its body contains no other paced patch",20AE00,selected,"entry; callers 2089BF, 208BEF, 36C948 ignore rax",20AE00,11A40,,350
35CDCC,objects,blend,"mulss xmm1, dword ptr [rip + 0x31a81c]","objScroll 35CC30 state three: D2C approaches one by five percent per stock tick, then snaps at 0.98",35CC30,selected,1-(1-K)^s = 0.05 at 6775F0,slot 8358,,,
35CE40,objects,blend,"movss xmm2, dword ptr [rip + 0x31a7a8]",objScroll 35CC30 state five: the three D20/D24/D28 scale components share the five-percent approach factor,35CC30,selected,1-(1-K)^s = 0.05 at 6775F0,slot 8358,,,
2290CE,objects,pre,"addss xmm1, dword ptr [rdi + 0x1190]",ut96 229060: scale the complete step returned by 229520 before adding it to persistent +1190; this helper sums nearby positive volume contributions and negative hazard contributions,229060,selected,addss is commutative: the step in xmm1 is scaled first,2290CE,13030,,411
2290ED,objects,lin,"mulss xmm0, dword ptr [rip + 0x453ea7]","ut96 229060: scale the separate C0-dependent negative 0.001 step when flag +1010 bit fourteen is set, before the final clamp to 0.5 through 3",229060,selected,K*s = -0.001 at 67CF9C,slot 83E0,,,
1C8CBC,menu,count,"sub al, 1",1C8C90 message manager: pace the four positive delayed-release counters and synthesize not-finished flags before 3EB870 releases the resource,1C8C90,selected,countdown not finished: 1C8CC0 jne; load 1C8CB5 and store 1C8CBE one field,1C8CBC,F8F0,,217
1D0311,menu,count,"mov word ptr [rdi + 0x46], ax","1D0240 message state dispatcher: hold the +46 input delay store between stock ticks; AX is discarded after it, with consumers reading the stored field on the next invocation",1D0240,selected,arithmetic flags overwritten before use,1D030E,FAF0,,222
1D039A,menu,count,inc byte ptr [rbx + 0xee],1D0350 message advance wait: pace the +EE visual wait phase while processing advance input on every update,1D0350,selected,arithmetic flags overwritten before use,1D039A,FB50,,223
1D2B42,menu,count,"mov word ptr [rcx + 0x52], ax",1D2B10 message bytecode wait: gate the positive +52 delay decrement store while the function continues returning one until the stored field reaches zero,1D2AC1,selected,arithmetic flags overwritten before use,1D2B3F,FE50,,231
561819,objects,blend,"mulss xmm0, dword ptr [rip + 0x115dcf]",uta4 5616C0 active hover: +D2C alpha approaches .6 by five percent per stock update,561802,selected,1-(1-K)^s = 0.05 at 6775F0,slot 8358,,,
561835,objects,count,"mov word ptr [rdi + 0x1110], ax",uta4 5616C0: gate the positive +1110 cooldown decrement store; computed AX is discarded and the transition reads the stored field,561802,selected,arithmetic flags overwritten before use,561835,31330,,2533
561862,objects,count,"mov word ptr [rdi + 0xe40], r8w",uta4 5616C0: hold the +E40 oscillator phase store between stock ticks; quotient and sine inputs use the old phase and the incremented R8W is discarded,561802,selected,arithmetic flags overwritten before use,561862,31390,,2534
561A35,objects,count,"mov word ptr [rdi + 0x1112], ax",uta4 5616C0: hold the positive +1112 cooldown decrement store; subsequent logic reloads the field,5619E9,selected,arithmetic flags overwritten before use,561A35,31480,,2537
561A58,objects,count,"mov word ptr [rdi + 0x1112], ax",uta4 5616C0: the extra flag-dependent +1112 decrement is a second stock-tick step; computed AX is discarded before the distance test,5619E9,selected,arithmetic flags overwritten before use,561A58,314E0,,2538
561C45,objects,count,"mov word ptr [rdi + 0xe40], r8w",uta4 561A90 state one: hold the +E40 phase store while the sine-position calculation continues using the old phase,561C01,selected,arithmetic flags overwritten before use,561C45,31540,,2539
561C2F,objects,blend,"mulss xmm1, dword ptr [rip + 0x1159b9]",uta4 561A90 state one: +D2C approaches .6 by five percent per stock update,561C01,selected,1-(1-K)^s = 0.05 at 6775F0,slot 8358,,,
561D93,objects,count,"mov word ptr [rdi + 0xe40], r8w",uta4 561A90 state three: hold the +E40 phase store while the sine-position calculation continues using the old phase,561C01,selected,arithmetic flags overwritten before use,561D93,315A0,,2541
561D7D,objects,blend,"mulss xmm1, dword ptr [rip + 0x11586b]",uta4 561A90 state three: +D2C approaches .6 by five percent per stock update,561C01,selected,1-(1-K)^s = 0.05 at 6775F0,slot 8358,,,
561EE1,objects,count,"mov word ptr [rdi + 0xe40], r8w",uta4 561A90 state five: hold the +E40 phase store while the sine-position calculation continues using the old phase,561C01,selected,arithmetic flags overwritten before use,561EE1,31600,,2543
561ECB,objects,blend,"mulss xmm1, dword ptr [rip + 0x11571d]",uta4 561A90 state five: +D2C approaches .6 by five percent per stock update,561C01,selected,1-(1-K)^s = 0.05 at 6775F0,slot 8358,,,
1C8F57,menu,count,"sub al, 1","1C8F30 message manager: pace four delayed-release counters, synthesizing not-finished flags before freeing the resource on zero",1C8F30,selected,countdown not finished: 1C8F5B jne; load 1C8F50 and store 1C8F59 one field,1C8F57,FA80,,221
1D391F,menu,count,inc dword ptr [rcx + 0x1c],1D3910 message-command pause: +1C counts forty-five updates then +57 becomes FF; pace the counter while completion reads its stored value,1D3880,selected,arithmetic flags overwritten before use,1D391D,FF70,,234
43C6FF,menu,count,dec byte ptr [rcx + 0x8c],43C6F0 menu dispatcher: pace the +8C notification delay while leaving input handling on every update,43C6F0,selected,arithmetic flags overwritten before use,43C6FF,299D0,,2098
43C70F,menu,notyet,"cmp al, 1",43C6F0: suppress the +8C-equals-one notification between stock ticks so holding the delay cannot repeat its sound,43C6F0,selected,"its flags' one branch goes to 43C752 with ZF=OF=0, SF=0",43C708,29A30,,2099
43FA9A,menu,count,dec byte ptr [rcx + 0x8c],43FA90 menu dispatcher: pace the +8C notification delay while leaving input handling on every update,43FA90,selected,arithmetic flags overwritten before use,43FA9A,29B80,,2103
43FAAA,menu,notyet,"cmp cl, 1",43FA90: suppress the +8C-equals-one notification between stock ticks so holding the delay cannot repeat its sound,43FA90,selected,"its flags' one branch goes to 43FAFB with ZF=OF=0, SF=0",43FAAA,29BE0,,2104
3D8ED7,menu,count,dec al,3D8EB0 camera controller: pace the positive four-tick +7 hold delay and keep all flag and input processing on every update,3D8ECE,selected,arithmetic flags overwritten before use; load 3D8ECA and store 3D8ED9 one field,3D8ED7,26F90,,1974
1DC143,actor,count,"mov word ptr [rcx + 0x1184], ax",1DC130: pace +1184's positive countdown; its zero event immediately reloads nine hundred stock ticks,1DC130,selected,arithmetic flags overwritten before use,1DC143,10270,,245
1EC992,actor,count,"mov dword ptr [rcx + 0x1170], eax",1EC980: hold the +1170 random-target delay store; the event tests the old EDX and reloads the field after drawing a new target,1EC980,selected,arithmetic flags overwritten before use,1EC992,10970,,276
1EC998,actor,notyet,"test edx, edx","1EC980: allow the random-target event only on stock ticks, including the old-counter-equals-zero call after the last decrement",1EC980,selected,"its flags' one branch goes to 1ECA9B with ZF=OF=0, SF=0",1EC998,109D0,,277
2030D1,actor,count,"mov dword ptr [rcx + 0x1170], eax",2030B0: hold the +1170 random-target delay store while preserving its old EDX event test,2030B0,selected,arithmetic flags overwritten before use,2030D1,114A0,,329
2030D7,actor,notyet,"test edx, edx",2030B0: gate the old-counter-zero event with its countdown so target selection and RNG draws have exact stock cadence,2030B0,selected,"its flags' one branch goes to 20314C with ZF=OF=0, SF=0",2030D1,114A0,,330
203190,actor,count,"mov dword ptr [rbx + 0x1170], edx",203160: hold the +1170 random-target delay store while preserving its old R9D event test,203160,selected,arithmetic flags overwritten before use,203190,11550,,331
203196,actor,notyet,"test r9d, r9d",203160: gate the old-counter-zero event with its countdown so target selection and RNG draws have exact stock cadence,203160,selected,"its flags' one branch goes to 203217 with ZF=OF=0, SF=0",203196,115B0,,332
203896,actor,count,inc word ptr [rcx + 0x1228],203890: pace the +1228 three-update particle-spawn period; the event reloads zero immediately so a held phase cannot repeat it,203890,selected,arithmetic flags overwritten before use,203896,11680,,334
203C7A,actor,count,inc byte ptr [rcx + 0x11b3],203C70: pace the +11B3 three-update particle-spawn period; the event reloads zero immediately so a held phase cannot repeat it,203C70,selected,arithmetic flags overwritten before use,203C7A,116E0,,335
3DD22A,objects,count,"mov byte ptr [rbx + 1], al",objScroll 3DD070 outer band: gate this persistent byte-green interpolation store to preserve quantized stock progression; computed AL is discarded before the independent red component,3DD070,selected,arithmetic flags overwritten before use,3DD22A,26FF0,,1975
3DD24C,objects,count,"mov byte ptr [rbx], al",objScroll 3DD070 outer band: gate this persistent byte-red interpolation store; computed AL is discarded before the independent blue component,3DD070,selected,arithmetic flags overwritten before use,3DD24C,27050,,1976
3DD26A,objects,count,"mov byte ptr [rbx + 2], al",objScroll 3DD070 outer band: gate this persistent byte-blue interpolation store; computed AL is discarded before the radial band test,3DD070,selected,arithmetic flags overwritten before use,3DD265,270B0,,1977
3DD2A8,objects,count,"mov byte ptr [rbx + 1], al",objScroll 3DD070 inner band: gate this persistent byte-green fade store to preserve quantized stock progression; computed AL is discarded before the independent red component,3DD070,selected,arithmetic flags overwritten before use,3DD2A8,27110,,1978
3DD2C9,objects,count,"mov byte ptr [rbx], al",objScroll 3DD070 inner band: gate this persistent byte-red fade store; computed AL is discarded before the independent blue component,3DD070,selected,arithmetic flags overwritten before use,3DD2C6,27170,,1979
3DD2E7,objects,count,"mov byte ptr [rbx + 2], al",objScroll 3DD070 inner band: gate this persistent byte-blue fade store; computed AL is discarded before the radial band test,3DD070,selected,arithmetic flags overwritten before use,3DD2E2,271D0,,1980
3DDD77,objects,count,"mov byte ptr [rbx + 1], al",3DDBC0 outer band: gate the persistent byte-green interpolation store; computed AL is discarded before the independent red component,3DDBC0,selected,arithmetic flags overwritten before use,3DDD77,27410,,1986
3DDD99,objects,count,"mov byte ptr [rbx], al",3DDBC0 outer band: gate the persistent byte-red interpolation store; computed AL is discarded before the independent blue component,3DDBC0,selected,arithmetic flags overwritten before use,3DDD99,27470,,1987
3DDDB7,objects,count,"mov byte ptr [rbx + 2], al",3DDBC0 outer band: gate the persistent byte-blue interpolation store; computed AL is discarded before the radial band test,3DDBC0,selected,arithmetic flags overwritten before use,3DDDB2,274D0,,1988
3DDDF5,objects,count,"mov byte ptr [rbx + 1], al",3DDBC0 inner band: gate the persistent byte-green fade store; computed AL is discarded before the independent red component,3DDBC0,selected,arithmetic flags overwritten before use,3DDDF5,27530,,1989
3DDE16,objects,count,"mov byte ptr [rbx], al",3DDBC0 inner band: gate the persistent byte-red fade store; computed AL is discarded before the independent blue component,3DDBC0,selected,arithmetic flags overwritten before use,3DDE13,27590,,1990
3DDE34,objects,count,"mov byte ptr [rbx + 2], al",3DDBC0 inner band: gate the persistent byte-blue fade store; computed AL is discarded before the radial band test,3DDBC0,selected,arithmetic flags overwritten before use,3DDE34,275F0,,1991
426386,menu,count,inc byte ptr [r10 + 0x1ae],"426310 asynchronous menu fade: +1AE advances a six-update alpha phase, derived from the stored phase and fixed endpoints, then marks +1AD inactive on completion",4262ED,selected,arithmetic flags overwritten before use,426386,296E0,,2086
48BEB0,menu,gatefn,push rbx,48BEB0: stock-cadence void startup helper keeps its eight-update wait and load-completion event together; the only caller ignores RAX and the body has no other paced steps,48BEB0,selected,entry; callers 48BE20 ignore rax,48BEB0,2CAA0,,2308
4893C8,actor,count,dec ax,4893C0 transition dispatcher: pace the positive startup hold counter while preserving event and input processing on every update,4892B0,selected,arithmetic flags overwritten before use; load 4893C0 and store 4893CB one field,4893C6,2C7A0,,2299
48FFD4,actor,count,inc byte ptr [rcx + 0x155],"48FFD0: pace the nine-update particle period; completion immediately resets +155 to zero, preventing repeated spawn events on held ticks",48FFD0,selected,arithmetic flags overwritten before use,48FFD4,2CDA0,,2316
5F6729,actor,count,inc dword ptr [rbx + 0x107c],et9f 5F6690: pace the thirty-one-update inactive-player delay before spawning its once-latched +1078 effect; copying the player's model remains on every update,5F66DA,selected,arithmetic flags overwritten before use,5F6729,363C0,,2858
5FC892,actor,count,"mov byte ptr [rbx + 0x1088], al",ut9c 5FC850: hold the positive +1088 cooldown decrement store; computed AL is discarded and subsequent logic reads the stored field,5FC850,selected,arithmetic flags overwritten before use,5FC892,364B0,,2861
651767,actor,count,"mov byte ptr [rcx + 0x11aa], al",ut35 651750: hold the +11AA countdown store for the +11AC high-bit delay; completion tests the old DL,651719,selected,arithmetic flags overwritten before use,651767,374D0,,2903
65176D,actor,notyet,"test dl, dl","ut35 651750: clear the +11AC high bit only on a stock tick, including the old-count-negative invocation after the last decrement",651719,selected,"its flags' one branch goes to 65179E with ZF=OF=0, SF=0",651767,374D0,,2904
6521BD,actor,count,dec byte ptr [rdi + 0x11b0],ut35 652160: pace the +11B0 scripted motion-change delay while keeping attachment matrix copies and input processing on every update,652160,selected,arithmetic flags overwritten before use,6521BD,37710,,2909
6521C3,actor,notyet,"cmp byte ptr [rdi + 0x11b0], 0x48",ut35 652160: fire the seventy-two-remaining motion-change event only on stock ticks so a held delay cannot restart the motion repeatedly,652160,selected,"its flags' one branch goes to 6521F0 with ZF=OF=0, SF=0",6521C3,37770,,2910
6521F0,actor,notyet,"cmp byte ptr [rdi + 0x11b0], 0x39",ut35 652160: fire the fifty-seven-remaining motion-change event only on stock ticks so a held delay cannot restart the motion repeatedly,652160,selected,"its flags' one branch goes to 65221D with ZF=OF=0, SF=0",6521F0,377E0,,2911
443E44,actor,count,"mov word ptr [rbx + 0x37c], ax",443DF0 sound-volume dispatcher: hold the positive +37C start delay while the waiting branch continues returning before sound start,443DF0,selected,arithmetic flags overwritten before use,443E44,29CA0,,2106
444301,actor,count,"mov dword ptr [rbx + 0x398], eax",4442A0 sound-volume dispatcher: hold the positive +398 sixty-update stop delay; computed EAX is discarded and the stored delay is tested on the next invocation,4442A0,selected,arithmetic flags overwritten before use,444301,29D00,,2107
444559,actor,count,"mov dword ptr [rbx + 0x398], eax",444450 sound-volume dispatcher: pace the shared +398 reload/decrement store; completion consumes the previous field before this store and computed EAX is discarded by 4516E0,444450,selected,arithmetic flags overwritten before use,444559,29D60,,2108
444714,actor,count,"mov dword ptr [rbx + 0x398], eax",444650 sound-volume dispatcher: hold the positive +398 sixty-update stop delay; computed EAX is discarded and the stored delay is tested on the next invocation,444650,selected,arithmetic flags overwritten before use,444714,29DC0,,2109
448A74,menu,srcx,"subss xmm0, dword ptr [rdx + 0xb04]","4487E0 audio mixer: scale the negative +B04 approach step for +AAC before its target clamp, preserving the stored stock-unit rate",4487A0,selected,"xmmD / s, op, * s: exact for s = 1/N a power of two; no flags touched, no register borrowed",448A74,29E70,,2111
448A81,menu,srcx,"addss xmm0, dword ptr [rdx + 0xb04]",4487E0 audio mixer: scale the positive +B04 approach step for +AAC before its target clamp,4487A0,selected,"xmmD / s, op, * s: exact for s = 1/N a power of two; no flags touched, no register borrowed",448A81,29EA0,,2112
448ABA,menu,srcx,"subss xmm0, dword ptr [rdx + 0xb08]",4487E0 audio mixer: scale the negative +B08 approach step for +AB0 before its target clamp,4487A0,selected,"xmmD / s, op, * s: exact for s = 1/N a power of two; no flags touched, no register borrowed",448ABA,29ED0,,2113
448AC7,menu,srcx,"addss xmm0, dword ptr [rdx + 0xb08]",4487E0 audio mixer: scale the positive +B08 approach step for +AB0 before its target clamp,4487A0,selected,"xmmD / s, op, * s: exact for s = 1/N a power of two; no flags touched, no register borrowed",448AC7,29F00,,2114
448B00,menu,srcx,"subss xmm0, dword ptr [rdx + 0xb0c]",4487E0 audio mixer: scale the negative +B0C approach step for +AB4 before its target clamp,4487A0,selected,"xmmD / s, op, * s: exact for s = 1/N a power of two; no flags touched, no register borrowed",448B00,29F30,,2115
448B0D,menu,srcx,"addss xmm0, dword ptr [rdx + 0xb0c]",4487E0 audio mixer: scale the positive +B0C approach step for +AB4 before its target clamp,4487A0,selected,"xmmD / s, op, * s: exact for s = 1/N a power of two; no flags touched, no register borrowed",448B0D,29F60,,2116
448B46,menu,srcx,"subss xmm0, dword ptr [rdx + 0xb10]",4487E0 audio mixer: scale the negative +B10 approach step for +AB8 before its target clamp,4487A0,selected,"xmmD / s, op, * s: exact for s = 1/N a power of two; no flags touched, no register borrowed",448B46,29F90,,2117
448B53,menu,srcx,"addss xmm0, dword ptr [rdx + 0xb10]",4487E0 audio mixer: scale the positive +B10 approach step for +AB8 before its target clamp,4487A0,selected,"xmmD / s, op, * s: exact for s = 1/N a power of two; no flags touched, no register borrowed",448B53,29FC0,,2118
448B8C,menu,srcx,"subss xmm0, dword ptr [rdx + 0xb14]",4487E0 audio mixer: scale the negative +B14 approach step for +ABC before its target clamp,4487A0,selected,"xmmD / s, op, * s: exact for s = 1/N a power of two; no flags touched, no register borrowed",448B8C,29FF0,,2119
448B99,menu,srcx,"addss xmm0, dword ptr [rdx + 0xb14]",4487E0 audio mixer: scale the positive +B14 approach step for +ABC before its target clamp,4487A0,selected,"xmmD / s, op, * s: exact for s = 1/N a power of two; no flags touched, no register borrowed",448B99,2A020,,2120
448BD2,menu,srcx,"subss xmm0, dword ptr [rdx + 0xb18]",4487E0 audio mixer: scale the negative +B18 approach step for +AC0 before its target clamp,4487A0,selected,"xmmD / s, op, * s: exact for s = 1/N a power of two; no flags touched, no register borrowed",448BD2,2A050,,2121
448BDF,menu,srcx,"addss xmm0, dword ptr [rdx + 0xb18]",4487E0 audio mixer: scale the positive +B18 approach step for +AC0 before its target clamp,4487A0,selected,"xmmD / s, op, * s: exact for s = 1/N a power of two; no flags touched, no register borrowed",448BDF,2A080,,2122
448C18,menu,srcx,"subss xmm0, dword ptr [rdx + 0xb1c]",4487E0 audio mixer: scale the negative +B1C approach step for +AC4 before its target clamp,4487A0,selected,"xmmD / s, op, * s: exact for s = 1/N a power of two; no flags touched, no register borrowed",448C18,2A0B0,,2123
448C25,menu,srcx,"addss xmm0, dword ptr [rdx + 0xb1c]",4487E0 audio mixer: scale the positive +B1C approach step for +AC4 before its target clamp,4487A0,selected,"xmmD / s, op, * s: exact for s = 1/N a power of two; no flags touched, no register borrowed",448C25,2A0E0,,2124
448C5E,menu,srcx,"subss xmm0, dword ptr [rdx + 0xb20]",4487E0 audio mixer: scale the negative +B20 approach step for +AC8 before its target clamp,4487A0,selected,"xmmD / s, op, * s: exact for s = 1/N a power of two; no flags touched, no register borrowed",448C5E,2A110,,2125
448C6B,menu,srcx,"addss xmm0, dword ptr [rdx + 0xb20]",4487E0 audio mixer: scale the positive +B20 approach step for +AC8 before its target clamp,4487A0,selected,"xmmD / s, op, * s: exact for s = 1/N a power of two; no flags touched, no register borrowed",448C6B,2A140,,2126
448CA9,menu,srcx,"subss xmm0, dword ptr [rdx + 0x58]",4487E0 audio mixer: scale the negative +58 approach step in the three-lane +ACC loop before its target clamp,4487A0,selected,"xmmD / s, op, * s: exact for s = 1/N a power of two; no flags touched, no register borrowed",448CA9,2A170,,2127
448CB3,menu,srcx,"addss xmm0, dword ptr [rdx + 0x58]",4487E0 audio mixer: scale the positive +58 approach step in the three-lane +ACC loop before its target clamp,4487A0,selected,"xmmD / s, op, * s: exact for s = 1/N a power of two; no flags touched, no register borrowed",448CB3,2A1A0,,2128
451A30,menu,gatefn,push rbx,"451A30 audio-channel update: keep the coupled remaining-update divisor, remaining count, pan approaches, start delay and lifecycle callbacks at exact stock cadence; both callers discard RAX and its body has no paced sites",451A30,selected,"entry; callers 455B7F, 455BAF ignore rax",451A30,2A1D0,,2129
160E75,menu,pre,"addss xmm0, dword ptr [r15 + 0x30]","160D80 gallery: scale the complete signed analog zoom step after input shaping and division, before adding old +30 and clamping to one through 2.5",160DBC,selected,addss is commutative: the step in xmm0 is scaled first,160E75,D130,,29
1610CF,menu,lin,"mulss xmm6, dword ptr [rip + 0x5142f9]",160D80 gallery: scale the shared signed horizontal scroll rate once before zoom compensation and its seven layout accumulations,160F64,selected,K*s = 0.03125 at 6753D0,slot 8334,,,
1610D7,menu,lin,"mulss xmm7, dword ptr [rip + 0x5142f1]",160D80 gallery: scale the independent image-pan rate before adding old +20,160F64,selected,K*s = 0.03125 at 6753D0,slot 8334,,,
1616EF,menu,pre,"addss xmm8, dword ptr [r15 + 0x24]",160D80 gallery: scale the complete vertical analog/button pan step before adding old +24 and applying the zoom-dependent bounds,161680,selected,addss is commutative: the step in xmm8 is scaled first,1616EF,D150,,30
456A42,menu,count,dec word ptr [rbx + 0x32],4569F0 scripted scene wait state one: pace the +32 timeout while the external readiness condition is still checked on every update,4569F0,selected,arithmetic flags overwritten before use,456A40,2A2E0,,2132
456A8A,menu,count,dec word ptr [rbx + 0x32],4569F0 scripted scene wait state two: pace the +32 timeout while the external readiness condition is still checked on every update,4569F0,selected,arithmetic flags overwritten before use,456A8A,2A340,,2133
456BB3,menu,count,"sub word ptr [rbx + 0x32], 1",4569F0 scripted scene wait state five: pace the +32 transition countdown and synthesize not-finished flags before its zero event changes the state,4569F0,selected,countdown not finished: 456BB8 jne,456BB3,2A3A0,,2134
456C4A,menu,count,"sub word ptr [rbx + 0x32], 1",4569F0 scripted scene wait state six: pace the +32 transition countdown and synthesize not-finished flags before its zero event changes the state,4569F0,selected,countdown not finished: 456C4F jne,456C4A,2A400,,2135
456C9B,menu,count,"sub word ptr [rbx + 0x30], 1",4569F0 scripted scene wait state eight: pace the +30 transition countdown and synthesize not-finished sign flags before changing the state,4569F0,selected,countdown not finished: 456CA0 jns,456C9B,2A460,,2136
22A754,objects,count,"mov word ptr [rdi + 0x1152], ax",ut9e 22A6C0: hold the positive +1152 cooldown decrement store; AX is discarded before loading the independent +1150 cooldown,22A729,selected,arithmetic flags overwritten before use,22A754,13230,,416
22A76A,objects,count,"mov word ptr [rdi + 0x1150], ax",ut9e 22A6C0: hold the positive +1150 cooldown decrement store; AX is discarded before the state dispatcher,22A729,selected,arithmetic flags overwritten before use,22A76A,13290,,417
22FF34,objects,count,"mov word ptr [rbx + 0x1200], ax",utd1 22FE00: hold the positive +1200 turn cooldown decrement store; AX is discarded before the movement helper,22FE00,selected,arithmetic flags overwritten before use,22FF34,138B0,,441
234690,objects,count,"sub ax, 1",utf2 234640: pace the positive +1120 countdown and synthesize not-finished flags so its zero event and scenario flag occur exactly once,234640,selected,countdown not finished: 23469B jne; load 234680 and store 234694 one field,23468A,13DC0,,455
23472A,objects,count,"sub ax, 1",utf2 234640: pace the positive +1122 countdown and synthesize not-finished flags before its zero event resets scale and scenario flag,234640,selected,countdown not finished: 234735 jne; load 23471A and store 23472E one field,234724,13E30,,456
235859,objects,count,"mov byte ptr [rbx + 0xe76], cl",utf6 235820: hold the positive +E76 collision cooldown decrement store; CL is not read after this store,235820,selected,arithmetic flags overwritten before use,235859,13EA0,,463
23590B,objects,count,"mov byte ptr [rbx + 0x111a], r8b",utf6 235820: hold the +111A seven-update particle period store; quotient and completion use the old phase,235820,selected,arithmetic flags overwritten before use,23590B,13F00,,464
235918,objects,notyet,"cmp ecx, eax","utf6 235820: fire the old-phase modulo-seven particle event only on a stock tick, preventing repeats while the phase is held",235820,selected,"its flags' one branch goes to 235969 with ZF=OF=0, SF=0",235915,13F60,,465
632E90,objects,gatefn,"mov qword ptr [rsp + 0x18], rbx","et30 632E90: stock-cadence void selection controller keeps parent +11EB wait, child 62FB60 cooldowns, random target selection and reservation resets together; its helpers perform selection rather than movement and caller 630480 ignores RAX",632E90,selected,entry; callers 630480 ignore rax,632E90,37420,,2900
22F43B,objects,lin,"mulss xmm1, dword ptr [rip + 0x44e15d]",utcb 22F3F0: scale the negative submodel-one angular rate before subtracting its previous angle and wrapping,22F3F0,selected,K*s = 0.0025 at 67D5A0,slot 83E4,,,
22F479,objects,lin,"mulss xmm7, dword ptr [rip + 0x44940f]",utcb 22F3F0: scale the negative submodel-two angular rate before subtracting its previous angle and wrapping,22F3F0,selected,K*s = 0.03 at 678890,slot 832C,,,
22F497,objects,lin,"mulss xmm0, dword ptr [rip + 0x44e101]",utcb 22F3F0: scale the positive submodel-one angular rate before adding its previous angle and wrapping,22F3F0,selected,K*s = 0.0025 at 67D5A0,slot 83E4,,,
22F4D1,objects,lin,"mulss xmm7, dword ptr [rip + 0x4493b7]",utcb 22F3F0: scale the positive submodel-two angular rate before adding its previous angle and wrapping,22F3F0,selected,K*s = 0.03 at 678890,slot 832C,,,
220213,objects,blend,"mulss xmm1, dword ptr [rip + 0x452711]",ut60 220180: alpha eases twenty percent toward the visibility target 0.3 or one,2201F6,selected,1-(1-K)^s = 0.2 at 67292C,slot 8330,,,
220533,objects,blend,"mulss xmm1, dword ptr [rip + 0x4523f1]",ut61 2204A0: alpha eases twenty percent toward the visibility target 0.3 or one,220516,selected,1-(1-K)^s = 0.2 at 67292C,slot 8330,,,
222B49,objects,blend,"movss xmm2, dword ptr [rip + 0x44f2b3]",ut66 222B30: shared ten-percent coefficient returns all three scale axes toward one after a hit,222B30,selected,1-(1-K)^s = 0.1 at 671E04,slot 82B0,,,
2251C4,objects,blend,"mulss xmm1, dword ptr [rip + 0x44d760]",ut83 225140: alpha eases twenty percent toward 0.5 or one according to player height,225140,selected,1-(1-K)^s = 0.2 at 67292C,slot 8330,,,
21B732,objects,blend,"mulss xmm1, dword ptr [rip + 0x45a2f6]",ut37 21B6B0: alpha eases thirty percent toward 0.2 or one according to visibility,21B6B0,selected,1-(1-K)^s = 0.3 at 675A30,slot 82A4,,,
21B923,objects,blend,"mulss xmm6, dword ptr [rip + 0x457001]",ut37 21B760: submodel vertical offset eases twenty percent toward the player's relative height before fixed bounds,21B760,selected,1-(1-K)^s = 0.2 at 67292C,slot 8330,,,
229B5E,objects,blend,"mulss xmm1, dword ptr [rip + 0x44da8a]",ut9a 229A20: alpha eases five percent toward the fixed no-ground target 0.1,229A96,selected,1-(1-K)^s = 0.05 at 6775F0,slot 8358,,,
229B87,objects,blend,"mulss xmm1, dword ptr [rip + 0x448d9d]",ut9a 229A20: alpha eases twenty percent toward one when ground was found,229A96,selected,1-(1-K)^s = 0.2 at 67292C,slot 8330,,,
229BB8,objects,srcblend,"mulss xmm0, dword ptr [rip + 0x44824c]",ut9a 229A20: vertical position eases sixty percent toward the higher ground target before the player-ground clamp,229A96,selected,"xmm5 dead after the site on every path; flags dead after; complete forward branch block, no interior entry",229BAF,13050,xmm5,412
229BC2,objects,srcblend,"mulss xmm0, xmm2",ut9a 229A20: use a rooted copy of the ten-percent coefficient for downward vertical easing; preserve XMM2 because it also provided an alpha target earlier,229A96,selected,"xmm5 dead after the site on every path; flags dead after; complete forward branch block, no interior entry",229BAF,13050,xmm5,413
231C73,objects,blend,"movss xmm2, dword ptr [rip + 0x440189]",utd9 231A80: shared ten-percent coefficient returns all three scale axes toward one during the motion-completion state,231B58,selected,1-(1-K)^s = 0.1 at 671E04,slot 82B0,,,
209C1C,objects,blend,"mulss xmm6, dword ptr [rip + 0x46be0c]",cKiType 209B70: alpha eases thirty percent toward one during its activation transition,209B70,selected,1-(1-K)^s = 0.3 at 675A30,slot 82A4,,,
225C1E,objects,srcblend,"mulss xmm1, xmm0",ut86 225B70: alpha eases twenty percent toward 0.2; root a copy of XMM0's coefficient to preserve the endpoint held in the same register,225C07,selected,xmm5 dead after the site on every path; flags dead after,225C1E,12C90,xmm5,402
225C37,objects,blend,"mulss xmm1, dword ptr [rip + 0x44cced]",ut86 225B70: alpha eases twenty percent toward one in the complementary visibility branch,225C07,selected,1-(1-K)^s = 0.2 at 67292C,slot 8330,,,
225DF6,objects,count,"mov byte ptr [rdi + 0x10f8], r8b",ut86 225B70: pace the stored +10F8 seven-update particle phase; the completion quotient consumes the old phase,225C07,selected,arithmetic flags overwritten before use,225DF6,12D20,,403
225E03,objects,notyet,"cmp ecx, eax","ut86 225B70: fire the old-phase modulo-seven particle event only on a stock tick, preventing repeats while the phase is held",225C07,selected,"its flags' one branch goes to 225E9F with ZF=OF=0, SF=0",225E00,12D80,,404
227464,objects,blend,"mulss xmm1, dword ptr [rip + 0x44b4c0]",ut8b 227340: alpha eases twenty percent toward one after both visibility tests succeed,22744C,selected,1-(1-K)^s = 0.2 at 67292C,slot 8330,,,
227489,objects,srcblend,"mulss xmm1, xmm0",ut8b 227340: alpha eases twenty percent toward 0.2 after a visibility test fails; preserve the endpoint while rooting a copy of the coefficient,22744C,selected,xmm5 dead after the site on every path; flags dead after,227489,12F80,xmm5,409
23792B,objects,count,"mov byte ptr [rdi + 0xe76], cl",utf7 2378F0: hold the positive collision cooldown store; the computed CL is discarded before the next state and alpha update,237911,selected,arithmetic flags overwritten before use,23792B,142B0,,474
2379BE,objects,blend,"mulss xmm1, dword ptr [rip + 0x43af66]",utf7 2378F0: alpha eases twenty percent toward 0.3 or one according to player height,2379A1,selected,1-(1-K)^s = 0.2 at 67292C,slot 8330,,,
562378,objects,blend,"mulss xmm1, dword ptr [rip + 0x115270]",uta5 562350: vertical position eases five percent toward ground height minus thirty before the original no-ground fallback,562350,selected,1-(1-K)^s = 0.05 at 6775F0,slot 8358,,,
562A28,objects,blend,"mulss xmm1, dword ptr [rip + 0x10fefc]",uta6 5628B0: alpha eases twenty percent toward the visibility endpoint selected by the two ray tests,562946,selected,1-(1-K)^s = 0.2 at 67292C,slot 8330,,,
563BDC,objects,blend,"mulss xmm1, dword ptr [rip + 0x10ed48]",uta7 563A00: the paired ut9e object's alpha eases twenty percent toward 0.3 or one according to player height,563BC1,selected,1-(1-K)^s = 0.2 at 67292C,slot 8330,,,
5707A2,objects,blend,"mulss xmm0, dword ptr [rip + 0x10165a]",utb7 570640: vertical position eases ten percent toward its already-paced sine phase and fixed ground offset,5706BB,selected,1-(1-K)^s = 0.1 at 671E04,slot 82B0,,,
57A85E,objects,blend,"mulss xmm1, dword ptr [rip + 0xfb1ca]",ut2b 57A800: alpha eases thirty percent toward zero or one selected by the camera-height test,57A800,selected,1-(1-K)^s = 0.3 at 675A30,slot 82A4,,,
57DF2C,objects,blend,"mulss xmm1, dword ptr [rip + 0xf49f8]",ut33 57DDF0: alpha eases twenty percent toward the visibility endpoint selected by the two ray tests,57DEF9,selected,1-(1-K)^s = 0.2 at 67292C,slot 8330,,,
57F11D,objects,blend,"mulss xmm1, dword ptr [rip + 0xf3807]",ut48 57F030: alpha eases twenty percent toward the visibility endpoint selected by the two ray tests,57F030,selected,1-(1-K)^s = 0.2 at 67292C,slot 8330,,,
35D346,objects,blend,"movss xmm2, dword ptr [rip + 0x31a2a2]",objScroll 35D0E0: shared five-percent coefficient returns all three scale axes toward one in state five,35D0E0,selected,1-(1-K)^s = 0.05 at 6775F0,slot 8358,,,
35BD8F,objects,blend,"mulss xmm2, dword ptr [rip + 0x319c99]",objScroll 35B840: alpha eases thirty percent toward the distance-derived visibility target clamped above zero,35BB4A,selected,1-(1-K)^s = 0.3 at 675A30,slot 82A4,,,
35BDB9,objects,blend,"mulss xmm1, dword ptr [rip + 0x319c6f]",objScroll 35B840: alpha eases thirty percent toward one in the complementary distance branch,35BB4A,selected,1-(1-K)^s = 0.3 at 675A30,slot 82A4,,,
221120,objects,blend,"mulss xmm1, dword ptr [rip + 0x451804]",ut65 221070: alpha eases twenty percent toward 0.3 or one according to player height,221107,selected,1-(1-K)^s = 0.2 at 67292C,slot 8330,,,
230EA5,objects,blend,"mulss xmm1, dword ptr [rip + 0x441a7f]","utd7 230E20: alpha eases twenty percent toward the ground-dependent +1624 endpoint, retaining the height test's endpoint scaling",230E20,selected,1-(1-K)^s = 0.2 at 67292C,slot 8330,,,
231437,objects,pre,"addss xmm0, dword ptr [rbx + 0xb4]",utd7 231200: scale the complete clamped signed yaw step returned by 2DE0A0 before adding the old yaw and wrapping,231200,selected,addss is commutative: the step in xmm0 is scaled first,231437,13AC0,,448
23146D,objects,srcblend,"mulss xmm0, dword ptr [rbx + 0x162c]","utd7 231200: root a copy of the +162C easing factor for X, leaving its already-paced ramp in stock units",231200,selected,xmm5 dead after the site on every path; flags dead after,23146D,13AE0,xmm5,449
231492,objects,srcblend,"mulss xmm1, dword ptr [rbx + 0x162c]","utd7 231200: root a copy of the +162C easing factor for Y, leaving the ramp and other axes unchanged",231200,selected,xmm5 dead after the site on every path; flags dead after,231492,13B70,xmm5,450
2314B9,objects,srcblend,"mulss xmm1, dword ptr [rbx + 0x162c]","utd7 231200: root a copy of the +162C easing factor for Z, leaving the ramp in stock units",231200,selected,xmm5 dead after the site on every path; flags dead after,2314B9,13C00,xmm5,451
5600CF,objects,blend,"mulss xmm0, dword ptr [rip + 0x111d2d]",uta4 55FFF0: ground height eases ten percent toward the higher of its ray result and the other object's height,56002D,selected,1-(1-K)^s = 0.1 at 671E04,slot 82B0,,,
5601BD,objects,count,inc byte ptr [rbx + 0x1114],uta4 55FFF0: pace the three-frame material flipbook index; every update still copies the held index into the four materials and the index wraps at three,560140,selected,arithmetic flags overwritten before use,5601BD,30C90,,2515
5608E9,objects,blend,"mulss xmm1, dword ptr [rip + 0x116cff]",uta4 5607A0: alpha eases five percent toward 0.6 in state one,5608CE,selected,1-(1-K)^s = 0.05 at 6775F0,slot 8358,,,
560905,objects,count,"mov word ptr [rdi + 0x1110], ax",uta4 5607A0: hold the positive +1110 cooldown decrement store; computed AX is discarded before the phase calculation,5608CE,selected,arithmetic flags overwritten before use,560905,30CF0,,2516
560A95,objects,blend,"mulss xmm6, dword ptr [rip + 0x111fa3]",uta4 5607A0: X eases one percent toward the fixed placement X while outside the twenty-unit dead zone,5608CE,selected,1-(1-K)^s = 0.01 at 672A40,slot 835C,,,
560AB9,objects,blend,"mulss xmm1, dword ptr [rip + 0x111f7f]",uta4 5607A0: Z eases one percent toward the fixed placement Z while outside the twenty-unit dead zone,5608CE,selected,1-(1-K)^s = 0.01 at 672A40,slot 835C,,,
560B4F,objects,count,"mov word ptr [rdi + 0x1112], ax",uta4 5607A0: hold the regular positive +1112 decrement store; AX is discarded before the external flag read,560B4C,selected,arithmetic flags overwritten before use,560B4F,30D50,,2518
560B72,objects,count,"mov word ptr [rdi + 0x1112], ax",uta4 5607A0: hold the flag-dependent extra +1112 decrement store; later conditions reload the stored field,560B4C,selected,arithmetic flags overwritten before use,560B72,30DB0,,2519
56F4FB,objects,blend,"mulss xmm0, dword ptr [rip + 0x102901]",utb6 56F330: Y eases ten percent toward its already-paced sine phase plus the fixed ground offset,56F464,selected,1-(1-K)^s = 0.1 at 671E04,slot 82B0,,,
56F5C3,objects,pre,"addss xmm0, dword ptr [rdi + 0xb0]",utb6 56F330: scale the complete clamped signed pitch step before adding the old pitch and wrapping,56F464,selected,addss is commutative: the step in xmm0 is scaled first,56F5C3,31F90,,2579
56F5E1,objects,pre,"addss xmm0, dword ptr [rdi + 0xb4]",utb6 56F330: scale the complete clamped signed yaw step before adding the old yaw and wrapping,56F464,selected,addss is commutative: the step in xmm0 is scaled first,56F5E1,31FB0,,2580
56F697,objects,srcblend,"mulss xmm1, xmm6",utb6 56F330: alpha eases twenty percent toward 0.4; copy XMM6's coefficient because it also supplies the stock motion-start rate,56F614,selected,xmm5 dead after the site on every path; flags dead after,56F697,31FD0,xmm5,2581
56F6AE,objects,srcblend,"mulss xmm8, xmm6","utb6 56F330: alpha eases twenty percent toward zero in the far-distance branch, retaining the shared stock-unit coefficient",56F614,selected,xmm5 dead after the site on every path; flags dead after,56F6AE,32060,xmm5,2582
4BCA48,objects,srcblend,"divss xmm1, dword ptr [rip + 0x1b6488]",sg00 4BC9F0: horizontal input angle approaches its target by one tenth per stock tick before rebuilding the model matrix,4BC9F0,selected,xmm5 dead after the site on every path; flags dead after,4BCA48,2E220,xmm5,2377
4BCA68,objects,srcblend,"divss xmm2, dword ptr [rip + 0x1b6468]",sg00 4BC9F0: vertical input angle approaches its target by one tenth per stock tick; fixed matrix offsets remain geometric,4BC9F0,selected,xmm5 dead after the site on every path; flags dead after,4BCA68,2E2D0,xmm5,2378
4BCF1A,objects,srcblend,"divss xmm1, dword ptr [rip + 0x1b5fb6]",sg00 4BCEB0: horizontal input angle eases by one tenth toward the half-input target,4BCEB0,selected,xmm5 dead after the site on every path; flags dead after,4BCF1A,2E380,xmm5,2379
4BCF3A,objects,srcblend,"divss xmm2, dword ptr [rip + 0x1b5f96]",sg00 4BCEB0: vertical input angle eases by one tenth toward the 0.36-input target,4BCEB0,selected,xmm5 dead after the site on every path; flags dead after,4BCF3A,2E430,xmm5,2380
62F828,objects,srcblend,"divss xmm0, xmm2","et2f 62F700: X approaches the selected target by one over the remaining stock ticks; use a rooted copy of the divisor, shared by XYZ",62F700,selected,xmm5 dead after the site on every path; flags dead after,62F825,36E90,xmm5,2890
62F845,objects,srcblend,"divss xmm1, xmm2",et2f 62F700: Y uses the same remaining-ticks easing divisor as X,62F700,selected,xmm5 dead after the site on every path; flags dead after,62F845,36F40,xmm5,2891
62F864,objects,srcblend,"divss xmm1, xmm2",et2f 62F700: Z uses the same remaining-ticks easing divisor as X,62F700,selected,xmm5 dead after the site on every path; flags dead after,62F864,36FF0,xmm5,2892
62F872,objects,count,"sub word ptr [rbx + 0x1158], 1","et2f 62F700: remaining target-approach ticks at +1158 decrement after XYZ, with JNE completion and one E34 transition on expiry",62F700,selected,countdown not finished: 62F87A jne,62F872,370A0,,2893
63236B,objects,srcblend,"divss xmm1, xmm0",et30 632230: X approaches the selected target by one over remaining stock ticks at +11A4,632230,selected,xmm5 dead after the site on every path; flags dead after,632368,371A0,xmm5,2896
632396,objects,srcblend,"divss xmm2, xmm0",et30 632230: Y uses the same remaining-ticks easing divisor as X,632230,selected,xmm5 dead after the site on every path; flags dead after,632393,37250,xmm5,2897
6323C3,objects,srcblend,"divss xmm2, xmm0",et30 632230: Z uses the same remaining-ticks easing divisor as X,632230,selected,xmm5 dead after the site on every path; flags dead after,6323C0,37300,xmm5,2898
6323D1,objects,count,"sub word ptr [rdi + 0x11a4], 1",et30 632230: remaining target-approach ticks decrement after XYZ and change E34 out of this phase on expiry,632230,selected,countdown not finished: 6323D9 jne,6323D1,373B0,,2899
3DD9D6,objects,count,"mov byte ptr [rbx + 1], al",objScroll 3DD830: byte green approaches 255 with a distance-derived coefficient; discard the computed AL before the next channel load,3DD830,selected,arithmetic flags overwritten before use,3DD9D6,27290,,1982
3DD9F7,objects,count,"mov byte ptr [rbx], al",objScroll 3DD830: byte red approaches zero with the same distance-derived coefficient; computed AL is discarded by the next channel load,3DD830,selected,arithmetic flags overwritten before use,3DD9F4,272F0,,1983
3DDA15,objects,count,"mov byte ptr [rbx + 2], al",objScroll 3DD830: byte blue approaches zero with the same distance-derived coefficient; computed AL is not consumed after this store,3DD830,selected,arithmetic flags overwritten before use,3DDA10,27350,,1984
3DDA50,objects,count,"mov byte ptr [rbx + 3], al",objScroll 3DD830: byte alpha approaches zero in the inner distance band; computed AL is discarded before the loop advances,3DD830,selected,arithmetic flags overwritten before use,3DDA4B,273B0,,1985
3DD6F1,objects,count,"mov byte ptr [rdi], al",objScroll 3DD580: byte alpha fades with a distance-derived coefficient; hold the quantized store between stock ticks,3DD580,selected,arithmetic flags overwritten before use,3DD6EC,27230,,1981
652964,objects,count,"addss xmm0, xmm6","ut89 652910: increase each angular velocity toward its target only on stock ticks, before the following clamp and angle integration",652910,selected,"a float step: skipped, it adds nothing; arithmetic flags overwritten before use",652964,37850,,2912
652976,objects,count,"subss xmm0, xmm6","ut89 652910: decrease each angular velocity toward its target only on stock ticks, before the following clamp and angle integration",652910,selected,"a float step: skipped, it adds nothing; arithmetic flags overwritten before use",652976,378B0,,2913
65298D,objects,pre,"addss xmm0, dword ptr [rax + 0xb8]",ut89 652910: scale the complete angular velocity immediately before adding the old angle; clamp targets retain their units,652910,selected,addss is commutative: the step in xmm0 is scaled first,65298D,37910,,2914
553603,objects,srcx,"addss xmm0, xmm6","ut91 5534A0: animation decision phase +1080 advances one per stock tick in modes 1 and 3, independently of the already-paced model motion",5534A0,selected,"xmmD / s, op, * s: exact for s = 1/N a power of two; no flags touched, no register borrowed",553603,2FD10,,2465
55361C,objects,count,"mov byte ptr [rbx + 0x1070], al",ut91 5534A0: positive byte cooldown +1070 counts down; AL is discarded before return,5534A0,selected,arithmetic flags overwritten before use,55361C,2FD40,,2466
548225,objects,lin,"addss xmm0, dword ptr [rip + 0x167017]",ut9d 5481E0: sound phase amplitude rises 1.333333 per stock tick toward the fixed 60 limit,5481F8,selected,K*s = 1.33333 at 6AF244,slot 83E8,,,
548253,objects,count,dec dword ptr [rdi + 0x1070],ut9d 5481E0: sound phase countdown at +1070 controls a single stop/reload event,5481F8,selected,arithmetic flags overwritten before use,548253,2F7E0,,2446
548259,objects,notyet,"cmp dword ptr [rdi + 0x1070], 0","ut9d 5481E0: a held countdown tick takes JG past the sound-stop and random-reload event, preserving stock cadence",5481F8,selected,"its flags' one branch goes to 5482C0 with ZF=OF=0, SF=0",548259,2F840,,2447
548362,objects,lin,"subss xmm0, dword ptr [rip + 0x166eda]",ut9d 5481E0: sound phase amplitude falls 1.333333 per stock tick toward zero,54834C,selected,K*s = 1.33333 at 6AF244,slot 83E8,,,
54838B,objects,count,dec dword ptr [rdi + 0x1070],ut9d 5481E0: sound phase countdown controls one transition out of the falling phase,54834C,selected,arithmetic flags overwritten before use,54838B,2F8B0,,2448
548391,objects,notyet,"cmp dword ptr [rdi + 0x1070], 0",ut9d 5481E0: a held countdown tick takes JG past the phase transition,54834C,selected,"its flags' one branch goes to 5482C5 with ZF=OF=0, SF=0",548391,2F910,,2449
509EE5,objects,pre,"addss xmm0, dword ptr [rax + 4]",ut1b 509EB0: add the complete Y velocity +1098 to old height at stock speed before clamping to the fixed starting-height-plus-90 target,509EB0,selected,addss is commutative: the step in xmm0 is scaled first,509EE5,2EFB0,,2422
50EF63,objects,src,"subsd xmm0, qword ptr [rip + 0x169565]",et7d 50EF30: scale the double-precision alpha decrement before conversion back to float; completion exits the fade phase once,50EF30,selected,xmm5 dead after the site on every path; double literal 0.1 at 6784D0,50EF63,2F340,xmm5,2432
50EFB1,objects,count,inc dword ptr [rbx + 0x1070],et7d 50EF30: wait 60 stock ticks after model-motion completion before entering the alpha fade phase,50EF30,selected,arithmetic flags overwritten before use,50EFB1,2F370,,2433
583D07,objects,lin,"addss xmm0, dword ptr [rip + 0xf5f65]",utcc 583C90: height rises 0.4 per stock tick toward starting height plus 220,583C90,selected,K*s = 0.4 at 679C74,slot 83EC,,,
583DAC,objects,lin,"subss xmm0, dword ptr [rip + 0xee060]",utcc 583C90: height falls two units per stock tick toward starting height,583C90,selected,K*s = 2 at 671E14,slot 8398,,,
57CB2F,objects,lin,"addss xmm0, dword ptr [rip + 0xf5df5]",ut2c 57CA00: height rises 0.2 per stock tick toward the fixed +E14 target before phase 3 changes to 4,57CA00,selected,K*s = 0.2 at 67292C,slot 8304,,,
552E57,objects,srcx,"subss xmm1, xmm6","ut47 552CF0: scale the complete vertical move at the position subtraction, retaining the unscaled vertical component used to derive horizontal movement",552CF0,selected,"xmmD / s, op, * s: exact for s = 1/N a power of two; no flags touched, no register borrowed",552E57,2FC50,,2461
552F45,objects,srcx,"subss xmm1, xmm0",ut47 552CF0: scale the complete sine-directed horizontal X move before subtracting it from the old position,552CF0,selected,"xmmD / s, op, * s: exact for s = 1/N a power of two; no flags touched, no register borrowed",552F45,2FC80,,2462
552F7B,objects,srcx,"subss xmm1, xmm0",ut47 552CF0: scale the complete cosine-directed horizontal Z move before subtracting it from the old position,552CF0,selected,"xmmD / s, op, * s: exact for s = 1/N a power of two; no flags touched, no register borrowed",552F7B,2FCB0,,2463
552FB8,objects,src,"addss xmm0, dword ptr [rip + 0x2740b0]","ut47 552CF0: scale the live +1088 rate increase read from the mutable speed table, consistent with the already-scaled rate decrease in the earlier branch",552CF0,selected,xmm5 dead after the site on every path,552FB8,2FCE0,xmm5,2464
55298F,objects,srcx,"subss xmm1, xmm7",ut47 552950: scale the negative height step while preserving XMM7 as the completion threshold source,552950,selected,"xmmD / s, op, * s: exact for s = 1/N a power of two; no flags touched, no register borrowed",55298F,2FB70,,2457
55299D,objects,srcx,"addss xmm1, xmm7",ut47 552950: scale the positive height step while preserving XMM7 as the completion threshold source,552950,selected,"xmmD / s, op, * s: exact for s = 1/N a power of two; no flags touched, no register borrowed",552995,2FBA0,,2458
5529F1,objects,pre,"comiss xmm7, xmm6","ut47 552950: scale the complete per-tick height limit immediately before comparing it against absolute remaining height distance, so the snap uses the scaled step",552950,selected,the per-tick comparison limit in xmm7 is scaled first,5529F1,2FBD0,,2459
217FE4,objects,count,inc dword ptr [rbx + 0x107c],ut1e 217F20: phase-three wait counts 15 stock ticks before one motion setup and state transition,217F20,selected,arithmetic flags overwritten before use,217FE4,11C60,,358
2180D6,objects,count,inc dword ptr [rbx + 0x107c],ut1e 217F20: phase-one wait counts 30 stock ticks before the phase-two sound and transition,217F20,selected,arithmetic flags overwritten before use,2180D6,11D80,,361
21806F,objects,count,inc ecx,ut1e 217F20: phase-two +107C period increments before the modulo-30 event test; preserve the loaded register on held ticks,217F20,selected,arithmetic flags overwritten before use; load 218069 and store 218071 one field,21806F,11CC0,,359
218084,objects,notyet,"cmp ecx, eax",ut1e 217F20: held modulo-30 ticks skip the recurring sound event even when the counter is divisible by 30,217F20,selected,"its flags' one branch goes to 21816D with ZF=OF=0, SF=0",218081,11D20,,360
21ABD0,objects,count,"mov byte ptr [rdi + 0x10e1], al",ut36 21AA80: positive byte cooldown +10E1 delays reactivation; computed AL is discarded before the sound mask test,21AB27,selected,arithmetic flags overwritten before use,21ABD0,12050,,368
21AC12,objects,count,inc byte ptr [rdi + 0x10e0],ut36 21AA80: phase-one recurring sound period +10E0 advances after its old-value test,21AB27,selected,arithmetic flags overwritten before use,21AC12,12120,,370
21ABD6,objects,notyet,"test byte ptr [rdi + 0x10e0], 0x1f",ut36 21AA80: held phase-one sound period skips the modulo-32 trigger,21AB27,selected,"its flags' one branch goes to 21AC12 with ZF=OF=0, SF=0",21ABD6,120B0,,369
21AD62,objects,count,inc byte ptr [rdi + 0x10e0],ut36 21AA80: phase-three recurring sound period advances after the old-value test,21AC92,selected,arithmetic flags overwritten before use,21AD62,121F0,,372
21AD25,objects,notyet,"test byte ptr [rdi + 0x10e0], 0x1f",ut36 21AA80: held phase-three sound period skips the modulo-32 trigger,21AC92,selected,"its flags' one branch goes to 21AD62 with ZF=OF=0, SF=0",21AD25,12180,,371
21AA6C,objects,count,inc byte ptr [rbx + 0x10e0],ut36 21A970: recurring sound period +10E0 advances after its old-value test,21A970,selected,arithmetic flags overwritten before use,21AA6C,11FF0,,367
21AA30,objects,notyet,"test byte ptr [rbx + 0x10e0], 0x1f",ut36 21A970: held sound period skips the modulo-32 trigger,21A970,selected,"its flags' one branch goes to 21AA6C with ZF=OF=0, SF=0",21AA30,11F80,,366
21A5F3,objects,count,inc byte ptr [rdi + 0x10e0],ut36 219F90: phase-three sound-trigger branch advances the shared +10E0 period,21A5BC,selected,arithmetic flags overwritten before use,21A5F3,11E50,,363
21A59F,objects,notyet,"test byte ptr [rdi + 0x10e0], 0x1f",ut36 219F90: held +10E0 ticks skip the phase-three recurring sound trigger across two flag-neutral register reloads,21A3F1,selected,"its flags' one branch goes to 21A85A with ZF=OF=0, SF=0",21A59F,11DE0,,362
21A85A,objects,count,inc byte ptr [rdi + 0x10e0],ut36 219F90: other branches advance the shared recurring sound period,21A5BC,selected,arithmetic flags overwritten before use,21A85A,11F20,,365
21A81E,objects,notyet,"test byte ptr [rdi + 0x10e0], 0x1f",ut36 219F90: held +10E0 ticks skip the recurring sound trigger in the common phase-one branch,21A5BC,selected,"its flags' one branch goes to 21A85A with ZF=OF=0, SF=0",21A81E,11EB0,,364
2202E7,objects,count,"mov byte ptr [rbx + 0x10f8], cl",ut60 220270: recurring sound period +10F8 advances after copying its old byte to AL,220270,selected,arithmetic flags overwritten before use,2202E7,12950,,391
2202ED,objects,notyet,"and al, 0x1f",ut60 220270: keep the masked old AL but skip its modulo-32 sound event on held ticks,220270,selected,"its flags' one branch goes to 220317 with ZF=OF=0, SF=0",2202E7,12950,,392
220815,objects,count,"mov byte ptr [rbx + 0x10f8], cl",ut61 2205B0: recurring sound period +10F8 advances after copying the old byte to AL,2206F6,selected,arithmetic flags overwritten before use,220815,12A00,,393
22081B,objects,notyet,"and al, 0x1f",ut61 2205B0: held sound-period ticks skip the old-value modulo-32 sound event,2206F6,selected,"its flags' one branch goes to 220845 with ZF=OF=0, SF=0",220815,12A00,,394
226F12,objects,count,"mov word ptr [rdi + 0xe42], dx",ut88 226E40: +E42 counts stock ticks until the placement-dependent initial delay has elapsed,226EE2,selected,arithmetic flags overwritten before use,226F12,12E50,,406
226EFC,objects,notyet,"cmp edx, ecx",ut88 226E40: a held delay tick skips the equality transition based on the old +E42 value,226EE2,selected,"its flags' one branch goes to 226F07 with ZF=OF=0, SF=0",226EFA,12DE0,,405
22708D,objects,count,"mov byte ptr [rdi + 0x10f8], al",ut88 226E40: +10F8 sound period increments with computed AL discarded before its old CL test,226FF3,selected,arithmetic flags overwritten before use,22708D,12EB0,,407
227093,objects,notyet,"test cl, cl","ut88 226E40: held sound-period ticks skip the old-zero sound event, including wraparound",226FF3,selected,"its flags' one branch goes to 22713F with ZF=OF=0, SF=0",227093,12F10,,408
22116A,objects,count,inc dword ptr [rdi + 0x1138],ut65 221070: +1138 is the common elapsed phase read modulo 120 or 140 by child helpers; each child sound also sets a latch to prevent replay while the phase is held,221107,selected,arithmetic flags overwritten before use,22116A,12AB0,,395
22C0C0,objects,count,"subss xmm0, dword ptr [rip + 0x4511a0]","utbb 22C000: change Y velocity by the stock gravity step on the first tick of each stock period, before integrating it",22C0B5,selected,"a float step: skipped, it adds nothing; arithmetic flags overwritten before use",22C0C0,13370,,420
22C0D7,objects,pre,"addss xmm0, dword ptr [rax + 4]","utbb 22C000: integrate the complete Y velocity at stock speed after writing the velocity back, preserving the unscaled velocity field",22C0B5,selected,addss is commutative: the step in xmm0 is scaled first,22C0D7,133D0,,421
22C41E,objects,count,"mov byte ptr [rbx + 0xe36], al",utbb 22C3D0: bounded 0-to-5 reactivation debounce counts stock ticks before enabling the object,22C3D0,selected,arithmetic flags overwritten before use,22C41E,133F0,,422
22C902,objects,count,"mov byte ptr [rbx + 0x1106], al",utbc 22C880: positive +1106 cooldown decrements with AL discarded before return,22C880,selected,arithmetic flags overwritten before use,22C902,13450,,423
22CF32,objects,count,"mov byte ptr [rbx + 0x1100], al",utbc 22CED0: positive +1100 debounce decrements and returns before the action-selection path,22CED0,selected,arithmetic flags overwritten before use,22CF32,134B0,,424
22F646,objects,count,"sub dword ptr [rcx + 0x1090], 1",utcb 22F640: five-tick wait before restoring placement and opening the selected dialogue; expiry leaves this phase,22F640,selected,countdown not finished: 22F650 jne,22F646,137E0,,438
232798,objects,count,"mov byte ptr [rbx + 0x1100], r8b",utdb 232680: recurring phase-five sound period +1100 advances after computing the old-byte quotient; R8 is not read after its store,2326D6,selected,arithmetic flags overwritten before use,232798,13CF0,,453
2327A4,objects,notyet,"cmp ecx, eax",utdb 232680: held modulo-six ticks skip the old-counter sound event,2326D6,selected,"its flags' one branch goes to 2326C5 with ZF=OF=0, SF=0",23279F,13D50,,454
238436,objects,count,"mov word ptr [rbx + 0xe3c], ax",utfb 238380: positive three-tick spawn cooldown decrements and returns before the spawn/reload path,238433,selected,arithmetic flags overwritten before use,238436,14380,,476
33D38C,objects,count,"mov byte ptr [rbx + 0x12b0], al",cCarryObj 33D360: positive seven-tick attached-effect cooldown decrements with AL discarded before the effect-state test,33D360,selected,arithmetic flags overwritten before use,33D38C,1E7E0,,1398
3672DC,objects,count,"sub ax, 1","cKiType011: positive +11B0 countdown controls one cleanup at zero, preserving not-finished flags on held ticks",367180,selected,countdown not finished: 3672E7 jne; load 3672D0 and store 3672E0 one field,3672DA,1F530,,1450
3678E9,objects,count,"sub ax, 1","cKiType012: positive +11B0 countdown controls one cleanup at zero, preserving not-finished flags on held ticks",3677A0,selected,countdown not finished: 3678F4 jne; load 3678DD and store 3678ED one field,3678E7,1F5A0,,1451
4985A6,objects,count,"mov byte ptr [rbx + 0x11b6], al",cItemObj 4984E0: positive +11B6 pickup cooldown decrements with AL discarded before the enable test reloads the field,4984E0,selected,arithmetic flags overwritten before use,4985A6,2D2E0,,2331
4985F0,objects,count,"sub al, 1",cItemObj 4984E0: +11B7 attached-effect cooldown decrements once per stock tick; its JNE cleanup uses not-finished flags on held ticks,4984E0,selected,countdown not finished: 4985F8 jne; load 4985E5 and store 4985F2 one field,4985EC,2D340,,2332
49861D,objects,count,"mov byte ptr [rbx + 0x11b8], al",cItemObj 4984E0: positive +11B8 cooldown decrements with AL discarded before the next cooldown load,4984E0,selected,arithmetic flags overwritten before use,49861D,2D3B0,,2333
498630,objects,count,"mov byte ptr [rbx + 0x11b5], al",cItemObj 4984E0: positive +11B5 cooldown decrements with AL discarded before return,4984E0,selected,arithmetic flags overwritten before use,498630,2D410,,2334
61FBC2,objects,count,inc dword ptr [rbx + 0x1148],et26 61FB30: +1148 counts elapsed phase-four model ticks while motion advances independently,61FB30,selected,arithmetic flags overwritten before use,61FBC2,36CF0,,2883
61FC53,objects,count,inc dword ptr [rbx + 0x1148],et26 61FB30: +1148 counts a 600-stock-tick attached-state timeout before one motion/state transition,61FB30,selected,arithmetic flags overwritten before use,61FC53,36D50,,2884
6519B5,objects,count,"mov word ptr [rbx + 0xe3e], ax",ut35 6518E0: positive +E3E motion-phase duration decrements with AX discarded before the next speed calculation,6518E0,selected,arithmetic flags overwritten before use,6519B5,37580,,2905
651C15,objects,count,"mov word ptr [rbx + 0xe3e], ax",ut35 651B40: positive +E3E motion-phase duration decrements with AX discarded before the next speed calculation,651B40,selected,arithmetic flags overwritten before use,651C15,375E0,,2906
552CCA,objects,count,inc byte ptr [rbx + 0x1078],ut47 552B70: +1078 counts 13 consecutive stock ticks of negligible movement before the stuck phase; threshold changes E35 out of this branch,552B70,selected,arithmetic flags overwritten before use,552CCA,2FBF0,,2460
560CA2,objects,count,"mov word ptr [rbx + 0xe3e], cx",uta4 560BD0: +E3E recurring 120-tick effect period advances after deriving the old signed quotient; CX is discarded before the old-value event comparison,560BD0,selected,arithmetic flags overwritten before use,560CA2,30E10,,2520
560CB1,objects,notyet,"cmp r8d, eax",uta4 560BD0: held modulo-120 ticks skip the effect trigger based on the old period value,560BD0,selected,"its flags' one branch goes to 560D24 with ZF=OF=0, SF=0",560CB1,30E70,,2521
4D1156,objects,count,"mov byte ptr [rbx + 0x10e0], al",et69 4D1000: +10E0 advances the 100-tick recurring sound delay with AL discarded before return,4D1000,selected,arithmetic flags overwritten before use,4D1156,2E6D0,,2386
4FEC7D,objects,count,dec byte ptr [rbx + 0xe35],ut16 4FEC40: positive +E35 counts the stock duration of temporary extra model-motion advances; all three motion calls already use the common motion pacing,4FEC40,selected,arithmetic flags overwritten before use,4FEC7D,2EC50,,2413
4FF19B,objects,count,"sub al, 1",ut17 4FF080: positive five-tick motion-start delay counts down with JNE completion suppressed on held ticks,4FF09B,selected,countdown not finished: 4FF1A3 jne; load 4FF190 and store 4FF19D one field,4FF197,2ECB0,,2414
50E8E0,objects,count,"sub dword ptr [rcx + 0x1134], 1",cDigObj 50E810: scripted effect waits 75 or 210 stock ticks before changing E34 out of the wait phase,50E8E0,selected,countdown not finished: 50E8E7 jne,50E8E0,2F1D0,,2428
50E954,objects,count,"mov dword ptr [rcx + 0x1134], eax",cDigObj 50E900: positive eight-tick effect cooldown decrements and returns before the next spawn/reload,50E900,selected,arithmetic flags overwritten before use,50E954,2F2B0,,2430
517319,objects,count,inc byte ptr [rbx + 0xe36],ut28 517200: +E36 is a 16-tick quantized alpha phase; alpha is recomputed from the held phase and phase sixteen immediately exits this state,517200,selected,arithmetic flags overwritten before use,517319,2F510,,2438
523FC3,objects,count,"sub word ptr [rbx + 0xe3c], cx",ut58 523FA0: phase-four +E3C counts down from 30; CX equals one on this dispatch branch and JNS suppresses completion between stock ticks,523FA0,selected,countdown not finished: 523FCA jns,523FC3,2F570,,2440
55233B,objects,count,"mov word ptr [rbx + 0x1070], ax",ut43 5522E0: +1070 is a 360-tick recurring sound cooldown; store the decremented or freshly reloaded value only on stock ticks,5522E0,selected,arithmetic flags overwritten before use,55233B,2FB10,,2456
552306,objects,notyet,"test ax, ax","ut43 recurring 360-tick sound: test the old cooldown only on stock ticks, including the zero that starts the next period; the paired store holds its value between them.",5522E0,selected,"its flags' one branch goes to 552338 with ZF=OF=0, SF=0",552306,2FAA0,,2455
2383EE,objects,notyet,"test ax, ax","utfb recurring spawn: old-zero event and the positive three-tick decrement share the stock cadence, preserving the original four-tick spawn interval.",238380,selected,"its flags' one branch goes to 238433 with ZF=OF=0, SF=0",2383EE,14310,,475
50E91C,objects,notyet,"test eax, eax","cDigObj recurring effect: sample old-zero at stock cadence along with the countdown, preserving its original nine-tick interval.",50E900,selected,"its flags' one branch goes to 50E952 with ZF=OF=0, SF=0",50E91C,2F240,,2429
33D386,objects,notyet,"test al, al","cCarryObj attached effect: defer old-zero expiry between stock ticks, paired with the seven-tick decrement, so the flag reset and respawn keep their original cadence.",33D360,selected,"its flags' one branch goes to 33D38A with ZF=OF=0, SF=0",33D386,1E770,,1397
22AABC,objects,pre,"addss xmm0, dword ptr [rdi + 0xb4]",ut9e return movement: scale the complete clamped yaw delta before adding the current yaw and wrapping it.,22AAB2,selected,addss is commutative: the step in xmm0 is scaled first,22AABC,132F0,,418
23108F,objects,pre,"addss xmm0, dword ptr [rbx + 0xb4]",utd7 tracking: scale the complete 2DE0A0 yaw delta before adding the old yaw and wrapping it.,230FC0,selected,addss is commutative: the step in xmm0 is scaled first,23108F,139E0,,445
22761E,objects,pre,"addss xmm0, dword ptr [rcx + 0xb4]",ut8e spin: scale the selected sign and 0.03/0.01 angular step at the common join before adding the old yaw.,2275D0,selected,addss is commutative: the step in xmm0 is scaled first,22761E,13010,,410
22D9ED,objects,pre,"addss xmm0, xmm2",utbc radius growth: scale the complete distance/(radius*10*2pi) increment before adding the current radius and applying the 2.5 clamp.,22D960,selected,addss is commutative: the step in xmm0 is scaled first,22D9ED,13510,,425
58FF34,objects,lin,"addss xmm0, dword ptr [rip + 0xe501c]",ute2 state 3: rise three units per stock tick until the state-4 fixed placement takes over.,58FEA0,selected,K*s = 3 at 674F58,slot 83F0,,,
22B1F0,objects,count,inc dword ptr [rbx + 0x107c],utb8 phase-zero readiness: require three stock ticks of ready result before starting the phase-one event.,22AFC0,selected,arithmetic flags overwritten before use,22B1F0,13310,,419
55B725,objects,count,"mov word ptr [rbx + 0xe3e], ax",ut8a fast model speed: decrement the positive +E3E forty-tick duration once per stock tick.,55B520,selected,arithmetic flags overwritten before use,55B725,2FDF0,,2468
56351B,objects,count,"mov word ptr [rdi + 0x1180], ax",uta6 thrown submodel: pace the +1180 twenty-five-tick duration.,5633F2,selected,arithmetic flags overwritten before use,56351B,317F0,,2551
56350B,objects,scaledadd,call qword ptr [rip + 0x10d8ef],uta6 thrown submodel: scale the rotated +1170 velocity when integrating XYZ; the launch vector retains its stock magnitude.,5633F2,selected,calls cVec::operator+=,56350B,31790,,2550
563522,objects,notyet,"test cx, cx",uta6 thrown submodel: gate the old-zero completion test alongside its +1180 timer.,5633F2,selected,"its flags' one branch goes to 56352E with ZF=OF=0, SF=0",563522,31850,,2552
5674DB,objects,count,inc dword ptr [rbx + 0x1104],utaa area duration: advance +1104 once per stock tick while the player is inside the region; the outside assignment remains an immediate reset to 90.,5674B0,selected,arithmetic flags overwritten before use,5674DB,31B80,,2567
56A08B,objects,count,inc dword ptr [rbx + 0x1104],utab area duration: advance +1104 once per stock tick while the player is inside the region; the outside assignment remains an immediate reset to 90.,56A060,selected,arithmetic flags overwritten before use,56A08B,31C10,,2569
55D010,objects,gatefn,"mov qword ptr [rsp + 0x18], rbx","uta1 spring update: the void caller 55CECA ignores the result; the entire previously unpatched spring, damping, integration, countdowns and completion events run at stock cadence.",55D010,selected,entry; callers 55CECA ignore rax,55D010,2FEA0,,2470
630BEF,objects,lin,"movss xmm0, dword ptr [rip + 0x4a235]",et30 supplemental motion: scale only the steady negative 0.2 blend-weight fade; the event-bit impulse of 1 remains immediate and the event bit is cleared after use.,630B98,selected,K*s = -0.2 at 67AE2C,slot 83F4,,,
630D64,objects,srcx,"addss xmm1, xmm9",et30 supplemental motion: advance the independent +125C motion frame by one stock-frame fraction while preserving the shared XMM9 one used by the duration limit.,630C44,selected,"xmmD / s, op, * s: exact for s = 1/N a power of two; no flags touched, no register borrowed",630D64,37170,,2895
2118DB,objects,srcroot,"mulss xmm0, dword ptr [rip + 0x468bad]",cObjSimpleEmRoll sustained scale growth: use the per-tick root of 1.33 when B6AC5C is active; preserve the shared source constant.,211840,selected,xmm5 dead after the site on every path; flags dead after,2118DB,11B30,xmm5,354
2E4FE8,objects,srcroot,"mulss xmm1, dword ptr [rip + 0x38ce14]",et0f dismissal: compose the 0.1 alpha decay across fractional stock ticks until the state-one reset.,2E4ED0,selected,xmm5 dead after the site on every path; flags dead after,2E4FE8,1B490,xmm5,1228
4F2A23,objects,pre,"addss xmm0, dword ptr [rcx + 4]","ut25 platform passenger: scale the complete +1150 platform velocity before adding it to player Y, matching platform integration.",4F29B0,selected,addss is commutative: the step in xmm0 is scaled first,4F2A23,2EC30,,2412
4F1EAF,objects,pre,"addss xmm0, dword ptr [rdi + 0x1150]",ut25 rising platform state 7: scale acceleration +115C before adding it to stock-unit velocity +1150; retain the velocity clamps.,4F194E,selected,addss is commutative: the step in xmm0 is scaled first,4F1EAF,2EAF0,,2404
4F21B2,objects,pre,"addss xmm0, dword ptr [rdi + 0x1150]",ut25 rising platform state 11: scale acceleration +115C before adding it to stock-unit velocity +1150; retain the velocity clamps.,4F194E,selected,addss is commutative: the step in xmm0 is scaled first,4F21B2,2EB40,,2406
4F242F,objects,pre,"addss xmm0, dword ptr [rdi + 0x1150]",ut25 descending platform state 15: scale acceleration +115C before adding it to stock-unit velocity +1150; retain the velocity clamps.,4F194E,selected,addss is commutative: the step in xmm0 is scaled first,4F242F,2EB90,,2408
4F2552,objects,pre,"addss xmm0, dword ptr [rdi + 0x1150]",ut25 descending platform state 17: scale acceleration +115C before adding it to stock-unit velocity +1150; retain the velocity clamps.,4F194E,selected,addss is commutative: the step in xmm0 is scaled first,4F2552,2EBE0,,2410
4F1EFE,objects,src,"addss xmm0, dword ptr [rdi + 0x1150]",ut25 state 7: integrate platform Y with a fraction of the stock-unit +1150 velocity.,4F194E,selected,xmm5 dead after the site on every path,4F1EFE,2EB10,xmm5,2405
4F2204,objects,src,"addss xmm0, dword ptr [rdi + 0x1150]",ut25 state 11: integrate platform Y with a fraction of the stock-unit +1150 velocity.,4F194E,selected,xmm5 dead after the site on every path,4F2204,2EB60,xmm5,2407
4F2481,objects,src,"addss xmm0, dword ptr [rdi + 0x1150]",ut25 state 15: integrate platform Y with a fraction of the stock-unit +1150 velocity.,4F194E,selected,xmm5 dead after the site on every path,4F2481,2EBB0,xmm5,2409
4F25A4,objects,src,"addss xmm0, dword ptr [rdi + 0x1150]",ut25 state 17: integrate platform Y with a fraction of the stock-unit +1150 velocity.,4F194E,selected,xmm5 dead after the site on every path,4F25A4,2EC00,xmm5,2411
21335B,objects,count,"addss xmm0, xmm6",ut01 animation restart delay: advance the +1090 stock-frame counter once per stock tick; +1094 clears on the completion event and action starts reset the counter.,213120,selected,"a float step: skipped, it adds nothing; arithmetic flags overwritten before use",21335B,11B70,,355
57F597,objects,lin,"addss xmm0, dword ptr [rip + 0xf2669]","ut48 raised platform: rise one unit per stock tick, clamped to +E14 plus 100.",57F597,selected,K*s = 1 at 671C08,slot 8308,,,
57F5D4,objects,lin,"subss xmm0, dword ptr [rip + 0xf262c]","ut48 lowered platform: descend one unit per stock tick, clamped to +E14.",57F597,selected,K*s = 1 at 671C08,slot 8308,,,
21CBDF,objects,lin,"addss xmm1, dword ptr [rip + 0x458e5d]",ut49 platform restoration: rise 1.5 units per stock tick until the +E14 height clamp.,21CA60,selected,K*s = 1.5 at 675A44,slot 8394,,,
160348,objects,count,dec byte ptr [rbx + 0x44],selection dialog exit phase 3: consume the positive byte +44 animation-close delay at stock cadence before returning to the owner state.,160310,selected,arithmetic flags overwritten before use,160346,D070,,27
160384,objects,count,dec byte ptr [rbx + 0x44],selection dialog exit phase 2: consume the positive byte +44 animation-close delay at stock cadence before selecting the next action.,160310,selected,arithmetic flags overwritten before use,160382,D0D0,,28
1D0500,objects,count,inc dword ptr [rbx + 0x1c],text box exit interpolation: advance the six-step +1C clock at stock cadence; scale fields derive directly from that clock.,1D04A0,selected,arithmetic flags overwritten before use,1D0500,FBB0,,224
1D2817,objects,count,inc dword ptr [rbx + 0x1c],dialogue response phase 1: pace the fifteen-tick +1C delay before advancing +57.,1D2722,selected,arithmetic flags overwritten before use,1D2817,FD30,,228
1D2840,objects,count,inc dword ptr [rbx + 0x1c],dialogue response phase 3: pace the forty-five-tick +1C delay before advancing +57.,1D2833,selected,arithmetic flags overwritten before use,1D2840,FD90,,229
1D28D2,objects,count,inc dword ptr [rbx + 0x1c],dialogue response phase 5: pace the final fifteen-tick +1C delay before reporting completion.,1D2833,selected,arithmetic flags overwritten before use,1D28D2,FDF0,,230
1D0EFB,objects,count,"add dword ptr [rbx + 0x7c], edi","dialogue text reveal: add the integer reveal-speed amount to +7C once per stock tick, including the input-selected tenfold acceleration.",1D0DF0,selected,arithmetic flags overwritten before use,1D0EFB,FC10,,225
1D1B9C,objects,count,inc dword ptr [rbx + 0x1c],text box entrance interpolation: advance its six-step +1C clock once per stock tick; scale fields derive directly from that clock.,1D1B70,selected,arithmetic flags overwritten before use,1D1B9C,FC70,,226
13F1C1,objects,count,"mov dword ptr [rdi + 0x18], eax",controller reassignment: consume the thirty-tick +18 delay after the active input mode closes.,13F1B4,selected,arithmetic flags overwritten before use,13F1C1,C9C0,,3
14ADDE,objects,count,"mov dword ptr [rbx + 0x18], eax",asynchronous UI operation: advance bounded +18 progress at stock cadence until +1C; the displayed progress ratio follows this count.,14ADB0,selected,arithmetic flags overwritten before use,14ADDB,CCA0,,10
15FDA5,objects,count,inc dword ptr [rdi + 0x15c],audio playlist: pace the 1320-tick inter-track wait after playback completes; immediate failure initializes the threshold and remains immediate.,15FD40,selected,arithmetic flags overwritten before use,15FDA5,D010,,26
186469,objects,count,"mov dword ptr [rsi + 0x248], eax",cPad movement chord: require five stock ticks of the held action before changing its combined-action bits; releasing the action resets +248.,1863A3,selected,arithmetic flags overwritten before use,186469,D800,,48
1866EB,objects,count,"mov dword ptr [rbx + 0x264], eax",cPad update input blackout: consume positive +264 at stock cadence; hardware updates and actuator calls continue normally.,186650,selected,arithmetic flags overwritten before use,1866EB,D860,,49
186F64,objects,count,"mov dword ptr [rbx + 0x10], ecx",controller recovery: consume the positive sixty-tick +10 delay before reporting a connection/reassignment outcome.,186EB0,selected,arithmetic flags overwritten before use,186F61,D8C0,,50
4990A0,objects,gatefn,push rbx,"cItemObj floating state: run the coupled height-selected acceleration, velocity clamp/damping, position integration, and collision transition together at stock cadence.",4990A0,selected,entry; callers 497A10 ignore rax,4990A0,2D4C0,,2336
498D00,objects,gatefn,push rbx,"cItemObj falling state: keep the coupled XYZ integration, gravity, contact checks, impact restitution, and state transitions together at stock cadence.",498D00,selected,entry; callers 497A10 ignore rax,498D00,2D470,,2335
2172B1,objects,pre,"addss xmm0, dword ptr [rbx + 0xe54]",ut12 falling phase: add the original +E54 vertical velocity divided by N to position; the ground-contact clamp and phase transition remain immediate.,217254,selected,addss is commutative: the step in xmm0 is scaled first,2172B1,11C40,,357
217360,objects,lin,"subss xmm0, dword ptr [rip + 0x45aaa0]",ut12 falling phase: subtract 0.5/N from the original vertical velocity per tick.,217254,selected,K*s = 0.5 at 671E08,slot 8370,,,
2310F0,objects,count,inc byte ptr [rbx + 0x1620],utd7 trailing position history: advance its sixty-entry sampling cursor once per stock tick; held ticks refresh the current slot.,2310C0,selected,arithmetic flags overwritten before use,2310F0,13A00,,446
231157,objects,lin,"movss xmm2, dword ptr [rip + 0x446491]",utd7 exit growth: shared 0.05 scale increment is divided by N before all three scale channels and the 1.6 clamp.,2310C0,selected,K*s = 0.05 at 6775F0,slot 8310,,,
2025CF,objects,dst,"mulss xmm0, dword ptr [rdi + 0x1108]",Shared path follower: scale the complete +112C times +1108 progress increment before adding +1194 and applying its path-segment wrap.,202590,selected,the step's next reader is its accumulation,2025CF,113B0,,323
202649,objects,blend,"mulss xmm0, dword ptr [rip + 0x4705cb]",Shared path follower: use the Nth-root surviving-gap coefficient for the 0.125 heading approach.,202590,selected,1-(1-K)^s = 0.125 at 672C1C,slot 83F8,,,
203F64,objects,blend,"mulss xmm2, dword ptr [rip + 0x471ac4]",Shared depth fade: approach the freshly projected depth target with a time-corrected 0.3 blend.,203ED0,selected,1-(1-K)^s = 0.3 at 675A30,slot 82A4,,,
203F92,objects,blend,"mulss xmm1, dword ptr [rip + 0x471a96]",Shared depth fade: approach opaque alpha with a time-corrected 0.3 blend in the far-depth branch.,203ED0,selected,1-(1-K)^s = 0.3 at 675A30,slot 82A4,,,
203FC0,objects,blend,"mulss xmm1, dword ptr [rip + 0x471a68]",Shared depth fade: approach opaque alpha with a time-corrected 0.3 blend in the alternate scene branch.,203ED0,selected,1-(1-K)^s = 0.3 at 675A30,slot 82A4,,,
2040FE,objects,lin,"mulss xmm0, dword ptr [rip + 0x46e82a]",Shared animal/player-relative movement: scale the complete normalized X direction times its 0.9 per-tick step.,203FE0,selected,K*s = 0.9 at 672930,slot 82AC,,,
204123,objects,lin,"mulss xmm0, dword ptr [rip + 0x46e805]",Shared animal/player-relative movement: scale the complete normalized Z direction times its 0.9 per-tick step.,203FE0,selected,K*s = 0.9 at 672930,slot 82AC,,,
209354,objects,lin,"movss xmm2, dword ptr [rip + 0x4695d0]",Shared cKiType appearance: divide the shared 0.2 scale increment by N before all three scale channels and their one-unit clamp.,20919F,selected,K*s = 0.2 at 67292C,slot 8304,,,
244DF2,objects,lin,"movss xmm1, dword ptr [rip + 0x433a96]",244C80 shrinks all three persistent submodel scale channels by the same 0.03 increment per stock tick before their 0.2 clamps.,244C99,selected,K*s = 0.03 at 678890,slot 832C,,,
2450F4,objects,lin,"movss xmm2, dword ptr [rip + 0x433794]",244C80 restores all three persistent submodel scale channels by the same 0.03 increment per stock tick before their one-unit clamps.,244C99,selected,K*s = 0.03 at 678890,slot 832C,,,
626404,objects,callgate,call 0x623540,"Shared minigame six-object update, from 6262D0's per-tick loop: advance movement, target ownership timeout, random respawn and loop placement together on stock ticks (626A00's loop already calls it once a stock tick).",62633F,selected,"call 623540; rel32 retargeted (5 bytes, no window)",call 395,3C090,,2886
6263C0,objects,srcx,"subss xmm0, dword ptr [r9 + 0x144]",Minigame backdrop scrolling: divide the speed operand by N before subtracting it from track Z; preserve the full loop length used for wrapping.,62633F,selected,"xmmD / s, op, * s: exact for s = 1/N a power of two; no flags touched, no register borrowed",6263C0,36DB0,,2885
62668C,objects,count,"sub al, 1",Minigame close delay: count the positive 30-tick byte once per stock tick and preserve not-complete flags when held.,62633F,selected,countdown not finished: 626694 jne; load 626681 and store 62668E one field,626688,36DE0,,2887
1882A0,flag,gatefn,"test byte ptr [rcx + 0x20], 1","Rumble waveform wrapper: sample the analog waveform, accumulate small-motor PWM, emit pulse requests and advance/wrap its phase together at the same N60 cadence as cPad Actuater.",1882A0,selected,entry; callers 4B662C ignore rax,1882A0,D920,,51
315F07,objects,srcblend,"divss xmm1, xmm0",315E60 stage-zero submodel X scale approaches zero using the reciprocal of the already stock-paced E3C+1 countdown; use the Nth-root surviving-gap blend.,315E84,selected,xmm5 dead after the site on every path; flags dead after,315F07,1D240,xmm5,1320
315F30,objects,srcblend,"divss xmm1, xmm0",315E60 stage-zero submodel Y scale approaches two using the reciprocal of the already stock-paced E3C+1 countdown; use the Nth-root surviving-gap blend.,315E84,selected,xmm5 dead after the site on every path; flags dead after,315F2D,1D2F0,xmm5,1321
315F5A,objects,srcblend,"divss xmm6, xmm0",315E60 stage-zero submodel Z scale approaches zero using the reciprocal of the already stock-paced E3C+1 countdown; use the Nth-root surviving-gap blend.,315E84,selected,xmm5 dead after the site on every path; flags dead after,315F57,1D3A0,xmm5,1322
55D940,objects,gatefn,"mov rax, rsp","uta2 first pendulum: preserve the complete coupled external load, angular force, vertical spring, stock damping, passenger transport, collision release and phase sound at stock cadence. Inner decay 55DE71 is delegated to this cadence gate.",55D940,selected,entry; callers 55D683 ignore rax,55D940,2FF20,,2472
55E070,objects,gatefn,"mov rax, rsp","uta2 second pendulum: preserve the complete coupled external load, angular force, stock damping, passenger transport, collision release and phase sound at stock cadence. Inner decay 55E39E is delegated to this cadence gate.",55E070,selected,entry; callers 55D67C ignore rax,55E070,2FF70,,2473
55E520,objects,gatefn,"mov rax, rsp","uta2 striking pendulum: preserve the coupled angular force, stock damping, passenger transport, hit/reload cooldown and target impulse at stock cadence. Inner decay 55E859 is delegated to this cadence gate.",55E520,selected,entry; callers 55D675 ignore rax,55E520,2FFC0,,2474
4A76A0,objects,gatefn,"mov rax, rsp","Shared deforming-model spring: evaluate positional error, bounded displacement, spring acceleration, velocity drag/friction and the resulting transform together on stock ticks; reset-event handlers in 4A74D0 remain immediate.",4A76A0,selected,entry; callers 4A74D0 ignore rax,4A76A0,2DD50,,2364
364F82,objects,lin,"addss xmm0, dword ptr [rip + 0x30ce7e]",cKiType019 death rise: scale the constant half-unit ascent per stock tick; motion advance remains independently time-correct.,364DF0,selected,K*s = 0.5 at 671E08,slot 8370,,,
365008,objects,pre,"addss xmm0, dword ptr [rcx + 4]",cKiType019 death rise: the first operand is the complete (E3C-30)*0.3 ascent step; scale it before adding old Y.,364DF0,selected,addss is commutative: the step in xmm0 is scaled first,365008,1F4D0,,1448
364FB1,objects,count,"movss dword ptr [rax + 4], xmm0","cKiType019 death jitter: commit the positive random displacement only on stock ticks, preserving its amplitude and sample cadence.",364DF0,selected,arithmetic flags overwritten before use,364FB1,1F410,,1446
364FDC,objects,count,"movss dword ptr [rax + 4], xmm1",cKiType019 death jitter: commit the negative random displacement only on stock ticks; later height tests reload Y from memory.,364DF0,selected,arithmetic flags overwritten before use,364FDC,1F470,,1447
36CDE2,objects,lin,"addss xmm0, dword ptr [rip + 0x30501e]",cKiType041 death rise: scale the half-unit ascent separately from the already corrected motion clock.,36CC50,selected,K*s = 0.5 at 671E08,slot 8370,,,
36CE68,objects,pre,"addss xmm0, dword ptr [rcx + 4]",cKiType041 death rise: scale the complete elapsed-count ascent step before adding old Y.,36CC50,selected,addss is commutative: the step in xmm0 is scaled first,36CE68,1F870,,1461
36CE11,objects,count,"movss dword ptr [rax + 4], xmm0",cKiType041 death jitter: commit the positive random displacement only on stock ticks; the following join reloads Y.,36CC50,selected,arithmetic flags overwritten before use,36CE11,1F7B0,,1459
36CE3C,objects,count,"movss dword ptr [rax + 4], xmm1",cKiType041 death jitter: commit the negative random displacement only on stock ticks; its arithmetic result is not reused.,36CC50,selected,arithmetic flags overwritten before use,36CE3C,1F810,,1460
2E1A48,objects,count,"movss dword ptr [rax + 0xb0], xmm0",et04 linked model settling: commit the -0.5 X rotation recurrence on stock ticks; retain sign reversal and amplitude together.,2E1970,selected,arithmetic flags overwritten before use,2E1A48,1B200,,1219
2E1A5C,objects,count,"movss dword ptr [rax + 0xb4], xmm1",et04 linked model settling: commit the matching -0.5 Y rotation recurrence on the same stock ticks.,2E1970,selected,arithmetic flags overwritten before use,2E1A5C,1B260,,1220
2E1A64,objects,count,"movss dword ptr [rax + 0xb8], xmm0",et04 linked model settling: commit the matching -0.5 Z rotation recurrence on the same stock ticks.,2E1970,selected,arithmetic flags overwritten before use,2E1A64,1B2C0,,1221
2F2C82,objects,src,"addsd xmm0, xmm1","cObj appearance: scale the double-precision D20 alpha increment from the shared XMM1 step, preserving the source and narrowing once.",2F2C69,selected,xmm5 dead after the site on every path,2F2C7F,1BD30,xmm5,1255
2F2C9D,objects,src,"addsd xmm0, xmm1","cObj appearance: scale the double-precision D24 alpha increment, preserving the shared XMM1 step for the other channels.",2F2C69,selected,xmm5 dead after the site on every path,2F2C9D,1BD60,xmm5,1256
2F2CB8,objects,src,"addsd xmm0, xmm1",cObj appearance: scale the double-precision D28 alpha increment before its original float conversion and unit clamp.,2F2C69,selected,xmm5 dead after the site on every path,2F2CB8,1BD90,xmm5,1257
33B052,objects,srcx,"addss xmm0, dword ptr [rbx + 0xe54]",cBallObj ballistic motion: scale persistent E54 vertical velocity when adding it to world Y; the port gravity update stays separate.,33AEC2,selected,"xmmD / s, op, * s: exact for s = 1/N a power of two; no flags touched, no register borrowed",33B052,1E110,,1366
33B085,objects,count,"movss dword ptr [rbx + 0x1140], xmm0","cBallObj spin-rate settling: commit the complete (1140-0.2)*double damping recurrence only on stock ticks, preserving its coupled stock update.",33AEC2,selected,arithmetic flags overwritten before use,33B085,1E140,,1367
56414C,objects,pre,"addss xmm0, dword ptr [rdi + 0xe14]",uta7 platform: scale the complete positive passenger-load torque before adding it to angular velocity E14.,5640B7,selected,addss is commutative: the step in xmm0 is scaled first,56414C,318C0,,2553
564175,objects,pre,"addss xmm1, dword ptr [rdi + 0xe14]",uta7 platform: scale the complete negative passenger-load torque before adding it to angular velocity E14.,5640B7,selected,addss is commutative: the step in xmm1 is scaled first,564175,318E0,,2554
5641C6,objects,srcx,"addss xmm0, xmm1",uta7 platform: scale the sustained secondary passenger torque when accumulating E14.,5640B7,selected,"xmmD / s, op, * s: exact for s = 1/N a power of two; no flags touched, no register borrowed",5641C6,31900,,2555
56420B,objects,srcx,"subss xmm0, xmm1",uta7 platform: scale the sustained opposing passenger torque when accumulating E14.,5640B7,selected,"xmmD / s, op, * s: exact for s = 1/N a power of two; no flags touched, no register borrowed",56420B,31930,,2556
564271,objects,lin,"mulss xmm1, dword ptr [rip + 0x154c6b]",uta7 platform: scale the height-error spring acceleration before subtracting it from E14.,5640B7,selected,K*s = 5e-06 at 6B8EE4,slot 83FC,,,
5642FE,objects,count,"mov word ptr [rdi + 0xe3e], cx",uta7 platform: commit the E3E force-duration countdown only on stock ticks; its decremented register and flags are not used after the store.,5640B7,selected,arithmetic flags overwritten before use,5642FE,31960,,2557
5642F6,objects,lin,"subss xmm0, dword ptr [rip + 0x154afe]",uta7 platform: scale the sustained E3E acceleration while its countdown advances at stock cadence.,5640B7,selected,K*s = 0.000174533 at 6B8DFC,slot 8400,,,
564358,objects,count,"mov word ptr [rdi + 0xe40], ax",uta7 platform: commit the E40 force-duration countdown only on stock ticks; later code does not consume the decremented register.,5640B7,selected,arithmetic flags overwritten before use,564358,319C0,,2558
564350,objects,lin,"subss xmm0, dword ptr [rip + 0x154aac]",uta7 platform: scale the sustained E40 acceleration while retaining its force magnitude and duration in stock units.,5640B7,selected,K*s = 0.00174533 at 6B8E04,slot 8404,,,
5643B2,objects,lin,"subss xmm1, dword ptr [rip + 0x154a42]",uta7 platform: scale the passenger acceleration in the alternate mode branch alongside its already corrected baseline acceleration.,5640B7,selected,K*s = 0.000174533 at 6B8DFC,slot 8400,,,
5643FF,objects,lin,"mulss xmm0, dword ptr [rip + 0x154ad9]",uta7 platform: scale the coupled submodel spring force before the existing rate-correct 0.996 damping.,5640B7,selected,K*s = 1e-06 at 6B8EE0,slot 8408,,,
56445E,objects,srcx,"addss xmm0, dword ptr [rdi + 0xe14]",uta7 platform: integrate angular velocity E14 into submodel B8 with the current step duration before wrapping and clamping the angle.,564424,selected,"xmmD / s, op, * s: exact for s = 1/N a power of two; no flags touched, no register borrowed",56445E,31A20,,2559
56309A,objects,pre,"addss xmm0, dword ptr [rdi + 0xe14]",uta5 platform: scale the complete positive passenger-load torque before adding it to angular velocity E14.,563028,selected,addss is commutative: the step in xmm0 is scaled first,56309A,31660,,2545
5630C3,objects,pre,"addss xmm1, dword ptr [rdi + 0xe14]",uta5 platform: scale the complete opposing passenger-load torque before adding it to angular velocity E14.,563028,selected,addss is commutative: the step in xmm1 is scaled first,5630C3,31680,,2546
563182,objects,count,"mov word ptr [rdi + 0xe3e], cx",uta5 platform: commit the E3E force-duration countdown only on stock ticks; its temporary decremented value is unused afterwards.,563138,selected,arithmetic flags overwritten before use,563182,316A0,,2547
56317A,objects,lin,"addss xmm0, dword ptr [rip + 0x155c7a]",uta5 platform: scale the sustained E3E acceleration while retaining stock force duration.,563138,selected,K*s = 0.000174533 at 6B8DFC,slot 8400,,,
5631E0,objects,count,"mov word ptr [rdi + 0xe40], ax",uta5 platform: commit the E40 force-duration countdown only on stock ticks alongside the existing corrected force increment.,5631CD,selected,arithmetic flags overwritten before use,5631E0,31700,,2548
563252,objects,srcx,"addss xmm0, dword ptr [rdi + 0xe14]",uta5 platform: integrate angular velocity E14 into submodel B0 with the current step duration before wrapping and boundary response.,5631CD,selected,"xmmD / s, op, * s: exact for s = 1/N a power of two; no flags touched, no register borrowed",563252,31760,,2549
482C8C,objects,callscale,call 0x1802da570,Camera pitch approach: scale the angular limit; its XMM2 coefficient comes from the already time-correct mode table 7A82D0 minus one.,482BD7,selected,"call 2DA570; rel32 retargeted (5 bytes, no window)",call 360,3B980,,2261
482CB5,objects,callscale,call 0x1802da570,Camera pitch approach: scale the angular limit while retaining the mode-table coefficient already corrected by mode_constants.,482BD7,selected,"call 2DA570; rel32 retargeted (5 bytes, no window)",call 361,3B9A0,,2262
482D3F,objects,callblend,call 0x1802da570,Camera pitch approach: correct the constant 0.08 approach coefficient and the constant angular limit together.,482BD7,selected,"call 2DA570; rel32 retargeted (5 bytes, no window)",call 362,3B9C0,,2263
482D8B,objects,callblend,call 0x1802da570,Camera pitch approach: correct the repeated positive-error approach's constant coefficient and limit.,482BD7,selected,"call 2DA570; rel32 retargeted (5 bytes, no window)",call 363,3BA30,,2264
482DCE,objects,callblend,call 0x1802da570,Camera pitch approach: correct the constant-coefficient ground-height branch and angular limit.,482BD7,selected,"call 2DA570; rel32 retargeted (5 bytes, no window)",call 364,3BAA0,,2265
482E28,objects,callblend,call 0x1802da570,Camera pitch approach: correct the constant-coefficient pitch branch and angular limit.,482BD7,selected,"call 2DA570; rel32 retargeted (5 bytes, no window)",call 365,3BB10,,2266
482E83,objects,root,"movss xmm3, dword ptr [rip + 0x1f6ad5]",Camera pitch velocity: take the stock-period root of the shared 0.98 damping factor used by all three magnitude thresholds.,482BD7,selected,flags dead after the copy (482E8B on),482E83,2C1D0,,2267
482F1D,objects,callblend,call 0x1802da570,Camera pitch approach: correct the first magnitude-threshold approach and its angular limit.,482BD7,selected,"call 2DA570; rel32 retargeted (5 bytes, no window)",call 366,3BB80,,2268
482F4C,objects,callblend,call 0x1802da570,Camera pitch approach: correct the additional positive-error approach and its angular limit.,482BD7,selected,"call 2DA570; rel32 retargeted (5 bytes, no window)",call 367,3BBF0,,2269
482F84,objects,callblend,call 0x1802da570,Camera pitch approach: correct the second magnitude-threshold approach and its angular limit.,482BD7,selected,"call 2DA570; rel32 retargeted (5 bytes, no window)",call 368,3BC60,,2270
482FB3,objects,callblend,call 0x1802da570,Camera pitch approach: correct the additional second-threshold approach and its angular limit.,482BD7,selected,"call 2DA570; rel32 retargeted (5 bytes, no window)",call 369,3BCD0,,2271
482FF1,objects,callscale,call 0x1802da570,Camera pitch approach: correct the angular cap only; the coefficient is the already time-correct 7A82D0 mode-table value minus one.,482BD7,selected,"call 2DA570; rel32 retargeted (5 bytes, no window)",call 370,3BD40,,2272
48306C,objects,callscale,call 0x1802da570,"Camera state-2 pitch approach: correct the angular cap only, retaining the already corrected mode-table coefficient.",48303D,selected,"call 2DA570; rel32 retargeted (5 bytes, no window)",call 371,3BD60,,2273
4830DF,objects,callscale,call 0x1802da570,"Camera state-5 pitch approach: correct the angular cap only, retaining the already corrected mode-table coefficient.",4830B0,selected,"call 2DA570; rel32 retargeted (5 bytes, no window)",call 372,3BD80,,2274
483137,objects,callscale,call 0x1802da570,"Camera state-7/11 pitch approach: correct the angular cap only, retaining the already corrected 7A82D8 mode-table coefficient.",4830B0,selected,"call 2DA570; rel32 retargeted (5 bytes, no window)",call 373,3BDA0,,2275
483189,objects,callscale,call 0x1802da570,"Camera scripted pitch approach: correct the angular cap only, retaining the already corrected mode-table coefficient.",483153,selected,"call 2DA570; rel32 retargeted (5 bytes, no window)",call 374,3BDC0,,2276
475E60,objects,gatefn,push rbx,"Camera transition program: advance the 32-sample cursor, accumulated weight, seven pose approaches and dependent derived camera pose together at stock cadence.",475E60,selected,"entry; callers 46A064, 46C33C, 46CC1E, 47709C ignore rax",475E60,2B770,,2214
36763A,objects,lin,"movss xmm2, dword ptr [rip + 0x30b2ea]",cKiType fading appearance: scale the shared 0.2 alpha increment used by D20/D24/D28 before the three unit clamps.,367610,selected,K*s = 0.2 at 67292C,slot 8304,,,
566398,objects,lin,"addss xmm0, dword ptr [rip + 0x10ba74]",uta9 moving platform: scale its constant upward Y step before the 65-unit height clamp.,566315,selected,K*s = 2 at 671E14,slot 8398,,,
5663C3,objects,lin,"subss xmm0, dword ptr [rip + 0x10f6ad]",uta9 moving platform: scale its downward Y step before clamping to the saved lower height.,566315,selected,K*s = 5 at 675A78,slot 83C4,,,
566409,objects,lin,"movss xmm3, dword ptr [rip + 0x10b9f7]",uta9 moving platform: scale the shared half-unit X/Z tracking step; retain the 20-unit spatial dead zone and endpoint clamps.,566315,selected,K*s = 0.5 at 671E08,slot 8370,,,
566725,objects,lin,"subss xmm0, dword ptr [rip + 0x10b6e7]",uta9 sinking platform: scale its constant two-unit downward Y step while motion advance remains independently time-correct.,566315,selected,K*s = 2 at 671E14,slot 8398,,,
566801,objects,count,"mov word ptr [rdi + 0xe40], r9w",uta9 platform sound clock: commit E40 only on stock ticks; all subsequent arithmetic uses the previous value saved in R8D.,5667E5,selected,arithmetic flags overwritten before use,566801,31AB0,,2565
566814,objects,notyet,"cmp r8d, eax",uta9 periodic platform sound: force the modulo comparison's not-due branch between stock ticks so a held E40 cannot replay the same sound.,5667E5,selected,"its flags' one branch goes to 56683F with ZF=OF=0, SF=0",566814,31B10,,2566
46CF46,objects,blend,"movss xmm7, dword ptr [rip + 0x2059de]",Camera follower: correct the shared 0.2 easing coefficient for both target XYZ and camera XYZ approaches.,46CEB0,selected,1-(1-K)^s = 0.2 at 67292C,slot 8330,,,
46D174,objects,blend,"movss xmm2, dword ptr [rip + 0x2057b0]","Camera alternate follower: correct the shared 0.2 easing coefficient for target XYZ, keeping derived orientation spatial.",46D110,selected,1-(1-K)^s = 0.2 at 67292C,slot 8330,,,
46D378,objects,blend,"movss xmm6, dword ptr [rip + 0x2055ac]",Camera return follower: correct the shared 0.2 target XYZ and camera XY easing coefficient.,46D34C,selected,1-(1-K)^s = 0.2 at 67292C,slot 8330,,,
46D507,objects,blend,"mulss xmm3, dword ptr [rip + 0x208521]",Camera return follower: correct the separate 0.3 camera-Z easing coefficient.,46D34C,selected,1-(1-K)^s = 0.3 at 675A30,slot 82A4,,,
4A8B50,objects,gatefn,"mov qword ptr [rsp + 8], rbx","Coupled model tether: evaluate spring acceleration, velocity friction, sign-crossing stop, position integration, bounds and settlement together at stock cadence.",4A8B50,selected,entry; callers 4A8B04 ignore rax,4A8B50,2DDA0,,2365
330B90,objects,gatefn,"mov rax, rsp","Custom motion program: advance its independent 1344 clock, sampled root delta, vertical calibration and dependent path interpolation together at stock cadence.",330B90,selected,"entry; callers 32F576, 32FE82, 330409 ignore rax",330B90,1DD80,,1354
5ADF40,objects,gatefn,"sub rsp, 0x38","Paired sliding panels: preserve the complete coupled opening/closing movement, endpoint clamps and saved-flag completion events at stock cadence.",5ADF40,selected,entry; callers 5AE5C8 ignore rax,5ADF40,33C00,,2673
5FD490,objects,gatefn,"sub rsp, 0x38","Paired sliding panels: preserve both panels' opposing motion, endpoint clamps and saved-flag completion events at stock cadence.",5FD490,selected,entry; callers 5FDDFB ignore rax,5FD490,36510,,2862
221190,objects,gatefn,"mov qword ptr [rsp + 8], rbx","Linked sweeping beam: preserve growth, angle sweep, six-tick sound clock, collision segment and fade state together at stock cadence.",221190,selected,"entry; callers 221F21, 221F3F, 2222EB, 222309, 2227A6, 2227C4, 2229C7, 2229E5 ignore rax",221190,12B10,,396
567A83,objects,blend,"mulss xmm1, dword ptr [rip + 0x10a379]",utaa linked alpha: correct the 0.1 appearance easing coefficient after the motion-frame threshold.,5677C0,selected,1-(1-K)^s = 0.1 at 671E04,slot 82B0,,,
567DB0,objects,lin,"subss xmm0, dword ptr [rip + 0x10ab74]",utaa linked alpha: scale the 0.2 fade step before its zero clamp.,5677C0,selected,K*s = 0.2 at 67292C,slot 8304,,,
5682CB,objects,blend,"mulss xmm1, dword ptr [rip + 0x109b31]",utaa alternate linked appearance: correct the 0.1 approach coefficient while preserving motion-frame thresholds.,567ED0,selected,1-(1-K)^s = 0.1 at 671E04,slot 82B0,,,
568EF9,objects,blend,"mulss xmm1, dword ptr [rip + 0x108f03]",utaa alternate linked appearance: correct the 0.1 approach coefficient after frame fifty.,568E4E,selected,1-(1-K)^s = 0.1 at 671E04,slot 82B0,,,
56AFF4,objects,blend,"mulss xmm1, dword ptr [rip + 0x106e08]",utab linked alpha: correct the 0.1 approach coefficient after frame fifty.,56AC20,selected,1-(1-K)^s = 0.1 at 671E04,slot 82B0,,,
56B6A1,objects,blend,"mulss xmm1, dword ptr [rip + 0x10675b]",utab linked alpha: correct the 0.1 approach coefficient after frame fifty in the alternate update.,56B280,selected,1-(1-K)^s = 0.1 at 671E04,slot 82B0,,,
56889C,objects,blend,"mulss xmm1, dword ptr [rip + 0x1113d0]",utaa linked appearance: correct the 0.4 approach coefficient after frame twenty.,56872C,selected,1-(1-K)^s = 0.4 at 679C74,slot 82A8,,,
56A949,objects,blend,"mulss xmm1, dword ptr [rip + 0x10f323]",utab linked appearance: correct the 0.4 approach coefficient after frame twenty.,56A7D9,selected,1-(1-K)^s = 0.4 at 679C74,slot 82A8,,,
57BE5E,objects,pre,"addss xmm0, dword ptr [rax]",ut2c tracking: scale the complete normalized X motion step before position accumulation and local-space clamping.,57BD79,selected,addss is commutative: the step in xmm0 is scaled first,57BE5E,329D0,,2611
57BE7B,objects,pre,"addss xmm0, dword ptr [rax + 8]",ut2c tracking: scale the complete normalized Z motion step before position accumulation.,57BD79,selected,addss is commutative: the step in xmm0 is scaled first,57BE7B,329F0,,2612
57C045,objects,pre,"addss xmm0, dword ptr [rax]","ut2c alternate tracking: scale the complete normalized X step, retaining speed magnitude and the spatial stop threshold.",57BD79,selected,addss is commutative: the step in xmm0 is scaled first,57C045,32A10,,2613
57C05E,objects,pre,"addss xmm0, dword ptr [rax + 8]",ut2c alternate tracking: scale the complete normalized Z step before local-space bounds.,57BD79,selected,addss is commutative: the step in xmm0 is scaled first,57C05E,32A30,,2614
57C664,objects,pre,"addss xmm0, dword ptr [rax]",ut2c tracking: scale the normalized X movement step in the third branch.,57C184,selected,addss is commutative: the step in xmm0 is scaled first,57C664,32A50,,2615
57C67D,objects,pre,"addss xmm0, dword ptr [rax + 8]",ut2c tracking: scale the normalized Z movement step in the third branch.,57C184,selected,addss is commutative: the step in xmm0 is scaled first,57C67D,32A70,,2616
572255,actor,srcblend,"mulss xmm1, xmm7",Scripted cutscene alignment loop: correct its variable X approach coefficient on each actual wait(1) pass; the initial single alignment update stays in stock units.,5720C0,selected,xmm5 dead after the site on every path; flags dead after,572255,327E0,xmm5,2603
572275,actor,srcblend,"mulss xmm0, xmm7",Scripted cutscene alignment loop: correct its variable Z approach coefficient; the loop turn already uses the globally corrected 2DA510 helper.,5720C0,selected,xmm5 dead after the site on every path; flags dead after,572275,32870,xmm5,2604
4B320B,actor,count,"add word ptr [rax + 0x1c], cx",Area-gated event delay: count the positive +1C duration down only on stock ticks; a held tick must retain the not-complete JNE branch.,4B31D1,selected,countdown not finished: 4B320F jne,4B320B,2E090,,2373
4B323E,actor,count,"mov byte ptr [rax + 0x111], cl",Event cooldown +111: commit the decremented byte only on stock ticks; the function returns immediately after the store.,4B31D1,selected,arithmetic flags overwritten before use,4B323E,2E100,,2374
4B33C0,actor,count,"mov byte ptr [rbx + 0xf1], al",Periodic positional sound: commit its thirty-tick cooldown only on stock ticks; the zero test before it schedules the next sound.,4B3300,selected,arithmetic flags overwritten before use,4B33C0,2E160,,2375
4C1194,actor,count,inc dword ptr [rcx + 8],"Script prompt timeout: advance its +8 frame clock only on stock ticks, retaining the 300-frame timeout.",4C1152,selected,arithmetic flags overwritten before use,4C1192,2E540,,2382
4C15AE,actor,count,inc dword ptr [rax + 8],Script prompt timeout: advance the first branch's +8 duration clock only on stock ticks before the 240/600-frame limits.,4C14BE,selected,arithmetic flags overwritten before use,4C15AE,2E5A0,,2383
4C1695,actor,count,inc dword ptr [rax + 8],Script prompt timeout: advance the alternate branch's +8 duration clock only on stock ticks.,4C14BE,selected,arithmetic flags overwritten before use,4C1695,2E600,,2384
4C1A58,actor,count,"sub eax, 1","Script prompt countdown: gate the register decrement, store back to the same +8 field, and preserve the not-complete JNE outcome on a held tick.",4C1900,selected,countdown not finished: 4C1A5E jne; load 4C1A51 and store 4C1A5B one field,4C1A56,2E660,,2385
229F07,objects,count,"mov word ptr [rsi + 0xe3c], di",ut9a: pace the E3C sine-wave sample clock; its temporary DI is discarded immediately and the later branch uses the preserved 1090 comparison.,229E01,selected,arithmetic flags overwritten before use,229F07,13170,,414
22A05D,objects,lin,"addss xmm0, dword ptr [rip + 0x44b9df]",ut9a: scale the 1.5 growth of the bounded player-relative radial offset; the resulting X/Z positions are rebuilt from the player's position each update.,22A055,selected,K*s = 1.5 at 675A44,slot 8394,,,
22A289,objects,count,"mov word ptr [rsi + 0xe3c], di",ut9a alternate: pace its E3C sine-wave sample clock.,22A195,selected,arithmetic flags overwritten before use,22A289,131D0,,415
22A2C0,objects,lin,"addss xmm0, dword ptr [rip + 0x44f938]",ut9a alternate: scale the continuous two-degree yaw step before wrapping.,22A195,selected,K*s = 0.0349066 at 679C00,slot 840C,,,
21D835,objects,lin,"addss xmm0, dword ptr [rip + 0x4543cb]",ut52: scale the one-unit upward movement before its ceiling clamp.,21D750,selected,K*s = 1 at 671C08,slot 8308,,,
21D9E7,objects,count,"sub dword ptr [rbx + 0x1098], 1",ut52: pace the recurring sound delay and preserve the JNS continuation on held ticks.,21D750,selected,countdown not finished: 21D9EE jns,21D9E7,12250,,373
21DA75,objects,count,"sub dword ptr [rbx + 0x1094], 1","ut52: pace the post-impact wait, preserving JNS on held ticks.",21D750,selected,countdown not finished: 21DA7C jns,21DA75,122C0,,374
21DC02,objects,count,"sub dword ptr [rbx + 0x1094], 1",ut52: pace the descending-phase timeout and retain its JNS continuation.,21D750,selected,countdown not finished: 21DC09 jns,21DC02,12330,,375
21DCC8,objects,count,"sub dword ptr [rbx + 0x1098], 1",ut52: pace the alternate recurring sound delay with JNS continuation.,21D750,selected,countdown not finished: 21DCCF jns,21DCC8,123A0,,376
56E68A,objects,lin,"addss xmm0, dword ptr [rip + 0x103776]",utb5: scale the half-unit rise while every linked input state is complete.,56E47B,selected,K*s = 0.5 at 671E08,slot 8370,,,
56E72F,objects,count,"mov word ptr [rbx + 0xe3c], ax",utb5: hold the 300-tick delay store; the pre-decrement zero test drives the phase change.,56E47B,selected,arithmetic flags overwritten before use,56E72F,31EE0,,2577
56E74C,objects,lin,"addss xmm0, dword ptr [rip + 0x1036b4]",utb5: scale the half-unit reset rise before the saved-height clamp; motion advancement stays time corrected.,56E47B,selected,K*s = 0.5 at 671E08,slot 8370,,,
4FFBEA,objects,count,"sub al, bpl",cBamboo: BPL is the callee-saved positive unit set in the prologue; pace the five-tick register decrement and synthesize not-complete JNE flags on held ticks.,4FFB22,selected,countdown not finished: 4FFBF3 jne; load 4FFBDF and store 4FFBED one field,4FFBE8,2ED20,,2415
56C05A,objects,count,"mov word ptr [rdi + 0xe3c], dx",utaf: pace the E3C fifteenth-tick sound clock.,56BED0,selected,arithmetic flags overwritten before use,56C05A,31CA0,,2571
56C067,objects,notyet,"cmp dx, 0xf",utaf: suppress the fifteenth-tick sound equality on held clock ticks.,56BED0,selected,"its flags' one branch goes to 56C08A with ZF=OF=0, SF=0",56C067,31D00,,2572
57DC05,objects,count,"mov word ptr [rbx + 0xe3e], ax",ut32: hold the forty-tick fast-motion duration store; the old-zero test selects the normal speed.,57D950,selected,arithmetic flags overwritten before use,57DC05,32A90,,2617
583C38,objects,count,"mov byte ptr [rbx + 0x1078], r8b",utcc: pace the seven-tick effect interval's byte clock.,583BA0,selected,arithmetic flags overwritten before use,583C38,32B40,,2619
583C45,objects,notyet,"cmp ecx, eax",utcc: suppress the modulo-seven event on held clock ticks.,583BA0,selected,"its flags' one branch goes to 583C83 with ZF=OF=0, SF=0",583C42,32BA0,,2620
62FB76,objects,count,"mov byte ptr [rcx + 0x1103], al",et30: pace the one-to-eight-tick randomized effect cooldown; AL is then overwritten with the false return.,62FB60,selected,arithmetic flags overwritten before use,62FB76,37110,,2894
4980BE,objects,count,inc byte ptr [rdi + 0x11b4],cItemObj: pace the byte UV phase; material UV is freshly calculated from view direction plus this clock.,498019,selected,arithmetic flags overwritten before use,4980BE,2D280,,2330
497F29,objects,count,"movss dword ptr [rbx + 0x11d8], xmm2","cItemObj: commit the countdown-coupled alpha decrement only at stock cadence, using the original remaining-duration formula.",497E30,selected,arithmetic flags overwritten before use,497F29,2D1C0,,2328
497F4E,objects,count,"mov dword ptr [rbx + 0x11c0], eax",cItemObj: hold the remaining alpha duration store to match its dependent alpha decrement.,497E30,selected,arithmetic flags overwritten before use,497F4E,2D220,,2329
56598A,objects,blend,"mulss xmm1, dword ptr [rip + 0x10c472]",uta8: correct the 0.1 X-position approach coefficient.,5658C0,selected,1-(1-K)^s = 0.1 at 671E04,slot 82B0,,,
5659AE,objects,blend,"mulss xmm1, dword ptr [rip + 0x10c44e]",uta8: correct the 0.1 Z-position approach coefficient.,5658C0,selected,1-(1-K)^s = 0.1 at 671E04,slot 82B0,,,
56D377,objects,count,"movss dword ptr [rbx + 0x1070], xmm1",utb2: commit the selected downward force only on stock ticks as part of its coupled spring update.,56D250,selected,arithmetic flags overwritten before use,56D377,31DC0,,2574
56D3A4,objects,count,"movss dword ptr [rbx + 0x1070], xmm2",utb2: commit the spring force and 0.96 damping together at stock cadence.,56D250,selected,arithmetic flags overwritten before use,56D3A4,31E20,,2575
56D3B1,objects,count,"movss dword ptr [rax + 4], xmm2",utb2: commit the dependent Y integration at the same stock cadence as its velocity.,56D250,selected,arithmetic flags overwritten before use,56D3B1,31E80,,2576
22EC9B,objects,zfirst,"movss xmm0, dword ptr [rbx + 0x10e8]",utbe: zero the acceleration step between stock ticks before velocity accumulation and its terminal-speed clamp.,22EBF0,selected,the step's next reader is its accumulation,22EC9B,13780,,436
22ECD7,objects,srcx,"addss xmm0, dword ptr [rbx + 0x10e4]",utbe: integrate the resulting velocity as a per-frame Y movement step.,22EBF0,selected,"xmmD / s, op, * s: exact for s = 1/N a power of two; no flags touched, no register borrowed",22ECD7,137B0,,437
2E38E4,objects,dst,"movss xmm0, dword ptr [rcx + rsi + 0x7a0078]",et08: scale the selected table acceleration after loading it and before adding to the 1144 rise rate.,2E389C,selected,the step's next reader is its accumulation,2E38E4,1B380,,1223
2E3934,objects,pre,"addss xmm0, dword ptr [rcx + 4]",et08: scale the complete rise-rate movement step before accumulating the submodel height.,2E389C,selected,addss is commutative: the step in xmm0 is scaled first,2E3934,1B3A0,,1224
2EC719,objects,count,"movss dword ptr [rbx + 0xe54], xmm0",et41: commit the selected 0.2/0.8 vertical acceleration only at stock cadence; the motion consumer already scales velocity integration.,2EC59E,selected,arithmetic flags overwritten before use,2EC719,1B870,,1240
2ECCC9,objects,count,"movss dword ptr [rbx + 0xe54], xmm0",et42: commit the corresponding selected vertical acceleration only at stock cadence.,2ECB4E,selected,arithmetic flags overwritten before use,2ECCC9,1B8D0,,1241
49FDCA,objects,src,"addss xmm0, xmm6",cKakejiku: scale the animation-switch elapsed frame clock's unit increment; XMM6 remains the stock constant used elsewhere.,49FCFE,selected,xmm5 dead after the site on every path,49FDC5,2D840,xmm5,2343
4E4106,objects,count,dec dword ptr [rbx],ut0a: pace each of the four ninety-tick linked interaction delays while retaining the per-update target census.,4E402A,selected,arithmetic flags overwritten before use,4E4101,2E7C0,,2389
4F08A0,objects,zfirst,"movss xmm0, dword ptr [rbx + 0x10e0]",ut21: zero the angular acceleration between stock ticks before the speed cap.,4F0884,selected,the step's next reader is its accumulation,4F08A0,2E820,,2390
4F08D5,objects,src,"addss xmm0, dword ptr [rbx + 0x10e4]",ut21: integrate the resulting angular velocity as a time-scaled yaw step.,4F0884,selected,xmm5 dead after the site on every path,4F08D5,2E850,xmm5,2391
4F08F4,objects,count,"mov word ptr [rbx + 0xe3c], cx",ut21: pace the E3C forty-five-tick positional sound clock.,4F0884,selected,arithmetic flags overwritten before use,4F08F4,2E880,,2392
4F0928,objects,notyet,"cmp ecx, eax",ut21: suppress the periodic sound equality between stock clock ticks.,4F0884,selected,"its flags' one branch goes to 4F0879 with ZF=OF=0, SF=0",4F0925,2E8E0,,2393
2360B2,objects,src,"subss xmm0, xmm1",utf6: scale the complete turn step of one revolution per E3E stock duration before wrapping.,235A90,selected,xmm5 dead after the site on every path,2360AA,13FC0,xmm5,466
236121,objects,count,"sub ax, r14w",utf6: R14W is the positive unit initialized in the prologue; pace the E3C register countdown and preserve its JNE continuation.,235A90,selected,countdown not finished: 23612C jne; load 236115 and store 236125 one field,23611F,13FF0,,467
236193,objects,notyet,"cmp ecx, eax",utf6: prevent the thirty-tick sound equality from recurring while the already gated E40 clock is held.,235A90,selected,"its flags' one branch goes to 2361C0 with ZF=OF=0, SF=0",236190,14060,,468
23623C,objects,notyet,"cmp word ptr [rbx + 0xe3c], 0x5a",utf6: emit the ninety-tick sound only on a stock timer tick.,235A90,selected,"its flags' one branch goes to 23627B with ZF=OF=0, SF=0",23623C,140C0,,469
23627B,objects,notyet,"cmp word ptr [rbx + 0xe3c], 0x3c",utf6: emit the sixty-tick sound only on a stock timer tick.,235A90,selected,"its flags' one branch goes to 2362BC with ZF=OF=0, SF=0",23627B,14130,,470
2362BC,objects,notyet,"cmp word ptr [rbx + 0xe3c], 0x1e",utf6: emit the thirty-tick sound only on a stock timer tick.,235A90,selected,"its flags' one branch goes to 236814 with ZF=OF=0, SF=0",2362BC,141A0,,471
4BDA0A,flag,count,"add dword ptr [rbp + 8], esi","Movie continuous rumble PWM: pace the phase increment in the port's 60-Hz context. Its initial phase is zero, intensity is a byte or its interpolation, and every crossing subtracts 255, so a held phase remains below 255 and cannot repeat a pulse. Discrete movie keyframe events remain driven by the external playhead.",4BD92D,selected,arithmetic flags overwritten before use,4BDA0A,2E4E0,,2381
238BDC,actor,count,"sub eax, 1",Shared actor death delay: gate the register decrement and preserve JNE on held ticks before its completion callback.,238BC0,selected,countdown not finished: 238BE5 jne; load 238BD2 and store 238BDF one field,238BDA,14440,,478
23AED5,actor,count,dec word ptr [rbp + 0x232],Battle manager: pace the +232 wait; completion clears both the wait and its +234 active state before calling the next stage.,23AE82,selected,arithmetic flags overwritten before use,23AED5,145D0,,482
23D789,actor,count,inc dword ptr [rbx + 0x40],Battle manager: pace the active battle elapsed-time counter while retaining its pause and inactive guards.,23D700,selected,arithmetic flags overwritten before use,23D787,14630,,483
303B7C,actor,count,"mov byte ptr [rbx + 0x1276], al",Shared actor fade: pace the byte duration from which D20 XYZ alpha is freshly calculated each update.,303AF0,selected,arithmetic flags overwritten before use,303B7C,1C8E0,,1290
30417B,actor,count,"mov byte ptr [rdi + 0x1191], al",Shared actor visibility fade: commit the clamped two-unit alpha step at stock cadence before byte quantization can lose a fractional step.,304010,selected,arithmetic flags overwritten before use,30417B,1C990,,1292
304181,actor,count,"mov byte ptr [rdi + 0x1190], al",Shared actor visibility fade: commit the duplicate material alpha byte at the same cadence as its +1191 source.,304010,selected,arithmetic flags overwritten before use,304181,1C9F0,,1293
305ABA,actor,count,"mov byte ptr [rbx + 0x1222], cl",Shared actor child fade: commit the clamped eight-unit alpha step at stock cadence; later visibility checks reload the stored byte.,305840,selected,arithmetic flags overwritten before use,305ABA,1CB40,,1298
309104,actor,count,"mov word ptr [rdi + 0xe3e], r8w",Shared actor positional sound: pace the three-tick E3E interval clock.,308FB0,selected,arithmetic flags overwritten before use,309104,1CD00,,1306
30910C,actor,notyet,"cmp ecx, eax",Suppress the corresponding modulo-three sound equality while the E3E clock is held.,308FB0,selected,"its flags' one branch goes to 309147 with ZF=OF=0, SF=0",30910C,1CD60,,1307
309257,actor,count,"mov word ptr [rdi + 0xe3e], r8w",Alternate positional sound: pace its three-tick E3E interval clock.,309160,selected,arithmetic flags overwritten before use,309257,1CDD0,,1308
30925F,actor,notyet,"cmp ecx, eax",Suppress the alternate modulo-three sound equality while the E3E clock is held.,309160,selected,"its flags' one branch goes to 30929A with ZF=OF=0, SF=0",30925F,1CE30,,1309
3112CB,actor,count,inc byte ptr [rbx + 0x131e],Linked-motion actor: pace the sixteen-update launch delay; motion advancement remains independently time corrected.,311280,selected,arithmetic flags overwritten before use,3112CB,1CEF0,,1311
311A67,actor,count,"mov byte ptr [rbx + 0xe37], cl","Linked-motion actor: E37 values two through forty-two are a forty-update wait, so hold this state-counter store between stock ticks.",311A20,selected,arithmetic flags overwritten before use,311A67,1CF50,,1312
311C01,actor,count,inc byte ptr [rbx + 0x131e],Linked-motion actor: pace the forty-five-tick recurring sound interval; firing resets the clock to zero immediately.,311BE0,selected,arithmetic flags overwritten before use,311C01,1CFB0,,1313
3121C1,actor,count,inc byte ptr [rbx + 0x131e],Alternate linked-motion actor: pace its forty-five-tick recurring sound interval with the same immediate clock reset.,3121A0,selected,arithmetic flags overwritten before use,3121C1,1D060,,1315
311FA0,actor,gatefn,push rbx,"Linked-motion actor: the closed view-distance-gated periodic-effect sampler has one direct caller, 311EC3, which discards its result. Run its counter, old-counter threshold and reset together at stock cadence.",311FA0,selected,entry; callers 311EC3 ignore rax,311FA0,1D010,,1314
316ACB,actor,lin,"subss xmm0, dword ptr [rip + 0x35b135]",Shared actor: scale the continuous one-unit sinking movement under its active flags.,316AA0,selected,K*s = 1 at 671C08,slot 81F4,,,
316FEF,actor,count,"mov byte ptr [rbx + 0xa], al",Appearance effect record: pace the selected byte hold delay; the old-zero branch resets its state and computed AL is discarded.,316FB0,selected,arithmetic flags overwritten before use,316FEF,1D480,,1324
3048F3,actor,blend,"mulss xmm1, dword ptr [rip + 0x372cf5]",Shared actor tracking: correct the 0.05 X approach toward the fresh linked-model target.,3048B0,selected,1-(1-K)^s = 0.05 at 6775F0,slot 81FC,,,
304915,actor,blend,"mulss xmm1, dword ptr [rip + 0x372cd3]",Shared actor tracking: correct the corresponding 0.05 Z approach.,3048B0,selected,1-(1-K)^s = 0.05 at 6775F0,slot 81FC,,,
30D468,actor,blend,"mulss xmm1, dword ptr [rip + 0x36a180]",Shared actor return state: correct its repeated 0.05 X-position approach toward the stored target.,30D38B,selected,1-(1-K)^s = 0.05 at 6775F0,slot 81FC,,,
30D48C,actor,blend,"mulss xmm1, dword ptr [rip + 0x36a15c]",Shared actor return state: correct its repeated 0.05 Z-position approach.,30D38B,selected,1-(1-K)^s = 0.05 at 6775F0,slot 81FC,,,
3D3400,actor,gatefn,"mov qword ptr [rsp + 8], rbx","Eight-slot ballistic effect controller: advance each slot's position, acceleration, completion test and age together at stock cadence. Its sole direct caller is the frame dispatcher and uses only state mutations.",3D3400,selected,entry; callers 4BA756 ignore rax,3D3400,26F40,,1973
40CEAC,menu,pre,"addss xmm1, dword ptr [rax + 0x20]",UI page transition: scale the completed spacing-over-duration step before adding it to the first row's X position.,40CE83,selected,addss is commutative: the step in xmm1 is scaled first,40CEAC,28B80,,2054
40CED3,menu,pre,"addss xmm7, dword ptr [rax + 0x20]",UI page transition: scale the corresponding second-row X step after division; the shared spacing constant keeps its original value.,40CE83,selected,addss is commutative: the step in xmm7 is scaled first,40CED3,28BA0,,2055
4385A2,menu,count,"mov word ptr [rbx + 4], ax",Confirmation menu: pace the fifteen-tick exit delay; selection commands remain on their input-event paths.,438245,selected,arithmetic flags overwritten before use,4385A2,29920,,2096
2E4171,objects,srcroot,"mulss xmm1, dword ptr [rip + 0x38dc8b]",et0d dismissal: compose the 0.1 alpha decay across fractional stock ticks before its 0.2 terminal clamp.,2E4130,selected,xmm5 dead after the site on every path; flags dead after,2E4171,1B3F0,xmm5,1226
23705C,objects,src,"subss xmm0, xmm1","utf6 alternate attempt: scale the complete submodel turn step before wrapping, preserving its duration denominator.",236EBC,selected,xmm5 dead after the site on every path,237054,14210,xmm5,472
237087,objects,count,"sub ax, r14w",utf6 alternate attempt: R14W is the positive unit; pace the E3C register countdown and preserve the not-complete JNE outcome.,236EBC,selected,countdown not finished: 237092 jne; load 23707B and store 23708B one field,237085,14240,,473
33E1CF,objects,srcroot,"mulss xmm6, dword ptr [rip + 0x33475d]",Carry object floor approach: compose the old-Y weight 0.92 while the fresh floor query continues each update.,33E190,selected,xmm5 dead after the site on every path; flags dead after,33E1CF,1E9B0,xmm5,1405
33E1DC,objects,blend,"mulss xmm0, dword ptr [rip + 0x33ba8c]",Carry object floor approach: use the complementary compounded 0.08 weight on the fresh floor-clamped Y target.,33E190,selected,1-(1-K)^s = 0.08 at 679C70,slot 8354,,,
49970F,objects,srcroot,"mulss xmm6, dword ptr [rip + 0x1d921d]",Item object floor approach: compose the old-Y weight 0.92 while retaining its fresh collision and floor query.,4996D0,selected,xmm5 dead after the site on every path; flags dead after,49970F,2D7D0,xmm5,2341
49971C,objects,blend,"mulss xmm0, dword ptr [rip + 0x1e054c]",Item object floor approach: use the complementary compounded 0.08 weight on the fresh floor-clamped Y target.,4996D0,selected,1-(1-K)^s = 0.08 at 679C70,slot 8354,,,
365985,objects,srcroot,"mulss xmm0, dword ptr [rip + 0x30c483]",vte2 deformation: compose the 0.7 release-amplitude decay; every matrix is rebuilt from the object's base orientation before applying that amplitude.,36583D,selected,xmm5 dead after the site on every path; flags dead after,365985,1F4F0,xmm5,1449
368B83,objects,count,"mulss xmm0, dword ptr [rip + 0x30cf9d]",cKiType014: alternate the collision-driven tilt target's sign once per stock period before the already corrected turn approach.,368AC8,selected,a pre-move factor: kept on the first stock-period tick; arithmetic flags overwritten before use,368B83,1F630,,1453
369454,objects,count,"mulss xmm0, dword ptr [rip + 0x30c6cc]",Alternate scenery collision response: alternate the tilt target's sign once per stock period before the corrected turn approach.,369393,selected,a pre-move factor: kept on the first stock-period tick; arithmetic flags overwritten before use,369454,1F6B0,,1455
369E40,objects,count,"mulss xmm0, dword ptr [rip + 0x30bce0]",Third scenery collision response: alternate the tilt target's sign once per stock period before the corrected turn approach.,369D7F,selected,a pre-move factor: kept on the first stock-period tick; arithmetic flags overwritten before use,369E40,1F730,,1457
4A745B,objects,src,"subss xmm0, xmm1",cScrGear: scale the complete angular-velocity product before subtracting it from roll and wrapping.,4A73F0,selected,xmm5 dead after the site on every path,4A7453,2DD20,xmm5,2363
517102,objects,count,"mov byte ptr [rbx + 0xd78], al","cObjPillar: commit the clamped integer alpha approach at stock cadence, preserving its original quantized 0.2 step and later stored-byte tests.",517070,selected,arithmetic flags overwritten before use,517102,2F4B0,,2437
22FF88,objects,count,"mov byte ptr [rbx + 0x1208], al",utd1: pace the recurring three-tick effect counter.,22FE00,selected,arithmetic flags overwritten before use,22FF88,13910,,443
22FF8E,objects,notyetneg,"cmp cl, 1",utd1: the effect compares old CL with one; take its JLE hold path between stock ticks to prevent repeated spawns.,22FE00,selected,"its flags' one branch goes to 22FFBF with ZF=OF=0, SF=1",22FF8E,13970,,444
509D64,objects,count,"movss dword ptr [rax], xmm0",ut1b shake: hold the sampled X position between stock ticks.,509D10,selected,arithmetic flags overwritten before use,509D5D,2EDF0,,2417
509D84,objects,count,"movss dword ptr [rax + 4], xmm0",ut1b shake: hold the sampled Y position between stock ticks.,509D10,selected,arithmetic flags overwritten before use,509D84,2EE50,,2418
509DA5,objects,count,"movss dword ptr [rax + 8], xmm0",ut1b shake: hold the sampled Z position between stock ticks.,509D10,selected,arithmetic flags overwritten before use,509DA5,2EEB0,,2419
509DAA,objects,count,"sub dword ptr [rbx + 0x109c], 1",ut1b shake: pace its ten-tick duration together with the three position commits and preserve the unfinished JNE branch.,509D10,selected,countdown not finished: 509DB1 jne,509DAA,2EF10,,2420
15F000,menu,gatefn,"mov qword ptr [rsp + 8], rbx","Held-input slider: run acceleration counters, quantized volume increments, clamp resets and repeat sound together at stock cadence; all three callers discard the result.",15F000,selected,"entry; callers 15D553, 15D9A3, 15DA73 ignore rax",15F000,CFC0,,25
40CC05,menu,src,"subss xmm1, xmm2",Page transition: scale the complete spacing/duration X step on the first page.,40CBD7,selected,xmm5 dead after the site on every path,40CC01,28B40,xmm5,2052
40CC30,menu,src,"subss xmm1, xmm7",Page transition: scale the complete spacing/duration X step on the second page.,40CBD7,selected,xmm5 dead after the site on every path,40CC2C,28B60,xmm5,2053
455AB6,actor,count,inc dword ptr [rbx - 0x10],Sound mixer: pace each active slot's age while middleware status and maintenance continue each update.,455A60,selected,arithmetic flags overwritten before use,455AB2,2A220,,2130
455B13,actor,count,"mov word ptr [rbx - 2], dx",Sound mixer: commit the clamped integer fade at stock cadence while the middleware volume application remains live.,455A60,selected,arithmetic flags overwritten before use,455B0E,2A280,,2131
444DE0,actor,gatefn,push rbx,"Sound instance controller: run the pre-start delay, play age and state transitions together at stock cadence; callers discard the result and mixer maintenance stays in 455A60.",444DE0,selected,"entry; callers 447C73, 448743 ignore rax",444DE0,29E20,,2110
22DAD0,objects,gatefn,"mov qword ptr [rsp + 8], rbx","utbc airborne physics: run forces, contact correction, gravity, original 0.99 drag and position integration together at stock cadence; its caller discards the result.",22DAD0,selected,entry; callers 22C8F0 ignore rax,22DAD0,13530,,426
33BD04,objects,pre,"addss xmm0, dword ptr [rdi + 0xe20]",Ball object: scale the completed wind X impulse before accumulating persistent E20 velocity.,33BB7D,selected,addss is commutative: the step in xmm0 is scaled first,33BD04,1E1E0,,1370
33BD0C,objects,pre,"addss xmm1, dword ptr [rdi + 0xe28]",Ball object: scale the completed wind Z impulse before accumulating persistent E28 velocity.,33BB7D,selected,addss is commutative: the step in xmm1 is scaled first,33BD0C,1E200,,1371
33BF86,objects,src,"subss xmm2, xmm0",Ball object airborne physics: scale the complete random acceleration plus 0.2 gravity before subtracting it from vertical velocity.,33BF0C,selected,xmm5 dead after the site on every path,33BF86,1E330,xmm5,1380
33BFA7,objects,pre,"addss xmm1, xmm2",Ball object airborne physics: scale the floor spring acceleration before adding it to vertical velocity.,33BF0C,selected,addss is commutative: the step in xmm1 is scaled first,33BFA7,1E360,,1381
33BFC7,objects,src,"addss xmm0, dword ptr [rdi + 0x1174]",Ball object airborne physics: integrate vertical velocity by the elapsed share of a stock tick; its 0.98 drag is already compounded by decay_factors.,33BF0C,selected,xmm5 dead after the site on every path,33BFC7,1E380,xmm5,1382
468224,objects,src,"addss xmm0, xmm1",Camera zoom: integrate the retained zoom velocity by the elapsed share of a stock tick.,468070,selected,xmm5 dead after the site on every path,468224,2A6D0,xmm5,2143
468230,objects,srcroot,"mulss xmm1, xmm6",Camera zoom: compound its persistent velocity's 0.9 decay.,468070,selected,xmm5 dead after the site on every path; flags dead after,468230,2A700,xmm5,2144
468259,objects,srcroot,"mulss xmm1, dword ptr [rip + 0x209bab]",Camera distance: compound the repeated 0.6 damping below the lower range.,468070,selected,xmm5 dead after the site on every path; flags dead after,468259,2A740,xmm5,2145
468269,objects,src,"addss xmm2, xmm1",Camera distance: integrate retained distance velocity without changing that velocity's later damping input.,468070,selected,xmm5 dead after the site on every path,468269,2A780,xmm5,2146
468284,objects,srcroot,"mulss xmm1, xmm6",Camera distance: compound its persistent velocity's 0.9 decay.,468070,selected,xmm5 dead after the site on every path; flags dead after,468284,2A7A0,xmm5,2147
4682F3,objects,srcroot,"mulss xmm0, dword ptr [rip + 0x217de1]",Camera distance: compound the 0.94 release damping while neither held zoom command is active.,468070,selected,xmm5 dead after the site on every path; flags dead after,4682F3,2A7E0,xmm5,2148
46832D,objects,pre,"addss xmm0, dword ptr [rbx + 0x1b0]",Camera pitch: scale the fresh velocity step before adding persistent pitch; input acceleration already consumes B6AC38.,468070,selected,addss is commutative: the step in xmm0 is scaled first,46832D,2A820,,2149
468345,objects,pre,"addss xmm0, dword ptr [rbx + 0x1b4]",Camera yaw: scale the fresh velocity step before adding persistent yaw; input acceleration already consumes B6AC38.,468070,selected,addss is commutative: the step in xmm0 is scaled first,468345,2A840,,2150
468365,objects,srcroot,"mulss xmm2, dword ptr [rip + 0x20fcb3]",Camera pitch: compound 0.85 velocity damping.,468070,selected,xmm5 dead after the site on every path; flags dead after,468365,2A860,xmm5,2151
46836D,objects,srcroot,"mulss xmm0, dword ptr [rip + 0x20fcab]",Camera yaw: compound 0.85 velocity damping.,468070,selected,xmm5 dead after the site on every path; flags dead after,46836D,2A8A0,xmm5,2152
46838E,objects,srcroot,"mulss xmm2, xmm6",Camera pitch: compound the extra 0.9 damping in the negative-state branch.,468070,selected,xmm5 dead after the site on every path; flags dead after,46838C,2A8E0,xmm5,2153
468392,objects,srcroot,"mulss xmm0, xmm6",Camera yaw: compound the extra 0.9 damping in the negative-state branch.,468070,selected,xmm5 dead after the site on every path; flags dead after,46838C,2A8E0,xmm5,2154
4683B7,objects,srcroot,"mulss xmm2, xmm1",Camera pitch lower clamp: compound 0.4 attenuation while velocity keeps pushing against the bound.,468070,selected,xmm5 dead after the site on every path; flags dead after,4683B5,2A950,xmm5,2155
4683E9,objects,srcroot,"mulss xmm2, xmm1",Camera pitch upper clamp: compound the same repeated 0.4 attenuation.,468070,selected,xmm5 dead after the site on every path; flags dead after,4683E7,2A990,xmm5,2156
4684E9,objects,srcroot,"mulss xmm0, xmm1",Alternate camera pitch lower clamp: compound its repeated 0.4 velocity attenuation.,468070,selected,xmm5 dead after the site on every path; flags dead after,4684E1,2A9D0,xmm5,2157
468518,objects,srcroot,"mulss xmm0, xmm1",Alternate camera pitch upper clamp: compound its repeated 0.4 velocity attenuation.,468070,selected,xmm5 dead after the site on every path; flags dead after,468510,2AA10,xmm5,2158
468698,objects,pre,"addss xmm0, dword ptr [rbx + 0x1c0]",Alternate camera pitch: scale the completed input velocity before accumulating pitch.,468530,selected,addss is commutative: the step in xmm0 is scaled first,468698,2AA90,,2160
4686B0,objects,pre,"addss xmm1, dword ptr [rbx + 0x1c4]",Alternate camera yaw: scale the completed input velocity before accumulating yaw.,468530,selected,addss is commutative: the step in xmm1 is scaled first,4686B0,2AAB0,,2161
4686C8,objects,srcroot,"mulss xmm1, dword ptr [rip + 0x20a260]",Alternate camera yaw: compound persistent velocity's 0.9 decay.,468530,selected,xmm5 dead after the site on every path; flags dead after,4686C8,2AAD0,xmm5,2162
4686D8,objects,srcroot,"mulss xmm0, dword ptr [rip + 0x20a250]",Alternate camera pitch: compound persistent velocity's 0.9 decay.,468530,selected,xmm5 dead after the site on every path; flags dead after,4686D8,2AB10,xmm5,2163
468E40,objects,src,"addss xmm0, xmm1",Close camera zoom: integrate retained zoom velocity by elapsed time.,468D10,selected,xmm5 dead after the site on every path,468E40,2AB50,xmm5,2164
468E4C,objects,srcroot,"mulss xmm1, xmm3",Close camera zoom: compound persistent velocity's 0.9 decay.,468D10,selected,xmm5 dead after the site on every path; flags dead after,468E4C,2AB80,xmm5,2165
468E75,objects,srcroot,"mulss xmm1, dword ptr [rip + 0x208f8f]",Close camera distance: compound its repeated 0.6 lower-range damping.,468D10,selected,xmm5 dead after the site on every path; flags dead after,468E75,2ABC0,xmm5,2166
468E85,objects,src,"addss xmm2, xmm1",Close camera distance: integrate velocity without changing its later damping input.,468D10,selected,xmm5 dead after the site on every path,468E85,2AC00,xmm5,2167
468EA0,objects,srcroot,"mulss xmm1, xmm3",Close camera distance: compound persistent velocity's 0.9 decay.,468D10,selected,xmm5 dead after the site on every path; flags dead after,468EA0,2AC20,xmm5,2168
468F0F,objects,srcroot,"mulss xmm0, dword ptr [rip + 0x2171c5]",Close camera distance: compound 0.94 release damping.,468D10,selected,xmm5 dead after the site on every path; flags dead after,468F0F,2AC60,xmm5,2169
468F27,objects,pre,"addss xmm0, dword ptr [rbx + 0x1b0]",Close camera pitch: scale the completed input velocity before accumulating pitch.,468D10,selected,addss is commutative: the step in xmm0 is scaled first,468F27,2ACA0,,2170
468F3F,objects,pre,"addss xmm1, dword ptr [rbx + 0x1b4]",Close camera yaw: scale the completed input velocity before accumulating yaw.,468D10,selected,addss is commutative: the step in xmm1 is scaled first,468F3F,2ACC0,,2171
468F57,objects,srcroot,"mulss xmm0, dword ptr [rip + 0x20f0c1]",Close camera yaw: compound its 0.85 velocity decay.,468D10,selected,xmm5 dead after the site on every path; flags dead after,468F57,2ACE0,xmm5,2172
468F67,objects,srcroot,"mulss xmm3, dword ptr [rip + 0x20f0b1]",Close camera pitch: compound its 0.85 velocity decay.,468D10,selected,xmm5 dead after the site on every path; flags dead after,468F67,2AD20,xmm5,2173
468F98,objects,srcroot,"mulss xmm3, xmm1",Close camera lower clamp: compound repeated 0.4 velocity attenuation.,468D10,selected,xmm5 dead after the site on every path; flags dead after,468F96,2AD60,xmm5,2174
468FC7,objects,srcroot,"mulss xmm3, xmm1",Close camera upper clamp: compound repeated 0.4 velocity attenuation.,468D10,selected,xmm5 dead after the site on every path; flags dead after,468FC5,2ADA0,xmm5,2175
4690CB,objects,pre,"addss xmm0, dword ptr [rcx + 0x258]",Radius camera: scale retained X input velocity before accumulating radius X.,468FF0,selected,addss is commutative: the step in xmm0 is scaled first,4690CB,2AE60,,2178
4690E3,objects,pre,"addss xmm1, dword ptr [rcx + 0x25c]",Radius camera: scale retained Y input velocity before accumulating radius Y.,468FF0,selected,addss is commutative: the step in xmm1 is scaled first,4690E3,2AE80,,2179
469190,objects,srcroot,"mulss xmm1, xmm3",Radius camera lower X bound: compound repeated 0.5 attenuation of the input velocity.,468FF0,selected,xmm5 dead after the site on every path; flags dead after,469190,2AEA0,xmm5,2180
4691C4,objects,srcroot,"mulss xmm0, xmm3",Radius camera upper X bound: compound repeated 0.5 attenuation of the input velocity.,468FF0,selected,xmm5 dead after the site on every path; flags dead after,4691C4,2AEE0,xmm5,2181
4691F1,objects,srcroot,"mulss xmm0, xmm3",Radius camera lower Y bound: compound repeated 0.5 attenuation of the input velocity.,468FF0,selected,xmm5 dead after the site on every path; flags dead after,4691F1,2AF20,xmm5,2182
46921A,objects,srcroot,"mulss xmm0, xmm3",Radius camera upper Y bound: compound repeated 0.5 attenuation of the input velocity.,468FF0,selected,xmm5 dead after the site on every path; flags dead after,46921A,2AF60,xmm5,2183
46928A,objects,srcroot,"mulss xmm0, xmm3",Second radius camera: compound the X input velocity's 0.9 idle damping.,469230,selected,xmm5 dead after the site on every path; flags dead after,46928A,2AFA0,xmm5,2184
46929E,objects,srcroot,"mulss xmm0, xmm3",Second radius camera: compound radius X's 0.9 idle damping before integration.,469230,selected,xmm5 dead after the site on every path; flags dead after,46929E,2AFE0,xmm5,2185
4692EB,objects,srcroot,"mulss xmm0, xmm3",Second radius camera: compound the Y input velocity's 0.9 idle damping.,469230,selected,xmm5 dead after the site on every path; flags dead after,4692EB,2B020,xmm5,2186
4692FF,objects,srcroot,"mulss xmm0, xmm3",Second radius camera: compound radius Y's 0.9 idle damping before integration.,469230,selected,xmm5 dead after the site on every path; flags dead after,4692FF,2B060,xmm5,2187
469313,objects,pre,"addss xmm0, dword ptr [rcx + 0x258]",Second radius camera: scale retained X input velocity before accumulating radius X.,469230,selected,addss is commutative: the step in xmm0 is scaled first,469313,2B0A0,,2188
46932B,objects,pre,"addss xmm1, dword ptr [rcx + 0x25c]",Second radius camera: scale retained Y input velocity before accumulating radius Y.,469230,selected,addss is commutative: the step in xmm1 is scaled first,46932B,2B0C0,,2189
469343,objects,srcroot,"mulss xmm1, dword ptr [rip + 0x21a59d]",Second radius camera: compound Y input velocity's 0.96 decay after integration.,469230,selected,xmm5 dead after the site on every path; flags dead after,469343,2B0E0,xmm5,2190
469353,objects,srcroot,"mulss xmm0, dword ptr [rip + 0x21a58d]",Second radius camera: compound X input velocity's 0.96 decay after integration.,469230,selected,xmm5 dead after the site on every path; flags dead after,469353,2B120,xmm5,2191
4693E0,objects,srcroot,"mulss xmm1, xmm3",Second radius camera lower X bound: compound repeated 0.5 velocity attenuation.,469230,selected,xmm5 dead after the site on every path; flags dead after,4693E0,2B160,xmm5,2192
469414,objects,srcroot,"mulss xmm0, xmm3",Second radius camera upper X bound: compound repeated 0.5 velocity attenuation.,469230,selected,xmm5 dead after the site on every path; flags dead after,469414,2B1A0,xmm5,2193
469444,objects,srcroot,"mulss xmm0, xmm3",Second radius camera lower Y bound: compound repeated 0.5 velocity attenuation.,469230,selected,xmm5 dead after the site on every path; flags dead after,469444,2B1E0,xmm5,2194
469475,objects,srcroot,"mulss xmm0, xmm3",Second radius camera upper Y bound: compound repeated 0.5 velocity attenuation.,469230,selected,xmm5 dead after the site on every path; flags dead after,469475,2B220,xmm5,2195
48DE00,actor,gatefn,"sub rsp, 0x48","Input repeat controller: pace the repeated cost, three-tick repeat counter, sound and synthetic pad action together; callers discard the result.",48DE00,selected,"entry; callers 48F36C, 49133D ignore rax",48DE00,2CC20,,2312
4AF910,actor,gatefn,push rbx,"Integer ramp: pace the startup wait, remaining duration and distance/remaining-duration request together under the original pause conditions.",4AF910,selected,entry; callers 4AF780 ignore rax,4AF910,2E040,,2372
2F1776,objects,src,"subss xmm0, dword ptr [rsi + 0x1110]",et67: scale the positive speed's 1110 decrement before storing 1114.,2F15C5,selected,xmm5 dead after the site on every path,2F1776,1BAF0,xmm5,1248
2F1824,objects,blendr,"movaps xmm2, xmm7",et67: compound the fresh steering target's weight 1-0.9 before its vector product; XMM7 remains available unchanged.,2F15C5,selected,flags dead after the copy (2F1827 on); xmm5 dead after it,2F181F,1BB20,xmm5,1249
2F182D,objects,root,"movss xmm2, dword ptr [rip + 0x4aea4f]",et67: compound the retained velocity's complementary 0.9 weight before its vector product.,2F15C5,selected,flags dead after the copy (2F1835 on),2F182D,1BB90,,1250
2F1878,objects,scaledadd,call qword ptr [rip + 0x37f582],et67: integrate persistent 1100 velocity by the elapsed share of a stock tick.,2F15C5,selected,calls cVec::operator+=,2F1878,1BBD0,,1251
2F159D,objects,scaledadd,call qword ptr [rip + 0x37f85d],et67: scale each active link's fresh force vector before accumulating persistent 1100 velocity.,2F146A,selected,calls cVec::operator+=,2F159D,1BA90,,1247
46854B,objects,root,"movss xmm4, dword ptr [rip + 0x217b89]",Alternate camera: compound its shared 0.94 idle damping factor before either persistent velocity consumes it.,468530,selected,flags dead after the copy (468553 on),46854B,2AA50,,2159
468FFF,objects,root,"movss xmm5, dword ptr [rip + 0x209929]",Radius camera: compound the shared 0.9 idle input-velocity damping factor before both branches consume it.,468FF0,selected,flags dead after the copy (469007 on),468FFF,2ADE0,,2176
469007,objects,root,"movss xmm4, dword ptr [rip + 0x21a8d9]",Radius camera: compound the shared 0.96 radius and input-velocity decay factor before all its uses.,468FF0,selected,flags dead after the copy (46900F on),469007,2AE20,,2177
5541D0,actor,gatefn,push rdi,"Periodic encounter controller: pace its elapsed stage clock, exact threshold events, three recurring spawn delays and resets together at stock cadence; its sole caller discards the result.",5541D0,selected,entry; callers 55673D ignore rax,5541D0,2FDA0,,2467
4AF8C0,actor,count,dec eax,Integer ramp: pace its positive startup delay before the full-amplitude request.,4AF800,selected,arithmetic flags overwritten before use; load 4AF8B9 and store 4AF8C2 one field,4AF8C0,2DFE0,,2371
491699,actor,count,inc word ptr [r8 + 0xe6],Dialogue controller: pace its 450-tick wait before starting the next request; the completion path switches phase to two.,4914E0,selected,arithmetic flags overwritten before use,491699,2D030,,2323
476030,objects,gatefn,"mov qword ptr [rsp + 8], rbx","Camera shake: pace both coupled amplitude decays, phase advances, wraps, and integer durations together; all callers discard the result.",476030,selected,entry; callers 475DE3 ignore rax,476030,2B7C0,,2215
477686,objects,count,"mov byte ptr [rdi + 0x182], al",Two-player camera: pace its byte transition ramp while continuing to sample and project fresh player geometry.,477672,selected,arithmetic flags overwritten before use,477686,2B9E0,,2222
4776BF,objects,blendr,"minss xmm4, xmm0",Two-player camera: compound the capped approach weight before forming its complement and blending all six eye/view coordinates.,477672,selected,flags dead after the copy (4776C3 on); xmm5 dead after it,4776BF,2BA40,xmm5,2223
477CC1,objects,count,"mov byte ptr [rsi + 0x182], al",Alternate two-player camera: pace its byte transition ramp while continuing to sample fresh player geometry.,477C8E,selected,arithmetic flags overwritten before use,477CC1,2BAB0,,2224
477CE9,objects,blendr,"minss xmm2, xmm0",Alternate two-player camera: compound the capped approach weight shared by the six eye/view coordinates and field of view.,477C8E,selected,flags dead after the copy (477CED on); xmm5 dead after it,477CE1,2BB10,xmm5,2225
16CA1D,player,count,"mov dword ptr [rcx], eax","Brush techniques: hold each active technique's remaining ticks +128[id] (10, 30 or 120, copied from +124 when one is recognized) between stock ticks.",16C7E0,selected,arithmetic flags overwritten before use,16CA1B,D1D0,,32
16CA1F,player,notyet,"test eax, eax",Brush techniques: between stock ticks the held count's decremented copy in EAX must not end the technique; take the still-active path.,16C7E0,selected,"its flags' one branch goes to 16CA43 with ZF=OF=0, SF=0",16CA1B,D1D0,,33
16CA8E,player,count,"sub eax, 1",Brush: pace the 300-tick window +D34 (174DB0) after which the repeat count +D30 resets.,16C7E0,selected,countdown not finished: 16CA97 jne; load 16CA84 and store 16CA91 one field,16CA8C,D280,,34
16CF76,player,count,dec eax,Brush state 4: pace the wait +68 (60 ticks from 171940/174DB0) before the recognized technique is applied.,16C7E0,selected,arithmetic flags overwritten before use; load 16CF6F and store 16CF78 one field,16CF76,D2F0,,35
16D132,player,count,dec eax,"Brush state 5: pace the 60-tick wait +6C that evaluation mode 6 (174740) arms, before state 6 closes the brush.",16C7E0,selected,arithmetic flags overwritten before use; load 16D12B and store 16D134 one field,16D132,D350,,36
16D28A,player,count,dec eax,"Brush idle: pace the 20-tick cooldown +E28 after the brush closes, before it can open again.",16C7E0,selected,arithmetic flags overwritten before use; load 16D27C and store 16D28C one field,16D28A,D3B0,,37
16D752,player,count,"sub eax, 1",Brush drawing: pace the delay +21B4 that 1709B0 arms (with +21B0 = 1) before it signals +21B8 = 1.,16C7E0,selected,countdown not finished: 16D75B jne; load 16D748 and store 16D755 one field,16D750,D410,,38
16F097,player,count,inc dword ptr [rsi + 0x21dc],"Brush: hold the counter +21DC whose multiples of 30 play sound 0x74, so the sound repeats once a stock second.",16C7E0,selected,arithmetic flags overwritten before use,16F097,D4E0,,40
16F06A,player,notyet,"cmp ecx, eax",Brush: the modulo-30 test reads the old +21DC; between stock ticks take the no-sound path so a held count plays 0x74 once.,16C7E0,selected,"its flags' one branch goes to 16F097 with ZF=OF=0, SF=0",16F067,D480,,39
170396,player,count,dec dword ptr [rsi + 0x1c],"Brush timed effect: pace the duration +1C (100 to 370 ticks from 174DB0, by the effect mode +18) before it stops.",16C7E0,selected,arithmetic flags overwritten before use,170396,D540,,41
16F75F,player,blend,"movss xmm5, dword ptr [rip + 0x62a099]","Brush strokes: each entry's +0C approaches +10 by 0.25 of the gap a tick (at least 0.5, clamped): the approach's factor.",16C7E0,selected,1-(1-K)^s = 0.25 at 799800,slot 8410,,,
16F767,player,lin,"movss xmm6, dword ptr [rip + 0x62a095]",Brush strokes: the approach's minimum step 0.5 a tick.,16C7E0,selected,K*s = 0.5 at 799804,slot 8414,,,
16F76F,player,lin,"movss xmm4, dword ptr [rip + 0x5057e1]",Brush strokes: each entry's global +84565C grows by 3 a tick up to +845660.,16C7E0,selected,K*s = 3 at 674F58,slot 8250,,,
47881B,objects,count,dec ax,Camera mode 478450: pace the 90-tick hold +292 set when the view is blocked.,4785D1,selected,arithmetic flags overwritten before use; load 47880F and store 47881E one field,478819,2BBF0,,2229
478A73,objects,callblend,call 0x1802da570,Camera mode 478450: turn yaw +1B4 behind the target: constant 0.3 approach and its 0.0349 limit.,478A0A,selected,"call 2DA570; rel32 retargeted (5 bytes, no window)",call 345,3B4D0,,2230
478A8A,objects,count,dec word ptr [rdi + 0x410],Camera mode 478450: pace the 90-tick turn-behind window +410.,478A0A,selected,arithmetic flags overwritten before use,478A8A,2BC50,,2231
478B19,objects,callblend,call 0x1802da570,Camera mode 478450: yaw toward the requested +39C: constant 0.1 approach and its limit.,478AF4,selected,"call 2DA570; rel32 retargeted (5 bytes, no window)",call 346,3B540,,2232
478B1E,objects,count,dec word ptr [rdi + 0x398],Camera mode 478450: pace the yaw request's duration +398.,478AF4,selected,arithmetic flags overwritten before use,478B1E,2BCB0,,2233
478B53,objects,callblend,call 0x1802da570,Camera mode 478450: pitch +1B0 toward +3A4: constant 0.2 approach and its limit.,478AF4,selected,"call 2DA570; rel32 retargeted (5 bytes, no window)",call 347,3B5B0,,2234
478B58,objects,count,dec word ptr [rdi + 0x3a0],Camera mode 478450: pace the pitch request's duration +3A0 (30 ticks on entry).,478AF4,selected,arithmetic flags overwritten before use,478B58,2BD10,,2235
478B8A,objects,callblend,call 0x1802da570,Camera mode 478450 (mode 9): pitch toward -0.314: constant 0.2 approach and its 0.0105 limit.,478B72,selected,"call 2DA570; rel32 retargeted (5 bytes, no window)",call 348,3B620,,2236
47CFA7,objects,count,dec ax,Camera mode 47C9D0: pace the idle delay +3B8 (counted while the stick is still) before 468420 recenters.,47CC92,selected,arithmetic flags overwritten before use; load 47CF7E and store 47CFAA one field,47CFA5,2BED0,,2247
47D0A4,objects,callscale,call 0x1802da570,"Camera mode 47C9D0: yaw toward +39C; the factor is the 7A82D8 mode-table value minus one, which mode_constants corrects: scale the limit only.",47D062,selected,"call 2DA570; rel32 retargeted (5 bytes, no window)",call 354,3B780,,2248
47D0A9,objects,count,dec word ptr [rdi + 0x398],Camera mode 47C9D0: pace the yaw request's duration +398.,47D062,selected,arithmetic flags overwritten before use,47D0A9,2BF30,,2249
47D0E9,objects,callblend,call 0x1802da570,Camera mode 47C9D0: yaw behind the target: constant 0.05 approach and its 0.0698 limit.,47D062,selected,"call 2DA570; rel32 retargeted (5 bytes, no window)",call 355,3B7A0,,2250
47D0EE,objects,count,dec word ptr [rdi + 0x484],Camera mode 47C9D0: pace the turn-behind window +484.,47D062,selected,arithmetic flags overwritten before use,47D0EE,2BF90,,2251
47E0E6,objects,count,dec ax,Camera mode 47DAB0: pace the idle delay +3B8 before 468420 recenters.,47DD79,selected,arithmetic flags overwritten before use; load 47E0BD and store 47E0E9 one field,47E0E4,2BFF0,,2252
47E201,objects,callscale,call 0x1802da570,Camera mode 47DAB0: yaw toward +39C; the mode-table factor is already corrected: scale the limit only.,47E1BF,selected,"call 2DA570; rel32 retargeted (5 bytes, no window)",call 356,3B810,,2253
47E206,objects,count,dec word ptr [rdi + 0x398],Camera mode 47DAB0: pace the yaw request's duration +398.,47E1BF,selected,arithmetic flags overwritten before use,47E206,2C050,,2254
47E246,objects,callblend,call 0x1802da570,Camera mode 47DAB0: yaw behind the target: constant 0.05 approach and its limit.,47E1BF,selected,"call 2DA570; rel32 retargeted (5 bytes, no window)",call 357,3B830,,2255
47E24B,objects,count,dec word ptr [rdi + 0x484],Camera mode 47DAB0: pace the turn-behind window +484.,47E1BF,selected,arithmetic flags overwritten before use,47E24B,2C0B0,,2256
47A43B,objects,blend,"mulss xmm1, dword ptr [rip + 0x1fe085]",Camera mode 47A3A0: field of view +1D0 approaches 65 by 0.15 a tick.,47A3A0,selected,1-(1-K)^s = 0.15 at 6784C8,slot 839C,,,
47A677,objects,blend,"mulss xmm1, dword ptr [rip + 0x1f7785]",Camera mode 47A3A0: distance +200 approaches the global 7A7C0C by 0.1 a tick.,47A575,selected,1-(1-K)^s = 0.1 at 671E04,slot 82B0,,,
47AA70,objects,callscale,call 0x1802da570,Camera mode 47A3A0: approach with the 7A8330 mode-table factor (corrected by mode_constants): scale the 0.0087 limit only.,47A575,selected,"call 2DA570; rel32 retargeted (5 bytes, no window)",call 349,3B690,,2239
47AAC9,objects,callscale,call 0x1802da570,Camera mode 47A3A0: the chained second approach with the 7A8330 factor: scale its limit only.,47A575,selected,"call 2DA570; rel32 retargeted (5 bytes, no window)",call 350,3B6B0,,2240
47AB22,objects,callscale,call 0x1802da570,Camera mode 47A3A0: the third 7A8330-factor approach: scale its limit only.,47A575,selected,"call 2DA570; rel32 retargeted (5 bytes, no window)",call 351,3B6D0,,2241
47AC05,objects,callblend,call 0x1802da570,Camera mode 47A3A0: turn yaw behind the target: constant 0.3 approach and its 0.0349 limit.,47A575,selected,"call 2DA570; rel32 retargeted (5 bytes, no window)",call 352,3B6F0,,2242
47AC1B,objects,count,dec word ptr [rdi + 0x410],Camera mode 47A3A0: pace the turn-behind window +410.,47A575,selected,arithmetic flags overwritten before use,47AC1B,2BDB0,,2243
47ACBA,objects,callscale,call 0x1802da570,Camera mode 47A3A0: yaw toward +39C with the corrected 7A82D8 factor: scale the limit only.,47A575,selected,"call 2DA570; rel32 retargeted (5 bytes, no window)",call 353,3B760,,2244
47ACBF,objects,count,dec word ptr [rdi + 0x398],Camera mode 47A3A0: pace the yaw request's duration +398.,47A575,selected,arithmetic flags overwritten before use,47ACBF,2BE10,,2245
47B5B5,objects,count,dec ax,Camera mode 47A3A0: pace the recenter delay +3B8.,47B5B5,selected,arithmetic flags overwritten before use; load 47B585 and store 47B5B8 one field,47B5B5,2BE70,,2246
4780FC,objects,callblend,call 0x1802da570,Camera mode 477F90: +1C4 toward xmm8: constant 0.2 approach and its 0.279 limit.,478023,selected,"call 2DA570; rel32 retargeted (5 bytes, no window)",call 343,3B3F0,,2226
47811C,objects,callblend,call 0x1802da570,Camera mode 477F90: +1C0 toward xmm8: constant 0.2 approach and its limit.,478023,selected,"call 2DA570; rel32 retargeted (5 bytes, no window)",call 344,3B460,,2227
478121,objects,count,dec word ptr [rdi + 0x398],Camera mode 477F90: pace the request's duration +398.,478023,selected,arithmetic flags overwritten before use,478121,2BB90,,2228
470F25,objects,callblend,call 0x1802da570,Camera mode 470AE0: yaw toward +39C: constant 0.1 approach and its 0.1396 limit.,470E60,selected,"call 2DA570; rel32 retargeted (5 bytes, no window)",call 341,3B310,,2207
470F2A,objects,count,dec word ptr [rdi + 0x398],Camera mode 470AE0: pace the yaw request's duration +398.,470E60,selected,arithmetic flags overwritten before use,470F2A,2B590,,2208
470F5F,objects,callblend,call 0x1802da570,Camera mode 470AE0: pitch toward +3A4: constant 0.2 approach and its limit.,470E60,selected,"call 2DA570; rel32 retargeted (5 bytes, no window)",call 342,3B380,,2209
470F64,objects,count,dec word ptr [rdi + 0x3a0],Camera mode 470AE0: pace the pitch request's duration +3A0.,470E60,selected,arithmetic flags overwritten before use,470F64,2B5F0,,2210
46B61A,objects,count,dec ax,Camera mode 46B080: pace the idle delay +3B8 before the pitch returns to +3B0.,46B36F,selected,arithmetic flags overwritten before use; load 46B5F1 and store 46B61D one field,46B618,2B350,,2198
46B725,objects,callblend,call 0x1802da570,Camera mode 46B080: yaw +1B4 toward the target's bearing: constant 0.9 approach and its 0.349 limit.,46B36F,selected,"call 2DA570; rel32 retargeted (5 bytes, no window)",call 337,3B1A0,,2199
46B74E,objects,callblend,call 0x1802da570,Camera mode 46B080: pitch +1B0 toward +3A4: constant 0.2 approach and its 0.0349 limit.,46B36F,selected,"call 2DA570; rel32 retargeted (5 bytes, no window)",call 338,3B210,,2200
46B7A3,objects,callscale,call 0x1802da570,Camera mode 46B080: yaw toward +39C with the corrected 7A82D8 factor: scale the limit only.,46B36F,selected,"call 2DA570; rel32 retargeted (5 bytes, no window)",call 339,3B280,,2201
46B7A8,objects,count,dec word ptr [rdi + 0x398],Camera mode 46B080: pace the yaw request's duration +398.,46B36F,selected,arithmetic flags overwritten before use,46B7A8,2B3B0,,2202
46B7EB,objects,callblend,call 0x1802da570,Camera mode 46B080: yaw behind the target: constant 0.05 approach and its limit.,46B36F,selected,"call 2DA570; rel32 retargeted (5 bytes, no window)",call 340,3B2A0,,2203
46B7F0,objects,count,dec word ptr [rdi + 0x484],Camera mode 46B080: pace the turn-behind window +484.,46B36F,selected,arithmetic flags overwritten before use,46B7F0,2B410,,2204
47983D,objects,blend,"mulss xmm1, dword ptr [rip + 0x1f90e7]",Camera mode 4797A0: field of view +1D0 approaches its speed-dependent target by 0.2 a tick.,4797A0,selected,1-(1-K)^s = 0.2 at 67292C,slot 8330,,,
479A1B,objects,blend,"mulss xmm1, dword ptr [rip + 0x1f83e1]",Camera mode 4797A0: distance +200 approaches the global 7A7C0C by 0.1 a tick.,479985,selected,1-(1-K)^s = 0.1 at 671E04,slot 82B0,,,
479C99,objects,dst,"movss xmm0, dword ptr [rip + 0x54ea77]",Camera mode 4797A0: yaw +1B4 gains the stick-driven yaw velocity 9C8718 each tick (its damping and input are the 468xxx rows): scale the step.,479985,selected,the step's next reader is its accumulation,479C99,2BD70,,2237
479D2A,objects,dst,"movss xmm0, dword ptr [rip + 0x54e9e2]",Camera mode 4797A0: pitch +1B0 gains the stick-driven pitch velocity 9C8714 each tick: scale the step.,479985,selected,the step's next reader is its accumulation,479D2A,2BD90,,2238
46A417,objects,count,dec al,"Camera mode 46A090: pace the 15-tick byte +413 armed when a tracked point comes close, during which it follows that point.",46A090,selected,arithmetic flags overwritten before use; load 46A40C and store 46A419 one field,46A413,2B2F0,,2197
5FB060,actor,gatefn,"mov rax, rsp","Map 312's script update (the +18 field of its 7AD9B0 record, called only by 3F3A10's `call rcx`, which ignores rax): its 300-tick sequence +6D8/+6DC, the actor's rise (+6D4 -= 1.2, +6D0 += +6D4, y += +6D0), counters and sounds together at stock cadence.",5FB060,selected,entry; callers 3F3B83 ignore rax,5FB060,36450,,2860
21F4CA,objects,count,"sub dword ptr [rbx + 0x13f0], 1",vt79E318 sub-state 1: pace the 10-tick wait +13F0.,21F340,selected,countdown not finished: 21F4D1 jns,21F4CA,126B0,,385
21F5B9,objects,count,"sub dword ptr [rbx + 0x13f0], 1",vt79E318 sub-state 3: pace the 20-tick (then 5 to 36) wait +13F0.,21F340,selected,countdown not finished: 21F5C0 jns,21F5B9,12720,,386
21F65B,objects,lin,"subss xmm0, dword ptr [rip + 0x457f8d]",vt79E318 sub-state 3: +D2C loses 0.05 a tick while the wait runs.,21F340,selected,K*s = 0.05 at 6775F0,slot 8310,,,
21F66D,objects,count,"sub dword ptr [rbx + 0x13f0], 1",vt79E318 sub-state 4: pace the wait +13F0.,21F340,selected,countdown not finished: 21F674 jns,21F66D,12790,,387
21F85A,objects,count,"sub dword ptr [rbx + 0x13f0], 1","vt79E318 slot 5 copy, sub-state 1: pace the 10-tick wait +13F0.",21F6D0,selected,countdown not finished: 21F861 jns,21F85A,12800,,388
21F905,objects,count,"sub dword ptr [rbx + 0x13f0], 1","vt79E318 slot 5 copy, sub-state 3: pace the wait +13F0.",21F6D0,selected,countdown not finished: 21F90C jns,21F905,12870,,389
21F96B,objects,lin,"subss xmm0, dword ptr [rip + 0x457c7d]","vt79E318 slot 5 copy, sub-state 3: +D2C loses 0.05 a tick.",21F6D0,selected,K*s = 0.05 at 6775F0,slot 8310,,,
21F97D,objects,count,"sub dword ptr [rbx + 0x13f0], 1","vt79E318 slot 5 copy, sub-state 4: pace the wait +13F0.",21F6D0,selected,countdown not finished: 21F984 jns,21F97D,128E0,,390
490394,menu,count,"mov byte ptr [rdi + 1], cl",4902F0 state 2: hold the slide's tick count +1 (0 to 15) between stock ticks; the page offset is recomputed from it each tick.,49030D,selected,arithmetic flags overwritten before use,490394,2CE00,,2317
490397,menu,notyet,"cmp dl, 0xf","4902F0 state 2: the end test reads the old count (dl); between stock ticks take the not-yet path, so the slide ends on its stock tick.",49030D,selected,"its flags' one branch goes to 49061F with ZF=OF=0, SF=0",490394,2CE00,,2318
49041C,menu,count,"mov byte ptr [rdi + 1], al",4902F0 state 3: hold the opposite slide's tick count +1 between stock ticks.,49030D,selected,arithmetic flags overwritten before use,49041C,2CEB0,,2319
49041F,menu,notyet,"cmp cl, 0xf",4902F0 state 3: the same end test on the old count.,49030D,selected,"its flags' one branch goes to 49061F with ZF=OF=0, SF=0",49041C,2CEB0,,2320
600647,menu,root,"movss xmm6, dword ptr [rip + 0x79311]",600190: the unselected entries' scales +2C/+30 shrink by 0.98 a tick down to their base (the max with it): take the factor's N-th root.,600634,selected,flags dead after the copy (60064F on),600647,36640,,2865
5CBDF2,actor,count,"mov byte ptr [rdi + 0x3417], al","5CBAD0: hold the 40-tick countdown +3417 (rearmed while the player is beyond 400 or +D40 bit 3 is set) between stock ticks; each tick it is nonzero, 5CDBA0 turns the heading toward +1340.",5CBAD0,selected,arithmetic flags overwritten before use,5CBDF2,33E50,,2685
5CBDDE,actor,blend,"movss xmm2, dword ptr [rip + 0xac6e2]",5CBAD0: 5CDBA0's heading approach toward +1340 by 0.15 a tick.,5CBAD0,selected,1-(1-K)^s = 0.15 at 6784C8,slot 81D8,,,
5CBE8E,actor,root,"addss xmm1, dword ptr [rip + 0xadaca]","5CBAD0: the speed +343C damps by 0.98 + 0.02 sin^2 of its clock phase (a factor in [0.98, 1]) a tick: take the factor's N-th root.",5CBAD0,selected,flags dead after the copy (5CBE96 on),5CBE8E,33EB0,,2686
5CBF2E,actor,root,"addss xmm1, dword ptr [rip + 0xada2a]",5CBAD0 (+340C set): the same damping.,5CBAD0,selected,flags dead after the copy (5CBF36 on),5CBF2E,33EF0,,2687
5CBFA9,actor,srcblend,"mulss xmm0, xmm7","5CBAD0: the heading +B4 approaches the bearing to +1340 by xmm7 (0.035 or 0.055, times 0.7 to 1.5 by the player's distance) a tick.",5CBAD0,selected,xmm5 dead after the site on every path; flags dead after,5CBFA9,33F30,xmm5,2688
5CBFB6,actor,dst,"movss xmm2, dword ptr [rdi + 0x1080]","5CBAD0: the forward move (0, 0, 50 x +343C), times the speed +1080 and +F54, goes to 2DA3F0: scale the speed as read.",5CBAD0,selected,only the factor of the vector product at 5CBFD0 (and a zero test),5CBFB6,33FC0,,2689
37ED84,player,callscale,call 0x18020ea30,"Weapon update 37EC90 (vt6AD470[8]): its gravity fall's dt, the slow-motion factor, is a per-tick share: scale it at the call.",37EC90,selected,"call 20EA30; rel32 retargeted (5 bytes, no window)",call 268,3A790,,1470
383814,player,callscale,call 0x18020ea30,"Weapon update 383750 (vt6AD5D0[8]): its gravity fall's dt, the slow-motion factor, is a per-tick share: scale it at the call.",383750,selected,"call 20EA30; rel32 retargeted (5 bytes, no window)",call 270,3A7D0,,1507
3845DA,player,callscale,call 0x18020ea30,"Weapon update 3844F0 (vt6AD6D0[8]): its gravity fall's dt, the slow-motion factor, is a per-tick share: scale it at the call.",3844F0,selected,"call 20EA30; rel32 retargeted (5 bytes, no window)",call 275,3A870,,1518
385698,player,callscale,call 0x18020ea30,"Weapon update 3855D0 (vt6AD868[8]): its gravity fall's dt, the slow-motion factor, is a per-tick share: scale it at the call.",3855D0,selected,"call 20EA30; rel32 retargeted (5 bytes, no window)",call 277,3A8B0,,1522
386409,player,callscale,call 0x18020ea30,"Weapon update 386320 (vt6AD980[8]): its gravity fall's dt, the slow-motion factor, is a per-tick share: scale it at the call.",386320,selected,"call 20EA30; rel32 retargeted (5 bytes, no window)",call 280,3A910,,1532
386BFE,player,callscale,call 0x18020ea30,"Weapon update 386AE0 (vt6ADA30[8]): its gravity fall's dt, the slow-motion factor, is a per-tick share: scale it at the call.",386AE0,selected,"call 20EA30; rel32 retargeted (5 bytes, no window)",call 281,3A930,,1533
3881BA,player,callscale,call 0x18020ea30,"Weapon update 3880C0 (vt6ADAE0[8]): its gravity fall's dt, the slow-motion factor, is a per-tick share: scale it at the call.",3880C0,selected,"call 20EA30; rel32 retargeted (5 bytes, no window)",call 283,3A970,,1540
3897F7,player,callscale,call 0x18020ea30,"Weapon update 389730 (vt6ADC20[8]): its gravity fall's dt, the slow-motion factor, is a per-tick share: scale it at the call.",389730,selected,"call 20EA30; rel32 retargeted (5 bytes, no window)",call 285,3A9B0,,1544
389E65,player,callscale,call 0x18020ea30,"Weapon update 389D50 (vt6ADCE0[8]): its gravity fall's dt, the slow-motion factor, is a per-tick share: scale it at the call.",389D50,selected,"call 20EA30; rel32 retargeted (5 bytes, no window)",call 286,3A9D0,,1545
38B3AF,player,callscale,call 0x18020ea30,"Weapon update 38B280 (vt6ADDE0[8]): its gravity fall's dt, the slow-motion factor, is a per-tick share: scale it at the call.",38B280,selected,"call 20EA30; rel32 retargeted (5 bytes, no window)",call 287,3A9F0,,1548
38BF45,player,callscale,call 0x18020ea30,"Weapon update 38BE70 (vt6ADEE8[8]): its gravity fall's dt, the slow-motion factor, is a per-tick share: scale it at the call.",38BE70,selected,"call 20EA30; rel32 retargeted (5 bytes, no window)",call 290,3AA50,,1554
38C91B,player,callscale,call 0x18020ea30,"Weapon update 38C810 (vt6ADFF0[8]): its gravity fall's dt, the slow-motion factor, is a per-tick share: scale it at the call.",38C810,selected,"call 20EA30; rel32 retargeted (5 bytes, no window)",call 293,3AAB0,,1561
39A5B3,player,callscale,call 0x18020ea30,"Weapon update 39A520 (vt6AE5C0[8]): its gravity fall's dt, the slow-motion factor, is a per-tick share: scale it at the call.",39A520,selected,"call 20EA30; rel32 retargeted (5 bytes, no window)",call 295,3AAF0,,1685
39AAFB,player,callscale,call 0x18020ea30,"Weapon update 39AA10 (vt6AE6C0[8]): its gravity fall's dt, the slow-motion factor, is a per-tick share: scale it at the call.",39AA10,selected,"call 20EA30; rel32 retargeted (5 bytes, no window)",call 296,3AB10,,1688
39CB75,player,callscale,call 0x18020ea30,"Weapon update 39CA60 (vt6AE770[8]): its gravity fall's dt, the slow-motion factor, is a per-tick share: scale it at the call.",39CA60,selected,"call 20EA30; rel32 retargeted (5 bytes, no window)",call 299,3AB70,,1696
39D3F9,player,callscale,call 0x18020ea30,"Weapon update 39D2E0 (vt6AE820[8]): its gravity fall's dt, the slow-motion factor, is a per-tick share: scale it at the call.",39D2E0,selected,"call 20EA30; rel32 retargeted (5 bytes, no window)",call 300,3AB90,,1697
39D42B,player,callscale,call 0x18020ea30,"Weapon update 39D2E0 (vt6AE820[8]): its gravity fall's dt, the slow-motion factor, is a per-tick share: scale it at the call.",39D2E0,selected,"call 20EA30; rel32 retargeted (5 bytes, no window)",call 301,3ABB0,,1698
39DA47,player,callscale,call 0x18020ea30,"Weapon update 39D990 (vt6AE8D0[8]): its gravity fall's dt, the slow-motion factor, is a per-tick share: scale it at the call.",39D990,selected,"call 20EA30; rel32 retargeted (5 bytes, no window)",call 302,3ABD0,,1702
39E2C6,player,callscale,call 0x18020ea30,"Weapon update 39E1E0 (vt6AE980[8]): its gravity fall's dt, the slow-motion factor, is a per-tick share: scale it at the call.",39E1E0,selected,"call 20EA30; rel32 retargeted (5 bytes, no window)",call 304,3AC10,,1704
39FBDB,player,callscale,call 0x18020ea30,"Weapon update 39FAB0 (vt6AEA38[8]): its gravity fall's dt, the slow-motion factor, is a per-tick share: scale it at the call.",39FAB0,selected,"call 20EA30; rel32 retargeted (5 bytes, no window)",call 308,3ACE0,,1712
3A0A25,player,callscale,call 0x18020ea30,"Weapon update 3A0940 (vt6AEB38[8]): its gravity fall's dt, the slow-motion factor, is a per-tick share: scale it at the call.",3A0940,selected,"call 20EA30; rel32 retargeted (5 bytes, no window)",call 309,3AD00,,1717
3A1641,player,callscale,call 0x18020ea30,"Weapon update 3A1540 (vt6AEBE8[8]): its gravity fall's dt, the slow-motion factor, is a per-tick share: scale it at the call.",3A1540,selected,"call 20EA30; rel32 retargeted (5 bytes, no window)",call 311,3AD40,,1721
3A2372,player,callscale,call 0x18020ea30,"Weapon update 3A2290 (vt6AEC98[8]): its gravity fall's dt, the slow-motion factor, is a per-tick share: scale it at the call.",3A2290,selected,"call 20EA30; rel32 retargeted (5 bytes, no window)",call 312,3AD60,,1726
4803FC,objects,callblend,call 0x1802da570,Camera mode 47FF90: yaw +1B4 toward the request +39C plus pi: constant 0.1 approach and its 0.1396 limit.,480337,selected,"call 2DA570; rel32 retargeted (5 bytes, no window)",call 358,3B8A0,,2257
480401,objects,count,dec word ptr [rdi + 0x398],Camera mode 47FF90: pace the yaw request's duration +398.,480337,selected,arithmetic flags overwritten before use,480401,2C110,,2258
480436,objects,callblend,call 0x1802da570,Camera mode 47FF90: pitch toward +3A4: constant 0.2 approach and its 0.279 limit.,480337,selected,"call 2DA570; rel32 retargeted (5 bytes, no window)",call 359,3B910,,2259
48043B,objects,count,dec word ptr [rdi + 0x3a0],Camera mode 47FF90: pace the pitch request's duration +3A0.,480337,selected,arithmetic flags overwritten before use,48043B,2C170,,2260
472F4F,objects,count,"add word ptr [rbx + 0x290], 2","Camera 472E80: +290 grows by 2 a tick while the player falls (vy below -2, off the ground): pace it; the drop is recomputed from it each tick.",472E80,selected,arithmetic flags overwritten before use,472F4F,2B650,,2211
472F83,objects,count,"mov word ptr [rbx + 0x290], cx","Camera 472E80: the undo of that +2 when the drop passes -20 (sub cx, 2; store): skip it with the add between stock ticks.",472E80,selected,arithmetic flags overwritten before use,472F83,2B6B0,,2212
472F90,objects,count,dec word ptr [rbx + 0x290],Camera 472E80: +290 shrinks by 1 a tick back to 0 once the player lands: pace it.,472E80,selected,arithmetic flags overwritten before use,472F90,2B710,,2213
489E36,objects,pre,"addss xmm0, dword ptr [rax + 4]",Platform state 489DD0: y += the speed +1080 a tick (rising): scale the step first.,489DD0,selected,addss is commutative: the step in xmm0 is scaled first,489E36,2C870,,2301
489E4E,objects,src,"subss xmm0, dword ptr [rbx + 0x1080]",Platform state 489DD0: y -= the speed +1080 a tick (sinking): scale the step.,489DD0,selected,xmm5 dead after the site on every path,489E4E,2C890,xmm5,2302
48A017,objects,lin,"subss xmm0, dword ptr [rip + 0x1f325d]","Platform 0x82E (489FE0, phase 4): its speed loses 0.1 a tick.",489F20,selected,K*s = 0.1 at 67D27C,slot 8418,,,
48A080,objects,lin,"addss xmm0, dword ptr [rip + 0x224f50]","Platform 0x82E (489FE0, phase 1): its speed gains 0.02 a tick.",489F20,selected,K*s = 0.02 at 6AEFD8,slot 841C,,,
48A05B,objects,count,"mov dword ptr [rdx + 0x10a0], eax","Platform 0x82E (489FE0, phase 3): pace the 5-tick pause +10A0 with the speed at 0.",489F20,selected,arithmetic flags overwritten before use,48A05B,2C930,,2304
48A061,objects,notyet,"test ecx, ecx",Platform 0x82E: the pause's end test reads the old count (ecx); between stock ticks take the not-yet path.,489F20,selected,"its flags' one branch goes to 48A0A5 with ZF=OF=0, SF=0",48A05B,2C930,,2305
489D93,objects,count,"sub dword ptr [rbx + 0x10a0], 1",Platform state 489C60: pace the 5-tick shake +10A0 (its random +-0.6 jitter is resampled each tick at stock amplitude) before the next state.,489C60,selected,countdown not finished: 489D9A jne,489D93,2C800,,2300
489F8F,objects,count,"sub dword ptr [rbx + 0x10a0], 1",Platform state 489F20: pace the 5-tick shake +10A0 before it stops.,489F20,selected,countdown not finished: 489F96 jne,489F8F,2C8C0,,2303
48DED0,objects,gatefn,"mov qword ptr [rsp + 0x18], rsi","Treasure fanfare 48DED0 (from 48DA60 and 48ECA0): its count-up +8F (sound 0x1BC at 23), the per-tick fade of 18EB20's +1D0 and the wait for its message to close run together at stock cadence.",48DED0,selected,entry; callers 48ED06 ignore rax,48DED0,2CC80,,2313
2A2C14,actor,lin,"subss xmm0, dword ptr [rip + 0x3d6d98]",2A2B40: the circling radius +13B4 shrinks by 4 a tick (beyond 200 from the player).,2A2B40,selected,K*s = 4 at 6799B4,slot 81A4,,,
2A2C26,actor,lin,"subss xmm0, dword ptr [rip + 0x3d2e4e]",2A2B40: the radius +13B4 shrinks by 6 a tick (flag +13C9).,2A2B40,selected,K*s = 6 at 675A7C,slot 83B4,,,
2A2C43,actor,lin,"addss xmm0, dword ptr [rip + 0x3cf1c9]",2A2B40: the radius +13B4 grows by 2 a tick up to 110 + 22 x +1146.,2A2B40,selected,K*s = 2 at 671E14,slot 8150,,,
2A2C8F,actor,lin,"subss xmm0, dword ptr [rip + 0x3de1e9]",2A2B40: the circling angle +13B0 turns by -0.0436 a tick.,2A2B40,selected,K*s = 0.0436332 at 680E80,slot 8420,,,
2A2C99,actor,lin,"addss xmm0, dword ptr [rip + 0x3de1df]",2A2B40: the circling angle +13B0 turns by 0.0436 a tick.,2A2B40,selected,K*s = 0.0436332 at 680E80,slot 8420,,,
43C010,menu,gatefn,"cmp byte ptr [rcx + 0x94], 1","Shop panel 43BF40's drop-in (state 1): v += 6, y += 2v, a bounce at 0 by -0.47 until |v| < 3, together at stock cadence (its tail-jump target; the panel's pad-reading states stay per tick).",43C010,selected,entry; callers 43BF40 ignore rax,43C010,29980,,2097
43F6B0,menu,gatefn,"cmp byte ptr [rcx + 0x94], 1","Shop panel 43F610's drop-in, the same bounce at stock cadence.",43F6B0,selected,entry; callers 43F610 ignore rax,43F6B0,29B30,,2102
442790,menu,gatefn,"cmp byte ptr [rcx + 0x94], 1","Shop panel 4426F0's drop-in, the same bounce at stock cadence.",442790,selected,entry; callers 4426F0 ignore rax,442790,29C50,,2105
43E1D1,menu,countlast,"mulss xmm1, dword ptr [rip + 0x23a13f]","Shop panel 43BF40's exit (state 2, sub-state 1): its speed +B8 grows x1.7 a tick: only on the last tick of each stock period.",43E1B0,selected,"a factor: skipped, the rate is kept; arithmetic flags overwritten before use",43E1D1,29AA0,,2100
43E1E1,menu,srcx,"subss xmm0, xmm1","Shop panel 43BF40's exit: y -= the speed +B8 a tick, up to -512: scale the step.",43E1B0,selected,"xmmD / s, op, * s: exact for s = 1/N a power of two; no flags touched, no register borrowed",43E1E1,29B00,,2101
6011AD,menu,lin,"addss xmm0, dword ptr [rip + 0x7ef13]",Menu background 601170: its alpha +8 gains 0.003 a tick up to the layout's maximum.,601170,selected,K*s = 0.003 at 6800C8,slot 8424,,,
6011ED,menu,lin,"subss xmm1, dword ptr [rip + 0x71a27]",Menu background 601170: its offset +C loses 0.125 a tick down to -190.,601170,selected,K*s = 0.125 at 672C1C,slot 8428,,,
601223,menu,lin,"addss xmm0, dword ptr [rip + 0xbc169]",Menu background 601170: its angle +10 gains 0.0007 a tick (wrapped).,601170,selected,K*s = 0.0007 at 6BD394,slot 842C,,,
52EE71,objects,count,inc dword ptr [rax + 8],Map script 52EE10: pace its tick count 7A8CB0+8 (event 0x1E0023 after 300) while the save flag +71C bit 1 holds.,52EE10,selected,arithmetic flags overwritten before use,52EE71,2F5E0,,2441
52F042,objects,count,"sub eax, 1",Map script 52EE10: pace the countdown 7A8CB0+C to its event 0x1E0030.,52F042,selected,countdown not finished: 52F048 jne; load 52F03B and store 52F045 one field,52F042,2F640,,2442
13B3A7,objects,count,"add dword ptr [rbp + 0x20], esi","Event camera rumble 13B250: pace its pulse accumulator +20 (+= the key's intensity each tick, a pulse on the other motor at each 255) to once a stock tick.",13B379,selected,arithmetic flags overwritten before use,13B3A7,C900,,1
22FF46,objects,callscale,call 0x18020e130,22FE00 (from 22FDB0): its walk by the speed +11F4 a tick through 20E130.,22FE00,selected,"call 20E130; rel32 retargeted (5 bytes, no window)",call 13,37B50,,442
307C57,objects,callscale,call 0x18020e130,307B90 (from 307B10): steps back 2 (or 1.5) a tick through 20E130.,307B90,selected,"call 20E130; rel32 retargeted (5 bytes, no window)",call 257,3A600,,1301
307EE4,objects,callscale,call 0x18020e130,"307B90: the same back step, its other state.",307B90,selected,"call 20E130; rel32 retargeted (5 bytes, no window)",call 258,3A620,,1302
308408,objects,callscale,call 0x18020e130,308340 (from 307B10): steps back 2 (or 1.5) a tick through 20E130.,308340,selected,"call 20E130; rel32 retargeted (5 bytes, no window)",call 259,3A640,,1303
30854A,objects,callscale,call 0x18020e130,308340: steps by xmm6 (-0.3 once +E3C passes 10) a tick through 20E130.,308340,selected,"call 20E130; rel32 retargeted (5 bytes, no window)",call 260,3A660,,1304
3086FA,objects,callscale,call 0x18020e130,"308340: steps back 2 (or 1.5) a tick, its other state.",308340,selected,"call 20E130; rel32 retargeted (5 bytes, no window)",call 261,3A680,,1305
21ED91,objects,blend,"mulss xmm1, dword ptr [rip + 0x456c97]",21EBD0: +D2C fades toward 0 by 0.3 a tick.,21EBD0,selected,1-(1-K)^s = 0.3 at 675A30,slot 82A4,,,
21EDCC,objects,count,"mov dword ptr [rbx + 0x13f0], eax",21EBD0: pace the wait +13F0 (+D2C re-flashes to 1 at 7 and 4).,21EBD0,selected,arithmetic flags overwritten before use,21EDCC,12590,,382
21F151,objects,blend,"mulss xmm1, dword ptr [rip + 0x4568d7]",21EF90: +D2C fades toward 0 by 0.3 a tick.,21EF90,selected,1-(1-K)^s = 0.3 at 675A30,slot 82A4,,,
21F18C,objects,count,"mov dword ptr [rbx + 0x13f0], eax",21EF90: pace the wait +13F0.,21EF90,selected,arithmetic flags overwritten before use,21F18C,12650,,384
4AD0F3,objects,count,"mov byte ptr [rsi + 0xfb0], al","Environment 4AC680: pace the transition count +FB0 (while it runs, the light colours B699B0.. snap toward the new ones, 0.1 of the gap left a tick).",4AC870,selected,arithmetic flags overwritten before use,4AD0F3,2DF50,,2369
4AD324,objects,srcx,"subss xmm1, xmm7",Environment 4AC680: the fade +FE0 loses 1/+FE4 a tick down to 0: scale the step.,4AC870,selected,"xmmD / s, op, * s: exact for s = 1/N a power of two; no flags touched, no register borrowed",4AD324,2DFB0,,2370
476FCC,objects,count,inc word ptr [rbx + 0x41c],"Camera dispatcher 476B00: pace the count +41C of ticks the camera button is held (past 10, a long press).",476B75,selected,arithmetic flags overwritten before use,476FCC,2B980,,2221
54F665,objects,dstn,"addss xmm0, xmm0","Cutscene task 54EDC0: the first walk loop (up to 270 passes, one a stock tick) pushes five walkers by twice their step; at 120 the step is a quarter of stock's, so x N.",54EDC0,selected,"only stored, in the loop of the wait at 54F698 that task_waits.h runs once a stock tick",54F665,2F9B0,,2451
54F9D7,objects,dstn,"addss xmm0, xmm0","Cutscene task 54EDC0: the second walk loop (120 passes, one a stock tick), as 54F665.",54EDC0,selected,"only stored, in the loop of the wait at 54FA0A that task_waits.h runs once a stock tick",54F9D7,2FA70,,2454
54F932,objects,count,"sub r14, 1","Cutscene task 54EDC0: pace the walk-out loop's 15 passes (r14), so the five actors walk (root motion x 2, at the current rate's share) and the objects fade for 15 stock ticks.",54EDC0,selected,countdown not finished: 54F936 jne; a register loop counter,54F932,2FA00,,2453
54F8FE,objects,src,"subss xmm0, xmm8","Cutscene task 54EDC0: in the same loop, the objects' +D2C fades by 0.1 a pass: scale the step.",54EDC0,selected,xmm5 dead after the site on every path,54F8FE,2F9E0,xmm5,2452
574148,objects,count,"sub eax, 1","Map 207's script (573FE0, from 579220): pace the countdown 7A8CB0+8 to its event 0x260035.",574054,selected,countdown not finished: 57414E jne; load 574141 and store 57414B one field,574146,32900,,2605
58BCF8,objects,count,"sub eax, 1","Map 20D's script (58BB90, from 58D800): pace the countdown 7A8CB0+8 to its event 0x2C0008.",58BC01,selected,countdown not finished: 58BCFE jne; load 58BCF1 and store 58BCFB one field,58BCF6,32C00,,2621
634F92,objects,src,"subsd xmm0, qword ptr [rip + 0x88d9e]","Map F08's script (634E90, from 634D30): B75140's +50 fades by 0.03 a tick, in doubles: scale the step.",634E90,selected,xmm5 dead after the site on every path; double literal 0.03 at 6BDD38,634F92,37470,xmm5,2901
634FDE,objects,src,"addsd xmm0, qword ptr [rip + 0x4c532]","Map F08's script: B75140's +50 grows by 0.05 a tick, in doubles: scale the step.",634E90,selected,xmm5 dead after the site on every path; double literal 0.05 at 681518,634FDE,374A0,xmm5,2902
36E425,objects,countlast,"mulss xmm0, dword ptr [rip + 0x3039e3]","36E060 (scenery tilting under the brush's wind technique): once the wind stops, its tilt +1114 decays x0.7 a tick: only on the last tick of each stock period.",36E2DD,selected,"a factor: skipped, the rate is kept; arithmetic flags overwritten before use",36E425,1F8F0,,1463
1D2478,objects,count,inc dword ptr [rcx + 0x1c],1D2130 (from 1D2060): pace the 45-tick count +1C while state +57 is 1.,1D2130,selected,arithmetic flags overwritten before use,1D2476,FCD0,,227
32EFAC,objects,callscale,call 0x18020e030,"32EF40, sub-state 1 (20 ticks): turns toward B66380 by at most 10 degrees a tick through 20E030.",32EF40,selected,"call 20E030; rel32 retargeted (5 bytes, no window)",call 262,3A6A0,,1353
281470,objects,gatefn,push rbx,"The twin enemy's orbit 281470 (from its state handlers 27C240..280610): the shared orbit angle 9C4780 (+0.01 or +0.005 a tick), the circle offsets from the distance, and the approach of the position to its circle point by param_2^2 a tick, together at stock cadence.",281470,selected,"entry; callers 27C6A4, 27D08C, 27D2E3, 27D588, 27D746, 27EC4A, 27EC63, 27F8D6, 27FAF2, 27FB0B, 280087, 2801FC, 28072C ignore rax",281470,16840,,762
205505,actor,lin,"mulss xmm0, dword ptr [rip + 0x474767]","Animal 205310's knockback slide on the ground: x += +E10 x 0.4 a tick (+E10 damps x0.97, a decay_factors row).",205310,selected,K*s = 0.4 at 679C74,slot 8430,,,
205524,actor,lin,"mulss xmm0, dword ptr [rip + 0x474748]",Animal 205310's slide on the ground: z += +E18 x 0.4 a tick.,205310,selected,K*s = 0.4 at 679C74,slot 8430,,,
205537,actor,src,"addss xmm0, dword ptr [rbx + 0xe10]",Animal 205310's slide in the air: x += +E10 a tick.,205310,selected,xmm5 dead after the site on every path,205537,11860,xmm5,342
20554F,actor,src,"addss xmm0, dword ptr [rbx + 0xe18]",Animal 205310's slide in the air: z += +E18 a tick.,205310,selected,xmm5 dead after the site on every path,20554F,11890,xmm5,343
1ED84D,actor,callscale,call 0x18020e030,Animal 1ED4C0: within 10 of its target it turns by at most 3 degrees a tick through 20E030 (the 20E210 path beside it is the turn group's).,1ED846,selected,"call 20E030; rel32 retargeted (5 bytes, no window)",call 5,37A00,,282
1EF0DA,actor,callscale,call 0x18020e030,Animal 1EEF50: the same turn through 20E030.,1EEF50,selected,"call 20E030; rel32 retargeted (5 bytes, no window)",call 6,37A20,,284
1EF2B8,actor,callscale,call 0x18020e030,Animal 1EF120: the same turn through 20E030.,1EF120,selected,"call 20E030; rel32 retargeted (5 bytes, no window)",call 7,37A40,,287
2432A5,actor,count,"mov word ptr [rsi + 0xe3c], ax",Imp state 243180 (from 242060): pace the countdown +E3C.,24325E,selected,arithmetic flags overwritten before use,2432A5,14810,,489
165F87,player,count,dec ax,Brush 165BD0 (from the brush update 16C7E0): pace the countdown +60 (reloaded by 1695D0 when it runs out).,165E45,selected,arithmetic flags overwritten before use; load 165F6C and store 165F8A one field,165F87,D170,,31
313A80,objects,count,dec ax,"3135B0's state 1 (313A60, from the main tick through 3134A0): pace the delay +40 before its check.",313A60,selected,arithmetic flags overwritten before use; load 313A72 and store 313A83 one field,313A80,1D0C0,,1316
467D23,objects,count,"mov byte ptr [rbx], al",467CA0 (from the main tick): pace its countdown byte while +1 is set.,467CA0,selected,arithmetic flags overwritten before use,467D20,2A610,,2141
467D25,objects,notyet,"test cl, cl",467CA0: the end test reads the old count (cl); between stock ticks take the not-yet path.,467CA0,selected,"its flags' one branch goes to 467D6B with ZF=OF=0, SF=0",467D20,2A610,,2142
469BE8,objects,srcblend,"mulss xmm1, xmm2",Camera mode 4697B0: z approaches its target by +260 a tick (an approach that speeds up: +260 grows 0.01 a tick to 0.3).,469840,selected,xmm5 dead after the site on every path; flags dead after,469BE4,2B260,xmm5,2196
469BEC,objects,lin,"addss xmm2, dword ptr [rip + 0x208e4c]",Camera mode 4697B0: the approach factor +260 grows by 0.01 a tick.,469840,selected,K*s = 0.01 at 672A40,slot 8328,,,
46BF18,objects,srcblend,"mulss xmm1, xmm3",Camera mode 46BCD0: z approaches its target by +260 a tick.,46BD80,selected,xmm5 dead after the site on every path; flags dead after,46BF14,2B470,xmm5,2205
46BF1C,objects,lin,"addss xmm3, dword ptr [rip + 0x206b1c]",Camera mode 46BCD0: +260 grows by 0.01 a tick up to 0.3.,46BD80,selected,K*s = 0.01 at 672A40,slot 8328,,,
46C792,objects,srcblend,"mulss xmm1, xmm2",Camera mode 46C370: z approaches its target by +260 a tick.,46C3EF,selected,xmm5 dead after the site on every path; flags dead after,46C78E,2B500,xmm5,2206
46C796,objects,lin,"addss xmm2, dword ptr [rip + 0x2062a2]",Camera mode 46C370: +260 grows by 0.01 a tick.,46C3EF,selected,K*s = 0.01 at 672A40,slot 8328,,,
4761B1,objects,count,inc byte ptr [rbx + 0x47c],"Camera 4760E0 (from 476B00): pace the count +47C of ticks the camera button is held (past 10, a long press).",4760E0,selected,arithmetic flags overwritten before use,4761B1,2B810,,2216
2A1073,actor,count,"mov word ptr [rbx + 0x13ba], ax",2A0F40 sub-state 3: pace the 150-tick countdown +13BA.,2A0F40,selected,arithmetic flags overwritten before use,2A1073,18040,,918
3179BA,human,count,dec ax,"Villager 317870 (from 317020, cHuman's update 305840): pace the countdown +14.",31796E,selected,arithmetic flags overwritten before use; load 3179AC and store 3179BD one field,3179BA,1D4E0,,1325
39F848,player,callblend,call 0x1802da570,"Weapon aim 39F770 (from 39E790, 39EAC0, 39EE30): the pitch +B0 approaches the angle to the player by 0.15 a tick within a limit of the slow-motion factor x the caller's rate.",39F770,selected,"call 2DA570; rel32 retargeted (5 bytes, no window)",call 306,3AC50,,1710
39F86F,player,callscale,call 0x1802ddf90,Weapon aim 39F770: the heading turns toward the player within the same limit.,39F770,selected,"call 2DDF90; rel32 retargeted (5 bytes, no window)",call 307,3ACC0,,1711
48AA86,menu,count,"addss xmm2, xmm7",Screen transition 48A920 (mode 3): pace the 6-tick count B65E9C (its ease B65EA0 is recomputed from it each pass).,48A920,selected,"a float step: skipped, it adds nothing; arithmetic flags overwritten before use",48AA86,2C9E0,,2306
48AD2C,menu,count,"addss xmm3, dword ptr [rip + 0x1e6ed4]","Screen transition 48AD20 (mode 2, from 48A830): pace the 6-tick count +1C (the slide +28 is recomputed from it).",48AD06,selected,"a float step: skipped, it adds nothing; arithmetic flags overwritten before use",48AD2C,2CA40,,2307
48DD9A,objects,srcblend,"divss xmm1, dword ptr [rip + 0x1e71b6]",48DCE0 (from 48EC20): +EC approaches its target by a third of the gap a tick.,48DD50,selected,xmm5 dead after the site on every path; flags dead after,48DD9A,2CB70,xmm5,2311
48F331,objects,count,dec word ptr [rcx + 0xe4],48F300 (from 48E9C0): pace the countdown +E4 while the player is farther than 400.,48F300,selected,arithmetic flags overwritten before use,48F331,2CCD0,,2314
48FF69,objects,count,"sub byte ptr [rdi + 0x159], 1",48FE70 (from 48ECA0): pace the 50-tick delay +159.,48FEF5,selected,countdown not finished: 48FF70 jne,48FF69,2CD30,,2315
49125A,objects,count,"mov word ptr [rbx + 0xe6], ax",491200 (from 48E9C0): pace the countdown +E6.,491200,selected,arithmetic flags overwritten before use,49125A,2CF60,,2321
491261,objects,notyet,"test cx, cx",491200: the end test reads the old count (cx); between stock ticks take the not-yet path.,491200,selected,"its flags' one branch goes to 491266 with ZF=OF=0, SF=0",491261,2CFC0,,2322
495F36,objects,count,"mov dword ptr [rbx + 0x94], eax",495E40: pace the 8-tick spawn period +94 (an effect each time it runs out).,495F2D,selected,arithmetic flags overwritten before use,495F36,2D0E0,,2325
495F3C,objects,notyet,"test ecx, ecx",495E40: the period test reads the old count (ecx); between stock ticks take the not-yet path.,495F2D,selected,"its flags' one branch goes to 495FAB with ZF=OF=0, SF=0",495F36,2D0E0,,2326
4D2644,objects,src,"subsd xmm0, qword ptr [rip + 0x1e24cc]","Map 103's script (4D2600, from 4D2280 and 4DBF90): an object's +D2C fades by 0.01 a tick, in doubles.",4D262A,selected,xmm5 dead after the site on every path; double literal 0.01 at 6B4B18,4D2644,2E790,xmm5,2388
4ABC08,human,lin,"addss xmm0, dword ptr [rip + 0x1ce004]",Villager 4ABA90 (from 30C780): +E14 turns by 15 degrees a tick while its motion time is under 30.,4ABA90,selected,K*s = 0.261799 at 679C14,slot 8434,,,
5015C7,objects,count,inc dword ptr [rax + 0x9c],"Map 109's script (501560, from 501660 and 5099D0): pace the 20-tick delay B6D788+9C before a free slot of five is filled.",501560,selected,arithmetic flags overwritten before use,5015C7,2ED90,,2416
5428AE,objects,count,"sub dword ptr [rax + 0x254], 1","Map 201's script (5427E0, from 547980): pace the 10-tick countdown B71D60+254.",5427E0,selected,countdown not finished: 5428B5 jne,5428AE,2F710,,2444
54447A,objects,count,"mov dword ptr [rdx + 0x258], eax","Map 201's script (5443F0, from 547980): pace the 90-tick countdown B71D60+258 (the js after it cannot fire: the jne before the subtraction keeps 0 away).",5443F0,selected,arithmetic flags overwritten before use,54447A,2F780,,2445
579B02,objects,count,inc dword ptr [rax + 4],Map 207's script (579220): pace its tick count B72F58+4 (an event at 600).,579470,selected,arithmetic flags overwritten before use,579B02,32970,,2606
58F5D5,objects,count,inc dword ptr [rax + 8],"Map 20F's script (58F4F0, from 58FC20): pace the tick count 7A8CB0+8 (a flicker every 2 ticks, events at 30 and 60).",58F4F0,selected,arithmetic flags overwritten before use,58F5CE,32C70,,2622
590FF5,objects,count,dec cl,"Map 301's script (590F10, from 5944E0): pace the countdown byte B73000+20.",590F57,selected,arithmetic flags overwritten before use; load 590FE5 and store 590FF7 one field,590FF5,32CD0,,2623
596BA2,objects,count,"mov byte ptr [rdx + 0x22], al","Map 302's script (596AF0, from 598670): pace the 50-tick sound period B73010+22.",596AF0,selected,arithmetic flags overwritten before use,596BA0,32D30,,2624
5971F6,objects,count,"mov byte ptr [rcx + 0x21], al","Map 302's script (597100, from 598670): pace the 90-tick sound period B73010+21.",597100,selected,arithmetic flags overwritten before use,5971F4,32D90,,2625
597AF0,objects,count,"mov byte ptr [rcx + 0x20], al","Map 302's script (597A30, from 598670): pace the 30-tick sound period B73010+20.",597A30,selected,arithmetic flags overwritten before use,597AEE,32DF0,,2626
59AC5B,objects,src,"addss xmm0, xmm7","Map 303's script (59ABA0, from 5A2620): an object's +D2C fades in by xmm7 a tick.",59ABC1,selected,xmm5 dead after the site on every path,59AC5B,32F00,xmm5,2629
5BCA47,objects,lin,"movss xmm0, dword ptr [rip + 0xc32fd]","A map script (5BC850, from the update 5C1760): the angle +10 turns toward its target by at most 0.0698 a tick: the lower limit (threshold and step).",5BC850,selected,K*s = -0.0698132 at 67FD4C,slot 8438,,,
5BCA54,objects,lin,"movss xmm0, dword ptr [rip + 0xbd1d8]",5BC850: the upper limit 0.0698.,5BC850,selected,K*s = 0.0698132 at 679C34,slot 82C0,,,
5C24A9,objects,lin,"movss xmm0, dword ptr [rip + 0xbd89b]","A map script (5C22D0, from the update 5C4300): the same turn's lower limit.",5C22D0,selected,K*s = -0.0698132 at 67FD4C,slot 8438,,,
5C24B6,objects,lin,"movss xmm0, dword ptr [rip + 0xb7776]",5C22D0: the upper limit.,5C22D0,selected,K*s = 0.0698132 at 679C34,slot 82C0,,,
622D84,objects,lin,"movss xmm7, dword ptr [rip + 0x54864]","A map script (622D00, from the update 622C40): the objects' +D2C fades in by 0.05 a tick.",622D4A,selected,K*s = 0.05 at 6775F0,slot 8310,,,
50B0B6,objects,count,"sub dword ptr [rbx + 0x3b54], 1",50AF10 (from 50D3C0): pace the countdown +3B54.,50AF10,selected,countdown not finished: 50B0BD jns,50B0B6,2EFD0,,2423
50B3EE,objects,count,"sub dword ptr [rbx + 0x3b54], 1",50B230 (from 50D3C0): pace the 120-tick countdown +3B54.,50B3EE,selected,countdown not finished: 50B3F5 jns,50B3EE,2F040,,2424
539CDA,objects,count,"sub dword ptr [rbx + 0x1078], 1",539C70 (state 2 of the state table 7C18A0): pace the countdown +1078.,539C70,selected,countdown not finished: 539CE1 jns,539CDA,2F6A0,,2443
5F81F0,objects,src,"addsd xmm0, xmm6","5F8190, a task whose wait(1) loop (5F820B) stays per tick (task_waits.h left it a poll): an object's +D2C fades in by xmm6 a pass, in doubles.",5F81B6,selected,xmm5 dead after the site on every path,5F81ED,36420,xmm5,2859
6000B6,menu,count,"mov word ptr [rdi + 0x18], ax",Menu 600040 (from 600FF0): pace the 450-tick idle count +18.,600040,selected,arithmetic flags overwritten before use,6000B3,36570,,2863
6000BA,menu,notyetneg,"cmp cx, r8w",Menu 600040: the limit test reads the old count (cx); between stock ticks take the not-yet path (jle).,600040,selected,"its flags' one branch goes to 600108 with ZF=OF=0, SF=1",6000BA,365D0,,2864
601C46,menu,count,inc byte ptr [rcx + 0x1b],Menu 601B70 (from 600FF0): pace the 8-tick count +1B.,601B70,selected,arithmetic flags overwritten before use,601C46,369E0,,2875
60216A,menu,count,"sub ecx, 0x10",Menu 601D50 (from 600FF0): pace the alpha byte +3B's fade by 0x10 a tick (the subtraction in ecx; between stock ticks the old value is stored back).,601D67,selected,countdown not finished: 60216D jns; a register loop counter,60216A,36B60,,2879
5BB5C7,objects,callscale,jmp 0x18020e130,"5BB550 (state 3 of 5BB270's object, from the update 5BB0F0, vt6BC160[8]): after its motion advance and a snap turn toward +E10 it walks 1.0 a tick forward by a tail jump into 20E130: scale the step at the jump.",5BB550,selected,"tail jmp 20E130; rel32 retargeted (5 bytes, no window)",call 394,3C070,,2675
1C8DA6,menu,count,inc eax,"HUD number slide 1C8D80, state 1 (sliding out): +48 += 1 a tick up to 10; the layout's position is (+3C, +38) blended by (+48 / 10)^k each tick, and the layout update 1B54E0 it calls still runs every tick",1C8D80,selected,arithmetic flags overwritten before use; load 1C8D9E and store 1C8DC5 one field,1C8DA1,F960,,219
1C8DC3,menu,count,dec eax,"HUD number slide 1C8D80, state 0 (sliding in): +48 -= 1 a tick down to 0",1C8D80,selected,arithmetic flags overwritten before use; load 1C8DBC and store 1C8DC5 one field,1C8DBF,FA20,,220
1C8DA1,menu,notyetneg,"cmp eax, 0xa","HUD number slide 1C8D80, state 1: `cmp +48, 10; jge` hides the number on the tick after +48 reaches 10; between stock ticks it reads ""below 10"" (jge falls through to the skipped inc), so the last position shows a whole stock tick as in stock",1C8D80,selected,"its flags' one branch goes to 1C8DA6 with ZF=OF=0, SF=1",1C8DA1,F960,,218
476805,objects,count,dec ax,Camera 4763F0: the mode transition's count +290 -= 1 a tick from +292 to 0,4763F0,selected,arithmetic flags overwritten before use; load 4767E9 and store 476808 one field,476803,2B870,,2217
47683D,objects,blendr,"minss xmm3, xmm1","Camera 4763F0: the transition's factor k = min(1, 0.04 + 0.96 (len - count) / len) blends the stored view (+1A0, +190, +1D0 field of view, +380) toward this tick's computed one, x = (1 - k) x + k target, every tick: with the count paced, k is 1 - (1 - k)^(1/N) between stock ticks; xmm7 = 1.0 (476607, callee-saved), so 1 - k follows at 476841",4763F0,selected,flags dead after the copy (476841 on); xmm5 dead after it,47683D,2B8D0,xmm5,2218
33DEF4,objects,zfirst,"movss xmm1, dword ptr [rip + 0x349a64]","cCarryObj 33DE40 float bob: the velocity's change -0.03 (above the rest height) is this tick's change to +E54: kept on the first tick of each stock period, 0 on the others",33DE40,selected,the step's next reader is its accumulation,33DEF4,1E8C0,,1401
33DEFE,objects,zfirst,"movss xmm1, dword ptr [rip + 0x349a52]","cCarryObj 33DE40 float bob: the change +0.03 (below the rest height), as 33DEF4",33DE40,selected,the step's next reader is its accumulation,33DEFE,1E8F0,,1402
33DF2C,objects,count,"mulss xmm1, dword ptr [rip + 0x33bd48]","cCarryObj 33DE40 float bob: the velocity's damping x 0.8 past +-0.4 runs before the move: kept on the first tick of each stock period, skipped on the others (the velocity is unchanged there, so the bound test repeats it otherwise)",33DE40,selected,a pre-move factor: kept on the first stock-period tick; arithmetic flags overwritten before use,33DF2C,1E920,,1403
33DF41,objects,src,"addss xmm0, dword ptr [rbx + 0xe54]","cCarryObj 33DE40 float bob: height += v a tick; v changes once a stock period, so the height passes through stock's values at every stock tick",33DE40,selected,xmm5 dead after the site on every path,33DF41,1E980,xmm5,1404
375FFA,objects,notyet,"cmp byte ptr [rcx + 0xe36], 0","vtca 375FF0: `cmp +E36, 0; jne`: between stock ticks the state's end (motion restart, state 0) waits, so it comes on a stock tick as in stock",375FF0,selected,"its flags' one branch goes to 3760BA with ZF=OF=0, SF=0",375FFA,1FA10,,1466
376136,objects,callgate,call 0x18044e470,"vtca 375FF0: the sound 44E470 at the +1070 values it plays on: with +1070 held between stock ticks, the call runs on stock ticks only, once per value",375FF0,selected,"call 44E470; rel32 retargeted (5 bytes, no window)",call 267,3A740,,1467
37613B,objects,count,dec byte ptr [rdi + 0xe36],vtca 375FF0: the state's countdown +E36 -= 1 a tick,375FF0,selected,arithmetic flags overwritten before use,37613B,1FA80,,1468
376141,objects,count,inc byte ptr [rdi + 0x1070],vtca 375FF0: the phase +1070 += 1 a tick (its sounds at fixed values),375FF0,selected,arithmetic flags overwritten before use,376141,1FAE0,,1469
4875AB,actor,pre,"addss xmm0, dword ptr [rbx + 0xb4]","cDogLikeHm 4873A0, +1230 = 0: heading +B4 += the spin +1204 a tick (xmm0 holds the spin, copied at 4875A8)",487458,selected,addss is commutative: the step in xmm0 is scaled first,4875AB,2C690,,2294
4875B8,actor,countlast,"divss xmm6, dword ptr [rip + 0x1ee484]","cDogLikeHm 4873A0: the spin +1204 /= 1.5 a tick after it turns the heading: on the last tick of each stock period only, so the heading gains the stock spin over each period",487458,selected,"a factor: skipped, the rate is kept; arithmetic flags overwritten before use",4875B8,2C6B0,,2295
4874B6,actor,lin,"movss xmm6, dword ptr [rip + 0x1ea946]","cDogLikeHm 4873A0, +1230 = 1: heading +B4 steps 0.1 a tick toward +1234 (wrapped) and snaps to it within 0.1; xmm6 is both the step and the snap's bound",487458,selected,K*s = 0.1 at 671E04,slot 843C,,,
4875FB,actor,count,"mov byte ptr [rbx + 0xe36], al","cDogLikeHm 4873A0: +E36 += 1 a tick, two sounds at 18 and 36, back to 0 at 37: the store is skipped between stock ticks (the wrap test reads the stored byte)",487458,selected,arithmetic flags overwritten before use,4875FB,2C710,,2296
48762A,actor,callgate,call 0x18044e3c0,"cDogLikeHm 4873A0: the sound at +E36 = 18 or 36: al holds the unstored count between stock ticks, so the call runs on stock ticks only",487605,selected,"call 44E3C0; rel32 retargeted (5 bytes, no window)",call 375,3BDE0,,2297
1D5937,actor,src,"addss xmm0, dword ptr [rsi + 0xe10]","an00 1D57B0 launch slide: position.x += +E10 a tick (the velocity's decay is decay_factors.h's, 1D596C)",1D5904,selected,xmm5 dead after the site on every path,1D5937,FFF0,xmm5,236
1D5952,actor,pre,"addss xmm0, dword ptr [rax + 8]","an00 1D57B0 launch slide: position.z += +E18 a tick (xmm0 holds +E18, loaded at 1D5943)",1D5904,selected,addss is commutative: the step in xmm0 is scaled first,1D5952,10020,,237
1D8C54,actor,pre,"addss xmm0, dword ptr [rax]","an01 1D8B20 launch slide: position.x += +E10 a tick (xmm0 holds +E10, loaded at 1D8C4C)",1D8C1D,selected,addss is commutative: the step in xmm0 is scaled first,1D8C54,100F0,,240
1D8C68,actor,src,"addss xmm0, dword ptr [rdi + 0xe18]",an01 1D8B20 launch slide: position.z += +E18 a tick,1D8C1D,selected,xmm5 dead after the site on every path,1D8C68,10110,xmm5,241
1DD1CE,actor,src,"addss xmm0, dword ptr [rdi + 0xe10]",an04 1DD060 slide (while +F48 <= 20): position.x += +E10 a tick,1DD142,selected,xmm5 dead after the site on every path,1DD1CE,10330,xmm5,248
1DD1E9,actor,pre,"addss xmm0, dword ptr [rax + 8]","an04 1DD060 slide: position.z += +E18 a tick (xmm0 holds +E18, loaded at 1DD1DA)",1DD142,selected,addss is commutative: the step in xmm0 is scaled first,1DD1E9,10360,,249
1E0884,actor,pre,"addss xmm0, dword ptr [rax]","an06/an08 1E0750 launch slide: position.x += +E10 a tick (xmm0 holds +E10, loaded at 1E087C)",1E084D,selected,addss is commutative: the step in xmm0 is scaled first,1E0884,10430,,252
1E0898,actor,src,"addss xmm0, dword ptr [rdi + 0xe18]",an06/an08 1E0750 launch slide: position.z += +E18 a tick,1E084D,selected,xmm5 dead after the site on every path,1E0898,10450,xmm5,253
1E36A5,actor,src,"addss xmm0, dword ptr [rdi + 0xe10]",an07 1E3550 slide (while +F48 <= 20): position.x += +E10 a tick,1E3635,selected,xmm5 dead after the site on every path,1E36A5,10530,xmm5,257
1E36C0,actor,pre,"addss xmm0, dword ptr [rax + 8]","an07 1E3550 slide: position.z += +E18 a tick (xmm0 holds +E18, loaded at 1E36B1)",1E3635,selected,addss is commutative: the step in xmm0 is scaled first,1E36C0,10560,,258
1E6E88,actor,pre,"addss xmm0, dword ptr [rax]","an09 1E6D20 launch slide: position.x += +E10 a tick (xmm0 holds +E10, loaded at 1E6E79)",1E6D20,selected,addss is commutative: the step in xmm0 is scaled first,1E6E88,10630,,263
1E6E9F,actor,pre,"addss xmm0, dword ptr [rax + 8]","an09 1E6D20 launch slide: position.z += +E18 a tick (xmm0 holds +E18, loaded at 1E6E90)",1E6D20,selected,addss is commutative: the step in xmm0 is scaled first,1E6E9F,10650,,264
1E9C87,actor,src,"addss xmm0, dword ptr [rsi + 0xe10]",an0b 1E9B00 launch slide: position.x += +E10 a tick,1E9C54,selected,xmm5 dead after the site on every path,1E9C87,10740,xmm5,268
1E9CA2,actor,pre,"addss xmm0, dword ptr [rax + 8]","an0b 1E9B00 launch slide: position.z += +E18 a tick (xmm0 holds +E18, loaded at 1E9C93)",1E9C54,selected,addss is commutative: the step in xmm0 is scaled first,1E9CA2,10770,,269
1ED0EE,actor,src,"addss xmm0, dword ptr [rsi + 0xe10]",an0c 1ECF50 launch slide: position.x += +E10 a tick,1ED0A4,selected,xmm5 dead after the site on every path,1ED0EE,10A40,xmm5,278
1ED109,actor,pre,"addss xmm0, dword ptr [rax + 8]","an0c 1ECF50 launch slide: position.z += +E18 a tick (xmm0 holds +E18, loaded at 1ED0FA)",1ED0A4,selected,addss is commutative: the step in xmm0 is scaled first,1ED109,10A70,,279
1EF942,actor,src,"addss xmm0, dword ptr [rsi + 0xe10]",an0d/an0e 1EF700 launch slide: position.x += +E10 a tick,1EF876,selected,xmm5 dead after the site on every path,1EF942,10C80,xmm5,288
1EF962,actor,pre,"addss xmm0, dword ptr [rax + 8]","an0d/an0e 1EF700 launch slide: position.z += +E18 a tick (xmm0 holds +E18, loaded at 1EF953)",1EF876,selected,addss is commutative: the step in xmm0 is scaled first,1EF962,10CB0,,289
1F09E7,actor,src,"addss xmm0, dword ptr [rsi + 0xe10]",an05/an18 1F07A0 launch slide: position.x += +E10 a tick,1F0918,selected,xmm5 dead after the site on every path,1F09E7,10D30,xmm5,291
1F0A07,actor,pre,"addss xmm0, dword ptr [rax + 8]","an05/an18 1F07A0 launch slide: position.z += +E18 a tick (xmm0 holds +E18, loaded at 1F09F8)",1F0918,selected,addss is commutative: the step in xmm0 is scaled first,1F0A07,10D60,,292
1F4770,actor,pre,"addss xmm0, dword ptr [rax]","an19 1F4610 launch slide: position.x += +E10 a tick (xmm0 holds +E10, loaded at 1F4761)",1F4610,selected,addss is commutative: the step in xmm0 is scaled first,1F4770,10D80,,293
1F4787,actor,pre,"addss xmm0, dword ptr [rax + 8]","an19 1F4610 launch slide: position.z += +E18 a tick (xmm0 holds +E18, loaded at 1F4778)",1F4610,selected,addss is commutative: the step in xmm0 is scaled first,1F4787,10DA0,,294
1F73EA,actor,src,"addss xmm0, dword ptr [rdi + 0xe10]",an1a 1F7290 slide (while +F48 <= 20): position.x += +E10 a tick,1F737A,selected,xmm5 dead after the site on every path,1F73EA,10E90,xmm5,299
1F7402,actor,src,"addss xmm0, dword ptr [rdi + 0xe18]",an1a 1F7290 slide: position.z += +E18 a tick,1F737A,selected,xmm5 dead after the site on every path,1F7402,10EC0,xmm5,300
1FA4A5,actor,src,"addss xmm0, dword ptr [rdi + 0xe10]","an1b 1FA390 slide: position.x += +E10 a tick (its decay 0.95, decay_factors.h)",1FA484,selected,xmm5 dead after the site on every path,1FA4A5,10EF0,xmm5,301
1FA4C0,actor,pre,"addss xmm0, dword ptr [rax + 8]","an1b 1FA390 slide: position.z += +E18 a tick (xmm0 holds +E18, loaded at 1FA4B1)",1FA484,selected,addss is commutative: the step in xmm0 is scaled first,1FA4C0,10F20,,302
1FDE05,actor,src,"addss xmm0, dword ptr [rdi + 0xe10]","an1f 1FDCF0 slide: position.x += +E10 a tick (its decay 0.95, decay_factors.h)",1FDDE4,selected,xmm5 dead after the site on every path,1FDE05,11010,xmm5,307
1FDE20,actor,pre,"addss xmm0, dword ptr [rax + 8]","an1f 1FDCF0 slide: position.z += +E18 a tick (xmm0 holds +E18, loaded at 1FDE11)",1FDDE4,selected,addss is commutative: the step in xmm0 is scaled first,1FDE20,11040,,308
1FE3F4,actor,pre,"addss xmm0, dword ptr [rax]","an02/an20 1FE2C0 launch slide: position.x += +E10 a tick (xmm0 holds +E10, loaded at 1FE3EC)",1FE3BD,selected,addss is commutative: the step in xmm0 is scaled first,1FE3F4,11060,,309
1FE408,actor,src,"addss xmm0, dword ptr [rdi + 0xe18]",an02/an20 1FE2C0 launch slide: position.z += +E18 a tick,1FE3BD,selected,xmm5 dead after the site on every path,1FE408,11080,xmm5,310
202DEB,actor,callscale,call 0x1802da410,knockback 202DC0: the forward step 2DA410 by the speed +E48 a tick (xmm1); +E48's 0.97 decay is decay_factors.h's (202DF8),202DC0,selected,"call 2DA410; rel32 retargeted (5 bytes, no window)",call 10,37AA0,,326
202E13,actor,src,"addss xmm0, dword ptr [rbx + 0xe10]",knockback 202DC0: position.x += +E10 a tick,202DC0,selected,xmm5 dead after the site on every path,202E13,11450,xmm5,327
202E2E,actor,pre,"addss xmm0, dword ptr [rax + 8]","knockback 202DC0: position.z += +E18 a tick (xmm0 holds +E18, loaded at 202E1F)",202DC0,selected,addss is commutative: the step in xmm0 is scaled first,202E2E,11480,,328
206279,actor,lin,"mulss xmm0, dword ptr [rip + 0x4739f3]",cAnimal 206000 slide on the ground: x += +E10 x 0.4 a tick,2061EA,selected,K*s = 0.4 at 679C74,slot 8430,,,
206291,actor,lin,"mulss xmm0, dword ptr [rip + 0x4739db]",cAnimal 206000 slide on the ground: z += +E18 x 0.4 a tick,2061EA,selected,K*s = 0.4 at 679C74,slot 8430,,,
20629B,actor,pre,"addss xmm0, dword ptr [rax]","cAnimal 206000 slide in the air: x += +E10 a tick (xmm0 holds +E10, loaded at 20626F; entered only from 206277's je)",2061EA,selected,addss is commutative: the step in xmm0 is scaled first,20629B,11920,,345
2062A3,actor,dst,"movss xmm0, dword ptr [rbx + 0xe18]","cAnimal 206000 slide in the air: +E18, z's step, scaled right after its load; the ground path joins after it at 2062AB with its own 0.4 x s",2061EA,selected,the step's next reader is its accumulation,2062A3,11940,,346
48573D,actor,src,"addss xmm0, dword ptr [rdi + 0xe10]",cDogLikeHm 485390: position.x += +E10 a tick while it turns toward its point (the velocity's 0.97 decay is decay_factors.h's),485390,selected,xmm5 dead after the site on every path,48573D,2C420,xmm5,2283
485758,actor,pre,"addss xmm0, dword ptr [rax + 8]","cDogLikeHm 485390: position.z += +E18 a tick (xmm0 holds +E18, loaded at 485749)",485390,selected,addss is commutative: the step in xmm0 is scaled first,485758,2C450,,2284
1D932E,actor,count,"mov dword ptr [rsi + 0x1170], eax",an01 1D9100 case 5: the countdown +1170 -= 1 a tick while far from its point: the store is skipped between stock ticks,1D9119,selected,arithmetic flags overwritten before use,1D932E,10140,,242
1D9334,actor,notyet,"test ecx, ecx","an01 1D9100 case 5: `test ecx, ecx; jne` on the countdown's old value: between stock ticks it reads ""not yet"", so the reload and the +E3C step come on a stock tick",1D9119,selected,"its flags' one branch goes to 1D940E with ZF=OF=0, SF=0",1D9334,101A0,,243
33C336,objects,pre,"addss xmm0, dword ptr [rax]","cBallObj 33C290 roll: position.x += +E20 a tick (xmm0 holds +E20, loaded at 33C31D)",33C290,selected,addss is commutative: the step in xmm0 is scaled first,33C336,1E580,,1390
33C34D,objects,pre,"addss xmm0, dword ptr [rax + 8]","cBallObj 33C290 roll: position.z += +E28 a tick (xmm0 holds +E28, loaded at 33C33E)",33C290,selected,addss is commutative: the step in xmm0 is scaled first,33C34D,1E5A0,,1391
33C3B8,objects,lin,"mulss xmm0, dword ptr [rip + 0x335ac0]","cBallObj 33C290 roll: the model's turn this tick, |v| x 2 pi / K (4BD280's angle), multiplied into its matrix",33C290,selected,K*s = 6.28319 at 671E80,slot 8440,,,
35C8CF,objects,pre,"addss xmm0, dword ptr [rax + 4]","objScroll 35C790 fall: position.y += +E10 a tick (xmm0 holds +E10, loaded at 35C8C0)",35C790,selected,addss is commutative: the step in xmm0 is scaled first,35C8CF,1EFF0,,1430
35D001,objects,src,"addss xmm0, dword ptr [rdi + 0xe24]",objScroll 35CC30 fall: position.y += +E24 a tick,35CC30,selected,xmm5 dead after the site on every path,35D001,1F010,xmm5,1431
35D21A,objects,src,"addss xmm0, dword ptr [rdi + 0xe20]",objScroll 35D0E0 fall: position.y += +E20 a tick,35D0E0,selected,xmm5 dead after the site on every path,35D21A,1F040,xmm5,1432
35D456,objects,src,"addss xmm0, dword ptr [rdi + 0xe24]",objScroll 35D0E0 fall: position.y += +E24 a tick,35D0E0,selected,xmm5 dead after the site on every path,35D456,1F070,xmm5,1433
3934FC,objects,zfirst,"mulss xmm1, xmm8","wp20 0x624 part 1: the spring's pull on the spin +1C68, joint x 0.05: kept on the first tick of each stock period, 0 on the others",3933C4,selected,"the step's next reader adds or subtracts it into another register, and xmm1 is dead after",3934FC,21350,,1618
39352F,objects,pre,"addss xmm0, dword ptr [rax + 0xe4]","wp20 0x624 part 1: joint += spin +1C68 a tick (xmm0 holds +1C68, loaded at 39351F)",3933C4,selected,addss is commutative: the step in xmm0 is scaled first,39352F,21380,,1619
3935A8,objects,zfirst,"mulss xmm1, xmm8","wp20 0x624 part 2: the pull on the spin +1C6C, as 3934FC",3933C4,selected,"the step's next reader adds or subtracts it into another register, and xmm1 is dead after",3935A8,213A0,,1620
3935D9,objects,pre,"addss xmm0, dword ptr [rax + 0xe4]","wp20 0x624 part 2: joint += spin +1C6C a tick (xmm0 holds +1C6C, loaded at 3935CB)",3933C4,selected,addss is commutative: the step in xmm0 is scaled first,3935D9,213D0,,1621
22E704,objects,zfirst,"mulss xmm1, xmm8","utbd 22E430 part 1: the spring's pull on the spin +1104, joint x 0.05: kept on the first tick of each stock period",22E458,selected,"the step's next reader adds or subtracts it into another register, and xmm1 is dead after",22E704,136C0,,432
22E737,objects,src,"addss xmm0, dword ptr [rsi + 0x1104]",utbd 22E430 part 1: joint += spin +1104 a tick,22E458,selected,xmm5 dead after the site on every path,22E737,136F0,xmm5,433
22E7B0,objects,zfirst,"mulss xmm1, xmm8","utbd 22E430 part 2: the pull on the spin +1108, as 22E704",22E458,selected,"the step's next reader adds or subtracts it into another register, and xmm1 is dead after",22E7B0,13720,,434
22E7DE,objects,src,"addss xmm0, dword ptr [rsi + 0x1108]",utbd 22E430 part 2: joint += spin +1108 a tick,22E458,selected,xmm5 dead after the site on every path,22E7DE,13750,xmm5,435
22E5B8,objects,src,"addss xmm1, xmm8",utbd 22E430 state 3: the scale +C0 += 0.05 a tick up to 0.7,22E458,selected,xmm5 dead after the site on every path,22E5B8,135D0,xmm5,428
22E5BD,objects,src,"addss xmm0, xmm8",utbd 22E430 state 3: the scale +C8 += 0.05 a tick up to 0.7,22E458,selected,xmm5 dead after the site on every path,22E5BD,135F0,xmm5,429
22E60F,objects,count,"mov byte ptr [rdi + 0xe36], al",utbd 22E430 state 5: the countdown +E36 -= 1 a tick: the store is skipped between stock ticks,22E458,selected,arithmetic flags overwritten before use,22E60F,13610,,430
22E615,objects,notyet,"test cl, cl","utbd 22E430 state 5: `test cl, cl; jne` on the countdown's old value: between stock ticks ""not yet"", so state 6 starts on a stock tick",22E458,selected,"its flags' one branch goes to 22E673 with ZF=OF=0, SF=0",22E60F,13610,,431
38F741,objects,pre,"addss xmm0, dword ptr [rax]","wp1c 38F400: position.x += +E20 a tick (xmm0 holds +E20, loaded at 38F734); +E20's acceleration is a world row (38F714) and its 0.94 decay decay_factors.h's",38F6E7,selected,addss is commutative: the step in xmm0 is scaled first,38F741,20FF0,,1598
38F75B,objects,pre,"addss xmm0, dword ptr [rax + 8]","wp1c 38F400: position.z += +E28 a tick (xmm0 holds +E28, loaded at 38F74C)",38F6E7,selected,addss is commutative: the step in xmm0 is scaled first,38F75B,21010,,1599
3B209E,player,pre,"addss xmm0, dword ptr [rax]","pl00 state 0 3B18D0: position.x += +10A0 a tick (xmm0 holds +10A0, loaded at 3B2096); its 0.98 decay is decay_factors.h's",3B205A,selected,addss is commutative: the step in xmm0 is scaled first,3B209E,24740,,1821
3B20B5,player,pre,"addss xmm0, dword ptr [rax + 8]","pl00 state 0 3B18D0: position.z += +10A8 a tick (xmm0 holds +10A8, loaded at 3B20A6)",3B205A,selected,addss is commutative: the step in xmm0 is scaled first,3B20B5,24760,,1822
3B297F,player,pre,"addss xmm0, dword ptr [rax]","pl00 state 1 3B2620: position.x += +10A0 a tick (xmm0 holds +10A0, loaded at 3B2977)",3B2620,selected,addss is commutative: the step in xmm0 is scaled first,3B297F,24810,,1827
3B2993,player,src,"addss xmm0, dword ptr [rdi + 0x10a8]",pl00 state 1 3B2620: position.z += +10A8 a tick,3B2620,selected,xmm5 dead after the site on every path,3B2993,24830,xmm5,1828
1EC414,actor,count,"mov dword ptr [rdi + 0x1170], eax",an0b 1EC2C0: the wander countdown +1170 -= 1 a tick: the store is skipped between stock ticks,1EC3C7,selected,arithmetic flags overwritten before use,1EC414,108C0,,274
1EC41A,actor,notyet,"test ecx, ecx","an0b 1EC2C0: `test ecx, ecx; jne` on the countdown's old value: between stock ticks ""not yet"", so the new point is picked on a stock tick",1EC3C7,selected,"its flags' one branch goes to 1EC48D with ZF=OF=0, SF=0",1EC414,108C0,,275
20981F,objects,pre,"addss xmm0, dword ptr [rax + 4]","cKiType 2097C0 state 2 (a thrown or knocked object's fall): position.y += +E54 a tick (xmm0 holds +E54, just stored); its gravity 0.6 is phase_steps.h's (209808)",2097C0,selected,addss is commutative: the step in xmm0 is scaled first,20981F,11A20,,349
214059,objects,count,"sub eax, 1","ut04 213FB0 state 2: the countdown +111C -= 1 a tick (from 10): a skipped tick reads ""not finished"", as stock between its ticks",213FB0,selected,countdown not finished: 214062 je; load 21402E and store 21405C one field,214059,11BD0,,356
20C798,actor,count,"mov byte ptr [rbx + 0xd79], al",slot 1 of 780 actor classes (20C620): the fade-in byte +D79 += 25 a tick up to 255: the store is skipped between stock ticks,20C620,selected,arithmetic flags overwritten before use,20C798,11A90,,351
21E98A,objects,count,"sub dword ptr [rbx + 0x13f0], ecx","21E850 state 3: the wait +13F0 -= 1 a tick (ecx is 1: `cmp ecx, 1; jne` just before); a skipped tick reads ""not finished"" for the jns",21E850,selected,countdown not finished: 21E990 jns,21E98A,12460,,379
21EA1E,objects,count,"sub dword ptr [rbx + 0x13f0], 1",21E850 state 1: the wait +13F0 -= 1 a tick,21E850,selected,countdown not finished: 21EA25 jns,21EA1E,124C0,,380
21ED02,objects,count,"sub dword ptr [rbx + 0x13f0], edx","21EBD0 state 3: the wait +13F0 -= 1 a tick (edx is 1: `cmp edx, 1; jne` just before)",21EBD0,selected,countdown not finished: 21ED08 jns,21ED02,12530,,381
21F0C2,objects,count,"sub dword ptr [rbx + 0x13f0], ecx","21EF90 state 3: the wait +13F0 -= 1 a tick (ecx is 1: `cmp ecx, 1; jne` just before)",21EF90,selected,countdown not finished: 21F0C8 jns,21F0C2,125F0,,383
22F83E,objects,src,"addss xmm0, dword ptr [rcx + 0x1094]","utcb 22F820: position.y += +1094 a tick, the speed growing by 0.5 a tick to 9.5 (phase_steps.h, 22F86A)",22F820,selected,xmm5 dead after the site on every path,22F83E,13850,xmm5,439
22F848,objects,src,"subss xmm0, dword ptr [rcx + 0x1094]",utcb 22F820: position.y -= +1094 a tick (the other direction),22F820,selected,xmm5 dead after the site on every path,22F848,13880,xmm5,440
241296,actor,count,"mov byte ptr [rdi + 0x1136], al","em00..em03 update (241180): the slot-8 effect spawner +1136 += 1 a tick, at 2 an effect and 0 (as em05's 25141C)",241239,selected,arithmetic flags overwritten before use,241296,14700,,485
2412E8,actor,count,inc word ptr [rdi + 0x12b6],em00..em03 update (241180): +12B6 counts the ticks it spends more than 20 below its target's height,241239,selected,arithmetic flags overwritten before use,2412E8,14790,,487
256255,actor,pre,"addss xmm0, dword ptr [rax + 8]","255ED0: position.z += +E18 a tick (xmm0 holds +E18, loaded at 256246); x approaches its point through the blend literal 256222",255EEB,selected,addss is commutative: the step in xmm0 is scaled first,256255,15160,,591
2313BE,objects,count,"mov byte ptr [rbx + 0x1630], al",utd7 231200: the cooldown +1630 -= 1 a tick while not 0 (at 0 the check 2DC7B0 runs and may reload it): the store is skipped between stock ticks,231200,selected,arithmetic flags overwritten before use,2313BE,13A60,,447
25E535,actor,lin,"addss xmm0, dword ptr [rip + 0x4138d7]",em12 25E4C0: the orbit radius +1384 += 2 a tick up to 150 + 22 x +1146,25E4C0,selected,K*s = 2 at 671E14,slot 8150,,,
272F5A,actor,lin,"subss xmm1, dword ptr [rip + 0x406a52]",em27/em29 272EC0: the orbit radius +1414 -= 4 a tick down to 0 (its growth by 2 is the world literal 272F12),272EC0,selected,K*s = 4 at 6799B4,slot 81A4,,,
27881C,actor,count,"mov word ptr [rsi + 0xe3e], ax",em2b 278590: +E3E -= 1 a tick while above 0 (at 0 an effect and a reload to 1: one every other tick): the store is skipped between stock ticks,278811,selected,arithmetic flags overwritten before use,27881C,16460,,744
2787CB,actor,notyet,"test ax, ax","em2b 278590: `test ax, ax; jg` on +E3E: between stock ticks ""above 0"", so the effect and its reload come on stock ticks",2787A9,selected,"its flags' one branch goes to 278811 with ZF=OF=0, SF=0",2787CB,163F0,,743
286B86,actor,pre,"addss xmm0, dword ptr [r14 + 0x11c0]","em3d 2865B0: the clock +11C0 += speed (+1080) a tick (xmm0 holds the speed, copied at 286B83)",286AB4,selected,addss is commutative: the step in xmm0 is scaled first,286B86,16EE0,,800
286BB2,actor,pre,"addss xmm0, dword ptr [rbx + 4]",em3d 2865B0: position.y += sin(+1258) x 0.7 x speed a tick (xmm0 holds that step); the phase +1258's step is the world step row 286BBC,286AB4,selected,addss is commutative: the step in xmm0 is scaled first,286BB2,16F00,,801
28D254,actor,lin,"addss xmm1, dword ptr [rip + 0x3e4bb8]",em4d/em4e/em50 28D1A0: position.y += 2 a tick while below +E50 + 55 (the rise before its bob),28D1A0,selected,K*s = 2 at 671E14,slot 8150,,,
28D72D,actor,lin,"addss xmm1, dword ptr [rip + 0x3e46df]","em4d/em4e 28D320: the same rise, y += 2 a tick",28D67F,selected,K*s = 2 at 671E14,slot 8150,,,
2911FA,actor,lin,"addss xmm1, dword ptr [rip + 0x3e0c12]","em50 290EC0: the same rise, y += 2 a tick",29113C,selected,K*s = 2 at 671E14,slot 8150,,,
29D454,actor,src,"subss xmm1, xmm0",em56 29D3B0: position.y -= 2 x speed (+1080) a tick while above its floor (xmm0 holds 2 x speed),29D330,selected,xmm5 dead after the site on every path,29D450,17D80,xmm5,905
29D4C2,actor,src,"addss xmm1, dword ptr [rcx + 0x1080]",em56 29D3B0: position.y += speed (+1080) a tick while below its ceiling,29D330,selected,xmm5 dead after the site on every path,29D4C2,17DD0,xmm5,907
2A4E49,actor,count,dec ax,29F770's state 2A4BA0: the wait +E3C -= 1 a tick while not 0 (at 0 the state ends): skipped between stock ticks,2A4BA0,selected,arithmetic flags overwritten before use; load 2A4E2E and store 2A4E4C one field,2A4E49,182B0,,948
2A4E35,actor,notyet,"test ax, ax","29F770's state 2A4BA0: `test ax, ax; jne` on +E3C: between stock ticks ""not 0"", so the state ends on a stock tick",2A4BA0,selected,"its flags' one branch goes to 2A4E49 with ZF=OF=0, SF=0",2A4E35,18240,,947
2D49A4,actor,pre,"addss xmm2, dword ptr [rbx + 0x11a4]",em6a 2D48E0: the glow +11A4 += |sin(+11A0) x 8| a tick up to 255 (xmm2 holds that step),2D48E0,selected,addss is commutative: the step in xmm2 is scaled first,2D49A4,19C10,,1136
2D9192,actor,scaledadd,call qword ptr [rip + 0x397c68],em8f 2D90E0 case 3 (dying): position += the velocity +E10..+E18 a tick (cVec::operator+=),2D90E0,selected,calls cVec::operator+=,2D9192,1AAF0,,1200
2D92E2,actor,scaledadd,call qword ptr [rip + 0x397b18],em8f 2D90E0 case 1: position += the velocity a tick,2D92CC,selected,calls cVec::operator+=,2D92E2,1AC10,,1203
2D91B0,actor,countlast,"mulss xmm1, dword ptr [rip + 0x3a0fac]","em8f 2D90E0 case 3: the horizontal velocity +E10 x -0.4 a tick (a shake that dies out): on the last tick of each stock period only, so it flips once a stock tick",2D90E0,selected,"a factor: skipped, the rate is kept; arithmetic flags overwritten before use",2D91B0,1AB50,,1201
2D91C8,actor,countlast,"mulss xmm0, dword ptr [rip + 0x3a0f94]","em8f 2D90E0 case 3: +E18 x -0.4, as 2D91B0",2D90E0,selected,"a factor: skipped, the rate is kept; arithmetic flags overwritten before use",2D91C8,1ABB0,,1202
2D9300,actor,countlast,"mulss xmm1, dword ptr [rip + 0x3a0e5c]","em8f 2D90E0 case 1: +E10 x -0.4, as 2D91B0",2D92CC,selected,"a factor: skipped, the rate is kept; arithmetic flags overwritten before use",2D9300,1AC70,,1204
2D9318,actor,countlast,"mulss xmm0, dword ptr [rip + 0x3a0e44]","em8f 2D90E0 case 1: +E18 x -0.4, as 2D91B0",2D92CC,selected,"a factor: skipped, the rate is kept; arithmetic flags overwritten before use",2D9318,1ACD0,,1205
2D917B,actor,lin,"subss xmm0, dword ptr [rip + 0x3a0b4d]",em8f 2D90E0 case 3: the alpha +D2C -= 0.015 a tick until it is gone,2D90E0,selected,K*s = 0.015 at 679CD0,slot 8364,,,
2D9666,actor,srcblend,"mulss xmm0, dword ptr [rdi + 0x1238]","em8f 2D9460: y approaches its hover height (sin x 12 + floor + 30) by +1238 a tick, a factor that grows by 0.05 a tick (phase_steps.h)",2D9595,selected,xmm5 dead after the site on every path; flags dead after,2D9666,1ADF0,xmm5,1208
2D96FC,actor,blend,"mulss xmm0, dword ptr [rip + 0x39deec]",em8f 2D9460: y approaches sin x 6 + floor + 20 by 0.05 a tick,2D9595,selected,1-(1-K)^s = 0.05 at 6775F0,slot 81FC,,,
2D9A6D,actor,blend,"mulss xmm0, dword ptr [rip + 0x39db7b]",em8f 2D9940: y approaches sin x 3 + floor + 20 by 0.05 a tick,2D9940,selected,1-(1-K)^s = 0.05 at 6775F0,slot 81FC,,,
2D9AC6,actor,srcblend,"mulss xmm0, dword ptr [rdi + 0xe20]","em8f 2D9940: x approaches its target's x by +E20 a tick (+E20 grows by 0.02 a tick, phase_steps.h)",2D9940,selected,xmm5 dead after the site on every path; flags dead after,2D9AC6,1AFA0,xmm5,1214
2D9AEF,actor,srcblend,"mulss xmm1, dword ptr [rdi + 0xe20]",em8f 2D9940: y approaches its target's y + 28 by +E20 a tick,2D9940,selected,xmm5 dead after the site on every path; flags dead after,2D9AEF,1B030,xmm5,1215
2D9B19,actor,srcblend,"mulss xmm0, dword ptr [rdi + 0xe20]",em8f 2D9940: z approaches its target's z by +E20 a tick,2D9940,selected,xmm5 dead after the site on every path; flags dead after,2D9B19,1B0C0,xmm5,1216
2D9B73,actor,blend,"mulss xmm1, dword ptr [rip + 0x398db1]",em8f 2D9940: the alpha +D2C approaches 0.3 by 0.2 a tick,2D9940,selected,1-(1-K)^s = 0.2 at 67292C,slot 8198,,,
2D9B89,actor,blend,"mulss xmm1, dword ptr [rip + 0x398273]",em8f 2D9940: the alpha +D2C approaches 0.6 by 0.1 a tick,2D9940,selected,1-(1-K)^s = 0.1 at 671E04,slot 8168,,,
2D9CBD,actor,blend,"mulss xmm6, dword ptr [rip + 0x398c67]",em8f 2D9C00 state 2: the alpha +D2C approaches 1 by 0.2 a tick,2D9C00,selected,1-(1-K)^s = 0.2 at 67292C,slot 8198,,,
2D9CDE,actor,blend,"mulss xmm1, dword ptr [rip + 0x39811e]",em8f 2D9C00 state 2: y approaches the floor +E50 by 0.1 a tick,2D9C00,selected,1-(1-K)^s = 0.1 at 671E04,slot 8168,,,
2E2703,objects,lin,"movss xmm1, dword ptr [rip + 0x4bd955]","et07 2E25B0: material 1's U += -0.002583 a tick (a .data constant, 7A0060), wrapped into -1..1",2E25CE,selected,K*s = -0.00258333 at 7A0060,slot 8444,,,
2E2D60,objects,count,"mov word ptr [rbx + 0xe3c], cx",et07 2E2BE0 case 1: the fade-in count +E3C -= 1 a tick from 15 (alpha = (15 - it) / 15): the store is skipped between stock ticks,2E2D51,selected,arithmetic flags overwritten before use,2E2D60,1B320,,1222
2E39FF,objects,src,"subss xmm0, dword ptr [rcx + rsi + 0x7a0084]",et08 2E36F0 case 4: submodel 1 sinks by the .data table's step a tick (7A0084 + 0x1C x +1C7) until it is at 0,2E389C,selected,xmm5 dead after the site on every path,2E39FF,1B3C0,xmm5,1225
2E555B,objects,count,"sub dword ptr [rdi + 0x112c], 1",et0f 2E5330: +112C -= 1 a tick from 150 while it closes in; below 0 its speed rises to 9,2E54C3,selected,countdown not finished: 2E5562 jns,2E555B,1B590,,1231
2E6D13,objects,count,dec dword ptr [rbx + 0x1080],et12 2E6C80: the wait +1080 -= 1 a tick from 60,2E6C80,selected,arithmetic flags overwritten before use,2E6D13,1B660,,1233
2E6D19,objects,notyet,"cmp dword ptr [rbx + 0x1080], 0","et12 2E6C80: `cmp +1080, 0; jg`: between stock ticks ""above 0"", so the state's step comes on a stock tick",2E6C80,selected,"its flags' one branch goes to 2E6D28 with ZF=OF=0, SF=0",2E6D19,1B6C0,,1234
2E84C2,objects,lin,"movss xmm0, dword ptr [rip + 0x4b7cfa]","et24 2E83E0: the phase +1088 += 0.0005 a tick (a .data constant, 7A01C4), wrapped",2E83E0,selected,K*s = 0.0005 at 7A01C4,slot 8448,,,
2EA9B1,objects,lin,"subss xmm0, dword ptr [rip + 0x38744f]",et2e 2EA790: position.y -= 0.5 a tick as it sinks,2EA790,selected,K*s = 0.5 at 671E08,slot 8370,,,
2F2E38,objects,src,"subsd xmm0, qword ptr [rip + 0x385690]",et6b 2F2970 case 8: the alpha +D2C -= a double constant (6784D0) a tick down to 0 while +1080 counts 30,2F2C69,selected,xmm5 dead after the site on every path; double literal 0.1 at 6784D0,2F2E38,1BE20,xmm5,1259
307619,objects,srcblend,"divss xmm6, xmm0","307110's 307340: x moves (target - x) / (+E3C + 1) a tick, +E3C paced by action_timers.h: the divisor's blend, so x passes stock's values at its stock ticks and lands when +E3C is 0",307340,selected,xmm5 dead after the site on every path; flags dead after,307616,1CBA0,xmm5,1299
307642,objects,srcblend,"divss xmm2, xmm0",307110's 307340: z the same (xmm0 holds +E3C + 1),307340,selected,xmm5 dead after the site on every path; flags dead after,30763F,1CC50,xmm5,1300
314DB2,human,count,"mov word ptr [rbx + 0x1328], ax",cHumanSpa/hm0a/hm0b/hm5d 314B60: the countdown +1328 -= 1 a tick while not 0: the store is skipped between stock ticks,314B60,selected,arithmetic flags overwritten before use,314DB2,1D120,,1317
314DC6,human,count,"mov byte ptr [rbx + 0x1327], al",314B60: the countdown +1327 -= 1 a tick while not 0,314B60,selected,arithmetic flags overwritten before use,314DC6,1D180,,1318
314DD9,human,count,"mov byte ptr [rbx + 0x132c], al",314B60: the countdown +132C -= 1 a tick while not 0,314B60,selected,arithmetic flags overwritten before use,314DD9,1D1E0,,1319
31606F,objects,blend,"mulss xmm1, dword ptr [rip + 0x35bd8d]",314B60's 315E60: x approaches its submodel's x by 0.1 a tick,31604C,selected,1-(1-K)^s = 0.1 at 671E04,slot 82B0,,,
3160C1,objects,src,"addss xmm0, dword ptr [rbx + 0xe14]","314B60's 315E60: y += +E14 a tick, a rise speed growing by 0.5 a tick to 1.5 (phase_steps.h, 316099)",31604C,selected,xmm5 dead after the site on every path,3160C1,1D450,xmm5,1323
327724,human,count,inc dword ptr [rbx + 0x1450],"hm3c 327400: the material flipbook's tick +1450 += 1 a tick (frames at +1450 / 5 and / 3, mod 31)",327400,selected,arithmetic flags overwritten before use,327724,1DB40,,1345
33ACCF,objects,pre,"addss xmm0, dword ptr [rbx + 0xe54]","cBallObj 33ABC0: the vertical velocity +E54 += +112C a tick while 4643B0 holds (xmm0 holds +112C, loaded at 33ACC7); +E54 is in a stock tick's units (srcx 33B052 scales its add to y)",33ACA4,selected,addss is commutative: the step in xmm0 is scaled first,33ACCF,1E0B0,,1364
3421C9,objects,blend,"movss xmm4, dword ptr [rip + 0x33385f]",cEnemyObj 341F10: material 4's colour (+50/+54/+58) approaches its target by 0.3 a tick (xmm4 is only that factor),341F10,selected,1-(1-K)^s = 0.3 at 675A30,slot 82A4,,,
342537,objects,blend,"movss xmm4, dword ptr [rip + 0x3334f1]",cEnemyObj 3423D0: material 4's colour approaches its target by 0.3 a tick (xmm4 is only that factor),34246C,selected,1-(1-K)^s = 0.3 at 675A30,slot 82A4,,,
36884E,objects,pre,"addss xmm0, dword ptr [rax + 4]","cKiType014/vt4a..4c 368790: position.y += +E54 a tick (xmm0 holds +E54, just stored); its gravity 0.6 is phase_steps.h's",368790,selected,addss is commutative: the step in xmm0 is scaled first,36884E,1F610,,1452
3690F6,objects,pre,"addss xmm0, dword ptr [rax + 4]","cKiType017 369090: position.y += +E54 a tick, as 36884E",369090,selected,addss is commutative: the step in xmm0 is scaled first,3690F6,1F690,,1454
369AD6,objects,pre,"addss xmm0, dword ptr [rax + 4]","cKiType018/vt53 369A70: position.y += +E54 a tick, as 36884E",369A70,selected,addss is commutative: the step in xmm0 is scaled first,369AD6,1F710,,1456
36AACC,objects,pre,"addss xmm1, dword ptr [rax + 4]","cKiType023/vt4f 36AA30: position.y += +E54 a tick (xmm1 holds +E54, just stored); its gravity 0.2 is phase_steps.h's",36AA30,selected,addss is commutative: the step in xmm1 is scaled first,36AACC,1F790,,1458
371F0E,objects,scaledadd,call qword ptr [rip + 0x2feeec],"vt29 371DE0: position += a turned (0, +E2C, K) a tick (cVec::operator+=)",371E70,selected,calls cVec::operator+=,371F0E,1F9B0,,1465
371F1C,objects,lin,"subss xmm0, dword ptr [rip + 0x307ce8]",vt29 371DE0: its roll +B8 -= 10 degrees a tick,371E70,selected,K*s = 0.174533 at 679C0C,slot 82BC,,,
38C2E2,player,lin,"addss xmm0, dword ptr [rip + 0x2f221a]",wp11 38C160 state 1: its spin +1078 += 20 degrees a tick,38C160,selected,K*s = 0.349066 at 67E504,slot 844C,,,
38DBBA,player,src,"addss xmm0, dword ptr [rbx + 0xe20]","wp1a 38DB30: position.x += +E20 a tick (its 0.95 decay is decay_factors.h's, 38DBE7)",38DB30,selected,xmm5 dead after the site on every path,38DBBA,20CE0,xmm5,1576
38DBD2,player,src,"addss xmm0, dword ptr [rbx + 0xe28]",wp1a 38DB30: position.z += +E28 a tick,38DB30,selected,xmm5 dead after the site on every path,38DBD2,20D10,xmm5,1577
38DD7E,player,pre,"addss xmm0, dword ptr [rax]","wp1a 38DCB0: position.x += +E20 a tick (xmm0 holds +E20, loaded at 38DD67)",38DD13,selected,addss is commutative: the step in xmm0 is scaled first,38DD7E,20D40,,1578
38DD95,player,pre,"addss xmm0, dword ptr [rax + 8]","wp1a 38DCB0: position.z += +E28 a tick (xmm0 holds +E28, loaded at 38DD86)",38DD13,selected,addss is commutative: the step in xmm0 is scaled first,38DD95,20D60,,1579
390309,player,lin,"addss xmm0, dword ptr [rip + 0x2e993b]",wp1d 390110: its spin +B0 += 30 degrees a tick,390110,selected,K*s = 0.523599 at 679C4C,slot 824C,,,
392A55,player,lin,"movss xmm1, dword ptr [rip + 0x41513f]","wp1e 392990: material 1's U += -0.002583 a tick (a .data constant, 7A7B9C), wrapped into -1..1",3929AE,selected,K*s = -0.00258333 at 7A7B9C,slot 8450,,,
392E3F,player,count,"mov word ptr [rbx + 0xe3c], cx",wp1e 392D00 case 1: the fade-in count +E3C -= 1 a tick from 15: the store is skipped between stock ticks,392E30,selected,arithmetic flags overwritten before use,392E3F,211B0,,1611
3930CE,objects,count,"mov byte ptr [rdi], al",392FE0 case 5 (a part's grow-in helper): its counter (param 4) -= 1 a tick from 5: the store is skipped between stock ticks,392FE0,selected,arithmetic flags overwritten before use,3930CB,21210,,1612
3930D0,objects,notyet,"test cl, cl","392FE0 case 5: `test cl, cl; jne` on the counter's old value: between stock ticks ""not yet"", so case 6 starts on a stock tick",392FE0,selected,"its flags' one branch goes to 39312D with ZF=OF=0, SF=0",3930CB,21210,,1613
396F8E,objects,count,"mov byte ptr [rdi], al",396EA0 case 5 (the same helper's copy): the counter -= 1 a tick from 5,396EA0,selected,arithmetic flags overwritten before use,396F8B,213F0,,1622
396F90,objects,notyet,"test cl, cl",396EA0 case 5: as 3930D0,396EA0,selected,"its flags' one branch goes to 396FED with ZF=OF=0, SF=0",396F8B,213F0,,1623
39B092,player,count,"sub word ptr [rdi + 0x10f8], 1","wp47 39AEB0: the repeat timer +10F8 -= 1 a tick, reloaded when it goes below 0",39AEB0,selected,countdown not finished: 39B09A jns,39B092,22450,,1689
39B2B0,player,count,"sub word ptr [rdi + 0x10f8], 1","wp47 39B170: the repeat timer +10F8 -= 1 a tick, as 39B092",39B170,selected,countdown not finished: 39B2B8 jns,39B2B0,224C0,,1690
39DE46,player,lin,"addss xmm0, dword ptr [rip + 0x2dbdfe]","wp4c 39DDB0 state 1: its spin +B0 += 30 degrees a tick (+ a random 0..20, 39DE4E)",39DE31,selected,K*s = 0.523599 at 679C4C,slot 824C,,,
39DE4E,player,lin,"mulss xmm1, dword ptr [rip + 0x2e06ae]","wp4c 39DDB0 state 1: the spin's random part, x 20 degrees a tick",39DE31,selected,K*s = 0.349066 at 67E504,slot 844C,,,
39DE7A,player,callscale,call 0x1802da460,wp4c 39DDB0 state 1: the forward step 2DA460 by 5 a tick (xmm1),39DE31,selected,"call 2DA460; rel32 retargeted (5 bytes, no window)",call 303,3ABF0,,1703
3A0440,player,dst,"movaps xmm6, xmm0","wp55 3A0410: xmm6 keeps the slow-motion factor (23AD90) as its dt: its readers are the countdown +1108 -= dt (3A05F2) and the forward step dt x speed (3A062E, 2DA410), each a tick's step",3A0410,selected,"a callee-saved copy of 23AD90's return (the call at 3A0434), the function's per-tick dt",3A0440,22710,,1716
3A789A,player,pre,"addss xmm0, dword ptr [rbx + 0xe54]","pl00 3A75C0: +E54 += +10A4 a tick while +10A4 > 0, the push's vertical part (xmm0 holds +10A4, loaded at 3A788D)",3A75C0,selected,addss is commutative: the step in xmm0 is scaled first,3A789A,235D0,,1770
3A78B3,player,pre,"addss xmm0, dword ptr [rax + 4]",pl00 3A75C0: y += +10A4 a tick while +10A4 <= 0 (xmm0 holds +10A4),3A75C0,selected,addss is commutative: the step in xmm0 is scaled first,3A78B3,235F0,,1771
3AAEE9,player,root,"movss xmm12, dword ptr [rip + 0x2c7a3a]","pl00 3A9630: xmm12 = 0.2, only the factor +E54 x 0.2 a tick while she rides something whose height changed (3AB70B)",3AAC90,selected,flags dead after the copy (3AAEF2 on),3AAEE9,24370,,1808
3B5648,player,pre,"addss xmm0, dword ptr [rax]","pl00 3B3FF0: position.x += the push +10A0 a tick (xmm0 holds +10A0, loaded at 3B5640); its 0.98 decay is decay_factors.h's",3B562C,selected,addss is commutative: the step in xmm0 is scaled first,3B5648,24A30,,1839
3B565F,player,pre,"addss xmm0, dword ptr [rax + 8]","pl00 3B3FF0: position.z += +10A8 a tick (xmm0 holds +10A8, loaded at 3B5657)",3B562C,selected,addss is commutative: the step in xmm0 is scaled first,3B565F,24A50,,1840
3BC9DB,player,lin,"addss xmm1, dword ptr [rip + 0x2f2615]",pl00 3BC710 case 1: +E54 += 0.525 a tick,3BC710,selected,K*s = 0.525 at 6AEFF8,slot 8454,,,
3BB844,player,pre,"addss xmm0, dword ptr [rdi + 0xec8]","pl00 3B9A70: the root motion's z step +EC8 += +E48 a tick, a forward drive decaying 0.9 (decay_factors.h); xmm0 holds +E48 (loaded at 3BB839)",3B9A70,selected,addss is commutative: the step in xmm0 is scaled first,3BB844,24D50,,1852
3C5DE3,player,pre,"addss xmm0, dword ptr [rax]","pl00 3C57A0: position.x += the push +10A0 a tick (xmm0 holds +10A0, loaded at 3C5DDB); its 0.98 decay is decay_factors.h's",3C5DAF,selected,addss is commutative: the step in xmm0 is scaled first,3C5DE3,254F0,,1886
3C5DF7,player,src,"addss xmm0, dword ptr [rbx + 0x10a8]",pl00 3C57A0: position.z += the push +10A8 a tick,3C5DAF,selected,xmm5 dead after the site on every path,3C5DF7,25510,xmm5,1887
3C6984,player,pre,"addss xmm0, dword ptr [rax + 4]","pl00 3C68C0: y += +E54 = +E42 + 1 a tick (+E42 counts up on stock ticks, memory_timers.h); xmm0 holds that step",3C68C0,selected,addss is commutative: the step in xmm0 is scaled first,3C6984,25670,,1891
3C9BB6,player,lin,"mulss xmm0, dword ptr [rip + 0x2e5442]",pl00 3C9940: a submodel's y += sin(+E3C degrees) x 0.8 a tick (a bob),3C9940,selected,K*s = 0.8 at 6AF000,slot 8458,,,
3C9BC8,player,count,"add word ptr [rdi + 0xe3c], 8",pl00 3C9940: the bob's phase +E3C += 8 degrees a tick: skipped between stock ticks,3C9940,selected,arithmetic flags overwritten before use,3C9BC8,25B80,,1906
3CA555,player,callscale,call 0x1802ddf90,"pl00 3CA320 case 1: each tick she turns toward the lock-on target by at most 16 degrees (2DDF90's limit, xmm3)",3CA461,selected,"call 2DDF90; rel32 retargeted (5 bytes, no window)",call 329,3AF80,,1914
3CA6F4,player,callscale,call 0x1802ddf90,pl00 3CA320 case 3: each tick she turns toward the target by at most 8 degrees,3CA461,selected,"call 2DDF90; rel32 retargeted (5 bytes, no window)",call 330,3AFA0,,1915
3CA75A,player,countlast,"mulss xmm0, dword ptr [rip + 0x2a76aa]",pl00 3CA320 case 3: +E48 x 0.6 a tick while +E58 bit 1 holds (after the mode-table pair): on the last tick of each stock period only,3CA461,selected,"a factor: skipped, the rate is kept; arithmetic flags overwritten before use",3CA75A,25CD0,,1916
3FCF50,menu,count,"sub word ptr [rcx + 0x7c], 1",cCockGameOver 3FCF50: the countdown +7C -= 1 a tick from 60; below 0 the screen's step +61 and a reload,3FCC40,selected,countdown not finished: 3FCF55 jns,3FCF50,27F60,,2020
45917F,menu,count,"sub dword ptr [rbx + 0x68], eax","459120 state 3 (a layout's wait): +68 -= 1 a tick (eax is 1: `cmp eax, 1; jne` just before); a skipped tick reads ""not finished"" for the jns",459120,selected,countdown not finished: 459182 jns,45917F,2A4C0,,2137
4591C7,menu,pre,"addss xmm0, dword ptr [rdi + 0x2c]","459120 state 1: a layout element's +2C += +48C a tick, a speed growing by 0.05 a tick (phase_steps.h); xmm0 holds +48C, just stored",459120,selected,addss is commutative: the step in xmm0 is scaled first,4591C7,2A530,,2138
49948D,objects,srcblend,"divss xmm1, xmm0","cItemObj 499410: x moves (target - x) / +E3C a tick, +E3C counted down by memory_timers.h: the divisor's blend",499410,selected,xmm5 dead after the site on every path; flags dead after,49948D,2D510,xmm5,2337
4994B8,objects,srcblend,"divss xmm2, xmm0",cItemObj 499410: z the same,499410,selected,xmm5 dead after the site on every path; flags dead after,4994B5,2D5C0,xmm5,2338
499638,objects,srcblend,"divss xmm1, xmm0","cItemObj 4995A0: x moves (+E10 - x) / +E3C a tick, as 49948D",4995A0,selected,xmm5 dead after the site on every path; flags dead after,499635,2D670,xmm5,2339
499666,objects,srcblend,"divss xmm2, xmm0",cItemObj 4995A0: z the same,4995A0,selected,xmm5 dead after the site on every path; flags dead after,499663,2D720,xmm5,2340
499878,objects,src,"addss xmm0, dword ptr [rbx + 0xe54]","cItemObj 4997D0: y += +E54 (0.8, set just before) a tick",4997D0,selected,xmm5 dead after the site on every path,499878,2D810,xmm5,2342
4C20E7,objects,lin,"movss xmm6, dword ptr [rip + 0x1b5501]",4C1F50: +D2C += 0.05 a tick up to 1 (xmm6 is only that step),4C1F50,selected,K*s = 0.05 at 6775F0,slot 8310,,,
4F0EA6,objects,src,"subss xmm1, xmm0","ut23 4F0CD0: its spin +1164 -= 0.00058 a tick while its count is under 120, floored at 0.00058 (the floor compare keeps xmm0)",4F0CD0,selected,xmm5 dead after the site on every path,4F0EA6,2E940,xmm5,2394
4F1081,objects,src,"subss xmm1, xmm0",ut23 4F0CD0: the same in its other state,4F0CD0,selected,xmm5 dead after the site on every path,4F1081,2E960,xmm5,2395
4F1A76,objects,count,"mov word ptr [rdi + 0xe42], ax",ut25 4F1910: the wait +E42 -= 1 a tick while above its target and above 0: the store is skipped between stock ticks,4F194E,selected,arithmetic flags overwritten before use,4F1A76,2EA90,,2403
509E02,objects,src,"addss xmm0, dword ptr [rbx + 0x1098]","ut1b 509D10: position.y += +1098 a tick, its rise speed falling by 0.5 a tick (phase_steps.h, 509E17)",509D10,selected,xmm5 dead after the site on every path,509E02,2EF80,xmm5,2421
50E6FA,objects,count,inc dword ptr [rbx + 0x1134],"cDigObj 50E600: +1134 += 1 a tick up to 10 (then the fade by 0.06 a tick, phase_steps.h)",50E694,selected,arithmetic flags overwritten before use,50E6FA,2F170,,2427
515A55,objects,lin,"movss xmm0, dword ptr [rip + 0x2a2d1f]","es13 515970: the phase +10E0 += 0.0005 a tick (a .data constant, 7B877C), wrapped",515970,selected,K*s = 0.0005 at 7B877C,slot 845C,,,
5525F5,objects,lin,"mulss xmm0, dword ptr [rip + 0x123433]",ut47 5525B0: y -= sin(+1084) x 0.3 a tick (a bob; +1084's step is the world literal 55260E),5525DF,selected,K*s = 0.3 at 675A30,slot 8460,,,
5530CB,objects,lin,"mulss xmm0, dword ptr [rip + 0x12295d]","ut47 553000: the same bob, y -= sin(+1084) x 0.3 a tick",553075,selected,K*s = 0.3 at 675A30,slot 8460,,,
55D731,objects,src,"addss xmm0, dword ptr [rbx + 0xe54]","uta2 55D630: position.y += +E54 a tick, its gravity 0.2 phase_steps.h's (55D746)",55D630,selected,xmm5 dead after the site on every path,55D731,2FEF0,xmm5,2471
560996,objects,blend,"mulss xmm0, dword ptr [rip + 0x116c52]",uta4 5607A0: y approaches its hover height by 0.05 a tick,5608CE,selected,1-(1-K)^s = 0.05 at 6775F0,slot 8358,,,
560E5A,objects,srcblend,"mulss xmm0, dword ptr [rbx + 0xe20]","uta4 560BD0: x approaches its target by +E20 a tick (+E20 grows by 0.02 a tick, phase_steps.h)",560BD0,selected,xmm5 dead after the site on every path; flags dead after,560E5A,30EE0,xmm5,2523
560E8A,objects,srcblend,"mulss xmm0, dword ptr [rbx + 0xe20]",uta4 560BD0: y approaches its target's y + 20 by +E20 a tick,560BD0,selected,xmm5 dead after the site on every path; flags dead after,560E8A,30F70,xmm5,2524
560EB4,objects,srcblend,"mulss xmm0, dword ptr [rbx + 0xe20]",uta4 560BD0: z approaches its target's z by +E20 a tick,560BD0,selected,xmm5 dead after the site on every path; flags dead after,560EB4,31000,xmm5,2525
560F0F,objects,blend,"mulss xmm1, dword ptr [rip + 0x111a15]",uta4 560BD0: the alpha +D2C approaches 0.6 by 0.2 a tick,560BD0,selected,1-(1-K)^s = 0.2 at 67292C,slot 8330,,,
560F29,objects,blend,"mulss xmm6, dword ptr [rip + 0x110ed3]",uta4 560BD0: the alpha +D2C approaches its other target by 0.1 a tick,560BD0,selected,1-(1-K)^s = 0.1 at 671E04,slot 82B0,,,
5613E4,objects,blend,"mulss xmm1, dword ptr [rip + 0x110a18]",uta4 561360 case 3: the alpha +D2C approaches its target by 0.1 a tick,561360,selected,1-(1-K)^s = 0.1 at 671E04,slot 82B0,,,
5613F8,objects,scaledadd,call qword ptr [rip + 0x10fa02],uta4 561360 case 3: position += the velocity +E10..+E18 a tick (cVec::operator+=),561360,selected,calls cVec::operator+=,5613F8,310F0,,2527
561629,objects,scaledadd,call qword ptr [rip + 0x10f7d1],uta4 561360's other case: position += the velocity a tick,56155A,selected,calls cVec::operator+=,561629,31210,,2530
561416,objects,countlast,"mulss xmm1, dword ptr [rip + 0x118d4a]",uta4 561360: the horizontal velocity +E10 x -0.6 a tick (a shake that dies out): on the last tick of each stock period only,561360,selected,"a factor: skipped, the rate is kept; arithmetic flags overwritten before use",561416,31150,,2528
56142E,objects,countlast,"mulss xmm0, dword ptr [rip + 0x118d32]","uta4 561360: +E18 x -0.6, as 561416",561360,selected,"a factor: skipped, the rate is kept; arithmetic flags overwritten before use",56142E,311B0,,2529
561647,objects,countlast,"mulss xmm1, dword ptr [rip + 0x118b19]","uta4 561360's other case: +E10 x -0.6, as 561416",56155A,selected,"a factor: skipped, the rate is kept; arithmetic flags overwritten before use",561647,31270,,2531
56165F,objects,countlast,"mulss xmm0, dword ptr [rip + 0x118b01]","uta4 561360's other case: +E18 x -0.6, as 561416",56155A,selected,"a factor: skipped, the rate is kept; arithmetic flags overwritten before use",56165F,312D0,,2532
5618BE,objects,srcblend,"mulss xmm0, dword ptr [rdi + 0x1118]",uta4 5616C0: y approaches its hover height by +1118 a tick (a factor it grows),561802,selected,xmm5 dead after the site on every path; flags dead after,5618BE,313F0,xmm5,2535
561CB0,objects,blend,"mulss xmm0, dword ptr [rip + 0x117f78]",uta4 561A90: y approaches its hover height by 0.02 a tick,561C01,selected,1-(1-K)^s = 0.02 at 679C30,slot 8464,,,
561DFE,objects,blend,"mulss xmm0, dword ptr [rip + 0x117e2a]",uta4 561A90: the same in its next case,561C01,selected,1-(1-K)^s = 0.02 at 679C30,slot 8464,,,
561F4C,objects,blend,"mulss xmm0, dword ptr [rip + 0x117cdc]",uta4 561A90: the same in its third case,561C01,selected,1-(1-K)^s = 0.02 at 679C30,slot 8464,,,
5631A1,objects,lin,"addss xmm0, dword ptr [rip + 0x11ffcf]",uta6 562D30: its spin speed +E14 += 0.0052 a tick more while +10C0 has bit 0 or 14,563138,selected,K*s = 0.00523599 at 683178,slot 8468,,,
564322,objects,lin,"subss xmm0, dword ptr [rip + 0x11ee4e]",uta7 563EB0: its spin speed +E14 -= 0.0052 a tick while +10C0 has bit 0 or 14,5640B7,selected,K*s = 0.00523599 at 683178,slot 8468,,,
564FFE,objects,callscale,call 0x1802ddf90,"uta8 564E60: each tick it turns toward its point by at most n x 8 degrees (2DDF90's limit, xmm3)",564E60,selected,"call 2DDF90; rel32 retargeted (5 bytes, no window)",call 383,3BF10,,2560
5654DD,objects,count,"mov word ptr [rbx + 0xe3c], ax","uta8 565410: +E3C += 1 a tick, its colour flashing on +E3C's parity: the store is skipped between stock ticks",565410,selected,arithmetic flags overwritten before use,5654DD,31A50,,2563
56892C,objects,src,"subss xmm0, dword ptr [rdi + 0xe10]","utaa 568590: position.x -= +E10 a tick, a speed growing by 0.2 a tick (phase_steps.h)",56872C,selected,xmm5 dead after the site on every path,56892C,31BE0,xmm5,2568
56A9D9,objects,src,"subss xmm0, dword ptr [rdi + 0xe10]","utab 56A640: position.x -= +E10 a tick, as 56892C",56A7D9,selected,xmm5 dead after the site on every path,56A9D9,31C70,xmm5,2570
56D485,objects,lin,"subss xmm0, dword ptr [rip + 0x10c7e3]",utb2 56D250 state 5: position.y -= 0.08 a tick while its wait +E3C runs (lea_timers.h),56D250,selected,K*s = 0.08 at 679C70,slot 836C,,,
56D4D0,objects,lin,"addss xmm0, dword ptr [rip + 0x10492c]",utb2 56D250 state 7: position.y += 0.1 a tick while its wait runs,56D250,selected,K*s = 0.1 at 671E04,slot 810C,,,
57040A,objects,count,"mov word ptr [rbx + 0x10da], ax",570340 state 3: the wait +10DA -= 1 a tick from 90: the store is skipped between stock ticks,570340,selected,arithmetic flags overwritten before use,57040A,32570,,2594
570411,objects,notyet,"test cx, cx","570340 state 3: `test cx, cx; jne` on the wait's old value: between stock ticks ""not yet"", so state 4 starts on a stock tick",570340,selected,"its flags' one branch goes to 5704AC with ZF=OF=0, SF=0",570411,325D0,,2595
570499,objects,count,"mov word ptr [rbx + 0x10da], ax",570340 state 7: the wait +10DA -= 1 a tick from 90,570340,selected,arithmetic flags overwritten before use,570499,32640,,2596
5704A0,objects,notyet,"test cx, cx","570340 state 7: as 570411, so state 1 starts on a stock tick",570340,selected,"its flags' one branch goes to 5704AC with ZF=OF=0, SF=0",5704A0,326A0,,2597
57CBDA,objects,blend,"mulss xmm1, dword ptr [rip + 0xfd092]",ut2c 57CA00 case 6: material 0's +5C approaches 0.01 by 0.4 a tick,57CA00,selected,1-(1-K)^s = 0.4 at 679C74,slot 82A8,,,
598C2C,objects,count,"mov byte ptr [rbx + 0xe36], al","598B10 state 5 (a part's grow-in, as utbd's): the countdown +E36 -= 1 a tick: the store is skipped between stock ticks",598B3C,selected,arithmetic flags overwritten before use,598C2C,32E50,,2627
598C32,objects,notyet,"test cl, cl","598B10 state 5: `test cl, cl; jne` on the old value: between stock ticks ""not yet"", so state 6 starts on a stock tick",598B3C,selected,"its flags' one branch goes to 598C9B with ZF=OF=0, SF=0",598C2C,32E50,,2628
5996C2,objects,lin,"addss xmm0, dword ptr [rip + 0xd873a]",et99 599590: material 1's +5C += 0.1 a tick (material 2's step is phase_steps.h's),59967B,selected,K*s = 0.1 at 671E04,slot 810C,,,
5AB281,objects,lin,"addss xmm1, dword ptr [rip + 0xc6b8b]",utf9 5AB220 state 2: +10A8 += 2 a tick up to 2 (then state 0),5AB220,selected,K*s = 2 at 671E14,slot 8398,,,
5C6BF9,objects,pre,"addss xmm0, dword ptr [rdi + 0x3440]",em85 5C6450: its phase +3440 += speed x +343C a tick (xmm0 holds that step),5C6A57,selected,addss is commutative: the step in xmm0 is scaled first,5C6BF9,33D70,,2680
5C6C97,objects,lin,"addss xmm0, dword ptr [rip + 0xb2fd5]",em85 5C6450: y += 0.4 a tick while it rises,5C6C7E,selected,K*s = 0.4 at 679C74,slot 83EC,,,
5C6CB9,objects,lin,"addss xmm0, dword ptr [rip + 0xc0e73]",em85 5C6450: y += 2.4 a tick more while +D40 bit 3 is set,5C6C7E,selected,K*s = 2.4 at 687B34,slot 846C,,,
5C6DC0,objects,count,"mov dword ptr [rdi + 0x348c], eax",em85 5C6450: the countdown +348C -= 1 a tick while above 0,5C6D46,selected,arithmetic flags overwritten before use,5C6DC0,33DF0,,2684
5CBC60,objects,lin,"movss xmm2, dword ptr [rip + 0xf0808]","5CBAD0 (em85's, 9 callers): +343C steps toward 3 x +3438 by 0.0065 a tick (one path)",5CBAD0,selected,K*s = 0.0065 at 6BC470,slot 8470,,,
5CBD0D,objects,lin,"movss xmm2, dword ptr [rip + 0xb60eb]",5CBAD0: the same by 0.0055 a tick (the other path),5CBAD0,selected,K*s = 0.0055 at 681E00,slot 8474,,,
5D22A1,objects,blend,"mulss xmm6, dword ptr [rip + 0xa0683]",em86 5D2050: y approaches its height by 0.2 a tick,5D2118,selected,1-(1-K)^s = 0.2 at 67292C,slot 8330,,,
5D373F,objects,lin,"movss xmm2, dword ptr [rip + 0xe8d29]",em86 5D3600: +544C steps toward its target by 0.0065 a tick (one path),5D3600,selected,K*s = 0.0065 at 6BC470,slot 8470,,,
5D37EC,objects,lin,"movss xmm2, dword ptr [rip + 0xa9dac]",em86 5D3600: the same by 0.0025 a tick (the other path),5D3600,selected,K*s = 0.0025 at 67D5A0,slot 83E4,,,
5DAB40,objects,lin,"movss xmm2, dword ptr [rip + 0xe1928]",em87 5DA9A0: +535C steps toward its target by 0.0065 a tick,5DA9A0,selected,K*s = 0.0065 at 6BC470,slot 8470,,,
5E06B8,actor,pre,"addss xmm0, dword ptr [rbx + 0x390c]","em88 5DF660: +390C += +3914 a tick up to +391C (xmm0 holds +3914, loaded at 5E06B0)",5DF660,selected,addss is commutative: the step in xmm0 is scaled first,5E06B8,35310,,2778
5EB465,actor,count,inc dword ptr [rbx + 0x50c0],em89 5EB440: +50C0 += 1 a tick while 169EC0 answers 1,5EB440,selected,arithmetic flags overwritten before use,5EB465,35710,,2803
5EB477,actor,count,dec eax,"em89 5EB440: +50C0 -= 1 a tick otherwise, down to 0",5EB440,selected,arithmetic flags overwritten before use; load 5EB46D and store 5EB479 one field,5EB473,35770,,2804
5EC1C0,actor,count,dec ecx,em89 5EC0F0: the countdown +5080 -= 1 a tick while above 0,5EC17E,selected,arithmetic flags overwritten before use; load 5EC1B6 and store 5EC1C2 one field,5EC1BC,35920,,2809
5EC209,actor,count,inc dword ptr [rbx + 0x5050],em89 5EC0F0: +5050 counts the ticks its target spends above 100,5EC17E,selected,arithmetic flags overwritten before use,5EC209,359A0,,2811
5EF876,actor,src,"subss xmm0, xmm1",em89 5EF560: +5074 -= speed x 0.025 x xmm6 a tick (xmm1 holds that step; the speed's load is not a world row here),5EF7C7,selected,xmm5 dead after the site on every path,5EF876,35B00,xmm5,2819
5EF890,actor,pre,"addss xmm0, dword ptr [rsi + 0x5074]",em89 5EF560: +5074 += speed x 0.025 x xmm6 a tick on the other path (xmm0 holds that step),5EF7C7,selected,addss is commutative: the step in xmm0 is scaled first,5EF890,35B20,,2820
5F2AAD,actor,lin,"movss xmm2, dword ptr [rip + 0xc99bb]",em89 5F2A60: +5060 steps toward its target by 0.0065 a tick (one of four paths),5F2A60,selected,K*s = 0.0065 at 6BC470,slot 8478,,,
5F2AD1,actor,lin,"movss xmm2, dword ptr [rip + 0xc9997]","em89 5F2A60: the same, second path",5F2A60,selected,K*s = 0.0065 at 6BC470,slot 8478,,,
5F2AF5,actor,lin,"movss xmm2, dword ptr [rip + 0xc9973]","em89 5F2A60: the same, third path",5F2A60,selected,K*s = 0.0065 at 6BC470,slot 8478,,,
5F2B19,actor,lin,"movss xmm2, dword ptr [rip + 0xc994f]","em89 5F2A60: the same, fourth path",5F2A60,selected,K*s = 0.0065 at 6BC470,slot 8478,,,
651F22,objects,count,"mov byte ptr [rbx + 0x11a9], al",ut35 651DC0: the countdown +11A9 -= 1 a tick (below 0 an effect and a reload): the store is skipped between stock ticks,651E49,selected,arithmetic flags overwritten before use,651F22,37640,,2907
651F28,objects,notyet,"test cl, cl","ut35 651DC0: `test cl, cl; jns` on the old value: between stock ticks ""not yet"", so the effect comes on a stock tick",651E49,selected,"its flags' one branch goes to 651F58 with ZF=OF=0, SF=0",651F28,376A0,,2908
3633B0,effect,lin,"addss xmm0, dword ptr [rip + 0x30ea50]","esfd 363210 case 3: +E54 += 0.5 a tick while +E3C is under its table's limit (then +E54 x 0.98, decay_factors.h; state 3 ends when +E54 < 0, 362D10)",363242,selected,K*s = 0.5 at 671E08,slot 847C,,,
3633B8,effect,count,"mov word ptr [rbx + 0xe3c], r8w",esfd 363210 case 3: +E3C += 1 a tick up to the table's limit: the store is skipped between stock ticks,363242,selected,arithmetic flags overwritten before use,3633B8,1F3B0,,1445
407B92,menu,count,"mov dword ptr [rcx + 0x84], eax",cCockTimer 407B00: the count-up timer +84 += 1 a tick up to 0x57E04: the store is skipped between stock ticks (the stock context's rate; its count-down twin 407BB2 is the mode group's),407AC4,selected,arithmetic flags overwritten before use,407B92,28A80,,2050
2513EA,actor,notyetb,"cmp al, 2","em05 family 2512E0: the spawner's `cmp al, 2; jb`: between stock ticks ""below 2"", so the effect comes on a stock tick, one every 3",2512E0,selected,"its flags' one branch goes to 25141A with ZF=0, CF=1",2513EA,14EF0,,568
25B932,actor,notyetb,"cmp al, 2","em12 25B7A0: the spawner's test, as 2513EA",25B909,selected,"its flags' one branch goes to 25B962 with ZF=0, CF=1",25B932,153B0,,631
25F423,actor,notyetb,"cmp al, 2","em13/em14 25F300: the spawner's test, as 2513EA",25F300,selected,"its flags' one branch goes to 25F462 with ZF=0, CF=1",25F423,15600,,653
26F0E9,actor,notyetb,"cmp al, 2","em27/em29 26F030: the spawner's test, as 2513EA",26F030,selected,"its flags' one branch goes to 26F119 with ZF=0, CF=1",26F0E9,15C70,,694
274140,actor,notyetb,"cmp al, 2","em2b 273FF0: the spawner's test, as 2513EA",274115,selected,"its flags' one branch goes to 274170 with ZF=0, CF=1",274140,16050,,726
285947,actor,notyetb,"cmp al, 2","em3d 285870: the spawner's test, as 2513EA",285870,selected,"its flags' one branch goes to 285954 with ZF=0, CF=1",285940,16C80,,787
288E7E,actor,notyetb,"cmp al, 2","em4d/em4e/em50 288D90: the spawner's test, as 2513EA",288D90,selected,"its flags' one branch goes to 288EB0 with ZF=0, CF=1",288E7E,17070,,809
291497,actor,notyetb,"cmp al, 2","em51 2913B0: the spawner's test, as 2513EA",2913B0,selected,"its flags' one branch goes to 2914A4 with ZF=0, CF=1",291490,17680,,866
29EF16,actor,notyetb,"cmp al, 2","29EF4A's spawner: its test, as 2513EA",29EE50,selected,"its flags' one branch goes to 29EF48 with ZF=0, CF=1",29EF16,17EC0,,912
2CE934,actor,notyetb,"cmp al, 2","2CE968's spawner: its test, as 2513EA",2CE8E0,selected,"its flags' one branch goes to 2CE966 with ZF=0, CF=1",2CE934,198A0,,1114
2D8C0D,actor,notyetb,"cmp al, 2","em8f 2D8C1C's spawner: its test, as 2513EA",2D8BB0,selected,"its flags' one branch goes to 2D8C1A with ZF=0, CF=1",2D8C06,1AA20,,1198
241264,actor,notyetb,"cmp al, 2","em00..em03 241180: the spawner's test, as 2513EA",241239,selected,"its flags' one branch goes to 241294 with ZF=0, CF=1",241264,14690,,484
2412B5,actor,srcx,"subss xmm0, dword ptr [rdi + 0x1080]","em00 em01 em02 em03: clock +12A8 -= speed(+1080) a tick in 241180 (load 2412A5, store 2412BD)",241239,selected,"xmmD / s, op, * s: exact for s = 1/N a power of two; no flags touched, no register borrowed",2412B5,14760,,486
243EAA,actor,srcx,"subss xmm0, dword ptr [rdi + 0x1080]","unowned: clock +12B0 -= speed(+1080) a tick in 243CA0 (load 243EA2, store 243EB5)",243CA0,selected,"xmmD / s, op, * s: exact for s = 1/N a power of two; no flags touched, no register borrowed",243EAA,14870,,491
246DC0,actor,srcx,"subss xmm1, dword ptr [rbx + 0x1080]","unowned: clock +12AC -= speed(+1080) a tick in 246D10 (load 246DB5, store 246DCB)",246D10,selected,"xmmD / s, op, * s: exact for s = 1/N a power of two; no flags touched, no register borrowed",246DC0,148C0,,494
247360,actor,srcx,"subss xmm1, dword ptr [rbx + 0x1080]","em00 em01 em02 em03: clock +12AC -= speed(+1080) a tick in 2472B0 (load 247355, store 24736B)",2472B0,selected,"xmmD / s, op, * s: exact for s = 1/N a power of two; no flags touched, no register borrowed",247360,148F0,,497
247720,actor,srcx,"subss xmm1, dword ptr [rbx + 0x1080]","unowned: clock +12AC -= speed(+1080) a tick in 247670 (load 247715, store 24772B)",247670,selected,"xmmD / s, op, * s: exact for s = 1/N a power of two; no flags touched, no register borrowed",247720,14920,,499
247BA3,actor,srcx,"subss xmm1, dword ptr [rbx + 0x1080]","unowned: clock +12AC -= speed(+1080) a tick in 247AF0 (load 247B98, store 247BAE)",247AF0,selected,"xmmD / s, op, * s: exact for s = 1/N a power of two; no flags touched, no register borrowed",247BA3,14970,,502
248CB0,actor,srcx,"subss xmm1, dword ptr [rbx + 0x1080]","unowned: clock +12AC -= speed(+1080) a tick in 248BD0 (load 248CA5, store 248CBB)",248C93,selected,"xmmD / s, op, * s: exact for s = 1/N a power of two; no flags touched, no register borrowed",248CB0,149A0,,509
24946D,actor,srcx,"subss xmm0, dword ptr [rbx + 0x1080]","unowned: clock +12AC -= speed(+1080) a tick in 2493B0 (load 249465, store 249478)",2493B0,selected,"xmmD / s, op, * s: exact for s = 1/N a power of two; no flags touched, no register borrowed",24946D,14A30,,515
24A4DD,actor,srcx,"subss xmm1, dword ptr [rcx + 0x1080]","unowned: clock +12AC -= speed(+1080) a tick in 24A480 (load 24A4D2, store 24A4E8)",24A480,selected,"xmmD / s, op, * s: exact for s = 1/N a power of two; no flags touched, no register borrowed",24A4DD,14A60,,520
24DE05,actor,srcx,"subss xmm0, dword ptr [rsi + 0x1080]","em02: clock +12B0 -= speed(+1080) a tick in 24D9B0 (load 24DDFD, store 24DE10)",24DB93,selected,"xmmD / s, op, * s: exact for s = 1/N a power of two; no flags touched, no register borrowed",24DE05,14B30,,553
24FCF0,actor,srcx,"subss xmm0, dword ptr [rcx + 0x1080]","unowned: clock +1420 -= speed(+1080) a tick in 24FCA0 (load 24FCE0, store 24FCF8)",24FCA0,selected,"xmmD / s, op, * s: exact for s = 1/N a power of two; no flags touched, no register borrowed",24FCF0,14EC0,,567
252A14,actor,srcx,"subss xmm0, dword ptr [rcx + 0x1080]","em05 em09 em18 em7c: clock +1420 -= speed(+1080) a tick in 2529B0 (load 252A07, store 252A1C)",2529B0,selected,"xmmD / s, op, * s: exact for s = 1/N a power of two; no flags touched, no register borrowed",252A14,14FE0,,571
252C94,actor,srcx,"subss xmm0, dword ptr [rbx + 0x1080]","em05 em09 em18 em7c: clock +1428 -= speed(+1080) a tick in 2529B0 (load 252C8C, store 252C9F)",2529B0,selected,"xmmD / s, op, * s: exact for s = 1/N a power of two; no flags touched, no register borrowed",252C94,15010,,572
253108,actor,srcx,"subss xmm0, dword ptr [rbx + 0x1080]","unowned: clock +1290 -= speed(+1080) a tick in 252EC0 (load 253100, store 253113)",252ED9,selected,"xmmD / s, op, * s: exact for s = 1/N a power of two; no flags touched, no register borrowed",253108,15040,,573
2532A0,actor,srcx,"subss xmm0, dword ptr [rbx + 0x1080]","unowned: clock +1424 -= speed(+1080) a tick in 2531E0 (load 253298, store 2532AB)",2531E0,selected,"xmmD / s, op, * s: exact for s = 1/N a power of two; no flags touched, no register borrowed",2532A0,15070,,574
253CA6,actor,srcx,"subss xmm0, dword ptr [rbx + 0x1080]","unowned: clock +1428 -= speed(+1080) a tick in 253A30 (load 253C9E, store 253CB1)",253A49,selected,"xmmD / s, op, * s: exact for s = 1/N a power of two; no flags touched, no register borrowed",253CA6,150A0,,575
254F26,actor,srcx,"subss xmm0, dword ptr [rcx + 0x1080]","unowned: clock +1420 -= speed(+1080) a tick in 254F00 (load 254F16, store 254F2E)",254F00,selected,"xmmD / s, op, * s: exact for s = 1/N a power of two; no flags touched, no register borrowed",254F26,150D0,,579
254FB6,actor,srcx,"subss xmm0, dword ptr [rbx + 0x1080]","unowned: clock +1420 -= speed(+1080) a tick in 254F00 (load 254FA9, store 254FBE)",254F00,selected,"xmmD / s, op, * s: exact for s = 1/N a power of two; no flags touched, no register borrowed",254FB6,15100,,580
25563B,actor,srcx,"subss xmm0, dword ptr [rcx + 0x1080]","unowned: clock +1420 -= speed(+1080) a tick in 255540 (load 25562B, store 255643)",255540,selected,"xmmD / s, op, * s: exact for s = 1/N a power of two; no flags touched, no register borrowed",25563B,15130,,584
256EE0,actor,srcx,"subss xmm1, dword ptr [rcx + 0x1080]","unowned: clock +1420 -= speed(+1080) a tick in 256C00 (load 256ED0, store 256EE8)",256C00,selected,"xmmD / s, op, * s: exact for s = 1/N a power of two; no flags touched, no register borrowed",256EE0,151D0,,600
256FA0,actor,srcx,"subss xmm0, dword ptr [rbx + 0x1080]","unowned: clock +1420 -= speed(+1080) a tick in 256F00 (load 256F89, store 256FA8)",256F00,selected,"xmmD / s, op, * s: exact for s = 1/N a power of two; no flags touched, no register borrowed",256FA0,15200,,601
257040,actor,srcx,"subss xmm1, dword ptr [rcx + 0x1080]","unowned: clock +1420 -= speed(+1080) a tick in 256F00 (load 257030, store 257048)",256F00,selected,"xmmD / s, op, * s: exact for s = 1/N a power of two; no flags touched, no register borrowed",257040,15230,,602
25792C,actor,srcx,"subss xmm0, dword ptr [rbx + 0x1080]","unowned: clock +1290 -= speed(+1080) a tick in 257770 (load 257924, store 257937)",257889,selected,"xmmD / s, op, * s: exact for s = 1/N a power of two; no flags touched, no register borrowed",25792C,15260,,610
25810F,actor,srcx,"subss xmm0, dword ptr [rbx + 0x1080]","unowned: clock +1290 -= speed(+1080) a tick in 257FB0 (load 258107, store 25811A)",257FC9,selected,"xmmD / s, op, * s: exact for s = 1/N a power of two; no flags touched, no register borrowed",25810F,15290,,615
259A9A,actor,srcx,"subss xmm0, dword ptr [rcx + 0x1080]","em06: clock +11A0 -= speed(+1080) a tick in 259A50 (load 259A92, store 259AA2)",259A50,selected,"xmmD / s, op, * s: exact for s = 1/N a power of two; no flags touched, no register borrowed",259A9A,15300,,625
25A431,actor,srcx,"subss xmm1, dword ptr [rsi + 0x1080]","em0f: clock +1238 -= speed(+1080) a tick in 25A310 (load 25A426, store 25A450)",25A3EE,selected,"xmmD / s, op, * s: exact for s = 1/N a power of two; no flags touched, no register borrowed",25A431,15350,,627
25AB00,actor,srcx,"subss xmm0, dword ptr [rcx + 0x1080]","unowned: clock +1360 -= speed(+1080) a tick in 25AA60 (load 25AAF0, store 25AB08)",25AA60,selected,"xmmD / s, op, * s: exact for s = 1/N a power of two; no flags touched, no register borrowed",25AB00,15380,,630
25C67C,actor,srcx,"subss xmm0, dword ptr [rbx + 0x1080]","em12: clock +1388 -= speed(+1080) a tick in 25C5A0 (load 25C674, store 25C687)",25C66C,selected,"xmmD / s, op, * s: exact for s = 1/N a power of two; no flags touched, no register borrowed",25C67C,154A0,,634
25C86B,actor,srcx,"subss xmm0, dword ptr [rbx + 0x1080]","em12: clock +1388 -= speed(+1080) a tick in 25C790 (load 25C863, store 25C876)",25C85B,selected,"xmmD / s, op, * s: exact for s = 1/N a power of two; no flags touched, no register borrowed",25C86B,154D0,,635
25CD19,actor,srcx,"subss xmm0, dword ptr [rbx + 0x1080]","em12: clock +1364 -= speed(+1080) a tick in 25CAE0 (load 25CD11, store 25CD24)",25CAE0,selected,"xmmD / s, op, * s: exact for s = 1/N a power of two; no flags touched, no register borrowed",25CD19,15500,,637
25D36A,actor,srcx,"subss xmm0, dword ptr [rbx + 0x1080]","em12: clock +1388 -= speed(+1080) a tick in 25D260 (load 25D362, store 25D375)",25D260,selected,"xmmD / s, op, * s: exact for s = 1/N a power of two; no flags touched, no register borrowed",25D36A,15530,,639
25D4F9,actor,srcx,"subss xmm0, dword ptr [rcx + 0x1080]","em12: clock +1360 -= speed(+1080) a tick in 25D4E0 (load 25D4E6, store 25D501)",25D4E0,selected,"xmmD / s, op, * s: exact for s = 1/N a power of two; no flags touched, no register borrowed",25D4F9,15560,,641
25E8C0,actor,srcx,"subss xmm0, dword ptr [rcx + 0x1080]","unowned: clock +12C0 -= speed(+1080) a tick in 25E840 (load 25E8B0, store 25E8C8)",25E840,selected,"xmmD / s, op, * s: exact for s = 1/N a power of two; no flags touched, no register borrowed",25E8C0,155D0,,652
25F4B5,actor,srcx,"subss xmm1, dword ptr [rbx + 0x1080]","em13 em14: clock +12C4 -= speed(+1080) a tick in 25F300 (load 25F4AA, store 25F4C0)",25F300,selected,"xmmD / s, op, * s: exact for s = 1/N a power of two; no flags touched, no register borrowed",25F4B5,156D0,,655
2602A3,actor,srcx,"subss xmm0, dword ptr [rbx + 0x1080]","em13 em14: clock +12E8 -= speed(+1080) a tick in 2601D0 (load 26029B, store 2602AE)",2601D0,selected,"xmmD / s, op, * s: exact for s = 1/N a power of two; no flags touched, no register borrowed",2602A3,15720,,657
26047D,actor,srcx,"subss xmm0, dword ptr [rbx + 0x1080]","em13 em14: clock +12E8 -= speed(+1080) a tick in 2603B0 (load 260475, store 260488)",2603B0,selected,"xmmD / s, op, * s: exact for s = 1/N a power of two; no flags touched, no register borrowed",26047D,15750,,658
260DA5,actor,srcx,"subss xmm0, dword ptr [rbx + 0x1080]","em13 em14: clock +12C0 -= speed(+1080) a tick in 260D20 (load 260D98, store 260DAD)",260D98,selected,"xmmD / s, op, * s: exact for s = 1/N a power of two; no flags touched, no register borrowed",260DA5,15780,,659
260DEF,actor,srcx,"subss xmm0, dword ptr [rbx + 0x1080]","em13 em14: clock +12C0 -= speed(+1080) a tick in 260D20 (load 260DDF, store 260DF7)",260DDF,selected,"xmmD / s, op, * s: exact for s = 1/N a power of two; no flags touched, no register borrowed",260DEF,157B0,,660
261196,actor,srcx,"subss xmm0, dword ptr [rbx + 0x1080]","em13 em14: clock +12C0 -= speed(+1080) a tick in 261160 (load 26117F, store 26119E)",261160,selected,"xmmD / s, op, * s: exact for s = 1/N a power of two; no flags touched, no register borrowed",261196,157E0,,662
261948,actor,srcx,"subss xmm0, dword ptr [rbx + 0x1080]","em13 em14: clock +12E8 -= speed(+1080) a tick in 261720 (load 261940, store 261953)",261739,selected,"xmmD / s, op, * s: exact for s = 1/N a power of two; no flags touched, no register borrowed",261948,15840,,665
261BE1,actor,srcx,"subss xmm0, dword ptr [rbx + 0x1080]","em13 em14: clock +12C0 -= speed(+1080) a tick in 261AC0 (load 261BD4, store 261BE9)",261AC0,selected,"xmmD / s, op, * s: exact for s = 1/N a power of two; no flags touched, no register borrowed",261BE1,15870,,666
261C2E,actor,srcx,"subss xmm0, dword ptr [rbx + 0x1080]","em13 em14: clock +12C0 -= speed(+1080) a tick in 261AC0 (load 261C21, store 261C36)",261AC0,selected,"xmmD / s, op, * s: exact for s = 1/N a power of two; no flags touched, no register borrowed",261C2E,158A0,,667
2630A1,actor,srcx,"subss xmm1, dword ptr [rbx + 0x1080]","em13 em14: clock +12E8 -= speed(+1080) a tick in 263040 (load 263096, store 2630AC)",263040,selected,"xmmD / s, op, * s: exact for s = 1/N a power of two; no flags touched, no register borrowed",2630A1,158F0,,672
26423D,actor,srcx,"subss xmm1, dword ptr [rbx + 0x1080]","em16: clock +1C80 -= speed(+1080) a tick in 2641B0 (load 26422D, store 264245)",2641B0,selected,"xmmD / s, op, * s: exact for s = 1/N a power of two; no flags touched, no register borrowed",26423D,15920,,675
264B54,actor,srcx,"subss xmm0, dword ptr [rdi + 0x1080]","em16: clock +1CF8 -= speed(+1080) a tick in 264280 (load 264B4C, store 264B60)",264811,selected,"xmmD / s, op, * s: exact for s = 1/N a power of two; no flags touched, no register borrowed",264B54,159B0,,677
264F9D,actor,srcx,"subss xmm0, dword ptr [rdi + 0x1080]","em16: clock +1CF8 -= speed(+1080) a tick in 264280 (load 264F95, store 264FA9)",264811,selected,"xmmD / s, op, * s: exact for s = 1/N a power of two; no flags touched, no register borrowed",264F9D,15A40,,679
265295,actor,dst,"mulss xmm0, dword ptr [rdi + 0xf54]","em16: clock +1C84 += speed(+1080) x motion factor(+F54) a tick in 264280 (load 265285, store 2652A9)",2651C5,selected,the step's next reader is its accumulation,265295,15A70,,680
26E340,actor,srcx,"subss xmm0, dword ptr [rcx + 0x1080]","em27 em29: clock +13E8 -= speed(+1080) a tick in 26E2F0 (load 26E330, store 26E348)",26E2F0,selected,"xmmD / s, op, * s: exact for s = 1/N a power of two; no flags touched, no register borrowed",26E340,15C40,,693
26FA19,actor,srcx,"subss xmm0, dword ptr [rbx + 0x1080]","em27 em29: clock +1420 -= speed(+1080) a tick in 26F930 (load 26FA11, store 26FA24)",26F993,selected,"xmmD / s, op, * s: exact for s = 1/N a power of two; no flags touched, no register borrowed",26FA19,15D90,,698
26FA9B,actor,srcx,"subss xmm0, dword ptr [rbx + 0x1080]","em27 em29: clock +1424 -= speed(+1080) a tick in 26F930 (load 26FA93, store 26FAAB)",26F993,selected,"xmmD / s, op, * s: exact for s = 1/N a power of two; no flags touched, no register borrowed",26FA9B,15DC0,,699
26FF86,actor,srcx,"subss xmm0, dword ptr [rbx + 0x1080]","em27 em29: clock +11B8 -= speed(+1080) a tick in 26FEB0 (load 26FF7E, store 26FF91)",26FEB0,selected,"xmmD / s, op, * s: exact for s = 1/N a power of two; no flags touched, no register borrowed",26FF86,15DF0,,701
27103A,actor,srcx,"subss xmm0, dword ptr [rcx + 0x1080]","em27 em29: clock +13E8 -= speed(+1080) a tick in 270FF0 (load 27102A, store 271042)",270FF0,selected,"xmmD / s, op, * s: exact for s = 1/N a power of two; no flags touched, no register borrowed",27103A,15E20,,706
275C58,actor,srcx,"subss xmm0, dword ptr [rbx + 0x1080]","em2b: clock +139C -= speed(+1080) a tick in 275A80 (load 275C50, store 275C63)",275BD3,selected,"xmmD / s, op, * s: exact for s = 1/N a power of two; no flags touched, no register borrowed",275C58,16200,,731
27BE6B,actor,srcx,"addss xmm0, dword ptr [rbx + 0x1080]","em2d: clock +2434 += speed(+1080) a tick in 27AD50 (load 27BE5B, store 27BE73)",27BD3C,selected,"xmmD / s, op, * s: exact for s = 1/N a power of two; no flags touched, no register borrowed",27BE6B,16690,,753
285FAA,actor,srcx,"subss xmm0, dword ptr [rbx + 0x1080]","em3d: clock +125C -= speed(+1080) a tick in 285EF0 (load 285FA2, store 285FB5)",285EF0,selected,"xmmD / s, op, * s: exact for s = 1/N a power of two; no flags touched, no register borrowed",285FAA,16D70,,790
286096,actor,srcx,"subss xmm0, dword ptr [rbx + 0x1080]","em3d: clock +125C -= speed(+1080) a tick in 285FE0 (load 28608E, store 2860A1)",285FE0,selected,"xmmD / s, op, * s: exact for s = 1/N a power of two; no flags touched, no register borrowed",286096,16DA0,,791
2866CD,actor,srcx,"addss xmm0, dword ptr [r14 + 0x1080]","em3d: clock +E18 += speed(+1080) a tick in 2865B0 (load 2866C4, store 2866DA)",2865D4,selected,"xmmD / s, op, * s: exact for s = 1/N a power of two; no flags touched, no register borrowed",2866CD,16E30,,795
286745,actor,srcx,"subss xmm0, dword ptr [r14 + 0x1080]","em3d: clock +E28 -= speed(+1080) a tick in 2865B0 (load 28673C, store 286755)",2865D4,selected,"xmmD / s, op, * s: exact for s = 1/N a power of two; no flags touched, no register borrowed",286745,16E60,,796
286ABD,actor,srcx,"subss xmm0, dword ptr [r14 + 0x1080]","em3d: clock +11A8 -= speed(+1080) a tick in 2865B0 (load 286AB4, store 286ACA)",286AB4,selected,"xmmD / s, op, * s: exact for s = 1/N a power of two; no flags touched, no register borrowed",286ABD,16E90,,798
286E40,actor,srcx,"subss xmm0, dword ptr [rbx + 0x1080]","em3d: clock +125C -= speed(+1080) a tick in 286D60 (load 286E38, store 286E4B)",286DFA,selected,"xmmD / s, op, * s: exact for s = 1/N a power of two; no flags touched, no register borrowed",286E40,16F40,,803
287D10,actor,srcx,"subss xmm0, dword ptr [rcx + 0x1080]","unowned: clock +1250 -= speed(+1080) a tick in 287CC0 (load 287D00, store 287D18)",287CC0,selected,"xmmD / s, op, * s: exact for s = 1/N a power of two; no flags touched, no register borrowed",287D10,17010,,807
287D40,actor,srcx,"subss xmm0, dword ptr [rcx + 0x1080]","em4d em4e em50: clock +124C -= speed(+1080) a tick in 287CC0 (load 287D30, store 287D48)",287CC0,selected,"xmmD / s, op, * s: exact for s = 1/N a power of two; no flags touched, no register borrowed",287D40,17040,,808
289AF1,actor,srcx,"subss xmm1, dword ptr [rcx + 0x1080]","em4d em4e em50: clock +124C -= speed(+1080) a tick in 289A90 (load 289AE1, store 289AF9)",289A90,selected,"xmmD / s, op, * s: exact for s = 1/N a power of two; no flags touched, no register borrowed",289AF1,171C0,,819
28A53E,actor,srcx,"subss xmm0, dword ptr [rdi + 0x1080]","em4d em4e: clock +126C -= speed(+1080) a tick in 28A2E0 (load 28A531, store 28A546)",28A2FE,selected,"xmmD / s, op, * s: exact for s = 1/N a power of two; no flags touched, no register borrowed",28A53E,171F0,,820
28AFBD,actor,srcx,"subss xmm0, dword ptr [rbx + 0x1080]","em4d: clock +126C -= speed(+1080) a tick in 28AE50 (load 28AFB0, store 28AFC5)",28AF39,selected,"xmmD / s, op, * s: exact for s = 1/N a power of two; no flags touched, no register borrowed",28AFBD,172E0,,823
28C83B,actor,srcx,"subss xmm1, dword ptr [rbx + 0x1080]","em4d em4e em50: clock +124C -= speed(+1080) a tick in 28C7D0 (load 28C82B, store 28C843)",28C7D0,selected,"xmmD / s, op, * s: exact for s = 1/N a power of two; no flags touched, no register borrowed",28C83B,17370,,828
28C993,actor,srcx,"subss xmm0, dword ptr [rbx + 0x1080]","em4d em4e em50: clock +124C -= speed(+1080) a tick in 28C8D0 (load 28C986, store 28C99B)",28C8D0,selected,"xmmD / s, op, * s: exact for s = 1/N a power of two; no flags touched, no register borrowed",28C993,173A0,,830
28CD60,actor,srcx,"subss xmm1, dword ptr [rcx + 0x1080]","unowned: clock +124C -= speed(+1080) a tick in 28CB20 (load 28CD50, store 28CD68)",28CD30,selected,"xmmD / s, op, * s: exact for s = 1/N a power of two; no flags touched, no register borrowed",28CD60,173D0,,831
28CF59,actor,srcx,"subss xmm1, dword ptr [rcx + 0x1080]","em4d em4e em50: clock +124C -= speed(+1080) a tick in 28CD80 (load 28CF49, store 28CF61)",28CD80,selected,"xmmD / s, op, * s: exact for s = 1/N a power of two; no flags touched, no register borrowed",28CF59,17400,,833
28E100,actor,srcx,"subss xmm1, dword ptr [rcx + 0x1080]","unowned: clock +124C -= speed(+1080) a tick in 28DF60 (load 28E0F0, store 28E108)",28DF60,selected,"xmmD / s, op, * s: exact for s = 1/N a power of two; no flags touched, no register borrowed",28E100,174F0,,848
28F933,actor,srcx,"subss xmm0, dword ptr [rbx + 0x1080]","em4e: clock +126C -= speed(+1080) a tick in 28F730 (load 28F925, store 28F93B)",28F914,selected,"xmmD / s, op, * s: exact for s = 1/N a power of two; no flags touched, no register borrowed",28F933,17520,,854
28FA50,actor,srcx,"subss xmm0, dword ptr [rbx + 0x1080]","em4e: clock +126C -= speed(+1080) a tick in 28F980 (load 28FA43, store 28FA58)",28FA43,selected,"xmmD / s, op, * s: exact for s = 1/N a power of two; no flags touched, no register borrowed",28FA50,17550,,855
28FBFD,actor,srcx,"subss xmm0, dword ptr [rbx + 0x1080]","em4e: clock +1254 -= speed(+1080) a tick in 28FAA0 (load 28FBF5, store 28FC08)",28FACF,selected,"xmmD / s, op, * s: exact for s = 1/N a power of two; no flags touched, no register borrowed",28FBFD,17580,,856
28FD18,actor,srcx,"subss xmm0, dword ptr [rbx + 0x1080]","em4e: clock +1254 -= speed(+1080) a tick in 28FAA0 (load 28FD10, store 28FD23)",28FCEE,selected,"xmmD / s, op, * s: exact for s = 1/N a power of two; no flags touched, no register borrowed",28FD18,175B0,,859
290C75,actor,srcx,"subss xmm0, dword ptr [rdi + 0x1080]","em50: clock +126C -= speed(+1080) a tick in 290A60 (load 290C68, store 290C7D)",290A79,selected,"xmmD / s, op, * s: exact for s = 1/N a power of two; no flags touched, no register borrowed",290C75,175E0,,860
290E7E,actor,srcx,"subss xmm0, dword ptr [rbx + 0x1080]","em50: clock +126C -= speed(+1080) a tick in 290D90 (load 290E71, store 290E86)",290E71,selected,"xmmD / s, op, * s: exact for s = 1/N a power of two; no flags touched, no register borrowed",290E7E,17610,,861
291B55,actor,srcx,"subss xmm1, dword ptr [rbx + 0x1080]","em51: clock +11B8 -= speed(+1080) a tick in 291940 (load 291B4A, store 291B60)",291AE6,selected,"xmmD / s, op, * s: exact for s = 1/N a power of two; no flags touched, no register borrowed",291B55,17770,,869
291C5C,actor,srcx,"subss xmm1, dword ptr [rbx + 0x1080]","em51: clock +11B8 -= speed(+1080) a tick in 291B80 (load 291C51, store 291C71)",291B80,selected,"xmmD / s, op, * s: exact for s = 1/N a power of two; no flags touched, no register borrowed",291C5C,177A0,,870
292D0E,actor,srcx,"subss xmm1, dword ptr [rsi + 0x1080]","em52: clock +1250 -= speed(+1080) a tick in 292510 (load 292CFE, store 292D16)",2929B0,selected,"xmmD / s, op, * s: exact for s = 1/N a power of two; no flags touched, no register borrowed",292D0E,17800,,874
29357B,actor,srcx,"subss xmm0, dword ptr [rdi + 0x1080]","em52: clock +1298 -= speed(+1080) a tick in 2930F0 (load 29356A, store 293583)",293146,selected,"xmmD / s, op, * s: exact for s = 1/N a power of two; no flags touched, no register borrowed",29357B,17890,,876
2935E6,actor,dst,"mulss xmm0, dword ptr [rdi + 0xf54]","em52: clock +1254 += speed(+1080) x motion factor(+F54) a tick in 2930F0 (load 2935D6, store 2935FA)",293146,selected,the step's next reader is its accumulation,2935E6,178C0,,877
29421B,actor,srcx,"addss xmm0, dword ptr [rbx + 0x1080]","em52: clock +12CC += speed(+1080) a tick in 2940C0 (load 294213, store 29422A)",294101,selected,"xmmD / s, op, * s: exact for s = 1/N a power of two; no flags touched, no register borrowed",29421B,17960,,880
294468,actor,srcx,"addss xmm1, dword ptr [rbx + 0x1080]","em52: clock +12D0 += speed(+1080) a tick in 2940C0 (load 294460, store 294477)",294281,selected,"xmmD / s, op, * s: exact for s = 1/N a power of two; no flags touched, no register borrowed",294468,17990,,881
2945A5,actor,srcx,"addss xmm0, dword ptr [rbx + 0x1080]","em52: clock +12CC += speed(+1080) a tick in 2940C0 (load 29459D, store 2945B4)",294281,selected,"xmmD / s, op, * s: exact for s = 1/N a power of two; no flags touched, no register borrowed",2945A5,179C0,,882
29D3EA,actor,srcx,"subss xmm1, dword ptr [rcx + 0x1080]","em56: clock +15C0 -= speed(+1080) a tick in 29D330 (load 29D3DF, store 29D3F5)",29D330,selected,"xmmD / s, op, * s: exact for s = 1/N a power of two; no flags touched, no register borrowed",29D3EA,17D50,,904
29D4DB,actor,srcx,"subss xmm1, dword ptr [rcx + 0x1080]","em56: clock +15C0 -= speed(+1080) a tick in 29D330 (load 29D4D0, store 29D4E6)",29D330,selected,"xmmD / s, op, * s: exact for s = 1/N a power of two; no flags touched, no register borrowed",29D4DB,17E00,,908
29D770,actor,srcx,"subss xmm0, dword ptr [rcx + 0x1080]","unowned: clock +138C -= speed(+1080) a tick in 29D720 (load 29D760, store 29D778)",29D720,selected,"xmmD / s, op, * s: exact for s = 1/N a power of two; no flags touched, no register borrowed",29D770,17E30,,909
29F160,actor,srcx,"subss xmm0, dword ptr [rcx + 0x1080]","unowned: clock +1388 -= speed(+1080) a tick in 29EE50 (load 29F150, store 29F168)",29F136,selected,"xmmD / s, op, * s: exact for s = 1/N a power of two; no flags touched, no register borrowed",29F160,17FB0,,915
29F9D3,actor,srcx,"subss xmm0, dword ptr [rbx + 0x1080]","em56 em57 em58 em59: clock +1394 -= speed(+1080) a tick in 29F770 (load 29F9C6, store 29F9DB)",29F9A7,selected,"xmmD / s, op, * s: exact for s = 1/N a power of two; no flags touched, no register borrowed",29F9D3,17FE0,,916
29F9F9,actor,srcx,"subss xmm0, dword ptr [rbx + 0x1080]","em56 em57 em58 em59: clock +1390 -= speed(+1080) a tick in 29F770 (load 29F9EC, store 29FA01)",29F9A7,selected,"xmmD / s, op, * s: exact for s = 1/N a power of two; no flags touched, no register borrowed",29F9F9,18010,,917
2A2ABE,actor,srcx,"subss xmm0, dword ptr [rcx + 0x1080]","unowned: clock +1388 -= speed(+1080) a tick in 2A2AA0 (load 2A2AA6, store 2A2AC6)",2A2AA0,selected,"xmmD / s, op, * s: exact for s = 1/N a power of two; no flags touched, no register borrowed",2A2ABE,18100,,926
2A2DF5,actor,srcx,"subss xmm0, dword ptr [rcx + 0x1080]","unowned: clock +1388 -= speed(+1080) a tick in 2A2DD0 (load 2A2DD6, store 2A2DFD)",2A2DD0,selected,"xmmD / s, op, * s: exact for s = 1/N a power of two; no flags touched, no register borrowed",2A2DF5,18170,,930
2A3200,actor,srcx,"subss xmm0, dword ptr [rcx + 0x1080]","unowned: clock +138C -= speed(+1080) a tick in 2A3160 (load 2A31F3, store 2A3208)",2A3160,selected,"xmmD / s, op, * s: exact for s = 1/N a power of two; no flags touched, no register borrowed",2A3200,181A0,,933
2A3302,actor,srcx,"subss xmm0, dword ptr [rbx + 0x1080]","unowned: clock +1388 -= speed(+1080) a tick in 2A3160 (load 2A32F5, store 2A330A)",2A3160,selected,"xmmD / s, op, * s: exact for s = 1/N a power of two; no flags touched, no register borrowed",2A3302,181D0,,934
2A56E9,actor,srcx,"subss xmm0, dword ptr [rcx + 0x1080]","unowned: clock +1388 -= speed(+1080) a tick in 2A56D0 (load 2A56D6, store 2A56F1)",2A56D0,selected,"xmmD / s, op, * s: exact for s = 1/N a power of two; no flags touched, no register borrowed",2A56E9,18310,,951
2A5BDD,actor,srcx,"subss xmm0, dword ptr [rbx + 0x1080]","unowned: clock +1388 -= speed(+1080) a tick in 2A58A0 (load 2A5BD0, store 2A5BE5)",2A5A08,selected,"xmmD / s, op, * s: exact for s = 1/N a power of two; no flags touched, no register borrowed",2A5BDD,18340,,954
2AA213,actor,srcx,"subss xmm0, dword ptr [rbx + 0x1080]","em60: clock +15D8 -= speed(+1080) a tick in 2A8D20 (load 2AA208, store 2AA21E)",2A9669,selected,"xmmD / s, op, * s: exact for s = 1/N a power of two; no flags touched, no register borrowed",2AA213,18640,,982
2AA8FE,actor,srcx,"subss xmm0, dword ptr [rbx + 0x1080]","em60: clock +15D8 -= speed(+1080) a tick in 2A8D20 (load 2AA8F3, store 2AA909)",2A9669,selected,"xmmD / s, op, * s: exact for s = 1/N a power of two; no flags touched, no register borrowed",2AA8FE,18670,,983
2AAAA7,actor,dst,"mulss xmm0, dword ptr [rbx + 0xf54]","em60: clock +1534 += speed(+1080) x motion factor(+F54) a tick in 2A8D20 (load 2AAA97, store 2AAABB)",2AAA4E,selected,the step's next reader is its accumulation,2AAAA7,186A0,,984
2B6750,actor,srcx,"subss xmm0, dword ptr [rcx + 0x1080]","em61: clock +1438 -= speed(+1080) a tick in 2B6700 (load 2B6740, store 2B6758)",2B6700,selected,"xmmD / s, op, * s: exact for s = 1/N a power of two; no flags touched, no register borrowed",2B6750,18D00,,1022
2B7DCB,actor,srcx,"subss xmm1, dword ptr [rbx + 0x1080]","em61: clock +1438 -= speed(+1080) a tick in 2B7D40 (load 2B7DBB, store 2B7DD3)",2B7D40,selected,"xmmD / s, op, * s: exact for s = 1/N a power of two; no flags touched, no register borrowed",2B7DCB,18D50,,1024
2B88A2,actor,srcx,"subss xmm0, dword ptr [rsi + 0x1080]","em61: clock +143C -= speed(+1080) a tick in 2B82B0 (load 2B889A, store 2B88AD)",2B8882,selected,"xmmD / s, op, * s: exact for s = 1/N a power of two; no flags touched, no register borrowed",2B88A2,18D80,,1026
2B9994,actor,srcx,"subss xmm1, dword ptr [rcx + 0x1080]","unowned: clock +1438 -= speed(+1080) a tick in 2B96D0 (load 2B9984, store 2B999C)",2B96D0,selected,"xmmD / s, op, * s: exact for s = 1/N a power of two; no flags touched, no register borrowed",2B9994,18DD0,,1029
2B9AFC,actor,srcx,"subss xmm0, dword ptr [rcx + 0x1080]","em61: clock +1438 -= speed(+1080) a tick in 2B99B0 (load 2B9AEC, store 2B9B04)",2B99B0,selected,"xmmD / s, op, * s: exact for s = 1/N a power of two; no flags touched, no register borrowed",2B9AFC,18E00,,1031
2B9BF9,actor,srcx,"subss xmm0, dword ptr [rcx + 0x1080]","em61: clock +1438 -= speed(+1080) a tick in 2B99B0 (load 2B9BE9, store 2B9C01)",2B99B0,selected,"xmmD / s, op, * s: exact for s = 1/N a power of two; no flags touched, no register borrowed",2B9BF9,18E30,,1032
2B9D5E,actor,srcx,"subss xmm0, dword ptr [rbx + 0x1080]","em61: clock +1438 -= speed(+1080) a tick in 2B9C30 (load 2B9D51, store 2B9D66)",2B9C30,selected,"xmmD / s, op, * s: exact for s = 1/N a power of two; no flags touched, no register borrowed",2B9D5E,18E60,,1034
2B9EA7,actor,srcx,"subss xmm0, dword ptr [rbx + 0x1080]","em61: clock +1438 -= speed(+1080) a tick in 2B9C30 (load 2B9E9A, store 2B9EAF)",2B9C30,selected,"xmmD / s, op, * s: exact for s = 1/N a power of two; no flags touched, no register borrowed",2B9EA7,18E90,,1036
2B9FD4,actor,srcx,"subss xmm1, dword ptr [rcx + 0x1080]","unowned: clock +1438 -= speed(+1080) a tick in 2B9C30 (load 2B9FC4, store 2B9FDC)",2B9C30,selected,"xmmD / s, op, * s: exact for s = 1/N a power of two; no flags touched, no register borrowed",2B9FD4,18EC0,,1037
2BA164,actor,srcx,"subss xmm1, dword ptr [rcx + 0x1080]","unowned: clock +1438 -= speed(+1080) a tick in 2B9FF0 (load 2BA154, store 2BA16C)",2BA127,selected,"xmmD / s, op, * s: exact for s = 1/N a power of two; no flags touched, no register borrowed",2BA164,18EF0,,1038
2BA2F4,actor,srcx,"subss xmm1, dword ptr [rcx + 0x1080]","unowned: clock +1438 -= speed(+1080) a tick in 2BA180 (load 2BA2E4, store 2BA2FC)",2BA2B4,selected,"xmmD / s, op, * s: exact for s = 1/N a power of two; no flags touched, no register borrowed",2BA2F4,18F20,,1039
2BC650,actor,srcx,"subss xmm0, dword ptr [rbx + 0x1080]","em61: clock +1444 -= speed(+1080) a tick in 2BC4A0 (load 2BC648, store 2BC65B)",2BC4A0,selected,"xmmD / s, op, * s: exact for s = 1/N a power of two; no flags touched, no register borrowed",2BC650,18F50,,1049
2BF1F3,actor,srcx,"subss xmm0, dword ptr [rbx + 0x1080]","em64: clock +11A0 -= speed(+1080) a tick in 2BF0F0 (load 2BF1EB, store 2BF1FE)",2BF0F0,selected,"xmmD / s, op, * s: exact for s = 1/N a power of two; no flags touched, no register borrowed",2BF1F3,19050,,1061
2C0584,actor,srcx,"subss xmm0, dword ptr [rsi + 0x1080]","em65: clock +16B0 -= speed(+1080) a tick in 2BFCF0 (load 2C0577, store 2C058C)",2C0577,selected,"xmmD / s, op, * s: exact for s = 1/N a power of two; no flags touched, no register borrowed",2C0584,190D0,,1067
2C05A1,actor,srcx,"subss xmm0, dword ptr [rsi + 0x1080]","em65: clock +16B4 -= speed(+1080) a tick in 2BFCF0 (load 2C0594, store 2C05A9)",2C0577,selected,"xmmD / s, op, * s: exact for s = 1/N a power of two; no flags touched, no register borrowed",2C05A1,19100,,1068
2C1BD9,actor,srcx,"subss xmm0, dword ptr [rdi + 0x1080]","em65: clock +1720 -= speed(+1080) a tick in 2C0A60 (load 2C1BBE, store 2C1BE5)",2C1983,selected,"xmmD / s, op, * s: exact for s = 1/N a power of two; no flags touched, no register borrowed",2C1BD9,19220,,1074
2CAA64,actor,srcx,"subss xmm0, dword ptr [rsi + 0x1080]","em68: clock +124C -= speed(+1080) a tick in 2CA9C0 (load 2CAA5C, store 2CAA6F)",2CA9C0,selected,"xmmD / s, op, * s: exact for s = 1/N a power of two; no flags touched, no register borrowed",2CAA64,19620,,1100
2CAB91,actor,srcx,"subss xmm0, dword ptr [rsi + 0x1080]","em68: clock +1238 -= speed(+1080) a tick in 2CA9C0 (load 2CAB84, store 2CAB99)",2CA9C0,selected,"xmmD / s, op, * s: exact for s = 1/N a power of two; no flags touched, no register borrowed",2CAB91,19650,,1101
2CB124,actor,srcx,"subss xmm0, dword ptr [rbx + 0x1080]","em68: clock +1254 -= speed(+1080) a tick in 2CB000 (load 2CB11C, store 2CB136)",2CB034,selected,"xmmD / s, op, * s: exact for s = 1/N a power of two; no flags touched, no register borrowed",2CB124,19710,,1105
2CC47C,actor,srcx,"subss xmm0, dword ptr [rsi + 0x1080]","em68: clock +1260 -= speed(+1080) a tick in 2CC370 (load 2CC474, store 2CC488)",2CC3EE,selected,"xmmD / s, op, * s: exact for s = 1/N a power of two; no flags touched, no register borrowed",2CC47C,19740,,1106
2CC54B,actor,srcx,"subss xmm0, dword ptr [rsi + 0x1080]","em68: clock +1258 -= speed(+1080) a tick in 2CC370 (load 2CC543, store 2CC557)",2CC3EE,selected,"xmmD / s, op, * s: exact for s = 1/N a power of two; no flags touched, no register borrowed",2CC54B,19770,,1107
2CC6D4,actor,srcx,"subss xmm0, dword ptr [rsi + 0x1080]","em68: clock +125C -= speed(+1080) a tick in 2CC370 (load 2CC6CC, store 2CC6E0)",2CC6CC,selected,"xmmD / s, op, * s: exact for s = 1/N a power of two; no flags touched, no register borrowed",2CC6D4,197A0,,1108
2CCA83,actor,srcx,"subss xmm0, dword ptr [rbx + 0x1080]","unowned: clock +1244 -= speed(+1080) a tick in 2CC9D0 (load 2CCA7B, store 2CCA8E)",2CC9D0,selected,"xmmD / s, op, * s: exact for s = 1/N a power of two; no flags touched, no register borrowed",2CCA83,197D0,,1109
2CCFE0,actor,srcx,"subss xmm0, dword ptr [rcx + 0x1080]","unowned: clock +126C -= speed(+1080) a tick in 2CCF80 (load 2CCFD0, store 2CCFE8)",2CCF80,selected,"xmmD / s, op, * s: exact for s = 1/N a power of two; no flags touched, no register borrowed",2CCFE0,19800,,1110
2CFAD6,actor,srcx,"subss xmm1, dword ptr [rbx + 0x1080]","em69: clock +1274 -= speed(+1080) a tick in 2CF9E0 (load 2CFACB, store 2CFAE1)",2CFA06,selected,"xmmD / s, op, * s: exact for s = 1/N a power of two; no flags touched, no register borrowed",2CFAD6,19970,,1117
2CFE67,actor,srcx,"subss xmm0, dword ptr [rbx + 0x1080]","em69: clock +1270 -= speed(+1080) a tick in 2CF9E0 (load 2CFE5F, store 2CFE72)",2CFA06,selected,"xmmD / s, op, * s: exact for s = 1/N a power of two; no flags touched, no register borrowed",2CFE67,199A0,,1119
2D00CC,actor,srcx,"subss xmm0, dword ptr [rbx + 0x1080]","em69: clock +1270 -= speed(+1080) a tick in 2D0000 (load 2D00C4, store 2D00D7)",2D0000,selected,"xmmD / s, op, * s: exact for s = 1/N a power of two; no flags touched, no register borrowed",2D00CC,199D0,,1120
2D02BE,actor,srcx,"subss xmm1, dword ptr [rbx + 0x1080]","em69: clock +1274 -= speed(+1080) a tick in 2D0110 (load 2D02B3, store 2D02C9)",2D0110,selected,"xmmD / s, op, * s: exact for s = 1/N a power of two; no flags touched, no register borrowed",2D02BE,19A00,,1121
2D07A6,actor,srcx,"subss xmm0, dword ptr [rbx + 0x1080]","em69: clock +1274 -= speed(+1080) a tick in 2D06C0 (load 2D079E, store 2D07B1)",2D06C0,selected,"xmmD / s, op, * s: exact for s = 1/N a power of two; no flags touched, no register borrowed",2D07A6,19A30,,1122
2D08B1,actor,srcx,"subss xmm1, dword ptr [rdi + 0x1080]","em69: clock +1274 -= speed(+1080) a tick in 2D07D0 (load 2D08A6, store 2D08BC)",2D07F0,selected,"xmmD / s, op, * s: exact for s = 1/N a power of two; no flags touched, no register borrowed",2D08B1,19A60,,1123
2D0B22,actor,srcx,"subss xmm0, dword ptr [rdi + 0x1080]","em69: clock +1274 -= speed(+1080) a tick in 2D07D0 (load 2D0B1A, store 2D0B2D)",2D0A7F,selected,"xmmD / s, op, * s: exact for s = 1/N a power of two; no flags touched, no register borrowed",2D0B22,19A90,,1124
2D0FFC,actor,srcx,"subss xmm1, dword ptr [rbx + 0x1080]","em69: clock +1274 -= speed(+1080) a tick in 2D0F90 (load 2D0FF1, store 2D1007)",2D0F90,selected,"xmmD / s, op, * s: exact for s = 1/N a power of two; no flags touched, no register borrowed",2D0FFC,19AC0,,1126
2D131A,actor,srcx,"subss xmm0, dword ptr [rcx + 0x1080]","em69: clock +126C -= speed(+1080) a tick in 2D12F0 (load 2D130A, store 2D1322)",2D12F0,selected,"xmmD / s, op, * s: exact for s = 1/N a power of two; no flags touched, no register borrowed",2D131A,19AF0,,1128
2D1A7F,actor,srcx,"subss xmm0, dword ptr [rbx + 0x1080]","em69: clock +1274 -= speed(+1080) a tick in 2D1980 (load 2D1A77, store 2D1A8A)",2D19AB,selected,"xmmD / s, op, * s: exact for s = 1/N a power of two; no flags touched, no register borrowed",2D1A7F,19B20,,1131
2D1BA4,actor,srcx,"subss xmm0, dword ptr [rbx + 0x1080]","em69: clock +1274 -= speed(+1080) a tick in 2D1980 (load 2D1B9C, store 2D1BAF)",2D19AB,selected,"xmmD / s, op, * s: exact for s = 1/N a power of two; no flags touched, no register borrowed",2D1BA4,19B50,,1132
2D25BB,actor,srcx,"subss xmm0, dword ptr [rdi + 0x1080]","em69: clock +1274 -= speed(+1080) a tick in 2D2140 (load 2D25B3, store 2D25C6)",2D24CD,selected,"xmmD / s, op, * s: exact for s = 1/N a power of two; no flags touched, no register borrowed",2D25BB,19B80,,1133
2D322A,actor,srcx,"subss xmm0, dword ptr [rbx + 0x1080]","em69: clock +1274 -= speed(+1080) a tick in 2D30D0 (load 2D3222, store 2D3235)",2D30FB,selected,"xmmD / s, op, * s: exact for s = 1/N a power of two; no flags touched, no register borrowed",2D322A,19BB0,,1134
2D567F,actor,srcx,"subss xmm0, dword ptr [rbx + 0x1080]","em7c: clock +1290 -= speed(+1080) a tick in 2D5540 (load 2D5677, store 2D568A)",2D563C,selected,"xmmD / s, op, * s: exact for s = 1/N a power of two; no flags touched, no register borrowed",2D567F,19C80,,1143
2D6A79,actor,srcx,"subss xmm1, dword ptr [rbx + 0x1080]","em7e: clock +1290 -= speed(+1080) a tick in 2D6920 (load 2D6A6E, store 2D6A84)",2D6920,selected,"xmmD / s, op, * s: exact for s = 1/N a power of two; no flags touched, no register borrowed",2D6A79,19CB0,,1145
5C62EB,actor,srcx,"subss xmm1, dword ptr [rsi + 0x1080]","em85: clock +1330 -= speed(+1080) a tick in 5C5DD0 (load 5C62DB, store 5C62F3)",5C61C9,selected,"xmmD / s, op, * s: exact for s = 1/N a power of two; no flags touched, no register borrowed",5C62EB,33CC0,,2676
5C6C37,actor,dst,"mulss xmm0, dword ptr [rdi + 0xf54]","em85: clock +1334 += speed(+1080) x motion factor(+F54) a tick in 5C6450 (load 5C6C27, store 5C6C4B)",5C6A57,selected,the step's next reader is its accumulation,5C6C37,33D90,,2681
5CEFA4,actor,dst,"mulss xmm0, dword ptr [rdi + 0xf54]","em86: clock +53A4 += speed(+1080) x motion factor(+F54) a tick in 5CE810 (load 5CEF94, store 5CEFB8)",5CE92D,selected,the step's next reader is its accumulation,5CEFA4,34350,,2708
5D5BA4,actor,dst,"mulss xmm0, dword ptr [rbx + 0xf54]","em87: clock +52DC += speed(+1080) x motion factor(+F54) a tick in 5D5780 (load 5D5B94, store 5D5BB8)",5D58A9,selected,the step's next reader is its accumulation,5D5BA4,348F0,,2727
5DE792,actor,srcx,"subss xmm0, dword ptr [rdi + 0x1080]","em88: clock +3860 -= speed(+1080) a tick in 5DE6E0 (load 5DE78A, store 5DE79A)",5DE6E0,selected,"xmmD / s, op, * s: exact for s = 1/N a power of two; no flags touched, no register borrowed",5DE792,351A0,,2772
5E0A73,actor,dst,"mulss xmm0, dword ptr [rbx + 0xf54]","em88: clock +3854 += speed(+1080) x motion factor(+F54) a tick in 5DF660 (load 5E0A5B, store 5E0A7F)",5DF660,selected,the step's next reader is its accumulation,5E0A73,353C0,,2782
5EB497,actor,srcx,"subss xmm1, dword ptr [rbx + 0x1080]","em89: clock +5070 -= speed(+1080) a tick in 5EB440 (load 5EB487, store 5EB49F)",5EB440,selected,"xmmD / s, op, * s: exact for s = 1/N a power of two; no flags touched, no register borrowed",5EB497,357D0,,2805
5EC30E,actor,srcx,"subss xmm0, dword ptr [rbx + 0x1080]","em89: clock +5034 -= speed(+1080) a tick in 5EC0F0 (load 5EC300, store 5EC316)",5EC17E,selected,"xmmD / s, op, * s: exact for s = 1/N a power of two; no flags touched, no register borrowed",5EC30E,35A00,,2812
5ECB34,actor,dst,"mulss xmm0, dword ptr [rbx + 0xf54]","em89: clock +4FA8 += speed(+1080) x motion factor(+F54) a tick in 5EC0F0 (load 5ECB24, store 5ECB48)",5EC957,selected,the step's next reader is its accumulation,5ECB34,35AA0,,2816
24674E,actor,step,"movss xmm0, dword ptr [rbx + 0x1080]",unowned: +115C stepped by a multiple of the speed(+1080) a tick in 2462C0 (store 246775),2462C0,selected,"the speed read here is, on every path, only one field's step (find_actor_clocks.Steps)",24674E,148A0,,492
24C82F,actor,srcx,"subss xmm1, dword ptr [rdi + 0x1080]",unowned: +4 stepped by a multiple of the speed(+1080) a tick in 24C7D0 (store 24C837),24C7D0,selected,"xmmD / s, op, * s: exact for s = 1/N a power of two; no flags touched, no register borrowed",24C82F,14A90,,543
24C86A,actor,srcx,"addss xmm1, dword ptr [rdi + 0x1080]",unowned: +4 stepped by a multiple of the speed(+1080) a tick in 24C7D0 (store 24C872),24C7D0,selected,"xmmD / s, op, * s: exact for s = 1/N a power of two; no flags touched, no register borrowed",24C86A,14AC0,,544
24C8DD,actor,step,"mulss xmm0, dword ptr [rdi + 0x1080]",unowned: +4 stepped by a multiple of the speed(+1080) a tick in 24C7D0 (store 24C8EA),24C7D0,selected,"the speed read here is, on every path, only one field's step (find_actor_clocks.Steps)",24C8DD,14AF0,,545
24C8EF,actor,step,"movss xmm0, dword ptr [rdi + 0x1080]",unowned: +14C0 stepped by a multiple of the speed(+1080) a tick in 24C7D0 (store 24C911),24C7D0,selected,"the speed read here is, on every path, only one field's step (find_actor_clocks.Steps)",24C8EF,14B10,,546
256267,actor,step,"movss xmm1, dword ptr [rdi + 0x1080]",unowned: +115C stepped by a multiple of the speed(+1080) a tick in 255ED0 (store 25627E),255EEB,selected,"the speed read here is, on every path, only one field's step (find_actor_clocks.Steps)",256267,15180,,592
25881B,actor,step,"mulss xmm0, dword ptr [rdi + 0x1080]",unowned: +4 stepped by a multiple of the speed(+1080) a tick in 258700 (store 258828),258700,selected,"the speed read here is, on every path, only one field's step (find_actor_clocks.Steps)",25881B,152C0,,621
25882D,actor,step,"movss xmm0, dword ptr [rdi + 0x1080]",unowned: +142C stepped by a multiple of the speed(+1080) a tick in 258700 (store 25884A),258700,selected,"the speed read here is, on every path, only one field's step (find_actor_clocks.Steps)",25882D,152E0,,622
25E589,actor,step,"movss xmm0, dword ptr [rbx + 0x1080]",em12: +1380 stepped by a multiple of the speed(+1080) a tick in 25E4C0 (store 25E5DA),25E4C0,selected,"the speed read here is, on every path, only one field's step (find_actor_clocks.Steps)",25E589,15590,,650
25E5AE,actor,step,"movss xmm0, dword ptr [rbx + 0x1080]",em12: +1380 stepped by a multiple of the speed(+1080) a tick in 25E4C0 (store 25E5DA),25E4C0,selected,"the speed read here is, on every path, only one field's step (find_actor_clocks.Steps)",25E5AE,155B0,,651
2611DF,actor,srcx,"subss xmm0, dword ptr [rbx + 0x1080]",em13 em14: +12C0 stepped by a multiple of the speed(+1080) a tick in 261160 (store 2611E7),261160,selected,"xmmD / s, op, * s: exact for s = 1/N a power of two; no flags touched, no register borrowed",2611DF,15810,,663
2621CE,actor,step,"movss xmm0, dword ptr [rbx + 0x1080]",em13 em14: +12C8 stepped by a multiple of the speed(+1080) a tick in 2621C0 (store 2621E5),2621C0,selected,"the speed read here is, on every path, only one field's step (find_actor_clocks.Steps)",2621CE,158D0,,669
26678C,actor,step,"movss xmm1, dword ptr [rbx + 0x1080]",em16: +1CB4 stepped by a multiple of the speed(+1080) a tick in 2664F0 (store 2667B7),266686,selected,"the speed read here is, on every path, only one field's step (find_actor_clocks.Steps)",26678C,15B30,,684
269907,actor,step,"movss xmm1, dword ptr [rbx + 0x1080]",em16: +1CB4 stepped by a multiple of the speed(+1080) a tick in 269760 (store 26991B),269760,selected,"the speed read here is, on every path, only one field's step (find_actor_clocks.Steps)",269907,15BD0,,689
26B186,actor,step,"movss xmm0, dword ptr [rdx + 0x1080]",em16: +C stepped by a multiple of the speed(+1080) a tick in 26B160 (store 26B19F),26B160,selected,"the speed read here is, on every path, only one field's step (find_actor_clocks.Steps)",26B186,15BF0,,690
26F98B,actor,srcx,"subss xmm0, dword ptr [rcx + 0x1080]",em27 em29: +141C stepped by a multiple of the speed(+1080) a tick in 26F930 (store 26F99E),26F974,selected,"xmmD / s, op, * s: exact for s = 1/N a power of two; no flags touched, no register borrowed",26F98B,15D60,,697
2728BC,actor,srcx,"subss xmm2, dword ptr [rbx + 0x1080]",unowned: +4 stepped by a multiple of the speed(+1080) a tick in 272860 (store 2728C4),272860,selected,"xmmD / s, op, * s: exact for s = 1/N a power of two; no flags touched, no register borrowed",2728BC,15E50,,715
2728F8,actor,srcx,"addss xmm2, dword ptr [rbx + 0x1080]",unowned: +4 stepped by a multiple of the speed(+1080) a tick in 272860 (store 272900),272860,selected,"xmmD / s, op, * s: exact for s = 1/N a power of two; no flags touched, no register borrowed",2728F8,15E80,,716
272969,actor,step,"mulss xmm0, dword ptr [rbx + 0x1080]",unowned: +4 stepped by a multiple of the speed(+1080) a tick in 272860 (store 272976),272916,selected,"the speed read here is, on every path, only one field's step (find_actor_clocks.Steps)",272969,15EB0,,717
27297B,actor,step,"movss xmm0, dword ptr [rbx + 0x1080]",unowned: +13F0 stepped by a multiple of the speed(+1080) a tick in 272860 (store 27299D),272916,selected,"the speed read here is, on every path, only one field's step (find_actor_clocks.Steps)",27297B,15ED0,,718
272F92,actor,step,"movss xmm0, dword ptr [rbx + 0x1080]",em27 em29: +1410 stepped by a multiple of the speed(+1080) a tick in 272EC0 (store 272FE3),272EC0,selected,"the speed read here is, on every path, only one field's step (find_actor_clocks.Steps)",272F92,15EF0,,721
272FB7,actor,step,"movss xmm0, dword ptr [rbx + 0x1080]",em27 em29: +1410 stepped by a multiple of the speed(+1080) a tick in 272EC0 (store 272FE3),272EC0,selected,"the speed read here is, on every path, only one field's step (find_actor_clocks.Steps)",272FB7,15F10,,722
2766FA,actor,step,"movss xmm0, dword ptr [rdi + 0x1080]",em2b: +E14 stepped by a multiple of the speed(+1080) a tick in 276400 (store 276719),276696,selected,"the speed read here is, on every path, only one field's step (find_actor_clocks.Steps)",2766FA,16330,,736
27B869,actor,step,"movss xmm0, dword ptr [rbx + 0x1080]",em2d: +248C stepped by a multiple of the speed(+1080) a tick in 27AD50 (store 27B879),27B6A8,selected,"the speed read here is, on every path, only one field's step (find_actor_clocks.Steps)",27B869,16670,,752
281B18,actor,step,"movss xmm0, dword ptr [r14 + 0x1080]",em2d: +C stepped by a multiple of the speed(+1080) a tick in 281AE0 (store 281B3A),281AE0,selected,"the speed read here is, on every path, only one field's step (find_actor_clocks.Steps)",281B18,16890,,763
282744,actor,step,"movss xmm0, dword ptr [r14 + 0x1080]",em2d: +C stepped by a multiple of the speed(+1080) a tick in 281AE0 (store 282752),281FEB,selected,"the speed read here is, on every path, only one field's step (find_actor_clocks.Steps)",282744,16AB0,,775
28653C,actor,step,"movss xmm0, dword ptr [rdi + 0x1080]",em3d: +B0 stepped by a multiple of the speed(+1080) a tick in 2860D0 (store 286559),286263,selected,"the speed read here is, on every path, only one field's step (find_actor_clocks.Steps)",28653C,16DF0,,793
286B07,actor,step,"movss xmm0, dword ptr [r14 + 0x1080]",em3d: +B4 stepped by a multiple of the speed(+1080) a tick in 2865B0 (store 286B29),286AB4,selected,"the speed read here is, on every path, only one field's step (find_actor_clocks.Steps)",286B07,16EC0,,799
286BBC,actor,step,"movss xmm0, dword ptr [r14 + 0x1080]",em3d: +1258 stepped by a multiple of the speed(+1080) a tick in 2865B0 (store 286BDB),286AB4,selected,"the speed read here is, on every path, only one field's step (find_actor_clocks.Steps)",286BBC,16F20,,802
2870F4,actor,step,"mulss xmm0, dword ptr [rdi + 0x1080]",em3d: +4 stepped by a multiple of the speed(+1080) a tick in 286E80 (store 287101),286EB6,selected,"the speed read here is, on every path, only one field's step (find_actor_clocks.Steps)",2870F4,16F70,,804
287106,actor,step,"movss xmm0, dword ptr [rdi + 0x1080]",em3d: +1258 stepped by a multiple of the speed(+1080) a tick in 286E80 (store 287123),286EB6,selected,"the speed read here is, on every path, only one field's step (find_actor_clocks.Steps)",287106,16F90,,805
28D27F,actor,step,"mulss xmm0, dword ptr [rbx + 0x1080]",em4d em4e em50: +4 stepped by a multiple of the speed(+1080) a tick in 28D1A0 (store 28D28C),28D1A0,selected,"the speed read here is, on every path, only one field's step (find_actor_clocks.Steps)",28D27F,17430,,834
28D291,actor,step,"movss xmm0, dword ptr [rbx + 0x1080]",em4d em4e em50: +1258 stepped by a multiple of the speed(+1080) a tick in 28D1A0 (store 28D2AE),28D1A0,selected,"the speed read here is, on every path, only one field's step (find_actor_clocks.Steps)",28D291,17450,,835
28D758,actor,step,"mulss xmm0, dword ptr [rbx + 0x1080]",em4d em4e: +4 stepped by a multiple of the speed(+1080) a tick in 28D320 (store 28D765),28D67F,selected,"the speed read here is, on every path, only one field's step (find_actor_clocks.Steps)",28D758,17470,,837
28D76A,actor,step,"movss xmm0, dword ptr [rbx + 0x1080]",em4d em4e: +1258 stepped by a multiple of the speed(+1080) a tick in 28D320 (store 28D787),28D67F,selected,"the speed read here is, on every path, only one field's step (find_actor_clocks.Steps)",28D76A,17490,,838
28DB80,actor,step,"mulss xmm0, dword ptr [rdi + 0x1080]",em4d em4e em50: +4 stepped by a multiple of the speed(+1080) a tick in 28D810 (store 28DB8D),28DAFF,selected,"the speed read here is, on every path, only one field's step (find_actor_clocks.Steps)",28DB80,174B0,,843
28DB92,actor,step,"movss xmm0, dword ptr [rdi + 0x1080]",em4d em4e em50: +1258 stepped by a multiple of the speed(+1080) a tick in 28D810 (store 28DBB2),28DAFF,selected,"the speed read here is, on every path, only one field's step (find_actor_clocks.Steps)",28DB92,174D0,,844
291225,actor,step,"mulss xmm0, dword ptr [rbx + 0x1080]",em50: +4 stepped by a multiple of the speed(+1080) a tick in 290EC0 (store 291232),29113C,selected,"the speed read here is, on every path, only one field's step (find_actor_clocks.Steps)",291225,17640,,864
291237,actor,step,"movss xmm0, dword ptr [rbx + 0x1080]",em50: +1258 stepped by a multiple of the speed(+1080) a tick in 290EC0 (store 291254),29113C,selected,"the speed read here is, on every path, only one field's step (find_actor_clocks.Steps)",291237,17660,,865
29B31F,actor,step,"movss xmm0, dword ptr [rdx + 0x1080]",em52: +C stepped by a multiple of the speed(+1080) a tick in 29B300 (store 29B330),29B300,selected,"the speed read here is, on every path, only one field's step (find_actor_clocks.Steps)",29B31F,17C50,,899
2A25E7,actor,step,"movss xmm0, dword ptr [rbx + 0x1080]",unowned: +115C stepped by a multiple of the speed(+1080) a tick in 2A2270 (store 2A260E),2A2270,selected,"the speed read here is, on every path, only one field's step (find_actor_clocks.Steps)",2A25E7,180A0,,922
2A2A57,actor,step,"mulss xmm0, dword ptr [rdi + 0x1080]",unowned: +4 stepped by a multiple of the speed(+1080) a tick in 2A2940 (store 2A2A64),2A2940,selected,"the speed read here is, on every path, only one field's step (find_actor_clocks.Steps)",2A2A57,180C0,,924
2A2A69,actor,step,"movss xmm0, dword ptr [rdi + 0x1080]",unowned: +139C stepped by a multiple of the speed(+1080) a tick in 2A2940 (store 2A2A89),2A2940,selected,"the speed read here is, on every path, only one field's step (find_actor_clocks.Steps)",2A2A69,180E0,,925
2A2D61,actor,step,"mulss xmm0, dword ptr [rdi + 0x1080]",unowned: +4 stepped by a multiple of the speed(+1080) a tick in 2A2B40 (store 2A2D6E),2A2B40,selected,"the speed read here is, on every path, only one field's step (find_actor_clocks.Steps)",2A2D61,18130,,928
2A2D73,actor,step,"movss xmm0, dword ptr [rdi + 0x1080]",unowned: +139C stepped by a multiple of the speed(+1080) a tick in 2A2B40 (store 2A2D90),2A2B40,selected,"the speed read here is, on every path, only one field's step (find_actor_clocks.Steps)",2A2D73,18150,,929
2A7CED,actor,step,"mulss xmm0, dword ptr [rdi + 0x1080]",em59: +4 stepped by a multiple of the speed(+1080) a tick in 2A7C00 (store 2A7CFA),2A7C10,selected,"the speed read here is, on every path, only one field's step (find_actor_clocks.Steps)",2A7CED,18370,,964
2A7CFF,actor,step,"movss xmm0, dword ptr [rdi + 0x1080]",em59: +139C stepped by a multiple of the speed(+1080) a tick in 2A7C00 (store 2A7D1C),2A7C10,selected,"the speed read here is, on every path, only one field's step (find_actor_clocks.Steps)",2A7CFF,18390,,965
2A8101,actor,step,"mulss xmm0, dword ptr [rdi + 0x1080]",em59: +4 stepped by a multiple of the speed(+1080) a tick in 2A8030 (store 2A810E),2A8030,selected,"the speed read here is, on every path, only one field's step (find_actor_clocks.Steps)",2A8101,183B0,,971
2A8113,actor,step,"movss xmm0, dword ptr [rdi + 0x1080]",em59: +139C stepped by a multiple of the speed(+1080) a tick in 2A8030 (store 2A8133),2A8030,selected,"the speed read here is, on every path, only one field's step (find_actor_clocks.Steps)",2A8113,183D0,,972
2A8306,actor,step,"mulss xmm0, dword ptr [rdi + 0x1080]",em59: +4 stepped by a multiple of the speed(+1080) a tick in 2A8030 (store 2A8313),2A8030,selected,"the speed read here is, on every path, only one field's step (find_actor_clocks.Steps)",2A8306,183F0,,974
2A8318,actor,step,"movss xmm0, dword ptr [rdi + 0x1080]",em59: +139C stepped by a multiple of the speed(+1080) a tick in 2A8030 (store 2A8338),2A8030,selected,"the speed read here is, on every path, only one field's step (find_actor_clocks.Steps)",2A8318,18410,,975
2A8C4E,actor,srcx,"subss xmm1, dword ptr [rsi + 0x1080]",em60: +1530 stepped by a multiple of the speed(+1080) a tick in 2A8820 (store 2A8C56),2A8C49,selected,"xmmD / s, op, * s: exact for s = 1/N a power of two; no flags touched, no register borrowed",2A8C4E,18430,,976
2ACC68,actor,step,"movss xmm1, dword ptr [rdi + 0x1080]",em60: +1594 stepped by a multiple of the speed(+1080) a tick in 2AC940 (store 2ACC93),2AC940,selected,"the speed read here is, on every path, only one field's step (find_actor_clocks.Steps)",2ACC68,18720,,990
2AD83B,actor,step,"movss xmm1, dword ptr [rdi + 0x1080]",em60: +1594 stepped by a multiple of the speed(+1080) a tick in 2ACCF0 (store 2AD866),2ACD26,selected,"the speed read here is, on every path, only one field's step (find_actor_clocks.Steps)",2AD83B,18740,,991
2AF535,actor,step,"movss xmm0, dword ptr [rdi + 0x1080]",em60: +1670 stepped by a multiple of the speed(+1080) a tick in 2AF240 (store 2AF54D),2AF240,selected,"the speed read here is, on every path, only one field's step (find_actor_clocks.Steps)",2AF535,187C0,,995
2AF67E,actor,step,"movss xmm1, dword ptr [rdi + 0x1080]",em60: +1594 stepped by a multiple of the speed(+1080) a tick in 2AF240 (store 2AF692),2AF240,selected,"the speed read here is, on every path, only one field's step (find_actor_clocks.Steps)",2AF67E,18800,,997
2AFF4D,actor,step,"movss xmm1, dword ptr [rdi + 0x1080]",em60: +1594 stepped by a multiple of the speed(+1080) a tick in 2AFB70 (store 2AFF61),2AFD05,selected,"the speed read here is, on every path, only one field's step (find_actor_clocks.Steps)",2AFF4D,18840,,999
2B31A7,actor,step,"movss xmm1, dword ptr [rdi + 0x1080]",em60: +1594 stepped by a multiple of the speed(+1080) a tick in 2B2FE0 (store 2B31BB),2B3155,selected,"the speed read here is, on every path, only one field's step (find_actor_clocks.Steps)",2B31A7,18940,,1007
2B4827,actor,step,"movss xmm0, dword ptr [rdx + 0x1080]",em60: +C stepped by a multiple of the speed(+1080) a tick in 2B4800 (store 2B4845),2B4800,selected,"the speed read here is, on every path, only one field's step (find_actor_clocks.Steps)",2B4827,18A20,,1010
2B8C01,actor,step,"movss xmm0, dword ptr [rsi + 0x1080]",em61: +115C stepped by a multiple of the speed(+1080) a tick in 2B82B0 (store 2B8C20),2B8882,selected,"the speed read here is, on every path, only one field's step (find_actor_clocks.Steps)",2B8C01,18DB0,,1027
2BCFD3,actor,step,"movss xmm0, dword ptr [rdi + 0x1080]",em61: +1440 stepped by a multiple of the speed(+1080) a tick in 2BC840 (store 2BCFE3),2BCEDF,selected,"the speed read here is, on every path, only one field's step (find_actor_clocks.Steps)",2BCFD3,18F80,,1050
2BF322,actor,step,"movss xmm0, dword ptr [rbx + 0x1080]",em64: +E18 stepped by a multiple of the speed(+1080) a tick in 2BF0F0 (store 2BF341),2BF0F0,selected,"the speed read here is, on every path, only one field's step (find_actor_clocks.Steps)",2BF322,19080,,1065
2C1ABA,actor,step,"mulss xmm0, dword ptr [rdi + 0x1080]",em65: +16B8 stepped by a multiple of the speed(+1080) a tick in 2C0A60 (store 2C1AD6),2C1983,selected,"the speed read here is, on every path, only one field's step (find_actor_clocks.Steps)",2C1ABA,191E0,,1072
2C5D0A,actor,step,"movss xmm0, dword ptr [rbx + 0x1080]",em65: +4 stepped by a multiple of the speed(+1080) a tick in 2C5770 (store 2C5D26),2C5D0A,selected,"the speed read here is, on every path, only one field's step (find_actor_clocks.Steps)",2C5D0A,194E0,,1094
2CB022,actor,srcx,"subss xmm0, dword ptr [rcx + 0x1080]",em68: +1250 stepped by a multiple of the speed(+1080) a tick in 2CB000 (store 2CB042),2CB000,selected,"xmmD / s, op, * s: exact for s = 1/N a power of two; no flags touched, no register borrowed",2CB022,196E0,,1104
2CD5D4,actor,step,"movss xmm0, dword ptr [rbx + 0x1080]",em69: +1260 stepped by a multiple of the speed(+1080) a tick in 2CD270 (store 2CD5F8),2CD418,selected,"the speed read here is, on every path, only one field's step (find_actor_clocks.Steps)",2CD5D4,19880,,1113
2D49C4,actor,step,"movss xmm0, dword ptr [rbx + 0x1080]",em6a: +11A0 stepped by a multiple of the speed(+1080) a tick in 2D48E0 (store 2D49E8),2D48E0,selected,"the speed read here is, on every path, only one field's step (find_actor_clocks.Steps)",2D49C4,19C30,,1137
5CC4F5,actor,step,"movss xmm0, dword ptr [r14 + 0x1080]",em85: +C stepped by a multiple of the speed(+1080) a tick in 5CC3E0 (store 5CC507),5CC40C,selected,"the speed read here is, on every path, only one field's step (find_actor_clocks.Steps)",5CC4F5,33FE0,,2690
5CE992,actor,step,"movss xmm0, dword ptr [rdi + 0x1080]",em86: +53F4 stepped by a multiple of the speed(+1080) a tick in 5CE810 (store 5CE9A8),5CE92D,selected,"the speed read here is, on every path, only one field's step (find_actor_clocks.Steps)",5CE992,342E0,,2705
5D3DA9,actor,step,"movss xmm0, dword ptr [rdx + 0x1080]",unowned: +C stepped by a multiple of the speed(+1080) a tick in 5D3D70 (store 5D3DBE),5D3D70,selected,"the speed read here is, on every path, only one field's step (find_actor_clocks.Steps)",5D3DA9,34780,,2718
5D413F,actor,srcx,"addss xmm0, dword ptr [rsi + 0x1080]",em86: +-14 stepped by a multiple of the speed(+1080) a tick in 5D4090 (store 5D414F),5D4090,selected,"xmmD / s, op, * s: exact for s = 1/N a power of two; no flags touched, no register borrowed",5D413F,34820,,2722
5DBBA0,actor,step,"movss xmm0, dword ptr [r14 + 0x1080]",em87: +C stepped by a multiple of the speed(+1080) a tick in 5DBA90 (store 5DBBB2),5DBABC,selected,"the speed read here is, on every path, only one field's step (find_actor_clocks.Steps)",5DBBA0,34A50,,2732
5E0687,actor,srcx,"subss xmm0, dword ptr [rbx + 0x1080]",em88: +38F8 stepped by a multiple of the speed(+1080) a tick in 5DF660 (store 5E068F),5DF660,selected,"xmmD / s, op, * s: exact for s = 1/N a power of two; no flags touched, no register borrowed",5E0687,352E0,,2777
5E10BE,actor,step,"movss xmm4, dword ptr [rcx + 0x1080]",em88: +38A8 stepped by a multiple of the speed(+1080) a tick in 5E1090 (store 5E10E7),5E1090,selected,"the speed read here is, on every path, only one field's step (find_actor_clocks.Steps)",5E10BE,35400,,2784
5E9593,actor,step,"movss xmm0, dword ptr [r14 + 0x1080]",em88: +C stepped by a multiple of the speed(+1080) a tick in 5E9480 (store 5E95A5),5E94AC,selected,"the speed read here is, on every path, only one field's step (find_actor_clocks.Steps)",5E9593,35440,,2786
5EC1DC,actor,step,"movss xmm0, dword ptr [rbx + 0x1080]",em89: +5030 stepped by a multiple of the speed(+1080) a tick in 5EC0F0 (store 5EC1EC),5EC17E,selected,"the speed read here is, on every path, only one field's step (find_actor_clocks.Steps)",5EC1DC,35980,,2810
5ECCCF,actor,step,"movss xmm4, dword ptr [rbx + 0x1080]",em89: +5004 stepped by a multiple of the speed(+1080) a tick in 5ECC90 (store 5ECCF0),5ECC90,selected,"the speed read here is, on every path, only one field's step (find_actor_clocks.Steps)",5ECCCF,35AE0,,2818
5EFAA3,actor,srcx,"addss xmm0, dword ptr [rsi + 0x1080]",em89: +5078 stepped by a multiple of the speed(+1080) a tick in 5EF560 (store 5EFAB2),5EF8DA,selected,"xmmD / s, op, * s: exact for s = 1/N a power of two; no flags touched, no register borrowed",5EFAA3,35B60,,2822
5F31D8,actor,step,"movss xmm0, dword ptr [rdx + 0x1080]",em89: +C stepped by a multiple of the speed(+1080) a tick in 5F3190 (store 5F31E9),5F31BC,selected,"the speed read here is, on every path, only one field's step (find_actor_clocks.Steps)",5F31D8,35CC0,,2826
2C42A1,actor,step,"mulss xmm0, dword ptr [rbx + 0x1080]","moves the model's position x (through +A8) by x * speed(+1080) in 2C40A0, a float step (store 2C42B4)",2C40CE,selected,tools/find_actor_motion.py: on every path only a move by the speed,2C42A1,192E0,,1078
2C42D9,actor,step,"mulss xmm0, dword ptr [rbx + 0x1080]","moves the model's position z (through +A8) by x * speed(+1080) in 2C40A0, a float step (store 2C42ED)",2C40CE,selected,tools/find_actor_motion.py: on every path only a move by the speed,2C42D9,19300,,1079
2C438A,actor,step,"mulss xmm0, dword ptr [rbx + 0x1080]","moves the model's position x (through +A8) by x * speed(+1080) in 2C40A0, a float step (store 2C439D)",2C40CE,selected,tools/find_actor_motion.py: on every path only a move by the speed,2C438A,19320,,1080
2C43C2,actor,step,"mulss xmm0, dword ptr [rbx + 0x1080]","moves the model's position z (through +A8) by x * speed(+1080) in 2C40A0, a float step (store 2C43D6)",2C40CE,selected,tools/find_actor_motion.py: on every path only a move by the speed,2C43C2,19340,,1081
2C4485,actor,step,"mulss xmm0, dword ptr [rbx + 0x1080]","moves the model's position x (through +A8) by x * speed(+1080) in 2C40A0, a float step (store 2C4498)",2C40CE,selected,tools/find_actor_motion.py: on every path only a move by the speed,2C4485,19360,,1082
2C44BD,actor,step,"mulss xmm0, dword ptr [rbx + 0x1080]","moves the model's position z (through +A8) by x * speed(+1080) in 2C40A0, a float step (store 2C44D1)",2C40CE,selected,tools/find_actor_motion.py: on every path only a move by the speed,2C44BD,19380,,1083
2C4578,actor,step,"mulss xmm0, dword ptr [rbx + 0x1080]","moves the model's position x (through +A8) by x * speed(+1080) in 2C40A0, a float step (store 2C458E)",2C40CE,selected,tools/find_actor_motion.py: on every path only a move by the speed,2C4578,193A0,,1084
2C45B3,actor,step,"mulss xmm0, dword ptr [rbx + 0x1080]","moves the model's position z (through +A8) by x * speed(+1080) in 2C40A0, a float step (store 2C45C7)",2C40CE,selected,tools/find_actor_motion.py: on every path only a move by the speed,2C45B3,193C0,,1085
2C4AC4,actor,step,"mulss xmm0, dword ptr [rbx + 0x1080]","moves the model's position x (through +A8) by x * speed(+1080) in 2C48D0, a float step (store 2C4AD7)",2C4901,selected,tools/find_actor_motion.py: on every path only a move by the speed,2C4AC4,193E0,,1086
2C4AFC,actor,step,"mulss xmm0, dword ptr [rbx + 0x1080]","moves the model's position z (through +A8) by x * speed(+1080) in 2C48D0, a float step (store 2C4B10)",2C4901,selected,tools/find_actor_motion.py: on every path only a move by the speed,2C4AFC,19400,,1087
2C4B9F,actor,step,"mulss xmm0, dword ptr [rbx + 0x1080]","moves the model's position x (through +A8) by x * speed(+1080) in 2C48D0, a float step (store 2C4BB2)",2C4901,selected,tools/find_actor_motion.py: on every path only a move by the speed,2C4B9F,19420,,1088
2C4BD7,actor,step,"mulss xmm0, dword ptr [rbx + 0x1080]","moves the model's position z (through +A8) by x * speed(+1080) in 2C48D0, a float step (store 2C4BEB)",2C4901,selected,tools/find_actor_motion.py: on every path only a move by the speed,2C4BD7,19440,,1089
2C4C8C,actor,step,"mulss xmm0, dword ptr [rbx + 0x1080]","moves the model's position x (through +A8) by x * speed(+1080) in 2C48D0, a float step (store 2C4C9F)",2C4901,selected,tools/find_actor_motion.py: on every path only a move by the speed,2C4C8C,19460,,1090
2C4CAB,actor,step,"mulss xmm0, dword ptr [rbx + 0x1080]","moves the model's position z (through +A8) by x * speed(+1080) in 2C48D0, a float step (store 2C4CBF)",2C4901,selected,tools/find_actor_motion.py: on every path only a move by the speed,2C4CAB,19480,,1091
2C4DB7,actor,step,"mulss xmm0, dword ptr [rbx + 0x1080]","moves the model's position x (through +A8) by x * speed(+1080) in 2C48D0, a float step (store 2C4DCA)",2C4901,selected,tools/find_actor_motion.py: on every path only a move by the speed,2C4DB7,194A0,,1092
2C4DEF,actor,step,"mulss xmm0, dword ptr [rbx + 0x1080]","moves the model's position z (through +A8) by x * speed(+1080) in 2C48D0, a float step (store 2C4E03)",2C4901,selected,tools/find_actor_motion.py: on every path only a move by the speed,2C4DEF,194C0,,1093
2413EB,actor,step,"movss xmm2, dword ptr [rdi + 0x1080]",moves by x * speed(+1080) in 241180: falls through 20EA30 at 241405,241239,selected,tools/find_actor_motion.py: on every path only a move by the speed,2413EB,147F0,,488
2514FF,actor,step,"movss xmm2, dword ptr [rdi + 0x1080]",moves by x * speed(+1080) in 2512E0: falls through 20EA30 at 251519,2512E0,selected,tools/find_actor_motion.py: on every path only a move by the speed,2514FF,14FC0,,570
25A027,actor,step,"movss xmm2, dword ptr [rbx + 0x1080]",moves by x * speed(+1080) in 259F20: falls through 20EA30 at 25A041,259F20,selected,tools/find_actor_motion.py: on every path only a move by the speed,25A027,15330,,626
25BA1C,actor,step,"movss xmm2, dword ptr [rdi + 0x1080]",moves by x * speed(+1080) in 25B7A0: falls through 20EA30 at 25BA36,25B909,selected,tools/find_actor_motion.py: on every path only a move by the speed,25BA1C,15480,,633
25F546,actor,step,"movss xmm2, dword ptr [rbx + 0x1080]",moves by x * speed(+1080) in 25F300: falls through 20EA30 at 25F560,25F300,selected,tools/find_actor_motion.py: on every path only a move by the speed,25F546,15700,,656
2652D0,actor,step,"movss xmm2, dword ptr [rdi + 0x1080]",moves by x * speed(+1080) in 264280: falls through 20EA30 at 2652F9,2651C5,selected,tools/find_actor_motion.py: on every path only a move by the speed,2652D0,15A90,,681
266747,actor,step,"movss xmm2, dword ptr [rbx + 0x1080]",moves by x * speed(+1080) in 2664F0: moves the model at 26677F,266686,selected,tools/find_actor_motion.py: on every path only a move by the speed,266747,15B10,,683
2689C9,actor,step,"movss xmm2, dword ptr [rbx + 0x1080]",moves by x * speed(+1080) in 268720: moves the model at 2689FF,26873E,selected,tools/find_actor_motion.py: on every path only a move by the speed,2689C9,15B50,,685
269006,actor,step,"movss xmm2, dword ptr [rbx + 0x1080]",moves by x * speed(+1080) in 268720: moves the model at 26903C,26873E,selected,tools/find_actor_motion.py: on every path only a move by the speed,269006,15B70,,686
2696C0,actor,step,"movss xmm2, dword ptr [rbx + 0x1080]",moves by x * speed(+1080) in 269510: moves the model at 2696F6,269510,selected,tools/find_actor_motion.py: on every path only a move by the speed,2696C0,15B90,,687
2698C2,actor,step,"movss xmm2, dword ptr [rbx + 0x1080]",moves by x * speed(+1080) in 269760: moves the model at 2698FA,269760,selected,tools/find_actor_motion.py: on every path only a move by the speed,2698C2,15BB0,,688
26F1D3,actor,step,"movss xmm2, dword ptr [rbx + 0x1080]",moves by x * speed(+1080) in 26F030: falls through 20EA30 at 26F1ED,26F030,selected,tools/find_actor_motion.py: on every path only a move by the speed,26F1D3,15D40,,696
27425C,actor,step,"movss xmm2, dword ptr [rdi + 0x1080]",moves by x * speed(+1080) in 273FF0: falls through 20EA30 at 274276,274115,selected,tools/find_actor_motion.py: on every path only a move by the speed,27425C,16120,,728
27BE9A,actor,step,"movss xmm2, dword ptr [rbx + 0x1080]",moves by x * speed(+1080) in 27AD50: falls through 20EA30 at 27BEC3,27BD3C,selected,tools/find_actor_motion.py: on every path only a move by the speed,27BE9A,166C0,,754
282109,actor,step,"movss xmm2, dword ptr [r14 + 0x1080]",moves by x * speed(+1080) in 281AE0: +10 of rsi += at 282127,281FEB,selected,tools/find_actor_motion.py: on every path only a move by the speed,282109,168E0,,765
28212D,actor,zlast,"movss xmm2, dword ptr [r14 + 0x1080]","velocity +20 of rsi += x * speed(+1080) in 281AE0 (+20 of rsi += at 28214B), after the move that uses it: on the last tick of each stock period",281FEB,selected,tools/find_actor_motion.py: on every path only a velocity's change,28212D,16900,,766
282397,actor,step,"movss xmm2, dword ptr [r14 + 0x1080]",moves by x * speed(+1080) in 281AE0: +10 of rsi += at 2823B4,281FEB,selected,tools/find_actor_motion.py: on every path only a move by the speed,282397,16970,,768
2823BA,actor,zlast,"movss xmm2, dword ptr [r14 + 0x1080]","velocity +20 of rsi += x * speed(+1080) in 281AE0 (+20 of rsi += at 2823D8), after the move that uses it: on the last tick of each stock period",281FEB,selected,tools/find_actor_motion.py: on every path only a velocity's change,2823BA,16990,,769
282637,actor,step,"movss xmm2, dword ptr [r14 + 0x1080]",moves by x * speed(+1080) in 281AE0: +10 of rsi += at 282655,281FEB,selected,tools/find_actor_motion.py: on every path only a move by the speed,282637,16A20,,772
28265B,actor,zlast,"movss xmm2, dword ptr [r14 + 0x1080]","velocity +20 of rsi += x * speed(+1080) in 281AE0 (+20 of rsi += at 282679), after the move that uses it: on the last tick of each stock period",281FEB,selected,tools/find_actor_motion.py: on every path only a velocity's change,28265B,16A40,,773
282D1D,actor,step,"movss xmm2, dword ptr [r14 + 0x1080]",moves by x * speed(+1080) in 281AE0: +10 of rsi += at 282D3A,281FEB,selected,tools/find_actor_motion.py: on every path only a move by the speed,282D1D,16AD0,,776
282D40,actor,zlast,"movss xmm2, dword ptr [r14 + 0x1080]","velocity +20 of rsi += x * speed(+1080) in 281AE0 (+20 of rsi += at 282D5E), after the move that uses it: on the last tick of each stock period",281FEB,selected,tools/find_actor_motion.py: on every path only a velocity's change,282D40,16AF0,,777
28321C,actor,step,"movss xmm2, dword ptr [r14 + 0x1080]",moves by x * speed(+1080) in 281AE0: +10 of rsi += at 283239,281FEB,selected,tools/find_actor_motion.py: on every path only a move by the speed,28321C,16B50,,779
28323F,actor,zlast,"movss xmm2, dword ptr [r14 + 0x1080]","velocity +20 of rsi += x * speed(+1080) in 281AE0 (+20 of rsi += at 28325D), after the move that uses it: on the last tick of each stock period",281FEB,selected,tools/find_actor_motion.py: on every path only a velocity's change,28323F,16B70,,780
28354E,actor,step,"movss xmm2, dword ptr [r14 + 0x1080]",moves by x * speed(+1080) in 281AE0: +10 of rsi += at 28356B,281FEB,selected,tools/find_actor_motion.py: on every path only a move by the speed,28354E,16BD0,,782
283571,actor,zlast,"movss xmm2, dword ptr [r14 + 0x1080]","velocity +20 of rsi += x * speed(+1080) in 281AE0 (+20 of rsi += at 28358F), after the move that uses it: on the last tick of each stock period",281FEB,selected,tools/find_actor_motion.py: on every path only a velocity's change,283571,16BF0,,783
285A0E,actor,step,"movss xmm2, dword ptr [rbx + 0x1080]",moves by x * speed(+1080) in 285870: falls through 20ED50 at 285A28,285870,selected,tools/find_actor_motion.py: on every path only a move by the speed,285A0E,16D50,,789
288FB0,actor,step,"movss xmm2, dword ptr [rdi + 0x1080]",moves by x * speed(+1080) in 288D90: falls through 20EA30 at 288FCA,288EF7,selected,tools/find_actor_motion.py: on every path only a move by the speed,288FB0,171A0,,812
291568,actor,step,"movss xmm2, dword ptr [rbx + 0x1080]",moves by x * speed(+1080) in 2913B0: falls through 20EA30 at 291588,2913B0,selected,tools/find_actor_motion.py: on every path only a move by the speed,291568,17750,,868
293686,actor,step,"movss xmm2, dword ptr [rdi + 0x1080]",moves by x * speed(+1080) in 2930F0: falls through 20EA30 at 29369E,293146,selected,tools/find_actor_motion.py: on every path only a move by the speed,293686,178E0,,878
298ED4,actor,step,"movss xmm2, dword ptr [rbx + 0x1080]",moves by x * speed(+1080) in 298CC0: moves the model at 298F0A,298CC0,selected,tools/find_actor_motion.py: on every path only a move by the speed,298ED4,17A90,,888
29F009,actor,step,"movss xmm2, dword ptr [rdi + 0x1080]",moves by x * speed(+1080) in 29EE50: falls through 20EA30 at 29F023,29EE50,selected,tools/find_actor_motion.py: on every path only a move by the speed,29F009,17F90,,914
2AAAF3,actor,step,"movss xmm2, dword ptr [rbx + 0x1080]",moves by x * speed(+1080) in 2A8D20: falls through 20EA30 at 2AAB17,2AAA4E,selected,tools/find_actor_motion.py: on every path only a move by the speed,2AAAF3,186C0,,985
2AC1CB,actor,step,"movss xmm2, dword ptr [rdi + 0x1080]",moves by x * speed(+1080) in 2AC070: moves the model at 2AC201,2AC12B,selected,tools/find_actor_motion.py: on every path only a move by the speed,2AC1CB,186E0,,988
2ACC23,actor,step,"movss xmm2, dword ptr [rdi + 0x1080]",moves by x * speed(+1080) in 2AC940: moves the model at 2ACC5B,2AC940,selected,tools/find_actor_motion.py: on every path only a move by the speed,2ACC23,18700,,989
2AE96A,actor,step,"movss xmm2, dword ptr [rdi + 0x1080]",moves by x * speed(+1080) in 2AE680: moves the model at 2AE9A0,2AE732,selected,tools/find_actor_motion.py: on every path only a move by the speed,2AE96A,18760,,992
2AEAD1,actor,step,"movss xmm2, dword ptr [rdi + 0x1080]",moves by x * speed(+1080) in 2AE680: moves the model at 2AEB4F,2AEA64,selected,tools/find_actor_motion.py: on every path only a move by the speed,2AEAD1,18780,,993
2AEB19,actor,step,"movss xmm2, dword ptr [rdi + 0x1080]",moves by x * speed(+1080) in 2AE680: moves the model at 2AEB4F,2AEA64,selected,tools/find_actor_motion.py: on every path only a move by the speed,2AEB19,187A0,,994
2AF639,actor,step,"movss xmm2, dword ptr [rdi + 0x1080]",moves by x * speed(+1080) in 2AF240: moves the model at 2AF671,2AF240,selected,tools/find_actor_motion.py: on every path only a move by the speed,2AF639,187E0,,996
2AFF05,actor,step,"movss xmm2, dword ptr [rdi + 0x1080]",moves by x * speed(+1080) in 2AFB70: moves the model at 2AFF40,2AFD05,selected,tools/find_actor_motion.py: on every path only a move by the speed,2AFF05,18820,,998
2B025D,actor,step,"movss xmm2, dword ptr [rdi + 0x1080]",moves by x * speed(+1080) in 2AFF90: moves the model at 2B0293,2B004A,selected,tools/find_actor_motion.py: on every path only a move by the speed,2B025D,18860,,1000
2B0A00,actor,step,"movss xmm2, dword ptr [rdi + 0x1080]",moves by x * speed(+1080) in 2B0720: moves the model at 2B0A32,2B07F6,selected,tools/find_actor_motion.py: on every path only a move by the speed,2B0A00,18880,,1001
2B0D78,actor,step,"movss xmm2, dword ptr [rdi + 0x1080]",moves by x * speed(+1080) in 2B0720: moves the model at 2B0DAA,2B07F6,selected,tools/find_actor_motion.py: on every path only a move by the speed,2B0D78,188A0,,1002
2B10FC,actor,step,"movss xmm2, dword ptr [rdi + 0x1080]",moves by x * speed(+1080) in 2B0720: moves the model at 2B112E,2B07F6,selected,tools/find_actor_motion.py: on every path only a move by the speed,2B10FC,188C0,,1003
2B1442,actor,step,"movss xmm2, dword ptr [rdi + 0x1080]",moves by x * speed(+1080) in 2B0720: moves the model at 2B1474,2B07F6,selected,tools/find_actor_motion.py: on every path only a move by the speed,2B1442,188E0,,1004
2B2D1C,actor,step,"movss xmm2, dword ptr [rdi + 0x1080]",moves by x * speed(+1080) in 2B2BA0: moves the model at 2B2D52,2B2BA0,selected,tools/find_actor_motion.py: on every path only a move by the speed,2B2D1C,18900,,1005
2B3162,actor,step,"movss xmm2, dword ptr [rdi + 0x1080]",moves by x * speed(+1080) in 2B2FE0: moves the model at 2B319A,2B3155,selected,tools/find_actor_motion.py: on every path only a move by the speed,2B3162,18920,,1006
2B7023,actor,step,"movss xmm2, dword ptr [rdi + 0x1080]",moves by x * speed(+1080) in 2B6EF0: falls through 20EA30 at 2B703D,2B6EF0,selected,tools/find_actor_motion.py: on every path only a move by the speed,2B7023,18D30,,1023
2BEFAC,actor,step,"movss xmm2, dword ptr [rbx + 0x1080]",moves by x * speed(+1080) in 2BEF00: falls through 20EA30 at 2BEFC6,2BEF00,selected,tools/find_actor_motion.py: on every path only a move by the speed,2BEFAC,19030,,1060
2C1B06,actor,step,"movss xmm2, dword ptr [rdi + 0x1080]",moves by x * speed(+1080) in 2C0A60: falls through 20EA30 at 2C1B1B,2C1983,selected,tools/find_actor_motion.py: on every path only a move by the speed,2C1B06,19200,,1073
5C6CD1,actor,step,"movss xmm2, dword ptr [rdi + 0x1080]","moves by x * speed(+1080) in 5C6450: falls through 20EA30 at 5C6CF9, falls through 20EA30 at 5C6D1E",5C6C7E,selected,tools/find_actor_motion.py: on every path only a move by the speed,5C6CD1,33DB0,,2682
5C6D09,actor,step,"movss xmm2, dword ptr [rdi + 0x1080]",moves by x * speed(+1080) in 5C6450: falls through 20EA30 at 5C6D1E,5C6C7E,selected,tools/find_actor_motion.py: on every path only a move by the speed,5C6D09,33DD0,,2683
5CC8F4,actor,step,"movss xmm2, dword ptr [r14 + 0x1080]",moves by x * speed(+1080) in 5CC3E0: +10 of rsi += at 5CC916,5CC8F4,selected,tools/find_actor_motion.py: on every path only a move by the speed,5CC8F4,34000,,2691
5CC91C,actor,zlast,"movss xmm2, dword ptr [r14 + 0x1080]","velocity +20 of rsi += x * speed(+1080) in 5CC3E0 (+20 of rsi += at 5CC93B), after the move that uses it: on the last tick of each stock period",5CC8F4,selected,tools/find_actor_motion.py: on every path only a velocity's change,5CC91C,34020,,2692
5CCC31,actor,step,"movss xmm2, dword ptr [r14 + 0x1080]",moves by x * speed(+1080) in 5CC3E0: +10 of rsi += at 5CCC50,5CC8F4,selected,tools/find_actor_motion.py: on every path only a move by the speed,5CCC31,340B0,,2695
5CCC56,actor,zlast,"movss xmm2, dword ptr [r14 + 0x1080]","velocity +20 of rsi += x * speed(+1080) in 5CC3E0 (+20 of rsi += at 5CCC75), after the move that uses it: on the last tick of each stock period",5CC8F4,selected,tools/find_actor_motion.py: on every path only a velocity's change,5CCC56,340D0,,2696
5CEFEB,actor,step,"movss xmm2, dword ptr [rdi + 0x1080]",moves by x * speed(+1080) in 5CE810: falls through 20EA30 at 5CF013,5CE92D,selected,tools/find_actor_motion.py: on every path only a move by the speed,5CEFEB,34370,,2709
5D3E65,actor,step,"movss xmm2, dword ptr [rsi + 0x1080]",moves by x * speed(+1080) in 5D3D70: +10 of rdi += at 5D3E8B,5D3E51,selected,tools/find_actor_motion.py: on every path only a move by the speed,5D3E65,347A0,,2719
5D3E91,actor,zlast,"movss xmm2, dword ptr [rsi + 0x1080]","velocity +20 of rdi += x * speed(+1080) in 5D3D70 (+20 of rdi += at 5D3EAF), after the move that uses it: on the last tick of each stock period",5D3E76,selected,tools/find_actor_motion.py: on every path only a velocity's change,5D3E91,347C0,,2720
5D5BEB,actor,step,"movss xmm2, dword ptr [rbx + 0x1080]",moves by x * speed(+1080) in 5D5780: falls through 20EA30 at 5D5C05,5D58A9,selected,tools/find_actor_motion.py: on every path only a move by the speed,5D5BEB,34910,,2728
5DBEB4,actor,step,"movss xmm2, dword ptr [r14 + 0x1080]",moves by x * speed(+1080) in 5DBA90: +10 of rsi += at 5DBED6,5DBC03,selected,tools/find_actor_motion.py: on every path only a move by the speed,5DBEB4,34A70,,2733
5DBEDC,actor,zlast,"movss xmm2, dword ptr [r14 + 0x1080]","velocity +20 of rsi += x * speed(+1080) in 5DBA90 (+20 of rsi += at 5DBEFB), after the move that uses it: on the last tick of each stock period",5DBC03,selected,tools/find_actor_motion.py: on every path only a velocity's change,5DBEDC,34A90,,2734
5DC204,actor,step,"movss xmm2, dword ptr [r14 + 0x1080]",moves by x * speed(+1080) in 5DBA90: +10 of rsi += at 5DC223,5DBC03,selected,tools/find_actor_motion.py: on every path only a move by the speed,5DC204,34B20,,2737
5DC229,actor,zlast,"movss xmm2, dword ptr [r14 + 0x1080]","velocity +20 of rsi += x * speed(+1080) in 5DBA90 (+20 of rsi += at 5DC248), after the move that uses it: on the last tick of each stock period",5DBC03,selected,tools/find_actor_motion.py: on every path only a velocity's change,5DC229,34B40,,2738
5DC35A,actor,step,"movss xmm2, dword ptr [r14 + 0x1080]",moves by x * speed(+1080) in 5DBA90: +10 of rsi += at 5DC37C,5DBC03,selected,tools/find_actor_motion.py: on every path only a move by the speed,5DC35A,34BB0,,2740
5DC396,actor,zlast,"movss xmm2, dword ptr [r14 + 0x1080]","velocity +20 of rsi += x * speed(+1080) in 5DBA90 (+20 of rsi += at 5DC3B4), after the move that uses it: on the last tick of each stock period",5DBC03,selected,tools/find_actor_motion.py: on every path only a velocity's change,5DC396,34BD0,,2741
5DC68E,actor,step,"movss xmm2, dword ptr [r14 + 0x1080]",moves by x * speed(+1080) in 5DBA90: +10 of rsi += at 5DC6AD,5DBC03,selected,tools/find_actor_motion.py: on every path only a move by the speed,5DC68E,34C60,,2744
5DC6B3,actor,zlast,"movss xmm2, dword ptr [r14 + 0x1080]","velocity +20 of rsi += x * speed(+1080) in 5DBA90 (+20 of rsi += at 5DC6D2), after the move that uses it: on the last tick of each stock period",5DBC03,selected,tools/find_actor_motion.py: on every path only a velocity's change,5DC6B3,34C80,,2745
5DC86C,actor,step,"movss xmm2, dword ptr [r14 + 0x1080]",moves by x * speed(+1080) in 5DBA90: +10 of rsi += at 5DC88A,5DBC03,selected,tools/find_actor_motion.py: on every path only a move by the speed,5DC86C,34CF0,,2747
5DC981,actor,zlast,"movss xmm2, dword ptr [r14 + 0x1080]","velocity +20 of rsi += x * speed(+1080) in 5DBA90 (+20 of rsi += at 5DC9A0), after the move that uses it: on the last tick of each stock period",5DBC03,selected,tools/find_actor_motion.py: on every path only a velocity's change,5DC981,34D10,,2748
5DCB6C,actor,step,"movss xmm2, dword ptr [r14 + 0x1080]",moves by x * speed(+1080) in 5DBA90: +10 of rsi += at 5DCB8A,5DBC03,selected,tools/find_actor_motion.py: on every path only a move by the speed,5DCB6C,34DB0,,2751
5DCBA4,actor,zlast,"movss xmm2, dword ptr [r14 + 0x1080]","velocity +20 of rsi += x * speed(+1080) in 5DBA90 (+20 of rsi += at 5DCBC2), after the move that uses it: on the last tick of each stock period",5DBC03,selected,tools/find_actor_motion.py: on every path only a velocity's change,5DCBA4,34DD0,,2752
5DCE7B,actor,step,"movss xmm2, dword ptr [r14 + 0x1080]",moves by x * speed(+1080) in 5DBA90: +10 of rsi += at 5DCE9A,5DBC03,selected,tools/find_actor_motion.py: on every path only a move by the speed,5DCE7B,34E60,,2755
5DCEA0,actor,zlast,"movss xmm2, dword ptr [r14 + 0x1080]","velocity +20 of rsi += x * speed(+1080) in 5DBA90 (+20 of rsi += at 5DCEBF), after the move that uses it: on the last tick of each stock period",5DBC03,selected,tools/find_actor_motion.py: on every path only a velocity's change,5DCEA0,34E80,,2756
5DCFD4,actor,step,"movss xmm2, dword ptr [r14 + 0x1080]",moves by x * speed(+1080) in 5DBA90: +10 of rsi += at 5DCFF6,5DBC03,selected,tools/find_actor_motion.py: on every path only a move by the speed,5DCFD4,34EF0,,2758
5DD010,actor,zlast,"movss xmm2, dword ptr [r14 + 0x1080]","velocity +20 of rsi += x * speed(+1080) in 5DBA90 (+20 of rsi += at 5DD02E), after the move that uses it: on the last tick of each stock period",5DBC03,selected,tools/find_actor_motion.py: on every path only a velocity's change,5DD010,34F10,,2759
5DD3D8,actor,step,"movss xmm2, dword ptr [r14 + 0x1080]",moves by x * speed(+1080) in 5DBA90: +10 of rsi += at 5DD3F7,5DBC03,selected,tools/find_actor_motion.py: on every path only a move by the speed,5DD3D8,34FA0,,2762
5DD3FD,actor,zlast,"movss xmm2, dword ptr [r14 + 0x1080]","velocity +20 of rsi += x * speed(+1080) in 5DBA90 (+20 of rsi += at 5DD41C), after the move that uses it: on the last tick of each stock period",5DBC03,selected,tools/find_actor_motion.py: on every path only a velocity's change,5DD3FD,34FC0,,2763
5DD631,actor,step,"movss xmm2, dword ptr [r14 + 0x1080]",moves by x * speed(+1080) in 5DBA90: +10 of rsi += at 5DD653,5DBC03,selected,tools/find_actor_motion.py: on every path only a move by the speed,5DD631,35030,,2765
5DD659,actor,zlast,"movss xmm2, dword ptr [r14 + 0x1080]","velocity +20 of rsi += x * speed(+1080) in 5DBA90 (+20 of rsi += at 5DD678), after the move that uses it: on the last tick of each stock period",5DBC03,selected,tools/find_actor_motion.py: on every path only a velocity's change,5DD659,35050,,2766
5E0AC0,actor,step,"movss xmm2, dword ptr [rbx + 0x1080]",moves by x * speed(+1080) in 5DF660: falls through 20EA30 at 5E0AD3,5DF660,selected,tools/find_actor_motion.py: on every path only a move by the speed,5E0AC0,353E0,,2783
5E3982,actor,step,"movss xmm1, dword ptr [rbx + 0x1080]",moves by x * speed(+1080) in 5E3720: forward at 5E399D,5E3975,selected,tools/find_actor_motion.py: on every path only a move by the speed,5E3982,35420,,2785
5E96E5,actor,step,"movss xmm2, dword ptr [r14 + 0x1080]",moves by x * speed(+1080) in 5E9480: +10 of rsi += at 5E9734,5E95FC,selected,tools/find_actor_motion.py: on every path only a move by the speed,5E96E5,35460,,2787
5E973A,actor,zlast,"movss xmm2, dword ptr [r14 + 0x1080]","velocity +20 of rsi += x * speed(+1080) in 5E9480 (+20 of rsi += at 5E9759), after the move that uses it: on the last tick of each stock period",5E95FC,selected,tools/find_actor_motion.py: on every path only a velocity's change,5E973A,35480,,2788
5E9959,actor,step,"movss xmm2, dword ptr [r14 + 0x1080]",moves by x * speed(+1080) in 5E9480: +10 of rsi += at 5E9978,5E95FC,selected,tools/find_actor_motion.py: on every path only a move by the speed,5E9959,35510,,2791
5E997E,actor,zlast,"movss xmm2, dword ptr [r14 + 0x1080]","velocity +20 of rsi += x * speed(+1080) in 5E9480 (+20 of rsi += at 5E999D), after the move that uses it: on the last tick of each stock period",5E95FC,selected,tools/find_actor_motion.py: on every path only a velocity's change,5E997E,35530,,2792
5E9DBD,actor,step,"movss xmm2, dword ptr [r14 + 0x1080]",moves by x * speed(+1080) in 5E9480: +10 of rsi += at 5E9DDF,5E95FC,selected,tools/find_actor_motion.py: on every path only a move by the speed,5E9DBD,355A0,,2794
5E9DE5,actor,zlast,"movss xmm2, dword ptr [r14 + 0x1080]","velocity +20 of rsi += x * speed(+1080) in 5E9480 (+20 of rsi += at 5E9E04), after the move that uses it: on the last tick of each stock period",5E95FC,selected,tools/find_actor_motion.py: on every path only a velocity's change,5E9DE5,355C0,,2795
5EA11F,actor,step,"movss xmm2, dword ptr [r14 + 0x1080]",moves by x * speed(+1080) in 5E9480: +10 of rsi += at 5EA13E,5E95FC,selected,tools/find_actor_motion.py: on every path only a move by the speed,5EA11F,35650,,2798
5EA144,actor,zlast,"movss xmm2, dword ptr [r14 + 0x1080]","velocity +20 of rsi += x * speed(+1080) in 5E9480 (+20 of rsi += at 5EA163), after the move that uses it: on the last tick of each stock period",5E95FC,selected,tools/find_actor_motion.py: on every path only a velocity's change,5EA144,35670,,2799
5ECB7B,actor,step,"movss xmm2, dword ptr [rbx + 0x1080]",moves by x * speed(+1080) in 5EC0F0: falls through 20EA30 at 5ECBA4,5EC957,selected,tools/find_actor_motion.py: on every path only a move by the speed,5ECB7B,35AC0,,2817
5F334C,actor,step,"movss xmm2, dword ptr [r14 + 0x1080]",moves by x * speed(+1080) in 5F3190: +10 of rsi += at 5F336B,5F323B,selected,tools/find_actor_motion.py: on every path only a move by the speed,5F334C,35CE0,,2827
5F3371,actor,zlast,"movss xmm2, dword ptr [r14 + 0x1080]","velocity +20 of rsi += x * speed(+1080) in 5F3190 (+20 of rsi += at 5F3390), after the move that uses it: on the last tick of each stock period",5F323B,selected,tools/find_actor_motion.py: on every path only a velocity's change,5F3371,35D00,,2828
5F371E,actor,step,"movss xmm2, dword ptr [r14 + 0x1080]",moves by x * speed(+1080) in 5F3190: +10 of rsi += at 5F373D,5F323B,selected,tools/find_actor_motion.py: on every path only a move by the speed,5F371E,35D90,,2831
5F3743,actor,zlast,"movss xmm2, dword ptr [r14 + 0x1080]","velocity +20 of rsi += x * speed(+1080) in 5F3190 (+20 of rsi += at 5F3762), after the move that uses it: on the last tick of each stock period",5F323B,selected,tools/find_actor_motion.py: on every path only a velocity's change,5F3743,35DB0,,2832
5F3A15,actor,step,"movss xmm2, dword ptr [r14 + 0x1080]",moves by x * speed(+1080) in 5F3190: +10 of rsi += at 5F3A34,5F323B,selected,tools/find_actor_motion.py: on every path only a move by the speed,5F3A15,35E20,,2834
5F3A3A,actor,zlast,"movss xmm2, dword ptr [r14 + 0x1080]","velocity +20 of rsi += x * speed(+1080) in 5F3190 (+20 of rsi += at 5F3A59), after the move that uses it: on the last tick of each stock period",5F323B,selected,tools/find_actor_motion.py: on every path only a velocity's change,5F3A3A,35E40,,2835
5F4127,actor,step,"movss xmm2, dword ptr [r14 + 0x1080]",moves by x * speed(+1080) in 5F3190: +10 of rsi += at 5F4146,5F3F4B,selected,tools/find_actor_motion.py: on every path only a move by the speed,5F4127,35F50,,2840
5F414C,actor,zlast,"movss xmm2, dword ptr [r14 + 0x1080]","velocity +20 of rsi += x * speed(+1080) in 5F3190 (+20 of rsi += at 5F416B), after the move that uses it: on the last tick of each stock period",5F3F4B,selected,tools/find_actor_motion.py: on every path only a velocity's change,5F414C,35F70,,2841
5F4301,actor,step,"movss xmm2, dword ptr [r14 + 0x1080]",moves by x * speed(+1080) in 5F3190: +10 of rsi += at 5F4352,5F4246,selected,tools/find_actor_motion.py: on every path only a move by the speed,5F4301,35FE0,,2843
5F4358,actor,zlast,"movss xmm2, dword ptr [r14 + 0x1080]","velocity +20 of rsi += x * speed(+1080) in 5F3190 (+20 of rsi += at 5F4377), after the move that uses it: on the last tick of each stock period",5F4246,selected,tools/find_actor_motion.py: on every path only a velocity's change,5F4358,36000,,2844
5F45F1,actor,step,"movss xmm2, dword ptr [r14 + 0x1080]",moves by x * speed(+1080) in 5F3190: +10 of rsi += at 5F4610,5F4246,selected,tools/find_actor_motion.py: on every path only a move by the speed,5F45F1,36090,,2847
5F4616,actor,zlast,"movss xmm2, dword ptr [r14 + 0x1080]","velocity +20 of rsi += x * speed(+1080) in 5F3190 (+20 of rsi += at 5F4635), after the move that uses it: on the last tick of each stock period",5F4246,selected,tools/find_actor_motion.py: on every path only a velocity's change,5F4616,360B0,,2848
2820E7,actor,zfirst,"movss xmm2, dword ptr [rip + 0x3fdfdd]","velocity +20 of rsi += v * dword ptr [rip + 0x3fdfdd] a tick in 281AE0 (at 282103), before the move that uses it: on the first tick of each stock period",281FEB,selected,tools/find_actor_motion.py: on every path only a velocity's change,2820E7,168B0,,764
282151,actor,ulast,"movss xmm1, dword ptr [rip + 0x3f07db]","velocity +20 of rsi *= dword ptr [rip + 0x3f07db] a tick in 281AE0 (at 28215D), after the move that uses it: kept on the last tick of each stock period, 1.0 on the others",281FEB,selected,tools/find_actor_motion.py: on every path only a velocity's factor,282151,16930,,767
2823DE,actor,ulast,"movss xmm1, dword ptr [rsi + 0x40]","velocity +20 of rsi *= dword ptr [rsi + 0x40] a tick in 281AE0 (at 2823E7), after the move that uses it: kept on the last tick of each stock period, 1.0 on the others",281FEB,selected,tools/find_actor_motion.py: on every path only a velocity's factor,2823DE,169C0,,770
282615,actor,zfirst,"movss xmm2, dword ptr [rip + 0x3fdaaf]","velocity +20 of rsi += v * dword ptr [rip + 0x3fdaaf] a tick in 281AE0 (at 282631), before the move that uses it: on the first tick of each stock period",281FEB,selected,tools/find_actor_motion.py: on every path only a velocity's change,282615,169F0,,771
28267F,actor,ulast,"movss xmm1, dword ptr [rip + 0x3f02ad]","velocity +20 of rsi *= dword ptr [rip + 0x3f02ad] a tick in 281AE0 (at 28268B), after the move that uses it: kept on the last tick of each stock period, 1.0 on the others",281FEB,selected,tools/find_actor_motion.py: on every path only a velocity's factor,28267F,16A70,,774
282D64,actor,ulast,"movss xmm1, dword ptr [rsi + 0x40]","velocity +20 of rsi *= dword ptr [rsi + 0x40] a tick in 281AE0 (at 282D6D), after the move that uses it: kept on the last tick of each stock period, 1.0 on the others",281FEB,selected,tools/find_actor_motion.py: on every path only a velocity's factor,282D64,16B20,,778
283263,actor,ulast,"movss xmm1, dword ptr [rsi + 0x40]","velocity +20 of rsi *= dword ptr [rsi + 0x40] a tick in 281AE0 (at 28326C), after the move that uses it: kept on the last tick of each stock period, 1.0 on the others",281FEB,selected,tools/find_actor_motion.py: on every path only a velocity's factor,283263,16BA0,,781
283595,actor,ulast,"movss xmm1, dword ptr [rsi + 0x40]","velocity +20 of rsi *= dword ptr [rsi + 0x40] a tick in 281AE0 (at 28359E), after the move that uses it: kept on the last tick of each stock period, 1.0 on the others",281FEB,selected,tools/find_actor_motion.py: on every path only a velocity's factor,283595,16C20,,784
5CC941,actor,ulast,"movss xmm1, dword ptr [rsi + 0x40]","velocity +20 of rsi *= dword ptr [rsi + 0x40] a tick in 5CC3E0 (at 5CC94A), after the move that uses it: kept on the last tick of each stock period, 1.0 on the others",5CC8F4,selected,tools/find_actor_motion.py: on every path only a velocity's factor,5CC941,34050,,2693
5CCC0E,actor,zfirst,"movss xmm2, dword ptr [rip + 0xb34b6]","velocity +20 of rsi += v * dword ptr [rip + 0xb34b6] a tick in 5CC3E0 (at 5CCC2B), before the move that uses it: on the first tick of each stock period",5CC8F4,selected,tools/find_actor_motion.py: on every path only a velocity's change,5CCC0E,34080,,2694
5CCC7B,actor,ulast,"movss xmm1, dword ptr [rip + 0xa5cb1]","velocity +20 of rsi *= dword ptr [rip + 0xa5cb1] a tick in 5CC3E0 (at 5CCC87), after the move that uses it: kept on the last tick of each stock period, 1.0 on the others",5CC8F4,selected,tools/find_actor_motion.py: on every path only a velocity's factor,5CCC7B,34100,,2697
5D3EB5,actor,ulast,"movss xmm1, dword ptr [rdi + 0x40]","velocity +20 of rdi *= dword ptr [rdi + 0x40] a tick in 5D3D70 (at 5D3EBE), after the move that uses it: kept on the last tick of each stock period, 1.0 on the others",5D3E76,selected,tools/find_actor_motion.py: on every path only a velocity's factor,5D3EB5,347F0,,2721
5DBF01,actor,ulast,"movss xmm1, dword ptr [rsi + 0x40]","velocity +20 of rsi *= dword ptr [rsi + 0x40] a tick in 5DBA90 (at 5DBF0A), after the move that uses it: kept on the last tick of each stock period, 1.0 on the others",5DBC03,selected,tools/find_actor_motion.py: on every path only a velocity's factor,5DBF01,34AC0,,2735
5DC1E1,actor,zfirst,"movss xmm2, dword ptr [rip + 0xa3ee3]","velocity +20 of rsi += v * dword ptr [rip + 0xa3ee3] a tick in 5DBA90 (at 5DC1FE), before the move that uses it: on the first tick of each stock period",5DBC03,selected,tools/find_actor_motion.py: on every path only a velocity's change,5DC1E1,34AF0,,2736
5DC24E,actor,ulast,"movss xmm1, dword ptr [rip + 0x966de]","velocity +20 of rsi *= dword ptr [rip + 0x966de] a tick in 5DBA90 (at 5DC25A), after the move that uses it: kept on the last tick of each stock period, 1.0 on the others",5DBC03,selected,tools/find_actor_motion.py: on every path only a velocity's factor,5DC24E,34B70,,2739
5DC3BA,actor,ulast,"movss xmm1, dword ptr [rsi + 0x40]","velocity +20 of rsi *= dword ptr [rsi + 0x40] a tick in 5DBA90 (at 5DC3C3), after the move that uses it: kept on the last tick of each stock period, 1.0 on the others",5DBC03,selected,tools/find_actor_motion.py: on every path only a velocity's factor,5DC3BA,34C00,,2742
5DC66B,actor,zfirst,"movss xmm2, dword ptr [rip + 0xa3a59]","velocity +20 of rsi += v * dword ptr [rip + 0xa3a59] a tick in 5DBA90 (at 5DC688), before the move that uses it: on the first tick of each stock period",5DBC03,selected,tools/find_actor_motion.py: on every path only a velocity's change,5DC66B,34C30,,2743
5DC6D8,actor,ulast,"movss xmm1, dword ptr [rip + 0x96254]","velocity +20 of rsi *= dword ptr [rip + 0x96254] a tick in 5DBA90 (at 5DC6E4), after the move that uses it: kept on the last tick of each stock period, 1.0 on the others",5DBC03,selected,tools/find_actor_motion.py: on every path only a velocity's factor,5DC6D8,34CB0,,2746
5DC9A6,actor,ulast,"movss xmm1, dword ptr [rsi + 0x40]","velocity +20 of rsi *= dword ptr [rsi + 0x40] a tick in 5DBA90 (at 5DC9AF), after the move that uses it: kept on the last tick of each stock period, 1.0 on the others",5DBC03,selected,tools/find_actor_motion.py: on every path only a velocity's factor,5DC9A6,34D40,,2749
5DC9E6,actor,ulast,"movss xmm1, dword ptr [rip + 0x9541a]","velocity +30 of rsi *= dword ptr [rip + 0x9541a] a tick in 5DBA90 (at 5DC9F2), after the move that uses it: kept on the last tick of each stock period, 1.0 on the others",5DBC03,selected,tools/find_actor_motion.py: on every path only a velocity's factor,5DC9E6,34D70,,2750
5DCBC8,actor,ulast,"movss xmm1, dword ptr [rsi + 0x40]","velocity +20 of rsi *= dword ptr [rsi + 0x40] a tick in 5DBA90 (at 5DCBD1), after the move that uses it: kept on the last tick of each stock period, 1.0 on the others",5DBC03,selected,tools/find_actor_motion.py: on every path only a velocity's factor,5DCBC8,34E00,,2753
5DCE58,actor,zfirst,"movss xmm2, dword ptr [rip + 0xa326c]","velocity +20 of rsi += v * dword ptr [rip + 0xa326c] a tick in 5DBA90 (at 5DCE75), before the move that uses it: on the first tick of each stock period",5DBC03,selected,tools/find_actor_motion.py: on every path only a velocity's change,5DCE58,34E30,,2754
5DCEC5,actor,ulast,"movss xmm1, dword ptr [rip + 0x95a67]","velocity +20 of rsi *= dword ptr [rip + 0x95a67] a tick in 5DBA90 (at 5DCED1), after the move that uses it: kept on the last tick of each stock period, 1.0 on the others",5DBC03,selected,tools/find_actor_motion.py: on every path only a velocity's factor,5DCEC5,34EB0,,2757
5DD034,actor,ulast,"movss xmm1, dword ptr [rsi + 0x40]","velocity +20 of rsi *= dword ptr [rsi + 0x40] a tick in 5DBA90 (at 5DD03D), after the move that uses it: kept on the last tick of each stock period, 1.0 on the others",5DBC03,selected,tools/find_actor_motion.py: on every path only a velocity's factor,5DD034,34F40,,2760
5DD3B5,actor,zfirst,"movss xmm2, dword ptr [rip + 0xa2d0f]","velocity +20 of rsi += v * dword ptr [rip + 0xa2d0f] a tick in 5DBA90 (at 5DD3D2), before the move that uses it: on the first tick of each stock period",5DBC03,selected,tools/find_actor_motion.py: on every path only a velocity's change,5DD3B5,34F70,,2761
5DD422,actor,ulast,"movss xmm1, dword ptr [rip + 0x9550a]","velocity +20 of rsi *= dword ptr [rip + 0x9550a] a tick in 5DBA90 (at 5DD42E), after the move that uses it: kept on the last tick of each stock period, 1.0 on the others",5DBC03,selected,tools/find_actor_motion.py: on every path only a velocity's factor,5DD422,34FF0,,2764
5DD67E,actor,ulast,"movss xmm1, dword ptr [rsi + 0x40]","velocity +20 of rsi *= dword ptr [rsi + 0x40] a tick in 5DBA90 (at 5DD687), after the move that uses it: kept on the last tick of each stock period, 1.0 on the others",5DBC03,selected,tools/find_actor_motion.py: on every path only a velocity's factor,5DD67E,35080,,2767
5E975F,actor,ulast,"movss xmm1, dword ptr [rsi + 0x40]","velocity +20 of rsi *= dword ptr [rsi + 0x40] a tick in 5E9480 (at 5E9768), after the move that uses it: kept on the last tick of each stock period, 1.0 on the others",5E95FC,selected,tools/find_actor_motion.py: on every path only a velocity's factor,5E975F,354B0,,2789
5E9936,actor,zfirst,"movss xmm2, dword ptr [rip + 0x9678e]","velocity +20 of rsi += v * dword ptr [rip + 0x9678e] a tick in 5E9480 (at 5E9953), before the move that uses it: on the first tick of each stock period",5E95FC,selected,tools/find_actor_motion.py: on every path only a velocity's change,5E9936,354E0,,2790
5E99A3,actor,ulast,"movss xmm1, dword ptr [rip + 0x88f89]","velocity +20 of rsi *= dword ptr [rip + 0x88f89] a tick in 5E9480 (at 5E99AF), after the move that uses it: kept on the last tick of each stock period, 1.0 on the others",5E95FC,selected,tools/find_actor_motion.py: on every path only a velocity's factor,5E99A3,35560,,2793
5E9E0A,actor,ulast,"movss xmm1, dword ptr [rsi + 0x40]","velocity +20 of rsi *= dword ptr [rsi + 0x40] a tick in 5E9480 (at 5E9E13), after the move that uses it: kept on the last tick of each stock period, 1.0 on the others",5E95FC,selected,tools/find_actor_motion.py: on every path only a velocity's factor,5E9E0A,355F0,,2796
5EA0FC,actor,zfirst,"movss xmm2, dword ptr [rip + 0x95fc8]","velocity +20 of rsi += v * dword ptr [rip + 0x95fc8] a tick in 5E9480 (at 5EA119), before the move that uses it: on the first tick of each stock period",5E95FC,selected,tools/find_actor_motion.py: on every path only a velocity's change,5EA0FC,35620,,2797
5EA169,actor,ulast,"movss xmm1, dword ptr [rip + 0x887c3]","velocity +20 of rsi *= dword ptr [rip + 0x887c3] a tick in 5E9480 (at 5EA175), after the move that uses it: kept on the last tick of each stock period, 1.0 on the others",5E95FC,selected,tools/find_actor_motion.py: on every path only a velocity's factor,5EA169,356A0,,2800
5F3396,actor,ulast,"movss xmm1, dword ptr [rsi + 0x40]","velocity +20 of rsi *= dword ptr [rsi + 0x40] a tick in 5F3190 (at 5F339F), after the move that uses it: kept on the last tick of each stock period, 1.0 on the others",5F323B,selected,tools/find_actor_motion.py: on every path only a velocity's factor,5F3396,35D30,,2829
5F36FB,actor,zfirst,"movss xmm2, dword ptr [rip + 0x8c9c9]","velocity +20 of rsi += v * dword ptr [rip + 0x8c9c9] a tick in 5F3190 (at 5F3718), before the move that uses it: on the first tick of each stock period",5F323B,selected,tools/find_actor_motion.py: on every path only a velocity's change,5F36FB,35D60,,2830
5F3768,actor,ulast,"movss xmm1, dword ptr [rip + 0x7f1c4]","velocity +20 of rsi *= dword ptr [rip + 0x7f1c4] a tick in 5F3190 (at 5F3774), after the move that uses it: kept on the last tick of each stock period, 1.0 on the others",5F323B,selected,tools/find_actor_motion.py: on every path only a velocity's factor,5F3768,35DE0,,2833
5F3A5F,actor,ulast,"movss xmm1, dword ptr [rip + 0x921c9]","velocity +20 of rsi *= dword ptr [rip + 0x921c9] a tick in 5F3190 (at 5F3A6F), after the move that uses it: kept on the last tick of each stock period, 1.0 on the others",5F323B,selected,tools/find_actor_motion.py: on every path only a velocity's factor,5F3A5F,35E70,,2836
5F3A8F,actor,ulast,"movaps xmm1, xmm7","velocity +20 of rsi *= xmm7 a tick in 5F3190 (at 5F3A92), after the move that uses it: kept on the last tick of each stock period, 1.0 on the others",5F323B,selected,tools/find_actor_motion.py: on every path only a velocity's factor,5F3A8B,35EB0,,2837
5F3ABF,actor,ulast,"movss xmm1, dword ptr [rip + 0x85e99]","velocity +20 of rsi *= dword ptr [rip + 0x85e99] a tick in 5F3190 (at 5F3ACB), after the move that uses it: kept on the last tick of each stock period, 1.0 on the others",5F323B,selected,tools/find_actor_motion.py: on every path only a velocity's factor,5F3ABF,35EE0,,2838
5F4104,actor,zfirst,"movss xmm2, dword ptr [rip + 0x8bfc0]","velocity +20 of rsi += v * dword ptr [rip + 0x8bfc0] a tick in 5F3190 (at 5F4121), before the move that uses it: on the first tick of each stock period",5F3F4B,selected,tools/find_actor_motion.py: on every path only a velocity's change,5F4104,35F20,,2839
5F4171,actor,ulast,"movss xmm1, dword ptr [rip + 0x7e7bb]","velocity +20 of rsi *= dword ptr [rip + 0x7e7bb] a tick in 5F3190 (at 5F417D), after the move that uses it: kept on the last tick of each stock period, 1.0 on the others",5F3F4B,selected,tools/find_actor_motion.py: on every path only a velocity's factor,5F4171,35FA0,,2842
5F437D,actor,ulast,"movss xmm1, dword ptr [rsi + 0x40]","velocity +20 of rsi *= dword ptr [rsi + 0x40] a tick in 5F3190 (at 5F4386), after the move that uses it: kept on the last tick of each stock period, 1.0 on the others",5F4246,selected,tools/find_actor_motion.py: on every path only a velocity's factor,5F437D,36030,,2845
5F45CE,actor,zfirst,"movss xmm2, dword ptr [rip + 0x8baf6]","velocity +20 of rsi += v * dword ptr [rip + 0x8baf6] a tick in 5F3190 (at 5F45EB), before the move that uses it: on the first tick of each stock period",5F4246,selected,tools/find_actor_motion.py: on every path only a velocity's change,5F45CE,36060,,2846
5F463B,actor,ulast,"movss xmm1, dword ptr [rip + 0x7e2f1]","velocity +20 of rsi *= dword ptr [rip + 0x7e2f1] a tick in 5F3190 (at 5F4647), after the move that uses it: kept on the last tick of each stock period, 1.0 on the others",5F4246,selected,tools/find_actor_motion.py: on every path only a velocity's factor,5F463B,360E0,,2849
14B951,flag,mulstore,"mov dword ptr [rdi + 0xb0], eax","the options screen's wait (cOptionScreenSetting: +B0): fps / 2 ticks, counted down once a tick; half a second at 30 and 60, a quarter at 120: mulstore 14B951, the value stored times N",14B870,selected,"stores the fps byte read at 14B948, halved: the value times N, the register kept; flags dead after",14B951,CD00,,11
14BC2D,flag,mulstore,"mov dword ptr [rdi + 0xb0], eax","the options screen's wait (cOptionScreenSetting: +B0): fps / 2 ticks, counted down once a tick; half a second at 30 and 60, a quarter at 120: mulstore 14BC2D, the value stored times N",14B970,selected,"stores the fps byte read at 14BC24, halved: the value times N, the register kept; flags dead after",14BC2D,CD20,,12
14BF51,flag,mulstore,"mov dword ptr [rbx + 0xb0], eax","the options screen's wait (cOptionScreenSetting: +B0): fps / 2 ticks, counted down once a tick; half a second at 30 and 60, a quarter at 120: mulstore 14BF51, the value stored times N",14BEA0,selected,"stores the fps byte read at 14BF48, halved: the value times N, the register kept; flags dead after",14BF51,CD40,,13
14BFEF,flag,mulstore,"mov dword ptr [rbx + 0xb0], eax","the options screen's wait (cOptionScreenSetting: +B0): fps / 2 ticks, counted down once a tick; half a second at 30 and 60, a quarter at 120: mulstore 14BFEF, the value stored times N",14BEA0,selected,"stores the fps byte read at 14BFE6, halved: the value times N, the register kept; flags dead after",14BFEF,CD60,,14
14C0F6,flag,mulstore,"mov dword ptr [rdi + 0xb0], eax","the options screen's wait (cOptionScreenSetting: +B0): fps / 2 ticks, counted down once a tick; half a second at 30 and 60, a quarter at 120: mulstore 14C0F6, the value stored times N",14C010,selected,"stores the fps byte read at 14C0ED, halved: the value times N, the register kept; flags dead after",14C0F6,CD80,,15
14C20B,flag,mulstore,"mov dword ptr [rbx + 0xb0], eax","the options screen's wait (cOptionScreenSetting: +B0): fps / 2 ticks, counted down once a tick; half a second at 30 and 60, a quarter at 120: mulstore 14C20B, the value stored times N",14C170,selected,"stores the fps byte read at 14C202, halved: the value times N, the register kept; flags dead after",14C20B,CDA0,,16
14C5F8,flag,mulstore,"mov dword ptr [rbx + 0xb0], eax","the options screen's wait (cOptionScreenSetting: +B0): fps / 2 ticks, counted down once a tick; half a second at 30 and 60, a quarter at 120: mulstore 14C5F8, the value stored times N",14C450,selected,"stores the fps byte read at 14C5EF, halved: the value times N, the register kept; flags dead after",14C5F8,CDC0,,17
14C667,flag,mulstore,"mov dword ptr [rbx + 0xb0], eax","the options screen's wait (cOptionScreenSetting: +B0): fps / 2 ticks, counted down once a tick; half a second at 30 and 60, a quarter at 120: mulstore 14C667, the value stored times N",14C64B,selected,"stores the fps byte read at 14C65E, halved: the value times N, the register kept; flags dead after",14C667,CDE0,,18
14C8C5,flag,mulstore,"mov dword ptr [rbx + 0xb0], eax","the options screen's wait (cOptionScreenSetting: +B0): fps / 2 ticks, counted down once a tick; half a second at 30 and 60, a quarter at 120: mulstore 14C8C5, the value stored times N",14C899,selected,"stores the fps byte read at 14C8BC, halved: the value times N, the register kept; flags dead after",14C8C5,CE00,,19
14CFDF,flag,mulstore,"mov dword ptr [rcx + 0xb0], eax","the options screen's wait (cOptionScreenSetting: +B0): fps / 2 ticks, counted down once a tick; half a second at 30 and 60, a quarter at 120: mulstore 14CFDF, the value stored times N",14CA40,selected,"stores the fps byte read at 14CFD6, halved: the value times N, the register kept; flags dead after",14CFDF,CE20,,20
1BE62A,flag,mulstore,"mov dword ptr [rbx + 0x6c], eax","the memory-card screens' wait (cMcLoad, cMcSave, cMcBoot: +6C): fps / 2 ticks, counted down once a tick; half a second at 30 and 60, a quarter at 120: mulstore 1BE62A, the value stored times N",1BE520,selected,"stores the fps byte read at 1BE621, halved: the value times N, the register kept; flags dead after",1BE628,F2F0,,173
1BE720,flag,mulstore,"mov dword ptr [rbx + 0x6c], eax","the memory-card screens' wait (cMcLoad, cMcSave, cMcBoot: +6C): fps / 2 ticks, counted down once a tick; half a second at 30 and 60, a quarter at 120: mulstore 1BE720, the value stored times N",1BE6D0,selected,"stores the fps byte read at 1BE717, halved: the value times N, the register kept; flags dead after",1BE71E,F310,,174
1BE73B,flag,mulstore,"mov dword ptr [rbx + 0x6c], eax","the memory-card screens' wait (cMcLoad, cMcSave, cMcBoot: +6C): fps / 2 ticks, counted down once a tick; half a second at 30 and 60, a quarter at 120: mulstore 1BE73B, the value stored times N",1BE6D0,selected,"stores the fps byte read at 1BE732, halved: the value times N, the register kept; flags dead after",1BE739,F330,,175
1BE7D9,flag,mulstore,"mov dword ptr [rbx + 0x6c], eax","the memory-card screens' wait (cMcLoad, cMcSave, cMcBoot: +6C): fps / 2 ticks, counted down once a tick; half a second at 30 and 60, a quarter at 120: mulstore 1BE7D9, the value stored times N",1BE771,selected,"stores the fps byte read at 1BE7D0, halved: the value times N, the register kept; flags dead after",1BE7D7,F350,,176
1BE82F,flag,mulstore,"mov dword ptr [rbx + 0x6c], eax","the memory-card screens' wait (cMcLoad, cMcSave, cMcBoot: +6C): fps / 2 ticks, counted down once a tick; half a second at 30 and 60, a quarter at 120: mulstore 1BE82F, the value stored times N",1BE771,selected,"stores the fps byte read at 1BE826, halved: the value times N, the register kept; flags dead after",1BE82D,F370,,177
1BE8BA,flag,mulstore,"mov dword ptr [rbx + 0x6c], eax","the memory-card screens' wait (cMcLoad, cMcSave, cMcBoot: +6C): fps / 2 ticks, counted down once a tick; half a second at 30 and 60, a quarter at 120: mulstore 1BE8BA, the value stored times N",1BE771,selected,"stores the fps byte read at 1BE8B1, halved: the value times N, the register kept; flags dead after",1BE8B8,F390,,178
1BEC95,flag,mulstore,"mov dword ptr [rbx + 0x6c], eax","the memory-card screens' wait (cMcLoad, cMcSave, cMcBoot: +6C): fps / 2 ticks, counted down once a tick; half a second at 30 and 60, a quarter at 120: mulstore 1BEC95, the value stored times N",1BEB90,selected,"stores the fps byte read at 1BEC8C, halved: the value times N, the register kept; flags dead after",1BEC93,F3B0,,179
1BECC5,flag,mulstore,"mov dword ptr [rcx + 0x6c], eax","the memory-card screens' wait (cMcLoad, cMcSave, cMcBoot: +6C): fps / 2 ticks, counted down once a tick; half a second at 30 and 60, a quarter at 120: mulstore 1BECC5, the value stored times N",1BECA0,selected,"stores the fps byte read at 1BECBC, halved: the value times N, the register kept; flags dead after",1BECC3,F3D0,,180
1BED75,flag,mulstore,"mov dword ptr [rbx + 0x6c], eax","the memory-card screens' wait (cMcLoad, cMcSave, cMcBoot: +6C): fps / 2 ticks, counted down once a tick; half a second at 30 and 60, a quarter at 120: mulstore 1BED75, the value stored times N",1BECA0,selected,"stores the fps byte read at 1BED6C, halved: the value times N, the register kept; flags dead after",1BED73,F3F0,,181
1BEDBF,flag,mulstore,"mov dword ptr [rcx + 0x6c], eax","the memory-card screens' wait (cMcLoad, cMcSave, cMcBoot: +6C): fps / 2 ticks, counted down once a tick; half a second at 30 and 60, a quarter at 120: mulstore 1BEDBF, the value stored times N",1BED90,selected,"stores the fps byte read at 1BEDB6, halved: the value times N, the register kept; flags dead after",1BEDBD,F410,,182
1BEF4C,flag,mulstore,"mov dword ptr [rbx + 0x6c], eax","the memory-card screens' wait (cMcLoad, cMcSave, cMcBoot: +6C): fps / 2 ticks, counted down once a tick; half a second at 30 and 60, a quarter at 120: mulstore 1BEF4C, the value stored times N",1BEDD8,selected,"stores the fps byte read at 1BEF43, halved: the value times N, the register kept; flags dead after",1BEF4A,F430,,183
1BEFC0,flag,mulstore,"mov dword ptr [rbx + 0x6c], eax","the memory-card screens' wait (cMcLoad, cMcSave, cMcBoot: +6C): fps / 2 ticks, counted down once a tick; half a second at 30 and 60, a quarter at 120: mulstore 1BEFC0, the value stored times N",1BEF70,selected,"stores the fps byte read at 1BEFB7, halved: the value times N, the register kept; flags dead after",1BEFBE,F450,,184
1BEFE7,flag,mulstore,"mov dword ptr [rbx + 0x6c], eax","the memory-card screens' wait (cMcLoad, cMcSave, cMcBoot: +6C): fps / 2 ticks, counted down once a tick; half a second at 30 and 60, a quarter at 120: mulstore 1BEFE7, the value stored times N",1BEF70,selected,"stores the fps byte read at 1BEFDE, halved: the value times N, the register kept; flags dead after",1BEFE5,F470,,185
1BF024,flag,mulstore,"mov dword ptr [rbx + 0x6c], eax","the memory-card screens' wait (cMcLoad, cMcSave, cMcBoot: +6C): fps / 2 ticks, counted down once a tick; half a second at 30 and 60, a quarter at 120: mulstore 1BF024, the value stored times N",1BEFF0,selected,"stores the fps byte read at 1BF01B, halved: the value times N, the register kept; flags dead after",1BF022,F490,,186
1BF0BE,flag,mulstore,"mov dword ptr [rbx + 0x6c], eax","the memory-card screens' wait (cMcLoad, cMcSave, cMcBoot: +6C): fps / 2 ticks, counted down once a tick; half a second at 30 and 60, a quarter at 120: mulstore 1BF0BE, the value stored times N",1BF076,selected,"stores the fps byte read at 1BF0B5, halved: the value times N, the register kept; flags dead after",1BF0BC,F4B0,,187
1BF120,flag,mulstore,"mov dword ptr [rbx + 0x6c], eax","the memory-card screens' wait (cMcLoad, cMcSave, cMcBoot: +6C): fps / 2 ticks, counted down once a tick; half a second at 30 and 60, a quarter at 120: mulstore 1BF120, the value stored times N",1BF0D0,selected,"stores the fps byte read at 1BF117, halved: the value times N, the register kept; flags dead after",1BF11E,F4D0,,188
1BF13D,flag,mulstore,"mov dword ptr [rbx + 0x6c], eax","the memory-card screens' wait (cMcLoad, cMcSave, cMcBoot: +6C): fps / 2 ticks, counted down once a tick; half a second at 30 and 60, a quarter at 120: mulstore 1BF13D, the value stored times N",1BF0D0,selected,"stores the fps byte read at 1BF134, halved: the value times N, the register kept; flags dead after",1BF13B,F4F0,,189
1BF1A0,flag,mulstore,"mov dword ptr [rbx + 0x6c], eax","the memory-card screens' wait (cMcLoad, cMcSave, cMcBoot: +6C): fps / 2 ticks, counted down once a tick; half a second at 30 and 60, a quarter at 120: mulstore 1BF1A0, the value stored times N",1BF150,selected,"stores the fps byte read at 1BF197, halved: the value times N, the register kept; flags dead after",1BF19E,F510,,190
1BF1BD,flag,mulstore,"mov dword ptr [rbx + 0x6c], eax","the memory-card screens' wait (cMcLoad, cMcSave, cMcBoot: +6C): fps / 2 ticks, counted down once a tick; half a second at 30 and 60, a quarter at 120: mulstore 1BF1BD, the value stored times N",1BF150,selected,"stores the fps byte read at 1BF1B4, halved: the value times N, the register kept; flags dead after",1BF1BB,F530,,191
1BF29C,flag,mulstore,"mov dword ptr [rbx + 0x6c], eax","the memory-card screens' wait (cMcLoad, cMcSave, cMcBoot: +6C): fps / 2 ticks, counted down once a tick; half a second at 30 and 60, a quarter at 120: mulstore 1BF29C, the value stored times N",1BF1D0,selected,"stores the fps byte read at 1BF28C, halved: the value times N, the register kept; flags dead after",1BF29A,F5B0,,193
1BF46C,flag,mulstore,"mov dword ptr [rbx + 0x6c], eax","the memory-card screens' wait (cMcLoad, cMcSave, cMcBoot: +6C): fps / 2 ticks, counted down once a tick; half a second at 30 and 60, a quarter at 120: mulstore 1BF46C, the value stored times N",1BF463,selected,"stores the fps byte read at 1BF463, halved: the value times N, the register kept; flags dead after",1BF46A,F5D0,,194
1BF56E,flag,mulstore,"mov dword ptr [rbx + 0x6c], eax","the memory-card screens' wait (cMcLoad, cMcSave, cMcBoot: +6C): fps / 2 ticks, counted down once a tick; half a second at 30 and 60, a quarter at 120: mulstore 1BF56E, the value stored times N",1BF490,selected,"stores the fps byte read at 1BF55E, halved: the value times N, the register kept; flags dead after",1BF56C,F650,,196
1BF6CC,flag,mulstore,"mov dword ptr [rbx + 0x6c], eax","the memory-card screens' wait (cMcLoad, cMcSave, cMcBoot: +6C): fps / 2 ticks, counted down once a tick; half a second at 30 and 60, a quarter at 120: mulstore 1BF6CC, the value stored times N",1BF490,selected,"stores the fps byte read at 1BF6C3, halved: the value times N, the register kept; flags dead after",1BF6CA,F670,,197
1BFB2A,flag,mulstore,"mov dword ptr [rbx + 0x6c], eax","the memory-card screens' wait (cMcLoad, cMcSave, cMcBoot: +6C): fps / 2 ticks, counted down once a tick; half a second at 30 and 60, a quarter at 120: mulstore 1BFB2A, the value stored times N",1BF7E0,selected,"stores the fps byte read at 1BFB21, halved: the value times N, the register kept; flags dead after",1BFB28,F690,,198
1C0130,flag,mulstore,"mov dword ptr [rbx + 0x6c], eax","the memory-card screens' wait (cMcLoad, cMcSave, cMcBoot: +6C): fps / 2 ticks, counted down once a tick; half a second at 30 and 60, a quarter at 120: mulstore 1C0130, the value stored times N",1C00E0,selected,"stores the fps byte read at 1C0127, halved: the value times N, the register kept; flags dead after",1C012E,F6B0,,199
1C0157,flag,mulstore,"mov dword ptr [rbx + 0x6c], eax","the memory-card screens' wait (cMcLoad, cMcSave, cMcBoot: +6C): fps / 2 ticks, counted down once a tick; half a second at 30 and 60, a quarter at 120: mulstore 1C0157, the value stored times N",1C00E0,selected,"stores the fps byte read at 1C014E, halved: the value times N, the register kept; flags dead after",1C0155,F6D0,,200
1C0213,flag,mulstore,"mov dword ptr [rsi + 0x6c], eax","the memory-card screens' wait (cMcLoad, cMcSave, cMcBoot: +6C): fps / 2 ticks, counted down once a tick; half a second at 30 and 60, a quarter at 120: mulstore 1C0213, the value stored times N",1C01A3,selected,"stores the fps byte read at 1C020A, halved: the value times N, the register kept; flags dead after",1C0211,F6F0,,201
1C026C,flag,mulstore,"mov dword ptr [rsi + 0x6c], eax","the memory-card screens' wait (cMcLoad, cMcSave, cMcBoot: +6C): fps / 2 ticks, counted down once a tick; half a second at 30 and 60, a quarter at 120: mulstore 1C026C, the value stored times N",1C01A3,selected,"stores the fps byte read at 1C0263, halved: the value times N, the register kept; flags dead after",1C026A,F710,,202
1C02F8,flag,mulstore,"mov dword ptr [rsi + 0x6c], eax","the memory-card screens' wait (cMcLoad, cMcSave, cMcBoot: +6C): fps / 2 ticks, counted down once a tick; half a second at 30 and 60, a quarter at 120: mulstore 1C02F8, the value stored times N",1C01A3,selected,"stores the fps byte read at 1C02EF, halved: the value times N, the register kept; flags dead after",1C02F6,F730,,203
1C0A8F,flag,mulstore,"mov dword ptr [rsi + 0x6c], eax","the memory-card screens' wait (cMcLoad, cMcSave, cMcBoot: +6C): fps / 2 ticks, counted down once a tick; half a second at 30 and 60, a quarter at 120: mulstore 1C0A8F, the value stored times N",1C0A3A,selected,"stores the fps byte read at 1C0A86, halved: the value times N, the register kept; flags dead after",1C0A8D,F770,,205
1C0AF9,flag,mulstore,"mov dword ptr [rsi + 0x6c], eax","the memory-card screens' wait (cMcLoad, cMcSave, cMcBoot: +6C): fps / 2 ticks, counted down once a tick; half a second at 30 and 60, a quarter at 120: mulstore 1C0AF9, the value stored times N",1C0A97,selected,"stores the fps byte read at 1C0AF0, halved: the value times N, the register kept; flags dead after",1C0AF7,F790,,206
1C0B8B,flag,mulstore,"mov dword ptr [rsi + 0x6c], eax","the memory-card screens' wait (cMcLoad, cMcSave, cMcBoot: +6C): fps / 2 ticks, counted down once a tick; half a second at 30 and 60, a quarter at 120: mulstore 1C0B8B, the value stored times N",1C0A97,selected,"stores the fps byte read at 1C0B7F, halved: the value times N, the register kept; flags dead after",1C0B89,F7B0,,207
1C0D41,flag,mulstore,"mov dword ptr [rbx + 0x6c], eax","the memory-card screens' wait (cMcLoad, cMcSave, cMcBoot: +6C): fps / 2 ticks, counted down once a tick; half a second at 30 and 60, a quarter at 120: mulstore 1C0D41, the value stored times N",1C0C90,selected,"stores the fps byte read at 1C0D38, halved: the value times N, the register kept; flags dead after",1C0D3F,F7D0,,208
1C106C,flag,mulstore,"mov dword ptr [rbx + 0x6c], eax","the memory-card screens' wait (cMcLoad, cMcSave, cMcBoot: +6C): fps / 2 ticks, counted down once a tick; half a second at 30 and 60, a quarter at 120: mulstore 1C106C, the value stored times N",1C0C90,selected,"stores the fps byte read at 1C1063, halved: the value times N, the register kept; flags dead after",1C106A,F7F0,,209
1C1311,flag,mulstore,"mov dword ptr [rbx + 0x6c], eax","the memory-card screens' wait (cMcLoad, cMcSave, cMcBoot: +6C): fps / 2 ticks, counted down once a tick; half a second at 30 and 60, a quarter at 120: mulstore 1C1311, the value stored times N",1C1301,selected,"stores the fps byte read at 1C1301, halved: the value times N, the register kept; flags dead after",1C130F,F810,,210
1C15B9,flag,mulstore,"mov dword ptr [rbx + 0x6c], eax","the memory-card screens' wait (cMcLoad, cMcSave, cMcBoot: +6C): fps / 2 ticks, counted down once a tick; half a second at 30 and 60, a quarter at 120: mulstore 1C15B9, the value stored times N",1C1584,selected,"stores the fps byte read at 1C15B0, halved: the value times N, the register kept; flags dead after",1C15B7,F850,,212
1C1636,flag,mulstore,"mov dword ptr [rcx + 0x6c], eax","the memory-card screens' wait (cMcLoad, cMcSave, cMcBoot: +6C): fps / 2 ticks, counted down once a tick; half a second at 30 and 60, a quarter at 120: mulstore 1C1636, the value stored times N",1C1584,selected,"stores the fps byte read at 1C162D, halved: the value times N, the register kept; flags dead after",1C1634,F870,,213
1C164F,flag,mulstore,"mov dword ptr [rcx + 0x6c], eax","the memory-card screens' wait (cMcLoad, cMcSave, cMcBoot: +6C): fps / 2 ticks, counted down once a tick; half a second at 30 and 60, a quarter at 120: mulstore 1C164F, the value stored times N",1C1584,selected,"stores the fps byte read at 1C1646, halved: the value times N, the register kept; flags dead after",1C164D,F890,,214
1DD160,steer,callscale,call 0x2ddf90,turn step of 2DDF90 in 1DD060: xmm3 x s; constants,1DD142,selected,"call 2DDF90; rel32 retargeted (5 bytes, no window)",call 1,37980,,247
1E3653,steer,callscale,call 0x2ddf90,turn step of 2DDF90 in 1E3550: xmm3 x s; constants,1E3635,selected,"call 2DDF90; rel32 retargeted (5 bytes, no window)",call 2,379A0,,256
1E3F3B,steer,callscale,call 0x2ddf90,turn step of 2DDF90 in 1E3E40: xmm3 x s; constants,1E3F07,selected,"call 2DDF90; rel32 retargeted (5 bytes, no window)",call 3,379C0,,261
1E5C91,steer,callscale,call 0x2ddf90,turn step of 2DDF90 in 1E5820: xmm3 x s; constants,1E599F,selected,"call 2DDF90; rel32 retargeted (5 bytes, no window)",call 4,379E0,,262
1F7398,steer,callscale,call 0x2ddf90,turn step of 2DDF90 in 1F7290: xmm3 x s; constants,1F737A,selected,"call 2DDF90; rel32 retargeted (5 bytes, no window)",call 8,37A60,,298
1FB56D,steer,callscale,call 0x2ddf90,turn step of 2DDF90 in 1FB360: xmm3 x s; constants,1FB360,selected,"call 2DDF90; rel32 retargeted (5 bytes, no window)",call 9,37A80,,305
204A6F,steer,callscale,call 0x2ddf90,turn step of 2DDF90 in 204A40: xmm3 x s; constants (at every call of 204A40),204A40,selected,"call 2DDF90; rel32 retargeted (5 bytes, no window)",call 11,37AC0,,338
22271F,steer,callblend,call 0x2da570,"turn step of 2DA570 in 222500: xmm3 x s, k -> 1 - (1 - k)^(1/N); constants",222500,selected,"call 2DA570; rel32 retargeted (5 bytes, no window)",call 12,37AE0,,398
234B28,steer,callblend,call 0x2da570,"turn step of 2DA570 in 234900: xmm3 x s, k -> 1 - (1 - k)^(1/N); constants",234900,selected,"call 2DA570; rel32 retargeted (5 bytes, no window)",call 14,37B70,,457
234B6E,steer,callblend,call 0x2da570,"turn step of 2DA570 in 234900: xmm3 x s, k -> 1 - (1 - k)^(1/N); constants",234900,selected,"call 2DA570; rel32 retargeted (5 bytes, no window)",call 15,37BE0,,458
234DCE,steer,callblend,call 0x2da570,"turn step of 2DA570 in 234C70: xmm3 x s, k -> 1 - (1 - k)^(1/N); constants",234D8A,selected,"call 2DA570; rel32 retargeted (5 bytes, no window)",call 16,37C50,,459
234E14,steer,callblend,call 0x2da570,"turn step of 2DA570 in 234C70: xmm3 x s, k -> 1 - (1 - k)^(1/N); constants",234D8A,selected,"call 2DA570; rel32 retargeted (5 bytes, no window)",call 17,37CC0,,460
234FBE,steer,callblend,call 0x2da570,"turn step of 2DA570 in 234E50: xmm3 x s, k -> 1 - (1 - k)^(1/N); constants",234F06,selected,"call 2DA570; rel32 retargeted (5 bytes, no window)",call 18,37D30,,461
235004,steer,callblend,call 0x2da570,"turn step of 2DA570 in 234E50: xmm3 x s, k -> 1 - (1 - k)^(1/N); constants",234F06,selected,"call 2DA570; rel32 retargeted (5 bytes, no window)",call 19,37DA0,,462
246B93,steer,callscale,call 0x2ddf90,turn step of 2DDF90 in 2469A0: xmm3 x s; constants and +1080,246B33,selected,"call 2DDF90; rel32 retargeted (5 bytes, no window)",call 21,37E30,,493
247642,steer,callscale,call 0x2ddf90,turn step of 2DDF90 in 2474E0: xmm3 x s; constants and +1080,247630,selected,"call 2DDF90; rel32 retargeted (5 bytes, no window)",call 24,37E90,,498
247F54,steer,callscale,call 0x2ddf90,turn step of 2DDF90 in 247CF0: xmm3 x s; constants and +1080,247F25,selected,"call 2DDF90; rel32 retargeted (5 bytes, no window)",call 26,37ED0,,503
24884C,steer,callscale,call 0x2ddf90,turn step of 2DDF90 in 248780: xmm3 x s; constants and +1080,248780,selected,"call 2DDF90; rel32 retargeted (5 bytes, no window)",call 30,37F50,,507
248B92,steer,callscale,call 0x2ddf90,"turn step of 2DDF90 in 2488B0: xmm3 x s; constants and +1080; its function reads 2489A7 time scale, 2489BE time scale, 248A1A time scale: the time scale (2489A7..248A1A, 248B1C) paces its vertical motion (+EC8) and a jump's speed; the turn (248B92) takes 0.1134 x speed on every path",2488B0,selected,"call 2DDF90; rel32 retargeted (5 bytes, no window)",call 31,37F70,,508
249001,steer,callscale,call 0x2ddf90,turn step of 2DDF90 in 248DE0: xmm3 x s; constants and +1080,248DE0,selected,"call 2DDF90; rel32 retargeted (5 bytes, no window)",call 32,37F90,,510
249366,steer,callscale,call 0x2ddf90,turn step of 2DDF90 in 249100: xmm3 x s; constants and +1080,24921F,selected,"call 2DDF90; rel32 retargeted (5 bytes, no window)",call 33,37FB0,,514
24969F,steer,callscale,call 0x2ddf90,turn step of 2DDF90 in 2495E0: xmm3 x s; constants and +1080,249630,selected,"call 2DDF90; rel32 retargeted (5 bytes, no window)",call 34,37FD0,,516
249708,steer,callscale,call 0x2ddf90,turn step of 2DDF90 in 2495E0: xmm3 x s; constants and +1080,2496E2,selected,"call 2DDF90; rel32 retargeted (5 bytes, no window)",call 35,37FF0,,517
249D25,steer,callscale,call 0x2ddf90,"turn step of 2DDF90 in 249A90: xmm3 x s; constants and +1080; its function reads 249B7F time scale, 249B96 time scale, 249BF9 time scale: as 2488B0: the time scale paces +EC8 and the jump; the turn (249D25) takes 0.1134 x speed on every path",249A90,selected,"call 2DDF90; rel32 retargeted (5 bytes, no window)",call 37,38030,,519
24A69A,steer,callblend,call 0x2da570,"turn step of 2DA570 in 24A610: xmm3 x s, k -> 1 - (1 - k)^(1/N); constants",24A610,selected,"call 2DA570; rel32 retargeted (5 bytes, no window)",call 38,38050,,521
24A6D6,steer,callblend,call 0x2da570,"turn step of 2DA570 in 24A610: xmm3 x s, k -> 1 - (1 - k)^(1/N); constants",24A610,selected,"call 2DA570; rel32 retargeted (5 bytes, no window)",call 39,380C0,,522
24A712,steer,callblend,call 0x2da570,"turn step of 2DA570 in 24A610: xmm3 x s, k -> 1 - (1 - k)^(1/N); constants",24A610,selected,"call 2DA570; rel32 retargeted (5 bytes, no window)",call 40,38130,,523
24A898,steer,callblend,call 0x2da570,"turn step of 2DA570 in 24A610: xmm3 x s, k -> 1 - (1 - k)^(1/N); constants",24A610,selected,"call 2DA570; rel32 retargeted (5 bytes, no window)",call 41,381A0,,524
24A8F5,steer,callblend,call 0x2da570,"turn step of 2DA570 in 24A610: xmm3 x s, k -> 1 - (1 - k)^(1/N); constants",24A610,selected,"call 2DA570; rel32 retargeted (5 bytes, no window)",call 42,38210,,525
24A931,steer,callblend,call 0x2da570,"turn step of 2DA570 in 24A610: xmm3 x s, k -> 1 - (1 - k)^(1/N); constants",24A610,selected,"call 2DA570; rel32 retargeted (5 bytes, no window)",call 43,38280,,526
24B4A9,steer,callscale,call 0x2ddf90,turn step of 2DDF90 in 24B3A0: xmm3 x s; constants and +1080,24B3A0,selected,"call 2DDF90; rel32 retargeted (5 bytes, no window)",call 45,38310,,528
24B70D,steer,callblend,call 0x2da570,"turn step of 2DA570 in 24B580: xmm3 x s, k -> 1 - (1 - k)^(1/N); constants",24B580,selected,"call 2DA570; rel32 retargeted (5 bytes, no window)",call 46,38330,,529
24B775,steer,callblend,call 0x2da570,"turn step of 2DA570 in 24B580: xmm3 x s, k -> 1 - (1 - k)^(1/N); constants",24B580,selected,"call 2DA570; rel32 retargeted (5 bytes, no window)",call 48,383C0,,531
24C28B,steer,callblend,call 0x2da570,"turn step of 2DA570 in 24C0B0: xmm3 x s, k -> 1 - (1 - k)^(1/N); constants",24C0B0,selected,"call 2DA570; rel32 retargeted (5 bytes, no window)",call 55,384F0,,538
24C2E2,steer,callblend,call 0x2da570,"turn step of 2DA570 in 24C0B0: xmm3 x s, k -> 1 - (1 - k)^(1/N); constants",24C0B0,selected,"call 2DA570; rel32 retargeted (5 bytes, no window)",call 57,38580,,540
24CD68,steer,callscale,call 0x2ddf90,turn step of 2DDF90 in 24CC60: xmm3 x s; constants and +1080,24CD1B,selected,"call 2DDF90; rel32 retargeted (5 bytes, no window)",call 60,38630,,547
24E51C,steer,callscale,call 0x2ddf90,turn step of 2DDF90 in 24E230: xmm3 x s; constants and +1080,24E427,selected,"call 2DDF90; rel32 retargeted (5 bytes, no window)",call 67,38710,,555
24EAF3,steer,callscale,call 0x2ddf90,turn step of 2DDF90 in 24E8E0: xmm3 x s; constants and +1080,24EA93,selected,"call 2DDF90; rel32 retargeted (5 bytes, no window)",call 68,38730,,556
24F49F,steer,callscale,call 0x2ddf90,turn step of 2DDF90 in 24F370: xmm3 x s; constants and +1080,24F452,selected,"call 2DDF90; rel32 retargeted (5 bytes, no window)",call 70,38770,,565
255E24,steer,callscale,call 0x2ddf90,turn step of 2DDF90 in 255D50: xmm3 x s; constants and +1080,255D50,selected,"call 2DDF90; rel32 retargeted (5 bytes, no window)",call 80,388B0,,587
256019,steer,callscale,call 0x2ddf90,turn step of 2DDF90 in 255ED0: xmm3 x s; constants and +1080,255EEB,selected,"call 2DDF90; rel32 retargeted (5 bytes, no window)",call 81,388D0,,588
2560AC,steer,callscale,call 0x2ddf90,turn step of 2DDF90 in 255ED0: xmm3 x s; constants and +1080,255EEB,selected,"call 2DDF90; rel32 retargeted (5 bytes, no window)",call 82,388F0,,589
25D340,steer,callscale,call 0x2ddf90,turn step of 2DDF90 in 25D260: xmm3 x s; constants and +1080,25D260,selected,"call 2DDF90; rel32 retargeted (5 bytes, no window)",call 111,38C90,,638
25D489,steer,callscale,call 0x2ddf90,turn step of 2DDF90 in 25D3D0: xmm3 x s; constants and +1080,25D3D0,selected,"call 2DDF90; rel32 retargeted (5 bytes, no window)",call 112,38CB0,,640
25E29E,steer,callblend,call 0x2da570,"turn step of 2DA570 in 25E160: xmm3 x s, k -> 1 - (1 - k)^(1/N); constants and +1080",25E160,selected,"call 2DA570; rel32 retargeted (5 bytes, no window)",call 118,38D70,,647
25E321,steer,callblend,call 0x2da570,"turn step of 2DA570 in 25E160: xmm3 x s, k -> 1 - (1 - k)^(1/N); constants and +1080",25E160,selected,"call 2DA570; rel32 retargeted (5 bytes, no window)",call 119,38DE0,,648
25E36C,steer,callblend,call 0x2da570,"turn step of 2DA570 in 25E160: xmm3 x s, k -> 1 - (1 - k)^(1/N); constants and +1080",25E160,selected,"call 2DA570; rel32 retargeted (5 bytes, no window)",call 120,38E50,,649
2615DE,steer,callscale,call 0x2ddf90,turn step of 2DDF90 in 2614E0: xmm3 x s; constants and +1080,2614E0,selected,"call 2DDF90; rel32 retargeted (5 bytes, no window)",call 122,38EE0,,664
261DC8,steer,callscale,call 0x2ddf90,turn step of 2DDF90 in 261CD0: xmm3 x s; constants and +1080,261CD0,selected,"call 2DDF90; rel32 retargeted (5 bytes, no window)",call 123,38F00,,668
262F61,steer,callscale,call 0x2ddf90,turn step of 2DDF90 in 262AE0: xmm3 x s; constants and +1080,262F2E,selected,"call 2DDF90; rel32 retargeted (5 bytes, no window)",call 125,38F40,,671
270F3B,steer,callscale,call 0x2ddf90,turn step of 2DDF90 in 270DB0: xmm3 x s; constants and +1080,270F36,selected,"call 2DDF90; rel32 retargeted (5 bytes, no window)",call 131,39000,,704
272AFF,steer,callblend,call 0x2da570,"turn step of 2DA570 in 2729B0: xmm3 x s, k -> 1 - (1 - k)^(1/N); constants and +1080",2729B0,selected,"call 2DA570; rel32 retargeted (5 bytes, no window)",call 141,39140,,719
272BCC,steer,callblend,call 0x2da570,"turn step of 2DA570 in 2729B0: xmm3 x s, k -> 1 - (1 - k)^(1/N); constants and +1080",2729B0,selected,"call 2DA570; rel32 retargeted (5 bytes, no window)",call 142,391B0,,720
2868AE,steer,callscale,call 0x2ddf90,turn step of 2DDF90 in 2865B0: xmm3 x s; constants and +1080,2865D4,selected,"call 2DDF90; rel32 retargeted (5 bytes, no window)",call 146,39280,,797
289147,steer,callblend,call 0x2da570,"turn step of 2DA570 in 288D90: xmm3 x s, k -> 1 - (1 - k)^(1/N); constants and +1080",288EF7,selected,"call 2DA570; rel32 retargeted (5 bytes, no window)",call 147,392A0,,813
2891A8,steer,callblend,call 0x2da570,"turn step of 2DA570 in 288D90: xmm3 x s, k -> 1 - (1 - k)^(1/N); constants and +1080",288EF7,selected,"call 2DA570; rel32 retargeted (5 bytes, no window)",call 148,39310,,814
2891F0,steer,callblend,call 0x2da570,"turn step of 2DA570 in 288D90: xmm3 x s, k -> 1 - (1 - k)^(1/N); constants and +1080",288EF7,selected,"call 2DA570; rel32 retargeted (5 bytes, no window)",call 149,39380,,815
28928B,steer,callblend,call 0x2da570,"turn step of 2DA570 in 288D90: xmm3 x s, k -> 1 - (1 - k)^(1/N); constants and +1080",288EF7,selected,"call 2DA570; rel32 retargeted (5 bytes, no window)",call 150,393F0,,816
2892D3,steer,callblend,call 0x2da570,"turn step of 2DA570 in 288D90: xmm3 x s, k -> 1 - (1 - k)^(1/N); constants and +1080",288EF7,selected,"call 2DA570; rel32 retargeted (5 bytes, no window)",call 151,39460,,817
28931B,steer,callblend,call 0x2da570,"turn step of 2DA570 in 288D90: xmm3 x s, k -> 1 - (1 - k)^(1/N); constants and +1080",288EF7,selected,"call 2DA570; rel32 retargeted (5 bytes, no window)",call 152,394D0,,818
28E7B3,steer,callscale,call 0x2ddf90,turn step of 2DDF90 in 28E710: xmm3 x s; constants and +1080,28E710,selected,"call 2DDF90; rel32 retargeted (5 bytes, no window)",call 170,39760,,853
291FC4,steer,callblend,call 0x2da570,"turn step of 2DA570 in 291F00: xmm3 x s, k -> 1 - (1 - k)^(1/N); constants and +1080 (at every call of 291F00)",291F00,selected,"call 2DA570; rel32 retargeted (5 bytes, no window)",call 175,39800,,872
291FF2,steer,callscale,call 0x2ddf90,turn step of 2DDF90 in 291F00: xmm3 x s; constants and +1080 (at every call of 291F00),291F00,selected,"call 2DDF90; rel32 retargeted (5 bytes, no window)",call 176,39870,,873
2A2D23,steer,callscale,call 0x2ddf90,turn step of 2DDF90 in 2A2B40: xmm3 x s; constants and +1080,2A2B40,selected,"call 2DDF90; rel32 retargeted (5 bytes, no window)",call 181,39910,,927
2A55C3,steer,callscale,call 0x2ddf90,turn step of 2DDF90 in 2A53F0: xmm3 x s; constants and +1080,2A558C,selected,"call 2DDF90; rel32 retargeted (5 bytes, no window)",call 195,39AD0,,950
2AAD67,steer,callblend,call 0x2da570,"turn step of 2DA570 in 2A8D20: xmm3 x s, k -> 1 - (1 - k)^(1/N); constants",2AAA4E,selected,"call 2DA570; rel32 retargeted (5 bytes, no window)",call 213,39D10,,986
2AADA9,steer,callblend,call 0x2da570,"turn step of 2DA570 in 2A8D20: xmm3 x s, k -> 1 - (1 - k)^(1/N); constants",2AAA4E,selected,"call 2DA570; rel32 retargeted (5 bytes, no window)",call 214,39D80,,987
2BD23C,steer,callblend,call 0x2da570,"turn step of 2DA570 in 2BD0B0: xmm3 x s, k -> 1 - (1 - k)^(1/N); constants and +1080",2BD0B0,selected,"call 2DA570; rel32 retargeted (5 bytes, no window)",call 229,39FB0,,1051
2BD29D,steer,callblend,call 0x2da570,"turn step of 2DA570 in 2BD0B0: xmm3 x s, k -> 1 - (1 - k)^(1/N); constants and +1080",2BD0B0,selected,"call 2DA570; rel32 retargeted (5 bytes, no window)",call 230,3A020,,1052
2BD2E5,steer,callblend,call 0x2da570,"turn step of 2DA570 in 2BD0B0: xmm3 x s, k -> 1 - (1 - k)^(1/N); constants and +1080",2BD0B0,selected,"call 2DA570; rel32 retargeted (5 bytes, no window)",call 231,3A090,,1053
2BD380,steer,callblend,call 0x2da570,"turn step of 2DA570 in 2BD0B0: xmm3 x s, k -> 1 - (1 - k)^(1/N); constants and +1080",2BD0B0,selected,"call 2DA570; rel32 retargeted (5 bytes, no window)",call 232,3A100,,1054
2BD3C8,steer,callblend,call 0x2da570,"turn step of 2DA570 in 2BD0B0: xmm3 x s, k -> 1 - (1 - k)^(1/N); constants and +1080",2BD0B0,selected,"call 2DA570; rel32 retargeted (5 bytes, no window)",call 233,3A170,,1055
2BD410,steer,callblend,call 0x2da570,"turn step of 2DA570 in 2BD0B0: xmm3 x s, k -> 1 - (1 - k)^(1/N); constants and +1080",2BD0B0,selected,"call 2DA570; rel32 retargeted (5 bytes, no window)",call 234,3A1E0,,1056
2CF5AC,steer,callblend,call 0x2da570,"turn step of 2DA570 in 2CF3D0: xmm3 x s, k -> 1 - (1 - k)^(1/N); constants",2CF5A2,selected,"call 2DA570; rel32 retargeted (5 bytes, no window)",call 238,3A2B0,,1116
2CFC62,steer,callblend,call 0x2da570,"turn step of 2DA570 in 2CF9E0: xmm3 x s, k -> 1 - (1 - k)^(1/N); constants",2CFA06,selected,"call 2DA570; rel32 retargeted (5 bytes, no window)",call 239,3A320,,1118
2D12B2,steer,callblend,call 0x2da570,"turn step of 2DA570 in 2D1050: xmm3 x s, k -> 1 - (1 - k)^(1/N); constants",2D1050,selected,"call 2DA570; rel32 retargeted (5 bytes, no window)",call 241,3A3B0,,1127
2D9733,steer,callscale,call 0x2ddf90,turn step of 2DDF90 in 2D9460: xmm3 x s; constants,2D9595,selected,"call 2DDF90; rel32 retargeted (5 bytes, no window)",call 255,3A5C0,,1209
2D9A8E,steer,callscale,call 0x2ddf90,turn step of 2DDF90 in 2D9940: xmm3 x s; constants,2D9940,selected,"call 2DDF90; rel32 retargeted (5 bytes, no window)",call 256,3A5E0,,1213
34277F,steer,callscale,call 0x2ddf90,turn step of 2DDF90 in 3426A0: xmm3 x s; constants,3426A0,selected,"call 2DDF90; rel32 retargeted (5 bytes, no window)",call 263,3A6C0,,1426
3428D3,steer,callscale,call 0x2ddf90,turn step of 2DDF90 in 3426A0: xmm3 x s; constants,3426A0,selected,"call 2DDF90; rel32 retargeted (5 bytes, no window)",call 264,3A6E0,,1427
342DEE,steer,callscale,call 0x2ddf90,turn step of 2DDF90 in 342D40: xmm3 x s; constants,342D7F,selected,"call 2DDF90; rel32 retargeted (5 bytes, no window)",call 265,3A700,,1428
342E9B,steer,callscale,call 0x2ddf90,turn step of 2DDF90 in 342D40: xmm3 x s; constants,342E74,selected,"call 2DDF90; rel32 retargeted (5 bytes, no window)",call 266,3A720,,1429
383E7B,steer,callscale,call 0x2ddf90,turn step of 2DDF90 in 383AB0: xmm3 x s; constants,383E76,selected,"call 2DDF90; rel32 retargeted (5 bytes, no window)",call 273,3A830,,1510
384EED,steer,callscale,call 0x2ddf90,turn step of 2DDF90 in 384E30: xmm3 x s; constants,384ECF,selected,"call 2DDF90; rel32 retargeted (5 bytes, no window)",call 276,3A890,,1521
385E73,steer,callscale,call 0x2ddf90,turn step of 2DDF90 in 385C50: xmm3 x s; constants,385C5A,selected,"call 2DDF90; rel32 retargeted (5 bytes, no window)",call 278,3A8D0,,1530
38745A,steer,callscale,call 0x2ddf90,turn step of 2DDF90 in 387140: xmm3 x s; constants,387150,selected,"call 2DDF90; rel32 retargeted (5 bytes, no window)",call 282,3A950,,1535
38867B,steer,callscale,call 0x2ddf90,turn step of 2DDF90 in 3884B0: xmm3 x s; constants,388612,selected,"call 2DDF90; rel32 retargeted (5 bytes, no window)",call 284,3A990,,1541
38B887,steer,callscale,call 0x2ddf90,turn step of 2DDF90 in 38B710: xmm3 x s; constants,38B710,selected,"call 2DDF90; rel32 retargeted (5 bytes, no window)",call 288,3AA10,,1549
38B8D8,steer,callscale,call 0x2ddf90,turn step of 2DDF90 in 38B710: xmm3 x s; constants,38B710,selected,"call 2DDF90; rel32 retargeted (5 bytes, no window)",call 289,3AA30,,1550
38C24E,steer,callscale,call 0x2ddf90,turn step of 2DDF90 in 38C160: xmm3 x s; constants,38C160,selected,"call 2DDF90; rel32 retargeted (5 bytes, no window)",call 291,3AA70,,1555
38C293,steer,callscale,call 0x2ddf90,turn step of 2DDF90 in 38C160: xmm3 x s; constants,38C160,selected,"call 2DDF90; rel32 retargeted (5 bytes, no window)",call 292,3AA90,,1556
38CE73,steer,callscale,call 0x2ddf90,turn step of 2DDF90 in 38CB60: xmm3 x s; constants,38CB60,selected,"call 2DDF90; rel32 retargeted (5 bytes, no window)",call 294,3AAD0,,1563
39B833,steer,callscale,call 0x2ddf90,turn step of 2DDF90 in 39B7B0: xmm3 x s; constants,39B7B0,selected,"call 2DDF90; rel32 retargeted (5 bytes, no window)",call 297,3AB30,,1692
39BD3D,steer,callscale,call 0x2ddf90,turn step of 2DDF90 in 39BB10: xmm3 x s; constants,39BC65,selected,"call 2DDF90; rel32 retargeted (5 bytes, no window)",call 298,3AB50,,1694
39F5A0,steer,callscale,call 0x2ddf90,turn step of 2DDF90 in 39F2B0: xmm3 x s; constants,39F38F,selected,"call 2DDF90; rel32 retargeted (5 bytes, no window)",call 305,3AC30,,1709
522B6E,steer,callscale,call 0x2ddf90,turn step of 2DDF90 in 522A80: xmm3 x s; constants,522B33,selected,"call 2DDF90; rel32 retargeted (5 bytes, no window)",call 376,3BE30,,2439
5609C5,steer,callscale,call 0x2ddf90,turn step of 2DDF90 in 5607A0: xmm3 x s; constants,5608CE,selected,"call 2DDF90; rel32 retargeted (5 bytes, no window)",call 377,3BE50,,2517
560E22,steer,callscale,call 0x2ddf90,turn step of 2DDF90 in 560BD0: xmm3 x s; constants,560BD0,selected,"call 2DDF90; rel32 retargeted (5 bytes, no window)",call 378,3BE70,,2522
561912,steer,callscale,call 0x2ddf90,turn step of 2DDF90 in 5616C0: xmm3 x s; constants,5618E4,selected,"call 2DDF90; rel32 retargeted (5 bytes, no window)",call 379,3BE90,,2536
561CD8,steer,callscale,call 0x2ddf90,turn step of 2DDF90 in 561A90: xmm3 x s; constants,561C01,selected,"call 2DDF90; rel32 retargeted (5 bytes, no window)",call 380,3BEB0,,2540
561E26,steer,callscale,call 0x2ddf90,turn step of 2DDF90 in 561A90: xmm3 x s; constants,561C01,selected,"call 2DDF90; rel32 retargeted (5 bytes, no window)",call 381,3BED0,,2542
561F74,steer,callscale,call 0x2ddf90,turn step of 2DDF90 in 561A90: xmm3 x s; constants,561C01,selected,"call 2DDF90; rel32 retargeted (5 bytes, no window)",call 382,3BEF0,,2544
565258,steer,callscale,call 0x2ddf90,turn step of 2DDF90 in 565190: xmm3 x s; constants,565190,selected,"call 2DDF90; rel32 retargeted (5 bytes, no window)",call 384,3BF30,,2561
5652D3,steer,callscale,call 0x2ddf90,turn step of 2DDF90 in 565190: xmm3 x s; constants,56529F,selected,"call 2DDF90; rel32 retargeted (5 bytes, no window)",call 385,3BF50,,2562
565A60,steer,callscale,call 0x2ddf90,turn step of 2DDF90 in 5658C0: xmm3 x s; constants,5658C0,selected,"call 2DDF90; rel32 retargeted (5 bytes, no window)",call 386,3BF70,,2564
57B140,steer,callscale,call 0x2ddf90,turn step of 2DDF90 in 57AC60: xmm3 x s; constants,57AC60,selected,"call 2DDF90; rel32 retargeted (5 bytes, no window)",call 390,3BFF0,,2607
57B281,steer,callscale,call 0x2ddf90,turn step of 2DDF90 in 57AC60: xmm3 x s; constants,57AC60,selected,"call 2DDF90; rel32 retargeted (5 bytes, no window)",call 391,3C010,,2608
57B38B,steer,callscale,call 0x2ddf90,turn step of 2DDF90 in 57AC60: xmm3 x s; constants,57AC60,selected,"call 2DDF90; rel32 retargeted (5 bytes, no window)",call 392,3C030,,2609
57B407,steer,callscale,call 0x2ddf90,turn step of 2DDF90 in 57AC60: xmm3 x s; constants,57AC60,selected,"call 2DDF90; rel32 retargeted (5 bytes, no window)",call 393,3C050,,2610
2470A0,steer,callscale,call 0x23a2e0,turn step of 23A2E0 in 246E60: xmm1 x s; constants; 23A2E0 turns the heading by it every call,246EC3,selected,"call 23A2E0; rel32 retargeted (5 bytes, no window)",call 22,37E50,,495
2471C3,steer,callscale,call 0x23a2e0,turn step of 23A2E0 in 246E60: xmm1 x s; constants; 23A2E0 turns the heading by it every call,246EC3,selected,"call 23A2E0; rel32 retargeted (5 bytes, no window)",call 23,37E70,,496
247AD9,steer,callscale,call 0x23a2e0,turn step of 23A2E0 in 247900: xmm1 x s; constants; 23A2E0 turns the heading by it every call,2479F8,selected,"call 23A2E0; rel32 retargeted (5 bytes, no window)",call 25,37EB0,,501
24826F,steer,callscale,call 0x23a2e0,turn step of 23A2E0 in 2480A0: xmm1 x s; constants; 23A2E0 turns the heading by it every call,2480C8,selected,"call 23A2E0; rel32 retargeted (5 bytes, no window)",call 27,37EF0,,504
248511,steer,callscale,call 0x23a2e0,turn step of 23A2E0 in 2480A0: xmm1 x s; constants; 23A2E0 turns the heading by it every call,2480C8,selected,"call 23A2E0; rel32 retargeted (5 bytes, no window)",call 28,37F10,,505
2486F8,steer,callscale,call 0x23a2e0,turn step of 23A2E0 in 248550: xmm1 x s; constants; 23A2E0 turns the heading by it every call,248550,selected,"call 23A2E0; rel32 retargeted (5 bytes, no window)",call 29,37F30,,506
24B746,steer,callscale,call 0x23a2e0,turn step of 23A2E0 in 24B580: xmm1 x s; constants; 23A2E0 turns the heading by it every call,24B580,selected,"call 23A2E0; rel32 retargeted (5 bytes, no window)",call 47,383A0,,530
24B8EB,steer,callscale,call 0x23a2e0,turn step of 23A2E0 in 24B830: xmm1 x s; constants; 23A2E0 turns the heading by it every call,24B830,selected,"call 23A2E0; rel32 retargeted (5 bytes, no window)",call 49,38430,,532
24BB52,steer,callscale,call 0x23a2e0,turn step of 23A2E0 in 24BAB0: xmm1 x s; constants; 23A2E0 turns the heading by it every call,24BAB0,selected,"call 23A2E0; rel32 retargeted (5 bytes, no window)",call 50,38450,,533
24BCFB,steer,callscale,call 0x23a2e0,turn step of 23A2E0 in 24BC50: xmm1 x s; constants; 23A2E0 turns the heading by it every call,24BC50,selected,"call 23A2E0; rel32 retargeted (5 bytes, no window)",call 51,38470,,534
24BDCC,steer,callscale,call 0x23a2e0,turn step of 23A2E0 in 24BC50: xmm1 x s; constants; 23A2E0 turns the heading by it every call,24BC50,selected,"call 23A2E0; rel32 retargeted (5 bytes, no window)",call 52,38490,,535
24BF0A,steer,callscale,call 0x23a2e0,turn step of 23A2E0 in 24BE70: xmm1 x s; constants; 23A2E0 turns the heading by it every call,24BE70,selected,"call 23A2E0; rel32 retargeted (5 bytes, no window)",call 53,384B0,,536
24C02A,steer,callscale,call 0x23a2e0,turn step of 23A2E0 in 24BF90: xmm1 x s; constants; 23A2E0 turns the heading by it every call,24BF90,selected,"call 23A2E0; rel32 retargeted (5 bytes, no window)",call 54,384D0,,537
24C2B3,steer,callscale,call 0x23a2e0,turn step of 23A2E0 in 24C0B0: xmm1 x s; constants; 23A2E0 turns the heading by it every call,24C0B0,selected,"call 23A2E0; rel32 retargeted (5 bytes, no window)",call 56,38560,,539
24C461,steer,callscale,call 0x23a2e0,turn step of 23A2E0 in 24C380: xmm1 x s; constants; 23A2E0 turns the heading by it every call,24C3BE,selected,"call 23A2E0; rel32 retargeted (5 bytes, no window)",call 58,385F0,,541
24CF3E,steer,callscale,call 0x23a2e0,turn step of 23A2E0 in 24CE60: xmm1 x s; constants; 23A2E0 turns the heading by it every call,24CE60,selected,"call 23A2E0; rel32 retargeted (5 bytes, no window)",call 61,38650,,548
24D3C1,steer,callscale,call 0x23a2e0,turn step of 23A2E0 in 24D270: xmm1 x s; constants; 23A2E0 turns the heading by it every call,24D29B,selected,"call 23A2E0; rel32 retargeted (5 bytes, no window)",call 62,38670,,549
24E0B2,steer,callscale,call 0x23a2e0,turn step of 23A2E0 in 24DF00: xmm1 x s; constants; 23A2E0 turns the heading by it every call,24DF3E,selected,"call 23A2E0; rel32 retargeted (5 bytes, no window)",call 66,386F0,,554
24EDE8,steer,callscale,call 0x23a2e0,turn step of 23A2E0 in 24EB80: xmm1 x s; constants; 23A2E0 turns the heading by it every call,24EB80,selected,"call 23A2E0; rel32 retargeted (5 bytes, no window)",call 69,38750,,563
24F658,steer,callscale,call 0x23a2e0,turn step of 23A2E0 in 24F5B0: xmm1 x s; constants; 23A2E0 turns the heading by it every call,24F5B0,selected,"call 23A2E0; rel32 retargeted (5 bytes, no window)",call 71,38790,,566
253F26,steer,callscale,call 0x23a2e0,turn step of 23A2E0 in 253D20: xmm1 x s; constants; 23A2E0 turns the heading by it every call,253D20,selected,"call 23A2E0; rel32 retargeted (5 bytes, no window)",call 72,387B0,,576
25421C,steer,callscale,call 0x23a2e0,turn step of 23A2E0 in 254010: xmm1 x s; constants; 23A2E0 turns the heading by it every call,25416D,selected,"call 23A2E0; rel32 retargeted (5 bytes, no window)",call 73,387D0,,577
25538A,steer,callscale,call 0x23a2e0,turn step of 23A2E0 in 255290: xmm1 x s; constants; 23A2E0 turns the heading by it every call,255290,selected,"call 23A2E0; rel32 retargeted (5 bytes, no window)",call 75,38810,,581
2553AB,steer,callscale,call 0x23a2e0,turn step of 23A2E0 in 255290: xmm1 x s; constants; 23A2E0 turns the heading by it every call,255290,selected,"call 23A2E0; rel32 retargeted (5 bytes, no window)",call 76,38830,,582
2553E5,steer,callscale,call 0x23a2e0,turn step of 23A2E0 in 255290: xmm1 x s; constants; 23A2E0 turns the heading by it every call,255290,selected,"call 23A2E0; rel32 retargeted (5 bytes, no window)",call 77,38850,,583
25585A,steer,callscale,call 0x23a2e0,turn step of 23A2E0 in 255780: xmm1 x s; constants; 23A2E0 turns the heading by it every call,255780,selected,"call 23A2E0; rel32 retargeted (5 bytes, no window)",call 78,38870,,585
255BB5,steer,callscale,call 0x23a2e0,turn step of 23A2E0 in 255AA0: xmm1 x s; constants; 23A2E0 turns the heading by it every call,255AA0,selected,"call 23A2E0; rel32 retargeted (5 bytes, no window)",call 79,38890,,586
2561D3,steer,callscale,call 0x23a2e0,turn step of 23A2E0 in 255ED0: xmm1 x s; constants; 23A2E0 turns the heading by it every call,255EEB,selected,"call 23A2E0; rel32 retargeted (5 bytes, no window)",call 83,38910,,590
256C91,steer,callscale,call 0x23a2e0,turn step of 23A2E0 in 256C00: xmm1 x s; constants; 23A2E0 turns the heading by it every call,256C00,selected,"call 23A2E0; rel32 retargeted (5 bytes, no window)",call 85,38950,,595
256DA7,steer,callscale,call 0x23a2e0,turn step of 23A2E0 in 256C00: xmm1 x s; constants; 23A2E0 turns the heading by it every call,256C00,selected,"call 23A2E0; rel32 retargeted (5 bytes, no window)",call 86,38970,,596
256E57,steer,callscale,call 0x23a2e0,turn step of 23A2E0 in 256C00: xmm1 x s; constants; 23A2E0 turns the heading by it every call,256C00,selected,"call 23A2E0; rel32 retargeted (5 bytes, no window)",call 88,389B0,,598
256E7E,steer,callscale,call 0x23a2e0,turn step of 23A2E0 in 256C00: xmm1 x s; constants; 23A2E0 turns the heading by it every call,256C00,selected,"call 23A2E0; rel32 retargeted (5 bytes, no window)",call 89,389D0,,599
257102,steer,callscale,call 0x23a2e0,turn step of 23A2E0 in 257060: xmm1 x s; constants; 23A2E0 turns the heading by it every call,257079,selected,"call 23A2E0; rel32 retargeted (5 bytes, no window)",call 90,389F0,,603
2573C8,steer,callscale,call 0x23a2e0,turn step of 23A2E0 in 257300: xmm1 x s; constants; 23A2E0 turns the heading by it every call,257300,selected,"call 23A2E0; rel32 retargeted (5 bytes, no window)",call 92,38A30,,605
2575AD,steer,callscale,call 0x23a2e0,turn step of 23A2E0 in 2574C0: xmm1 x s; constants; 23A2E0 turns the heading by it every call,2575A2,selected,"call 23A2E0; rel32 retargeted (5 bytes, no window)",call 93,38A50,,606
257682,steer,callscale,call 0x23a2e0,turn step of 23A2E0 in 2574C0: xmm1 x s; constants; 23A2E0 turns the heading by it every call,2575FC,selected,"call 23A2E0; rel32 retargeted (5 bytes, no window)",call 94,38A70,,607
25785C,steer,callscale,call 0x23a2e0,turn step of 23A2E0 in 257770: xmm1 x s; constants; 23A2E0 turns the heading by it every call,257790,selected,"call 23A2E0; rel32 retargeted (5 bytes, no window)",call 95,38A90,,608
257917,steer,callscale,call 0x23a2e0,turn step of 23A2E0 in 257770: xmm1 x s; constants; 23A2E0 turns the heading by it every call,257889,selected,"call 23A2E0; rel32 retargeted (5 bytes, no window)",call 96,38AB0,,609
257B05,steer,callscale,call 0x23a2e0,turn step of 23A2E0 in 2579F0: xmm1 x s; constants; 23A2E0 turns the heading by it every call,2579F0,selected,"call 23A2E0; rel32 retargeted (5 bytes, no window)",call 97,38AD0,,611
257D99,steer,callscale,call 0x23a2e0,turn step of 23A2E0 in 257CA0: xmm1 x s; constants; 23A2E0 turns the heading by it every call,257CBE,selected,"call 23A2E0; rel32 retargeted (5 bytes, no window)",call 99,38B10,,613
257E65,steer,callscale,call 0x23a2e0,turn step of 23A2E0 in 257CA0: xmm1 x s; constants; 23A2E0 turns the heading by it every call,257E41,selected,"call 23A2E0; rel32 retargeted (5 bytes, no window)",call 100,38B30,,614
25847B,steer,callscale,call 0x23a2e0,turn step of 23A2E0 in 2583A0: xmm1 x s; constants; 23A2E0 turns the heading by it every call,2583CF,selected,"call 23A2E0; rel32 retargeted (5 bytes, no window)",call 102,38B70,,617
258518,steer,callscale,call 0x23a2e0,turn step of 23A2E0 in 2583A0: xmm1 x s; constants; 23A2E0 turns the heading by it every call,2583CF,selected,"call 23A2E0; rel32 retargeted (5 bytes, no window)",call 103,38B90,,618
2586B5,steer,callscale,call 0x23a2e0,turn step of 23A2E0 in 2583A0: xmm1 x s; constants; 23A2E0 turns the heading by it every call,2586AA,selected,"call 23A2E0; rel32 retargeted (5 bytes, no window)",call 104,38BB0,,619
2587F2,steer,callscale,call 0x23a2e0,turn step of 23A2E0 in 258700: xmm1 x s; constants; 23A2E0 turns the heading by it every call,258700,selected,"call 23A2E0; rel32 retargeted (5 bytes, no window)",call 105,38BD0,,620
258AB9,steer,callscale,call 0x23a2e0,turn step of 23A2E0 in 258930: xmm1 x s; constants; 23A2E0 turns the heading by it every call,258AB4,selected,"call 23A2E0; rel32 retargeted (5 bytes, no window)",call 106,38BF0,,623
258C02,steer,callscale,call 0x23a2e0,turn step of 23A2E0 in 258930: xmm1 x s; constants; 23A2E0 turns the heading by it every call,258B7B,selected,"call 23A2E0; rel32 retargeted (5 bytes, no window)",call 107,38C10,,624
25A5C6,steer,callscale,call 0x23a2e0,turn step of 23A2E0 in 25A510: xmm1 x s; constants; 23A2E0 turns the heading by it every call,25A529,selected,"call 23A2E0; rel32 retargeted (5 bytes, no window)",call 108,38C30,,628
25CBA6,steer,callscale,call 0x23a2e0,turn step of 23A2E0 in 25CAE0: xmm1 x s; constants; 23A2E0 turns the heading by it every call,25CAE0,selected,"call 23A2E0; rel32 retargeted (5 bytes, no window)",call 110,38C70,,636
25D7AB,steer,callscale,call 0x23a2e0,turn step of 23A2E0 in 25D5C0: xmm1 x s; constants; 23A2E0 turns the heading by it every call,25D78A,selected,"call 23A2E0; rel32 retargeted (5 bytes, no window)",call 113,38CD0,,642
25DB03,steer,callscale,call 0x23a2e0,turn step of 23A2E0 in 25D5C0: xmm1 x s; constants; 23A2E0 turns the heading by it every call,25D830,selected,"call 23A2E0; rel32 retargeted (5 bytes, no window)",call 114,38CF0,,643
25DD7A,steer,callscale,call 0x23a2e0,turn step of 23A2E0 in 25DCC0: xmm1 x s; constants; 23A2E0 turns the heading by it every call,25DD75,selected,"call 23A2E0; rel32 retargeted (5 bytes, no window)",call 115,38D10,,644
25DD9B,steer,callscale,call 0x23a2e0,turn step of 23A2E0 in 25DCC0: xmm1 x s; constants; 23A2E0 turns the heading by it every call,25DD75,selected,"call 23A2E0; rel32 retargeted (5 bytes, no window)",call 116,38D30,,645
25E127,steer,callscale,call 0x23a2e0,turn step of 23A2E0 in 25DF10: xmm1 x s; constants; 23A2E0 turns the heading by it every call,25E0C6,selected,"call 23A2E0; rel32 retargeted (5 bytes, no window)",call 117,38D50,,646
260FB6,steer,callscale,call 0x23a2e0,turn step of 23A2E0 in 260E30: xmm1 x s; constants; 23A2E0 turns the heading by it every call,260E30,selected,"call 23A2E0; rel32 retargeted (5 bytes, no window)",call 121,38EC0,,661
262761,steer,callscale,call 0x23a2e0,turn step of 23A2E0 in 262200: xmm1 x s; constants; 23A2E0 turns the heading by it every call,26221B,selected,"call 23A2E0; rel32 retargeted (5 bytes, no window)",call 124,38F20,,670
2634D1,steer,callscale,call 0x23a2e0,turn step of 23A2E0 in 263400: xmm1 x s; constants; 23A2E0 turns the heading by it every call,263400,selected,"call 23A2E0; rel32 retargeted (5 bytes, no window)",call 126,38F60,,673
263A2C,steer,callscale,call 0x23a2e0,turn step of 23A2E0 in 263550: xmm1 x s; constants; 23A2E0 turns the heading by it every call,263569,selected,"call 23A2E0; rel32 retargeted (5 bytes, no window)",call 127,38F80,,674
26FD75,steer,callscale,call 0x23a2e0,turn step of 23A2E0 in 26FCB0: xmm1 x s; constants; 23A2E0 turns the heading by it every call,26FCB0,selected,"call 23A2E0; rel32 retargeted (5 bytes, no window)",call 128,38FA0,,700
270D77,steer,callscale,call 0x23a2e0,turn step of 23A2E0 in 270CD0: xmm1 x s; constants; 23A2E0 turns the heading by it every call,270CD0,selected,"call 23A2E0; rel32 retargeted (5 bytes, no window)",call 129,38FC0,,702
270E62,steer,callscale,call 0x23a2e0,turn step of 23A2E0 in 270DB0: xmm1 x s; constants; 23A2E0 turns the heading by it every call,270DB0,selected,"call 23A2E0; rel32 retargeted (5 bytes, no window)",call 130,38FE0,,703
270FB3,steer,callscale,call 0x23a2e0,turn step of 23A2E0 in 270DB0: xmm1 x s; constants; 23A2E0 turns the heading by it every call,270FA8,selected,"call 23A2E0; rel32 retargeted (5 bytes, no window)",call 132,39020,,705
2714F4,steer,callscale,call 0x23a2e0,turn step of 23A2E0 in 2713E0: xmm1 x s; constants; 23A2E0 turns the heading by it every call,2713E0,selected,"call 23A2E0; rel32 retargeted (5 bytes, no window)",call 133,39040,,707
2717D5,steer,callscale,call 0x23a2e0,turn step of 23A2E0 in 2716B0: xmm1 x s; constants; 23A2E0 turns the heading by it every call,2716B0,selected,"call 23A2E0; rel32 retargeted (5 bytes, no window)",call 134,39060,,708
271B77,steer,callscale,call 0x23a2e0,turn step of 23A2E0 in 271AB0: xmm1 x s; constants; 23A2E0 turns the heading by it every call,271AF7,selected,"call 23A2E0; rel32 retargeted (5 bytes, no window)",call 135,39080,,709
271ECB,steer,callscale,call 0x23a2e0,turn step of 23A2E0 in 271DD0: xmm1 x s; constants; 23A2E0 turns the heading by it every call,271E10,selected,"call 23A2E0; rel32 retargeted (5 bytes, no window)",call 136,390A0,,710
271FA2,steer,callscale,call 0x23a2e0,turn step of 23A2E0 in 271DD0: xmm1 x s; constants; 23A2E0 turns the heading by it every call,271E10,selected,"call 23A2E0; rel32 retargeted (5 bytes, no window)",call 137,390C0,,711
2722BC,steer,callscale,call 0x23a2e0,turn step of 23A2E0 in 2721D0: xmm1 x s; constants; 23A2E0 turns the heading by it every call,2721D0,selected,"call 23A2E0; rel32 retargeted (5 bytes, no window)",call 138,390E0,,712
272497,steer,callscale,call 0x23a2e0,turn step of 23A2E0 in 2723C0: xmm1 x s; constants; 23A2E0 turns the heading by it every call,2723C0,selected,"call 23A2E0; rel32 retargeted (5 bytes, no window)",call 139,39100,,713
27262E,steer,callscale,call 0x23a2e0,turn step of 23A2E0 in 2725B0: xmm1 x s; constants; 23A2E0 turns the heading by it every call,2725B0,selected,"call 23A2E0; rel32 retargeted (5 bytes, no window)",call 140,39120,,714
277CE7,steer,callscale,call 0x23a2e0,turn step of 23A2E0 in 2779A0: xmm1 x s; constants; 23A2E0 turns the heading by it every call,2779BE,selected,"call 23A2E0; rel32 retargeted (5 bytes, no window)",call 143,39220,,738
278753,steer,callscale,call 0x23a2e0,turn step of 23A2E0 in 278590: xmm1 x s; constants; 23A2E0 turns the heading by it every call,278725,selected,"call 23A2E0; rel32 retargeted (5 bytes, no window)",call 144,39240,,741
278793,steer,callscale,call 0x23a2e0,turn step of 23A2E0 in 278590: xmm1 x s; constants; 23A2E0 turns the heading by it every call,278725,selected,"call 23A2E0; rel32 retargeted (5 bytes, no window)",call 145,39260,,742
28B866,steer,callscale,call 0x23a2e0,turn step of 23A2E0 in 28B670: xmm1 x s; constants; 23A2E0 turns the heading by it every call,28B690,selected,"call 23A2E0; rel32 retargeted (5 bytes, no window)",call 153,39540,,825
28C44B,steer,callscale,call 0x23a2e0,turn step of 23A2E0 in 28C220: xmm1 x s; constants; 23A2E0 turns the heading by it every call,28C220,selected,"call 23A2E0; rel32 retargeted (5 bytes, no window)",call 154,39560,,826
28C6B5,steer,callscale,call 0x23a2e0,turn step of 23A2E0 in 28C630: xmm1 x s; constants; 23A2E0 turns the heading by it every call,28C630,selected,"call 23A2E0; rel32 retargeted (5 bytes, no window)",call 155,39580,,827
28C971,steer,callscale,call 0x23a2e0,turn step of 23A2E0 in 28C8D0: xmm1 x s; constants; 23A2E0 turns the heading by it every call,28C8D0,selected,"call 23A2E0; rel32 retargeted (5 bytes, no window)",call 156,395A0,,829
28CE30,steer,callscale,call 0x23a2e0,turn step of 23A2E0 in 28CD80: xmm1 x s; constants; 23A2E0 turns the heading by it every call,28CD80,selected,"call 23A2E0; rel32 retargeted (5 bytes, no window)",call 157,395C0,,832
28D6F1,steer,callscale,call 0x23a2e0,turn step of 23A2E0 in 28D320: xmm1 x s; constants; 23A2E0 turns the heading by it every call,28D67F,selected,"call 23A2E0; rel32 retargeted (5 bytes, no window)",call 158,395E0,,836
28D951,steer,callscale,call 0x23a2e0,turn step of 23A2E0 in 28D810: xmm1 x s; constants; 23A2E0 turns the heading by it every call,28D881,selected,"call 23A2E0; rel32 retargeted (5 bytes, no window)",call 159,39600,,839
28D9C2,steer,callscale,call 0x23a2e0,turn step of 23A2E0 in 28D810: xmm1 x s; constants; 23A2E0 turns the heading by it every call,28D881,selected,"call 23A2E0; rel32 retargeted (5 bytes, no window)",call 160,39620,,840
28DB5F,steer,callscale,call 0x23a2e0,turn step of 23A2E0 in 28D810: xmm1 x s; constants; 23A2E0 turns the heading by it every call,28DAFF,selected,"call 23A2E0; rel32 retargeted (5 bytes, no window)",call 162,39660,,842
28DCAC,steer,callscale,call 0x23a2e0,turn step of 23A2E0 in 28DBE0: xmm1 x s; constants; 23A2E0 turns the heading by it every call,28DC0B,selected,"call 23A2E0; rel32 retargeted (5 bytes, no window)",call 163,39680,,845
28DD47,steer,callscale,call 0x23a2e0,turn step of 23A2E0 in 28DBE0: xmm1 x s; constants; 23A2E0 turns the heading by it every call,28DC0B,selected,"call 23A2E0; rel32 retargeted (5 bytes, no window)",call 164,396A0,,846
28DFDE,steer,callscale,call 0x23a2e0,turn step of 23A2E0 in 28DF60: xmm1 x s; constants; 23A2E0 turns the heading by it every call,28DF60,selected,"call 23A2E0; rel32 retargeted (5 bytes, no window)",call 165,396C0,,847
28E250,steer,callscale,call 0x23a2e0,turn step of 23A2E0 in 28E120: xmm1 x s; constants; 23A2E0 turns the heading by it every call,28E14B,selected,"call 23A2E0; rel32 retargeted (5 bytes, no window)",call 166,396E0,,849
28E2BF,steer,callscale,call 0x23a2e0,turn step of 23A2E0 in 28E120: xmm1 x s; constants; 23A2E0 turns the heading by it every call,28E14B,selected,"call 23A2E0; rel32 retargeted (5 bytes, no window)",call 167,39700,,850
28E348,steer,callscale,call 0x23a2e0,turn step of 23A2E0 in 28E120: xmm1 x s; constants; 23A2E0 turns the heading by it every call,28E14B,selected,"call 23A2E0; rel32 retargeted (5 bytes, no window)",call 168,39720,,851
28E43E,steer,callscale,call 0x23a2e0,turn step of 23A2E0 in 28E120: xmm1 x s; constants; 23A2E0 turns the heading by it every call,28E14B,selected,"call 23A2E0; rel32 retargeted (5 bytes, no window)",call 169,39740,,852
28FC25,steer,callscale,call 0x23a2e0,turn step of 23A2E0 in 28FAA0: xmm1 x s; constants; 23A2E0 turns the heading by it every call,28FACF,selected,"call 23A2E0; rel32 retargeted (5 bytes, no window)",call 171,39780,,857
28FCB4,steer,callscale,call 0x23a2e0,turn step of 23A2E0 in 28FAA0: xmm1 x s; constants; 23A2E0 turns the heading by it every call,28FC52,selected,"call 23A2E0; rel32 retargeted (5 bytes, no window)",call 172,397A0,,858
2911AE,steer,callscale,call 0x23a2e0,turn step of 23A2E0 in 290EC0: xmm1 x s; constants; 23A2E0 turns the heading by it every call,29113C,selected,"call 23A2E0; rel32 retargeted (5 bytes, no window)",call 173,397C0,,862
2911CB,steer,callscale,call 0x23a2e0,turn step of 23A2E0 in 290EC0: xmm1 x s; constants; 23A2E0 turns the heading by it every call,29113C,selected,"call 23A2E0; rel32 retargeted (5 bytes, no window)",call 174,397E0,,863
2A2A2E,steer,callscale,call 0x23a2e0,turn step of 23A2E0 in 2A2940: xmm1 x s; constants; 23A2E0 turns the heading by it every call,2A2940,selected,"call 23A2E0; rel32 retargeted (5 bytes, no window)",call 180,398F0,,923
2A2FE8,steer,callscale,call 0x23a2e0,turn step of 23A2E0 in 2A2F40: xmm1 x s; constants; 23A2E0 turns the heading by it every call,2A2FDD,selected,"call 23A2E0; rel32 retargeted (5 bytes, no window)",call 182,39930,,931
2A3138,steer,callscale,call 0x23a2e0,turn step of 23A2E0 in 2A3040: xmm1 x s; constants; 23A2E0 turns the heading by it every call,2A3105,selected,"call 23A2E0; rel32 retargeted (5 bytes, no window)",call 183,39950,,932
2A3499,steer,callscale,call 0x23a2e0,turn step of 23A2E0 in 2A33F0: xmm1 x s; constants; 23A2E0 turns the heading by it every call,2A348E,selected,"call 23A2E0; rel32 retargeted (5 bytes, no window)",call 184,39970,,935
2A358C,steer,callscale,call 0x23a2e0,turn step of 23A2E0 in 2A34D0: xmm1 x s; constants; 23A2E0 turns the heading by it every call,2A3581,selected,"call 23A2E0; rel32 retargeted (5 bytes, no window)",call 185,39990,,936
2A36C4,steer,callscale,call 0x23a2e0,turn step of 23A2E0 in 2A3600: xmm1 x s; constants; 23A2E0 turns the heading by it every call,2A36B9,selected,"call 23A2E0; rel32 retargeted (5 bytes, no window)",call 186,399B0,,937
2A3BF2,steer,callscale,call 0x23a2e0,turn step of 23A2E0 in 2A3AF0: xmm1 x s; constants; 23A2E0 turns the heading by it every call,2A3B0E,selected,"call 23A2E0; rel32 retargeted (5 bytes, no window)",call 187,399D0,,938
2A3C97,steer,callscale,call 0x23a2e0,turn step of 23A2E0 in 2A3AF0: xmm1 x s; constants; 23A2E0 turns the heading by it every call,2A3B0E,selected,"call 23A2E0; rel32 retargeted (5 bytes, no window)",call 188,399F0,,939
2A3D6B,steer,callscale,call 0x23a2e0,turn step of 23A2E0 in 2A3AF0: xmm1 x s; constants; 23A2E0 turns the heading by it every call,2A3B0E,selected,"call 23A2E0; rel32 retargeted (5 bytes, no window)",call 189,39A10,,940
2A3EC4,steer,callscale,call 0x23a2e0,turn step of 23A2E0 in 2A3AF0: xmm1 x s; constants; 23A2E0 turns the heading by it every call,2A3B0E,selected,"call 23A2E0; rel32 retargeted (5 bytes, no window)",call 190,39A30,,941
2A4A9C,steer,callscale,call 0x23a2e0,turn step of 23A2E0 in 2A4770: xmm1 x s; constants; 23A2E0 turns the heading by it every call,2A4797,selected,"call 23A2E0; rel32 retargeted (5 bytes, no window)",call 192,39A70,,945
2A4E09,steer,callscale,call 0x23a2e0,turn step of 23A2E0 in 2A4BA0: xmm1 x s; constants; 23A2E0 turns the heading by it every call,2A4BA0,selected,"call 23A2E0; rel32 retargeted (5 bytes, no window)",call 193,39A90,,946
2A50F3,steer,callscale,call 0x23a2e0,turn step of 23A2E0 in 2A4F70: xmm1 x s; constants; 23A2E0 turns the heading by it every call,2A4F70,selected,"call 23A2E0; rel32 retargeted (5 bytes, no window)",call 194,39AB0,,949
2A5BBB,steer,callscale,call 0x23a2e0,turn step of 23A2E0 in 2A58A0: xmm1 x s; constants; 23A2E0 turns the heading by it every call,2A5A08,selected,"call 23A2E0; rel32 retargeted (5 bytes, no window)",call 197,39B10,,953
2A5DA9,steer,callscale,call 0x23a2e0,turn step of 23A2E0 in 2A5CA0: xmm1 x s; constants; 23A2E0 turns the heading by it every call,2A5CBC,selected,"call 23A2E0; rel32 retargeted (5 bytes, no window)",call 198,39B30,,955
2A5E26,steer,callscale,call 0x23a2e0,turn step of 23A2E0 in 2A5CA0: xmm1 x s; constants; 23A2E0 turns the heading by it every call,2A5CBC,selected,"call 23A2E0; rel32 retargeted (5 bytes, no window)",call 199,39B50,,956
2A5EC6,steer,callscale,call 0x23a2e0,turn step of 23A2E0 in 2A5CA0: xmm1 x s; constants; 23A2E0 turns the heading by it every call,2A5EB8,selected,"call 23A2E0; rel32 retargeted (5 bytes, no window)",call 200,39B70,,957
2A75B7,steer,callscale,call 0x23a2e0,turn step of 23A2E0 in 2A74B0: xmm1 x s; constants; 23A2E0 turns the heading by it every call,2A74B0,selected,"call 23A2E0; rel32 retargeted (5 bytes, no window)",call 204,39BF0,,961
2A79C3,steer,callscale,call 0x23a2e0,turn step of 23A2E0 in 2A75D0: xmm1 x s; constants; 23A2E0 turns the heading by it every call,2A75F7,selected,"call 23A2E0; rel32 retargeted (5 bytes, no window)",call 205,39C10,,962
2A7CBA,steer,callscale,call 0x23a2e0,turn step of 23A2E0 in 2A7C00: xmm1 x s; constants; 23A2E0 turns the heading by it every call,2A7C10,selected,"call 23A2E0; rel32 retargeted (5 bytes, no window)",call 206,39C30,,963
2A7E02,steer,callscale,call 0x23a2e0,turn step of 23A2E0 in 2A7C00: xmm1 x s; constants; 23A2E0 turns the heading by it every call,2A7C10,selected,"call 23A2E0; rel32 retargeted (5 bytes, no window)",call 207,39C50,,966
2A7F1A,steer,callscale,call 0x23a2e0,turn step of 23A2E0 in 2A7C00: xmm1 x s; constants; 23A2E0 turns the heading by it every call,2A7C10,selected,"call 23A2E0; rel32 retargeted (5 bytes, no window)",call 209,39C90,,968
2A80CA,steer,callscale,call 0x23a2e0,turn step of 23A2E0 in 2A8030: xmm1 x s; constants; 23A2E0 turns the heading by it every call,2A8030,selected,"call 23A2E0; rel32 retargeted (5 bytes, no window)",call 210,39CB0,,969
2A80E0,steer,callscale,call 0x23a2e0,turn step of 23A2E0 in 2A8030: xmm1 x s; constants; 23A2E0 turns the heading by it every call,2A8030,selected,"call 23A2E0; rel32 retargeted (5 bytes, no window)",call 211,39CD0,,970
2A82D3,steer,callscale,call 0x23a2e0,turn step of 23A2E0 in 2A8030: xmm1 x s; constants; 23A2E0 turns the heading by it every call,2A8030,selected,"call 23A2E0; rel32 retargeted (5 bytes, no window)",call 212,39CF0,,973
2B888D,steer,callscale,call 0x23a2e0,turn step of 23A2E0 in 2B82B0: xmm1 x s; constants; 23A2E0 turns the heading by it every call,2B8882,selected,"call 23A2E0; rel32 retargeted (5 bytes, no window)",call 215,39DF0,,1025
2B97DC,steer,callscale,call 0x23a2e0,turn step of 23A2E0 in 2B96D0: xmm1 x s; constants; 23A2E0 turns the heading by it every call,2B96D0,selected,"call 23A2E0; rel32 retargeted (5 bytes, no window)",call 216,39E10,,1028
2B9A46,steer,callscale,call 0x23a2e0,turn step of 23A2E0 in 2B99B0: xmm1 x s; constants; 23A2E0 turns the heading by it every call,2B99B0,selected,"call 23A2E0; rel32 retargeted (5 bytes, no window)",call 217,39E30,,1030
2B9CD5,steer,callscale,call 0x23a2e0,turn step of 23A2E0 in 2B9C30: xmm1 x s; constants; 23A2E0 turns the heading by it every call,2B9C30,selected,"call 23A2E0; rel32 retargeted (5 bytes, no window)",call 218,39E50,,1033
2B9E22,steer,callscale,call 0x23a2e0,turn step of 23A2E0 in 2B9C30: xmm1 x s; constants; 23A2E0 turns the heading by it every call,2B9C30,selected,"call 23A2E0; rel32 retargeted (5 bytes, no window)",call 219,39E70,,1035
2BA3A3,steer,callscale,call 0x23a2e0,turn step of 23A2E0 in 2BA310: xmm1 x s; constants; 23A2E0 turns the heading by it every call,2BA310,selected,"call 23A2E0; rel32 retargeted (5 bytes, no window)",call 220,39E90,,1040
2BA561,steer,callscale,call 0x23a2e0,turn step of 23A2E0 in 2BA4A0: xmm1 x s; constants; 23A2E0 turns the heading by it every call,2BA4C0,selected,"call 23A2E0; rel32 retargeted (5 bytes, no window)",call 221,39EB0,,1041
2BA62B,steer,callscale,call 0x23a2e0,turn step of 23A2E0 in 2BA4A0: xmm1 x s; constants; 23A2E0 turns the heading by it every call,2BA5B3,selected,"call 23A2E0; rel32 retargeted (5 bytes, no window)",call 222,39ED0,,1042
2BAC6A,steer,callscale,call 0x23a2e0,turn step of 23A2E0 in 2BAB00: xmm1 x s; constants; 23A2E0 turns the heading by it every call,2BAC51,selected,"call 23A2E0; rel32 retargeted (5 bytes, no window)",call 223,39EF0,,1043
2BAFCA,steer,callscale,call 0x23a2e0,turn step of 23A2E0 in 2BAE40: xmm1 x s; constants; 23A2E0 turns the heading by it every call,2BAE8E,selected,"call 23A2E0; rel32 retargeted (5 bytes, no window)",call 224,39F10,,1044
2BB07B,steer,callscale,call 0x23a2e0,turn step of 23A2E0 in 2BAE40: xmm1 x s; constants; 23A2E0 turns the heading by it every call,2BAE8E,selected,"call 23A2E0; rel32 retargeted (5 bytes, no window)",call 225,39F30,,1045
2BB404,steer,callscale,call 0x23a2e0,turn step of 23A2E0 in 2BB250: xmm1 x s; constants; 23A2E0 turns the heading by it every call,2BB3F9,selected,"call 23A2E0; rel32 retargeted (5 bytes, no window)",call 226,39F50,,1046
2BB658,steer,callscale,call 0x23a2e0,turn step of 23A2E0 in 2BB590: xmm1 x s; constants; 23A2E0 turns the heading by it every call,2BB5B0,selected,"call 23A2E0; rel32 retargeted (5 bytes, no window)",call 227,39F70,,1047
2BC137,steer,callscale,call 0x23a2e0,turn step of 23A2E0 in 2BBFC0: xmm1 x s; constants; 23A2E0 turns the heading by it every call,2BBFE6,selected,"call 23A2E0; rel32 retargeted (5 bytes, no window)",call 228,39F90,,1048
2BF2B9,steer,callscale,call 0x23a2e0,turn step of 23A2E0 in 2BF0F0: xmm1 x s; constants; 23A2E0 turns the heading by it every call,2BF0F0,selected,"call 23A2E0; rel32 retargeted (5 bytes, no window)",call 235,3A250,,1062
2BF2DA,steer,callscale,call 0x23a2e0,turn step of 23A2E0 in 2BF0F0: xmm1 x s; constants; 23A2E0 turns the heading by it every call,2BF0F0,selected,"call 23A2E0; rel32 retargeted (5 bytes, no window)",call 236,3A270,,1063
2D0E05,steer,callscale,call 0x23a2e0,turn step of 23A2E0 in 2D0C50: xmm1 x s; constants; 23A2E0 turns the heading by it every call,2D0C50,selected,"call 23A2E0; rel32 retargeted (5 bytes, no window)",call 240,3A390,,1125
2D15FC,steer,callscale,call 0x23a2e0,turn step of 23A2E0 in 2D14F0: xmm1 x s; constants; 23A2E0 turns the heading by it every call,2D14F0,selected,"call 23A2E0; rel32 retargeted (5 bytes, no window)",call 242,3A420,,1129
2D1839,steer,callscale,call 0x23a2e0,turn step of 23A2E0 in 2D1760: xmm1 x s; constants; 23A2E0 turns the heading by it every call,2D1760,selected,"call 23A2E0; rel32 retargeted (5 bytes, no window)",call 243,3A440,,1130
2D4B59,steer,callscale,call 0x23a2e0,turn step of 23A2E0 in 2D4AA0: xmm1 x s; constants; 23A2E0 turns the heading by it every call,2D4AA0,selected,"call 23A2E0; rel32 retargeted (5 bytes, no window)",call 244,3A460,,1138
2D500D,steer,callscale,call 0x23a2e0,turn step of 23A2E0 in 2D4F60: xmm1 x s; constants; 23A2E0 turns the heading by it every call,2D4F7E,selected,"call 23A2E0; rel32 retargeted (5 bytes, no window)",call 246,3A4A0,,1140
2D6A1B,steer,callscale,call 0x23a2e0,turn step of 23A2E0 in 2D6920: xmm1 x s; constants; 23A2E0 turns the heading by it every call,2D6920,selected,"call 23A2E0; rel32 retargeted (5 bytes, no window)",call 248,3A4E0,,1144
2D6D33,steer,callscale,call 0x23a2e0,turn step of 23A2E0 in 2D6B70: xmm1 x s; constants; 23A2E0 turns the heading by it every call,2D6B70,selected,"call 23A2E0; rel32 retargeted (5 bytes, no window)",call 249,3A500,,1146
2D6F2F,steer,callscale,call 0x23a2e0,turn step of 23A2E0 in 2D6D60: xmm1 x s; constants; 23A2E0 turns the heading by it every call,2D6D88,selected,"call 23A2E0; rel32 retargeted (5 bytes, no window)",call 250,3A520,,1147
2D71E6,steer,callscale,call 0x23a2e0,turn step of 23A2E0 in 2D6D60: xmm1 x s; constants; 23A2E0 turns the heading by it every call,2D6D88,selected,"call 23A2E0; rel32 retargeted (5 bytes, no window)",call 251,3A540,,1148
2D7311,steer,callscale,call 0x23a2e0,turn step of 23A2E0 in 2D7240: xmm1 x s; constants; 23A2E0 turns the heading by it every call,2D7240,selected,"call 23A2E0; rel32 retargeted (5 bytes, no window)",call 252,3A560,,1149
2D744E,steer,callscale,call 0x23a2e0,turn step of 23A2E0 in 2D7240: xmm1 x s; constants; 23A2E0 turns the heading by it every call,2D7425,selected,"call 23A2E0; rel32 retargeted (5 bytes, no window)",call 253,3A580,,1150
2D75DF,steer,callscale,call 0x23a2e0,turn step of 23A2E0 in 2D7520: xmm1 x s; constants; 23A2E0 turns the heading by it every call,2D7520,selected,"call 23A2E0; rel32 retargeted (5 bytes, no window)",call 254,3A5A0,,1151
